{"parents": [{"link": "../../../", "title": "Module code"}], "title": "pyaedt.application.AnalysisTwinBuilder", "body": "<h1>Source code for pyaedt.application.AnalysisTwinBuilder</h1><div class=\"highlight\"><pre>\n<span></span><span class=\"kn\">from</span> <span class=\"nn\">pyaedt.application.Analysis</span> <span class=\"kn\">import</span> <span class=\"n\">Analysis</span>\n<span class=\"kn\">from</span> <span class=\"nn\">pyaedt.generic.general_methods</span> <span class=\"kn\">import</span> <span class=\"n\">pyaedt_function_handler</span>\n<span class=\"kn\">from</span> <span class=\"nn\">pyaedt.modeler.Circuit</span> <span class=\"kn\">import</span> <span class=\"n\">ModelerTwinBuilder</span>\n<span class=\"kn\">from</span> <span class=\"nn\">pyaedt.modules.PostProcessor</span> <span class=\"kn\">import</span> <span class=\"n\">CircuitPostProcessor</span>\n<span class=\"kn\">from</span> <span class=\"nn\">pyaedt.modules.SolveSetup</span> <span class=\"kn\">import</span> <span class=\"n\">SetupCircuit</span>\n\n\n<span class=\"k\">class</span> <span class=\"nc\">AnalysisTwinBuilder</span><span class=\"p\">(</span><span class=\"n\">Analysis</span><span class=\"p\">):</span>\n    <span class=\"sd\">&quot;&quot;&quot;Class for Twin Builder Analysis Setup (TwinBuilder)</span>\n\n<span class=\"sd\">    It is automatically initialized by Application call (Twin Builder).</span>\n<span class=\"sd\">    Refer to Application function for inputs definition</span>\n\n<span class=\"sd\">    Parameters</span>\n<span class=\"sd\">    ----------</span>\n\n<span class=\"sd\">    Returns</span>\n<span class=\"sd\">    -------</span>\n\n<span class=\"sd\">    &quot;&quot;&quot;</span>\n\n    <span class=\"nd\">@property</span>\n    <span class=\"k\">def</span> <span class=\"nf\">existing_analysis_setups</span><span class=\"p\">(</span><span class=\"bp\">self</span><span class=\"p\">):</span>\n        <span class=\"sd\">&quot;&quot;&quot;Get all analysis solution setups.</span>\n\n<span class=\"sd\">        References</span>\n<span class=\"sd\">        ----------</span>\n\n<span class=\"sd\">        &gt;&gt;&gt; oModule.GetAllSolutionSetups&quot;&quot;&quot;</span>\n        <span class=\"n\">setups</span> <span class=\"o\">=</span> <span class=\"nb\">list</span><span class=\"p\">(</span><span class=\"bp\">self</span><span class=\"o\">.</span><span class=\"n\">oanalysis</span><span class=\"o\">.</span><span class=\"n\">GetAllSolutionSetups</span><span class=\"p\">())</span>\n        <span class=\"k\">return</span> <span class=\"n\">setups</span>\n\n    <span class=\"nd\">@property</span>\n    <span class=\"k\">def</span> <span class=\"nf\">setup_names</span><span class=\"p\">(</span><span class=\"bp\">self</span><span class=\"p\">):</span>\n        <span class=\"sd\">&quot;&quot;&quot;Setup names.</span>\n\n<span class=\"sd\">        References</span>\n<span class=\"sd\">        ----------</span>\n\n<span class=\"sd\">        &gt;&gt;&gt; oModule.GetAllSolutionSetups&quot;&quot;&quot;</span>\n        <span class=\"k\">return</span> <span class=\"nb\">list</span><span class=\"p\">(</span><span class=\"bp\">self</span><span class=\"o\">.</span><span class=\"n\">oanalysis</span><span class=\"o\">.</span><span class=\"n\">GetAllSolutionSetups</span><span class=\"p\">())</span>\n\n    <span class=\"k\">def</span> <span class=\"fm\">__init__</span><span class=\"p\">(</span>\n        <span class=\"bp\">self</span><span class=\"p\">,</span>\n        <span class=\"n\">application</span><span class=\"p\">,</span>\n        <span class=\"n\">projectname</span><span class=\"p\">,</span>\n        <span class=\"n\">designname</span><span class=\"p\">,</span>\n        <span class=\"n\">solution_type</span><span class=\"p\">,</span>\n        <span class=\"n\">setup_name</span><span class=\"o\">=</span><span class=\"kc\">None</span><span class=\"p\">,</span>\n        <span class=\"n\">specified_version</span><span class=\"o\">=</span><span class=\"kc\">None</span><span class=\"p\">,</span>\n        <span class=\"n\">non_graphical</span><span class=\"o\">=</span><span class=\"kc\">False</span><span class=\"p\">,</span>\n        <span class=\"n\">new_desktop_session</span><span class=\"o\">=</span><span class=\"kc\">False</span><span class=\"p\">,</span>\n        <span class=\"n\">close_on_exit</span><span class=\"o\">=</span><span class=\"kc\">False</span><span class=\"p\">,</span>\n        <span class=\"n\">student_version</span><span class=\"o\">=</span><span class=\"kc\">False</span><span class=\"p\">,</span>\n        <span class=\"n\">machine</span><span class=\"o\">=</span><span class=\"s2\">&quot;&quot;</span><span class=\"p\">,</span>\n        <span class=\"n\">port</span><span class=\"o\">=</span><span class=\"mi\">0</span><span class=\"p\">,</span>\n        <span class=\"n\">aedt_process_id</span><span class=\"o\">=</span><span class=\"kc\">None</span><span class=\"p\">,</span>\n    <span class=\"p\">):</span>\n\n        <span class=\"n\">Analysis</span><span class=\"o\">.</span><span class=\"fm\">__init__</span><span class=\"p\">(</span>\n            <span class=\"bp\">self</span><span class=\"p\">,</span>\n            <span class=\"n\">application</span><span class=\"p\">,</span>\n            <span class=\"n\">projectname</span><span class=\"p\">,</span>\n            <span class=\"n\">designname</span><span class=\"p\">,</span>\n            <span class=\"n\">solution_type</span><span class=\"p\">,</span>\n            <span class=\"n\">setup_name</span><span class=\"p\">,</span>\n            <span class=\"n\">specified_version</span><span class=\"p\">,</span>\n            <span class=\"n\">non_graphical</span><span class=\"p\">,</span>\n            <span class=\"n\">new_desktop_session</span><span class=\"p\">,</span>\n            <span class=\"n\">close_on_exit</span><span class=\"p\">,</span>\n            <span class=\"n\">student_version</span><span class=\"p\">,</span>\n            <span class=\"n\">machine</span><span class=\"p\">,</span>\n            <span class=\"n\">port</span><span class=\"p\">,</span>\n            <span class=\"n\">aedt_process_id</span><span class=\"p\">,</span>\n        <span class=\"p\">)</span>\n        <span class=\"bp\">self</span><span class=\"o\">.</span><span class=\"n\">_modeler</span> <span class=\"o\">=</span> <span class=\"n\">ModelerTwinBuilder</span><span class=\"p\">(</span><span class=\"bp\">self</span><span class=\"p\">)</span>\n        <span class=\"bp\">self</span><span class=\"o\">.</span><span class=\"n\">_post</span> <span class=\"o\">=</span> <span class=\"n\">CircuitPostProcessor</span><span class=\"p\">(</span><span class=\"bp\">self</span><span class=\"p\">)</span>\n\n    <span class=\"nd\">@property</span>\n    <span class=\"k\">def</span> <span class=\"nf\">existing_analysis_sweeps</span><span class=\"p\">(</span><span class=\"bp\">self</span><span class=\"p\">):</span>\n        <span class=\"sd\">&quot;&quot;&quot;Get all existing analysis setups.</span>\n\n<span class=\"sd\">        Returns</span>\n<span class=\"sd\">        -------</span>\n<span class=\"sd\">        list of str</span>\n<span class=\"sd\">            List of all analysis setups in the design.</span>\n\n<span class=\"sd\">        &quot;&quot;&quot;</span>\n        <span class=\"k\">return</span> <span class=\"bp\">self</span><span class=\"o\">.</span><span class=\"n\">existing_analysis_setups</span>\n\n    <span class=\"nd\">@property</span>\n    <span class=\"k\">def</span> <span class=\"nf\">modeler</span><span class=\"p\">(</span><span class=\"bp\">self</span><span class=\"p\">):</span>\n        <span class=\"sd\">&quot;&quot;&quot;Design oModeler.&quot;&quot;&quot;</span>\n        <span class=\"k\">return</span> <span class=\"bp\">self</span><span class=\"o\">.</span><span class=\"n\">_modeler</span>\n\n    <span class=\"nd\">@pyaedt_function_handler</span><span class=\"p\">()</span>\n    <span class=\"k\">def</span> <span class=\"nf\">create_setup</span><span class=\"p\">(</span><span class=\"bp\">self</span><span class=\"p\">,</span> <span class=\"n\">setupname</span><span class=\"o\">=</span><span class=\"s2\">&quot;MySetupAuto&quot;</span><span class=\"p\">,</span> <span class=\"n\">setuptype</span><span class=\"o\">=</span><span class=\"kc\">None</span><span class=\"p\">,</span> <span class=\"n\">props</span><span class=\"o\">=</span><span class=\"p\">{}):</span>\n        <span class=\"sd\">&quot;&quot;&quot;Create a new setup.</span>\n\n<span class=\"sd\">        Parameters</span>\n<span class=\"sd\">        ----------</span>\n<span class=\"sd\">        setupname : str, optional</span>\n<span class=\"sd\">            Name of the setup. The default is ``&quot;MySetupAuto&quot;``.</span>\n<span class=\"sd\">        setuptype : str</span>\n<span class=\"sd\">            Type of the setup. The default is ``None``, in which case the default</span>\n<span class=\"sd\">            type is applied.</span>\n<span class=\"sd\">        props : dict</span>\n<span class=\"sd\">            Dictionary of properties with values.</span>\n\n<span class=\"sd\">        Returns</span>\n<span class=\"sd\">        -------</span>\n<span class=\"sd\">        pyaedt.modules.SolveSetup.SetupCircuit</span>\n<span class=\"sd\">            Setup object</span>\n<span class=\"sd\">        &quot;&quot;&quot;</span>\n        <span class=\"k\">if</span> <span class=\"n\">setuptype</span> <span class=\"ow\">is</span> <span class=\"kc\">None</span><span class=\"p\">:</span>\n            <span class=\"n\">setuptype</span> <span class=\"o\">=</span> <span class=\"bp\">self</span><span class=\"o\">.</span><span class=\"n\">solution_type</span>\n        <span class=\"n\">name</span> <span class=\"o\">=</span> <span class=\"bp\">self</span><span class=\"o\">.</span><span class=\"n\">generate_unique_setup_name</span><span class=\"p\">(</span><span class=\"n\">setupname</span><span class=\"p\">)</span>\n        <span class=\"n\">setup</span> <span class=\"o\">=</span> <span class=\"n\">SetupCircuit</span><span class=\"p\">(</span><span class=\"bp\">self</span><span class=\"p\">,</span> <span class=\"n\">setuptype</span><span class=\"p\">,</span> <span class=\"n\">name</span><span class=\"p\">)</span>\n        <span class=\"n\">setup</span><span class=\"o\">.</span><span class=\"n\">name</span> <span class=\"o\">=</span> <span class=\"n\">name</span>\n        <span class=\"n\">setup</span><span class=\"o\">.</span><span class=\"n\">create</span><span class=\"p\">()</span>\n        <span class=\"k\">if</span> <span class=\"n\">props</span><span class=\"p\">:</span>\n            <span class=\"k\">for</span> <span class=\"n\">el</span> <span class=\"ow\">in</span> <span class=\"n\">props</span><span class=\"p\">:</span>\n                <span class=\"n\">setup</span><span class=\"o\">.</span><span class=\"n\">props</span><span class=\"p\">[</span><span class=\"n\">el</span><span class=\"p\">]</span> <span class=\"o\">=</span> <span class=\"n\">props</span><span class=\"p\">[</span><span class=\"n\">el</span><span class=\"p\">]</span>\n            <span class=\"n\">setup</span><span class=\"o\">.</span><span class=\"n\">update</span><span class=\"p\">()</span>\n        <span class=\"bp\">self</span><span class=\"o\">.</span><span class=\"n\">analysis_setup</span> <span class=\"o\">=</span> <span class=\"n\">name</span>\n        <span class=\"bp\">self</span><span class=\"o\">.</span><span class=\"n\">setups</span><span class=\"o\">.</span><span class=\"n\">append</span><span class=\"p\">(</span><span class=\"n\">setup</span><span class=\"p\">)</span>\n        <span class=\"k\">return</span> <span class=\"n\">setup</span>\n</pre></div>", "current_page_name": "_modules/pyaedt/application/AnalysisTwinBuilder", "sidebars": ["search-field.html", "sidebar-nav-bs.html"], "customsidebar": null, "favicon_url": null, "logo_url": null, "alabaster_version": "0.7.12", "theme_show_toc_level": 1, "theme_logo": {}}