{"parents": [{"link": "../", "title": "API reference"}], "prev": {"link": "../_autosummary/pyaedt.modeler.GeometryOperators/", "title": "pyaedt.modeler.GeometryOperators"}, "next": {"link": "../_autosummary/pyaedt.application.Variables.CSVDataset/", "title": "pyaedt.application.Variables.CSVDataset"}, "title": "AEDT modules", "meta": {}, "body": "<section id=\"aedt-modules\">\n<h1>AEDT modules<a class=\"headerlink\" href=\"#aedt-modules\" title=\"Permalink to this heading\">#</a></h1>\n<p>This section lists the core PyAEDT app modules:</p>\n<ul class=\"simple\">\n<li><p>Design</p></li>\n<li><p>Variable</p></li>\n<li><p>DesignXploration</p></li>\n<li><p>Configurations</p></li>\n</ul>\n<section id=\"variable\">\n<h2>Variable<a class=\"headerlink\" href=\"#variable\" title=\"Permalink to this heading\">#</a></h2>\n<p>This module provides all functionalities for creating and editing\ndesign and project variables in the 3D tools.</p>\n<div class=\"highlight-python notranslate\"><div class=\"highlight\"><pre><span></span><span class=\"kn\">from</span> <span class=\"nn\">pyaedt</span> <span class=\"kn\">import</span> <span class=\"n\">Hfss</span>\n<span class=\"n\">app</span> <span class=\"o\">=</span> <span class=\"n\">Hfss</span><span class=\"p\">(</span><span class=\"n\">specified_version</span><span class=\"o\">=</span><span class=\"s2\">&quot;2022.1&quot;</span><span class=\"p\">,</span>\n             <span class=\"n\">non_graphical</span><span class=\"o\">=</span><span class=\"kc\">False</span><span class=\"p\">,</span> <span class=\"n\">new_desktop_session</span><span class=\"o\">=</span><span class=\"kc\">True</span><span class=\"p\">,</span>\n             <span class=\"n\">close_on_exit</span><span class=\"o\">=</span><span class=\"kc\">True</span><span class=\"p\">,</span> <span class=\"n\">student_version</span><span class=\"o\">=</span><span class=\"kc\">False</span><span class=\"p\">)</span>\n\n<span class=\"c1\"># This call returns the VariableManager Class</span>\n<span class=\"n\">variable_manager</span> <span class=\"o\">=</span> <span class=\"bp\">self</span><span class=\"o\">.</span><span class=\"n\">aedtapp</span><span class=\"o\">.</span><span class=\"n\">_variable_manager</span>\n\n<span class=\"c1\"># Set and get a variable</span>\n<span class=\"n\">app</span><span class=\"p\">[</span><span class=\"s2\">&quot;w&quot;</span><span class=\"p\">]</span> <span class=\"o\">=</span> <span class=\"s2\">&quot;10mm&quot;</span>\n<span class=\"n\">a</span> <span class=\"o\">=</span> <span class=\"n\">app</span><span class=\"p\">[</span><span class=\"s2\">&quot;w&quot;</span><span class=\"p\">]</span>\n<span class=\"o\">...</span>\n</pre></div>\n</div>\n<table class=\"autosummary longtable docutils align-default\">\n<tbody>\n<tr class=\"row-odd\"><td><p><a class=\"reference internal\" href=\"../_autosummary/pyaedt.application.Variables.CSVDataset/#pyaedt.application.Variables.CSVDataset\" title=\"pyaedt.application.Variables.CSVDataset\"><code class=\"xref py py-obj docutils literal notranslate\"><span class=\"pre\">CSVDataset</span></code></a></p></td>\n<td><p>Reads in a CSV file and extracts data, which can be augmented with constant values.</p></td>\n</tr>\n<tr class=\"row-even\"><td><p><a class=\"reference internal\" href=\"../_autosummary/pyaedt.application.Variables.VariableManager/#pyaedt.application.Variables.VariableManager\" title=\"pyaedt.application.Variables.VariableManager\"><code class=\"xref py py-obj docutils literal notranslate\"><span class=\"pre\">VariableManager</span></code></a></p></td>\n<td><p>Manages design properties and project variables.</p></td>\n</tr>\n<tr class=\"row-odd\"><td><p><a class=\"reference internal\" href=\"../_autosummary/pyaedt.application.Variables.Variable/#pyaedt.application.Variables.Variable\" title=\"pyaedt.application.Variables.Variable\"><code class=\"xref py py-obj docutils literal notranslate\"><span class=\"pre\">Variable</span></code></a></p></td>\n<td><p>Stores design properties and project variables and provides operations to perform on them.</p></td>\n</tr>\n<tr class=\"row-even\"><td><p><a class=\"reference internal\" href=\"../_autosummary/pyaedt.application.Variables.DataSet/#pyaedt.application.Variables.DataSet\" title=\"pyaedt.application.Variables.DataSet\"><code class=\"xref py py-obj docutils literal notranslate\"><span class=\"pre\">DataSet</span></code></a></p></td>\n<td><p>Manages datasets.</p></td>\n</tr>\n</tbody>\n</table>\n</section>\n<section id=\"designxploration\">\n<h2>DesignXploration<a class=\"headerlink\" href=\"#designxploration\" title=\"Permalink to this heading\">#</a></h2>\n<p>This module contains all properties and methods needed to create\noptimetrics setups.</p>\n<div class=\"highlight-python notranslate\"><div class=\"highlight\"><pre><span></span><span class=\"kn\">from</span> <span class=\"nn\">pyaedt</span> <span class=\"kn\">import</span> <span class=\"n\">Hfss</span>\n<span class=\"n\">app</span> <span class=\"o\">=</span> <span class=\"n\">Hfss</span><span class=\"p\">(</span><span class=\"n\">specified_version</span><span class=\"o\">=</span><span class=\"s2\">&quot;2022.1&quot;</span><span class=\"p\">,</span>\n             <span class=\"n\">non_graphical</span><span class=\"o\">=</span><span class=\"kc\">False</span><span class=\"p\">,</span> <span class=\"n\">new_desktop_session</span><span class=\"o\">=</span><span class=\"kc\">True</span><span class=\"p\">,</span>\n             <span class=\"n\">close_on_exit</span><span class=\"o\">=</span><span class=\"kc\">True</span><span class=\"p\">,</span> <span class=\"n\">student_version</span><span class=\"o\">=</span><span class=\"kc\">False</span><span class=\"p\">)</span>\n\n<span class=\"c1\"># returns the ParametericsSetups Class</span>\n<span class=\"n\">app</span><span class=\"o\">.</span><span class=\"n\">parametrics</span>\n\n<span class=\"c1\"># returns the OptimizationSetups Class</span>\n<span class=\"n\">app</span><span class=\"o\">.</span><span class=\"n\">optimizations</span>\n\n<span class=\"c1\"># adds an optimization and returns Setup class with all settings and methods</span>\n<span class=\"n\">sweep3</span> <span class=\"o\">=</span> <span class=\"n\">hfss</span><span class=\"o\">.</span><span class=\"n\">opti_optimization</span><span class=\"o\">.</span><span class=\"n\">add_optimization</span><span class=\"p\">(</span><span class=\"n\">calculation</span><span class=\"o\">=</span><span class=\"s2\">&quot;dB(S(1,1))&quot;</span><span class=\"p\">,</span> <span class=\"n\">calculation_value</span><span class=\"o\">=</span><span class=\"s2\">&quot;2.5GHz&quot;</span><span class=\"p\">)</span>\n\n<span class=\"o\">...</span>\n</pre></div>\n</div>\n<table class=\"autosummary longtable docutils align-default\">\n<tbody>\n<tr class=\"row-odd\"><td><p><a class=\"reference internal\" href=\"../_autosummary/pyaedt.modules.DesignXPloration.ParametricSetups/#pyaedt.modules.DesignXPloration.ParametricSetups\" title=\"pyaedt.modules.DesignXPloration.ParametricSetups\"><code class=\"xref py py-obj docutils literal notranslate\"><span class=\"pre\">ParametricSetups</span></code></a></p></td>\n<td><p>Sets up Parametrics analyses.</p></td>\n</tr>\n<tr class=\"row-even\"><td><p><a class=\"reference internal\" href=\"../_autosummary/pyaedt.modules.DesignXPloration.OptimizationSetups/#pyaedt.modules.DesignXPloration.OptimizationSetups\" title=\"pyaedt.modules.DesignXPloration.OptimizationSetups\"><code class=\"xref py py-obj docutils literal notranslate\"><span class=\"pre\">OptimizationSetups</span></code></a></p></td>\n<td><p>Sets up optimizations.</p></td>\n</tr>\n<tr class=\"row-odd\"><td><p><a class=\"reference internal\" href=\"../_autosummary/pyaedt.modules.DesignXPloration.SetupParam/#pyaedt.modules.DesignXPloration.SetupParam\" title=\"pyaedt.modules.DesignXPloration.SetupParam\"><code class=\"xref py py-obj docutils literal notranslate\"><span class=\"pre\">SetupParam</span></code></a></p></td>\n<td><p>Sets up a parametric analysis in Optimetrics.</p></td>\n</tr>\n<tr class=\"row-even\"><td><p><a class=\"reference internal\" href=\"../_autosummary/pyaedt.modules.DesignXPloration.SetupOpti/#pyaedt.modules.DesignXPloration.SetupOpti\" title=\"pyaedt.modules.DesignXPloration.SetupOpti\"><code class=\"xref py py-obj docutils literal notranslate\"><span class=\"pre\">SetupOpti</span></code></a></p></td>\n<td><p>Sets up an optimization in Opimetrics.</p></td>\n</tr>\n</tbody>\n</table>\n</section>\n<section id=\"boundary-class\">\n<h2>Boundary class<a class=\"headerlink\" href=\"#boundary-class\" title=\"Permalink to this heading\">#</a></h2>\n<p>The <code class=\"docutils literal notranslate\"><span class=\"pre\">Boundary</span></code> class is very important because it automates the creation of the AEDT syntax for\nboundary and excitation creation.</p>\n<div class=\"toctree-wrapper compound\">\n<ul>\n<li class=\"toctree-l1\"><a class=\"reference internal\" href=\"../Boundaries/\">Boundary objects</a><ul>\n<li class=\"toctree-l2\"><a class=\"reference internal\" href=\"../_autosummary/pyaedt.modules.Boundary.NativeComponentObject/\">pyaedt.modules.Boundary.NativeComponentObject</a></li>\n<li class=\"toctree-l2\"><a class=\"reference internal\" href=\"../_autosummary/pyaedt.modules.Boundary.BoundaryObject/\">pyaedt.modules.Boundary.BoundaryObject</a></li>\n<li class=\"toctree-l2\"><a class=\"reference internal\" href=\"../_autosummary/pyaedt.modules.Boundary.BoundaryObject3dLayout/\">pyaedt.modules.Boundary.BoundaryObject3dLayout</a></li>\n<li class=\"toctree-l2\"><a class=\"reference internal\" href=\"../_autosummary/pyaedt.modules.Boundary.FarFieldSetup/\">pyaedt.modules.Boundary.FarFieldSetup</a></li>\n<li class=\"toctree-l2\"><a class=\"reference internal\" href=\"../_autosummary/pyaedt.modules.Boundary.Matrix/\">pyaedt.modules.Boundary.Matrix</a></li>\n</ul>\n</li>\n</ul>\n</div>\n</section>\n</section>\n", "metatags": "<meta name=\"generator\" content=\"Docutils 0.19: https://docutils.sourceforge.io/\" />\n", "rellinks": [["genindex", "General Index", "I", "index"], ["py-modindex", "Python Module Index", "", "modules"], ["API/_autosummary/pyaedt.application.Variables.CSVDataset", "pyaedt.application.Variables.CSVDataset", "N", "next"], ["API/_autosummary/pyaedt.modeler.GeometryOperators", "pyaedt.modeler.GeometryOperators", "P", "previous"]], "sourcename": "API/CoreModules.rst.txt", "toc": "<ul>\n<li><a class=\"reference internal\" href=\"#\">AEDT modules</a><ul>\n<li><a class=\"reference internal\" href=\"#variable\">Variable</a></li>\n<li><a class=\"reference internal\" href=\"#designxploration\">DesignXploration</a></li>\n<li><a class=\"reference internal\" href=\"#boundary-class\">Boundary class</a></li>\n</ul>\n</li>\n</ul>\n", "display_toc": true, "page_source_suffix": ".rst", "current_page_name": "API/CoreModules", "sidebars": ["search-field.html", "sidebar-nav-bs.html"], "customsidebar": null, "favicon_url": null, "logo_url": null, "alabaster_version": "0.7.12", "theme_show_toc_level": 1, "theme_logo": {}}