{"parents": [{"link": "../../", "title": "API reference"}, {"link": "../../CoreEdb/", "title": "EDB editor"}, {"link": "../pyaedt.edb_core.nets.EdbNets/", "title": "pyaedt.edb_core.nets.EdbNets"}], "prev": {"link": "../pyaedt.edb_core.nets.EdbNets.get_dcconnected_net_list/", "title": "get_dcconnected_net_list"}, "next": {"link": "../pyaedt.edb_core.nets.EdbNets.get_plot_data/", "title": "get_plot_data"}, "title": "get_net_by_name", "meta": {}, "body": "<section id=\"get-net-by-name\">\n<h1>get_net_by_name<a class=\"headerlink\" href=\"#get-net-by-name\" title=\"Permalink to this heading\">#</a></h1>\n<dl class=\"py method\">\n<dt class=\"sig sig-object py\" id=\"pyaedt.edb_core.nets.EdbNets.get_net_by_name\">\n<span class=\"sig-prename descclassname\"><span class=\"pre\">EdbNets.</span></span><span class=\"sig-name descname\"><span class=\"pre\">get_net_by_name</span></span><span class=\"sig-paren\">(</span><em class=\"sig-param\"><span class=\"n\"><span class=\"pre\">net_name</span></span></em><span class=\"sig-paren\">)</span><a class=\"reference internal\" href=\"../../../_modules/pyaedt/edb_core/nets/#EdbNets.get_net_by_name\"><span class=\"viewcode-link\"><span class=\"pre\">[source]</span></span></a><a class=\"headerlink\" href=\"#pyaedt.edb_core.nets.EdbNets.get_net_by_name\" title=\"Permalink to this definition\">#</a></dt>\n<dd><p>Find a net by name.</p>\n</dd></dl>\n\n</section>\n", "metatags": "<meta name=\"generator\" content=\"Docutils 0.19: https://docutils.sourceforge.io/\" />\n", "rellinks": [["genindex", "General Index", "I", "index"], ["py-modindex", "Python Module Index", "", "modules"], ["API/_autosummary/pyaedt.edb_core.nets.EdbNets.get_plot_data", "get_plot_data", "N", "next"], ["API/_autosummary/pyaedt.edb_core.nets.EdbNets.get_dcconnected_net_list", "get_dcconnected_net_list", "P", "previous"]], "sourcename": "API/_autosummary/pyaedt.edb_core.nets.EdbNets.get_net_by_name.rst.txt", "toc": "<ul>\n<li><a class=\"reference internal\" href=\"#\">get_net_by_name</a><ul>\n<li><a class=\"reference internal\" href=\"#pyaedt.edb_core.nets.EdbNets.get_net_by_name\"><code class=\"docutils literal notranslate\"><span class=\"pre\">EdbNets.get_net_by_name()</span></code></a></li>\n</ul>\n</li>\n</ul>\n", "display_toc": true, "page_source_suffix": ".rst", "current_page_name": "API/_autosummary/pyaedt.edb_core.nets.EdbNets.get_net_by_name", "sidebars": ["search-field.html", "sidebar-nav-bs.html"], "customsidebar": null, "favicon_url": null, "logo_url": null, "alabaster_version": "0.7.12", "theme_show_toc_level": 1, "theme_logo": {}}