{"parents": [{"link": "../../", "title": "API reference"}, {"link": "../../Application/", "title": "AEDT apps"}, {"link": "../pyaedt.TwinBuilder/", "title": "pyaedt.TwinBuilder"}], "prev": {"link": "../pyaedt.TwinBuilder.odesktop/", "title": "odesktop"}, "next": {"link": "../pyaedt.TwinBuilder.oexcitation/", "title": "oexcitation"}, "title": "oeditor", "meta": {}, "body": "<section id=\"oeditor\">\n<h1>oeditor<a class=\"headerlink\" href=\"#oeditor\" title=\"Permalink to this heading\">#</a></h1>\n<dl class=\"py property\">\n<dt class=\"sig sig-object py\" id=\"pyaedt.TwinBuilder.oeditor\">\n<em class=\"property\"><span class=\"pre\">property</span><span class=\"w\"> </span></em><span class=\"sig-prename descclassname\"><span class=\"pre\">TwinBuilder.</span></span><span class=\"sig-name descname\"><span class=\"pre\">oeditor</span></span><a class=\"headerlink\" href=\"#pyaedt.TwinBuilder.oeditor\" title=\"Permalink to this definition\">#</a></dt>\n<dd><p>Oeditor Module.</p>\n<p class=\"rubric\">References</p>\n<div class=\"doctest highlight-default notranslate\"><div class=\"highlight\"><pre><span></span><span class=\"gp\">&gt;&gt;&gt; </span><span class=\"n\">oEditor</span> <span class=\"o\">=</span> <span class=\"n\">oDesign</span><span class=\"o\">.</span><span class=\"n\">SetActiveEditor</span><span class=\"p\">(</span><span class=\"s2\">&quot;SchematicEditor&quot;</span><span class=\"p\">)</span>\n</pre></div>\n</div>\n</dd></dl>\n\n</section>\n", "metatags": "<meta name=\"generator\" content=\"Docutils 0.19: https://docutils.sourceforge.io/\" />\n", "rellinks": [["genindex", "General Index", "I", "index"], ["py-modindex", "Python Module Index", "", "modules"], ["API/_autosummary/pyaedt.TwinBuilder.oexcitation", "oexcitation", "N", "next"], ["API/_autosummary/pyaedt.TwinBuilder.odesktop", "odesktop", "P", "previous"]], "sourcename": "API/_autosummary/pyaedt.TwinBuilder.oeditor.rst.txt", "toc": "<ul>\n<li><a class=\"reference internal\" href=\"#\">oeditor</a><ul>\n<li><a class=\"reference internal\" href=\"#pyaedt.TwinBuilder.oeditor\"><code class=\"docutils literal notranslate\"><span class=\"pre\">TwinBuilder.oeditor</span></code></a></li>\n</ul>\n</li>\n</ul>\n", "display_toc": true, "page_source_suffix": ".rst", "current_page_name": "API/_autosummary/pyaedt.TwinBuilder.oeditor", "sidebars": ["search-field.html", "sidebar-nav-bs.html"], "customsidebar": null, "favicon_url": null, "logo_url": null, "alabaster_version": "0.7.12", "theme_show_toc_level": 1, "theme_logo": {}}