{"parents": [{"link": "../../", "title": "API reference"}, {"link": "../../Primitives/", "title": "Modeler and  primitives"}, {"link": "../pyaedt.modeler.Object3d.Object3d/", "title": "pyaedt.modeler.Object3d.Object3d"}], "prev": {"link": "../pyaedt.modeler.Object3d.Object3d.faces_by_area/", "title": "faces_by_area"}, "next": {"link": "../pyaedt.modeler.Object3d.Object3d.intersect/", "title": "intersect"}, "title": "get_touching_faces", "meta": {}, "body": "<section id=\"get-touching-faces\">\n<h1>get_touching_faces<a class=\"headerlink\" href=\"#get-touching-faces\" title=\"Permalink to this heading\">#</a></h1>\n<dl class=\"py method\">\n<dt class=\"sig sig-object py\" id=\"pyaedt.modeler.Object3d.Object3d.get_touching_faces\">\n<span class=\"sig-prename descclassname\"><span class=\"pre\">Object3d.</span></span><span class=\"sig-name descname\"><span class=\"pre\">get_touching_faces</span></span><span class=\"sig-paren\">(</span><em class=\"sig-param\"><span class=\"n\"><span class=\"pre\">object_name</span></span></em><span class=\"sig-paren\">)</span><a class=\"reference internal\" href=\"../../../_modules/pyaedt/modeler/Object3d/#Object3d.get_touching_faces\"><span class=\"viewcode-link\"><span class=\"pre\">[source]</span></span></a><a class=\"headerlink\" href=\"#pyaedt.modeler.Object3d.Object3d.get_touching_faces\" title=\"Permalink to this definition\">#</a></dt>\n<dd><p>Get the objects that touch one of the face center of each face of the object.</p>\n<dl class=\"field-list\">\n<dt class=\"field-odd\">Parameters<span class=\"colon\">:</span></dt>\n<dd class=\"field-odd\"><dl>\n<dt><strong>object_name</strong><span class=\"classifier\"><a class=\"reference external\" href=\"https://docs.python.org/dev/library/stdtypes.html#str\" title=\"(in Python v3.12)\"><code class=\"docutils literal notranslate\"><span class=\"pre\">str</span></code></a>, <a class=\"reference internal\" href=\"../pyaedt.modeler.Object3d.Object3d/#pyaedt.modeler.Object3d.Object3d\" title=\"pyaedt.modeler.Object3d.Object3d\"><code class=\"xref py py-class docutils literal notranslate\"><span class=\"pre\">Object3d</span></code></a></span></dt><dd><p>Object to check.</p>\n</dd>\n<dt><strong>Returns</strong></dt><dd></dd>\n<dt><strong>\u2014\u2014-</strong></dt><dd></dd>\n<dt><strong>list</strong></dt><dd><p>list of objects and faces touching.</p>\n</dd>\n</dl>\n</dd>\n</dl>\n</dd></dl>\n\n</section>\n", "metatags": "<meta name=\"generator\" content=\"Docutils 0.19: https://docutils.sourceforge.io/\" />\n", "rellinks": [["genindex", "General Index", "I", "index"], ["py-modindex", "Python Module Index", "", "modules"], ["API/_autosummary/pyaedt.modeler.Object3d.Object3d.intersect", "intersect", "N", "next"], ["API/_autosummary/pyaedt.modeler.Object3d.Object3d.faces_by_area", "faces_by_area", "P", "previous"]], "sourcename": "API/_autosummary/pyaedt.modeler.Object3d.Object3d.get_touching_faces.rst.txt", "toc": "<ul>\n<li><a class=\"reference internal\" href=\"#\">get_touching_faces</a><ul>\n<li><a class=\"reference internal\" href=\"#pyaedt.modeler.Object3d.Object3d.get_touching_faces\"><code class=\"docutils literal notranslate\"><span class=\"pre\">Object3d.get_touching_faces()</span></code></a></li>\n</ul>\n</li>\n</ul>\n", "display_toc": true, "page_source_suffix": ".rst", "current_page_name": "API/_autosummary/pyaedt.modeler.Object3d.Object3d.get_touching_faces", "sidebars": ["search-field.html", "sidebar-nav-bs.html"], "customsidebar": null, "favicon_url": null, "logo_url": null, "alabaster_version": "0.7.12", "theme_show_toc_level": 1, "theme_logo": {}}