{"parents": [{"link": "../../", "title": "API reference"}, {"link": "../../CoreEdb/", "title": "EDB editor"}, {"link": "../pyaedt.edb_core.EDB_Data.EDBLayers/", "title": "pyaedt.edb_core.EDB_Data.EDBLayers"}], "prev": {"link": "../pyaedt.edb_core.EDB_Data.EDBLayers.layer_collection/", "title": "layer_collection"}, "next": {"link": "../pyaedt.edb_core.EDB_Data.EDBLayers.layer_types/", "title": "layer_types"}, "title": "layer_collection_mode", "meta": {}, "body": "<section id=\"layer-collection-mode\">\n<h1>layer_collection_mode<a class=\"headerlink\" href=\"#layer-collection-mode\" title=\"Permalink to this heading\">#</a></h1>\n<dl class=\"py property\">\n<dt class=\"sig sig-object py\" id=\"pyaedt.edb_core.EDB_Data.EDBLayers.layer_collection_mode\">\n<em class=\"property\"><span class=\"pre\">property</span><span class=\"w\"> </span></em><span class=\"sig-prename descclassname\"><span class=\"pre\">EDBLayers.</span></span><span class=\"sig-name descname\"><span class=\"pre\">layer_collection_mode</span></span><a class=\"headerlink\" href=\"#pyaedt.edb_core.EDB_Data.EDBLayers.layer_collection_mode\" title=\"Permalink to this definition\">#</a></dt>\n<dd><p>Layer collection mode.</p>\n</dd></dl>\n\n</section>\n", "metatags": "<meta name=\"generator\" content=\"Docutils 0.19: https://docutils.sourceforge.io/\" />\n", "rellinks": [["genindex", "General Index", "I", "index"], ["py-modindex", "Python Module Index", "", "modules"], ["API/_autosummary/pyaedt.edb_core.EDB_Data.EDBLayers.layer_types", "layer_types", "N", "next"], ["API/_autosummary/pyaedt.edb_core.EDB_Data.EDBLayers.layer_collection", "layer_collection", "P", "previous"]], "sourcename": "API/_autosummary/pyaedt.edb_core.EDB_Data.EDBLayers.layer_collection_mode.rst.txt", "toc": "<ul>\n<li><a class=\"reference internal\" href=\"#\">layer_collection_mode</a><ul>\n<li><a class=\"reference internal\" href=\"#pyaedt.edb_core.EDB_Data.EDBLayers.layer_collection_mode\"><code class=\"docutils literal notranslate\"><span class=\"pre\">EDBLayers.layer_collection_mode</span></code></a></li>\n</ul>\n</li>\n</ul>\n", "display_toc": true, "page_source_suffix": ".rst", "current_page_name": "API/_autosummary/pyaedt.edb_core.EDB_Data.EDBLayers.layer_collection_mode", "sidebars": ["search-field.html", "sidebar-nav-bs.html"], "customsidebar": null, "favicon_url": null, "logo_url": null, "alabaster_version": "0.7.12", "theme_show_toc_level": 1, "theme_logo": {}}