{"parents": [{"link": "../../", "title": "API reference"}, {"link": "../../Primitives/", "title": "Modeler and  primitives"}, {"link": "../pyaedt.modeler.Model3D.Modeler3D/", "title": "pyaedt.modeler.Model3D.Modeler3D"}], "prev": {"link": "../pyaedt.modeler.Model3D.Modeler3D.chassis_subtraction/", "title": "chassis_subtraction"}, "next": {"link": "../pyaedt.modeler.Model3D.Modeler3D.check_plane/", "title": "check_plane"}, "title": "check_choke_values", "meta": {}, "body": "<section id=\"check-choke-values\">\n<h1>check_choke_values<a class=\"headerlink\" href=\"#check-choke-values\" title=\"Permalink to this heading\">#</a></h1>\n<dl class=\"py method\">\n<dt class=\"sig sig-object py\" id=\"pyaedt.modeler.Model3D.Modeler3D.check_choke_values\">\n<span class=\"sig-prename descclassname\"><span class=\"pre\">Modeler3D.</span></span><span class=\"sig-name descname\"><span class=\"pre\">check_choke_values</span></span><span class=\"sig-paren\">(</span><em class=\"sig-param\"><span class=\"n\"><span class=\"pre\">json_file</span></span></em>, <em class=\"sig-param\"><span class=\"n\"><span class=\"pre\">create_another_file</span></span><span class=\"o\"><span class=\"pre\">=</span></span><span class=\"default_value\"><span class=\"pre\">True</span></span></em><span class=\"sig-paren\">)</span><a class=\"headerlink\" href=\"#pyaedt.modeler.Model3D.Modeler3D.check_choke_values\" title=\"Permalink to this definition\">#</a></dt>\n<dd><p>Verify the values in the json file and create another one with corrected values next to the first one.</p>\n<dl class=\"field-list\">\n<dt class=\"field-odd\">Parameters<span class=\"colon\">:</span></dt>\n<dd class=\"field-odd\"><dl>\n<dt><strong>json_file</strong><span class=\"classifier\"><a class=\"reference external\" href=\"https://docs.python.org/dev/library/stdtypes.html#str\" title=\"(in Python v3.12)\"><code class=\"docutils literal notranslate\"><span class=\"pre\">str</span></code></a></span></dt><dd><p>Full path to json file;\nSpecific json file containing all the parameters to design your on choke.</p>\n</dd>\n<dt><strong>create_another_file</strong><span class=\"classifier\"><a class=\"reference external\" href=\"https://docs.python.org/dev/library/stdtypes.html#bltin-boolean-values\" title=\"(in Python v3.12)\"><span class=\"xref std std-ref\">bool</span></a></span></dt><dd><p>Create another file next to the first one in adding _Corrected to the file name if it is True\nelse truncate the existing file</p>\n</dd>\n</dl>\n</dd>\n<dt class=\"field-even\">Returns<span class=\"colon\">:</span></dt>\n<dd class=\"field-even\"><dl>\n<dt><code class=\"xref py py-obj docutils literal notranslate\"><span class=\"pre\">List</span></code></dt><dd><p><code class=\"docutils literal notranslate\"><span class=\"pre\">True</span></code> when successful, <code class=\"docutils literal notranslate\"><span class=\"pre\">False</span></code> when failed.</p>\n</dd>\n<dt><strong>dictionary</strong><span class=\"classifier\"><code class=\"xref py py-obj docutils literal notranslate\"><span class=\"pre\">class</span></code></span><span class=\"classifier\">\u2018dict\u2019</span></dt><dd></dd>\n</dl>\n</dd>\n</dl>\n<p class=\"rubric\">Examples</p>\n<dl>\n<dt>Dictionary of the Json file has to be like the following example :</dt><dd><dl>\n<dt>dictionary = {</dt><dd><p>\u201cNumber of Windings\u201d: {\u201c1\u201d: True, \u201c2\u201d: False, \u201c3\u201d: False, \u201c4\u201d: False},\n\u201cLayer\u201d: {\u201cSimple\u201d: True, \u201cDouble\u201d: False, \u201cTriple\u201d: False},\n\u201cLayer Type\u201d: {\u201cSeparate\u201d: True, \u201cLinked\u201d: False},\n\u201cSimilar Layer\u201d: {\u201cSimilar\u201d: True, \u201cDifferent\u201d: False},\n\u201cMode\u201d: {\u201cDifferential\u201d: True, \u201cCommon\u201d: False},\n\u201cWire Section\u201d: {\u201cNone\u201d: False, \u201cHexagon\u201d: False, \u201cOctagon\u201d: True, \u201cCircle\u201d: False},\n\u201cCore\u201d: {\u201cName\u201d: \u201cCore\u201d, \u201cMaterial\u201d: \u201cferrite\u201d, \u201cInner Radius\u201d: 11, \u201cOuter Radius\u201d: 17, \u201cHeight\u201d: 7,</p>\n<blockquote>\n<div><p>\u201cChamfer\u201d: 0.8},</p>\n</div></blockquote>\n<dl class=\"simple\">\n<dt>\u201cOuter Winding\u201d: {\u201cName\u201d: \u201cWinding\u201d, \u201cMaterial\u201d: \u201ccopper\u201d, \u201cInner Radius\u201d: 12, \u201cOuter Radius\u201d: 16,</dt><dd><p>\u201cHeight\u201d: 8, \u201cWire Diameter\u201d: 1, \u201cTurns\u201d: 10, \u201cCoil Pit(deg)\u201d: 9, \u201cOccupation(%)\u201d: 0},</p>\n</dd>\n</dl>\n<p>\u201cMid Winding\u201d: {\u201cTurns\u201d: 8, \u201cCoil Pit(deg)\u201d: 0.1, \u201cOccupation(%)\u201d: 0},\n\u201cInner Winding\u201d: {\u201cTurns\u201d: 12, \u201cCoil Pit(deg)\u201d: 0.1, \u201cOccupation(%)\u201d: 0}</p>\n</dd>\n</dl>\n<p>}</p>\n</dd>\n</dl>\n<div class=\"doctest highlight-default notranslate\"><div class=\"highlight\"><pre><span></span><span class=\"gp\">&gt;&gt;&gt; </span><span class=\"kn\">import</span> <span class=\"nn\">json</span>\n<span class=\"gp\">&gt;&gt;&gt; </span><span class=\"k\">with</span> <span class=\"nb\">open</span><span class=\"p\">(</span><span class=\"s2\">&quot;C:/Example/Of/Path/myJsonFile.json&quot;</span><span class=\"p\">,</span> <span class=\"s2\">&quot;w&quot;</span><span class=\"p\">)</span> <span class=\"k\">as</span> <span class=\"n\">outfile</span><span class=\"p\">:</span>\n<span class=\"gp\">&gt;&gt;&gt; </span>    <span class=\"n\">json</span><span class=\"o\">.</span><span class=\"n\">dump</span><span class=\"p\">(</span><span class=\"n\">dictionary</span><span class=\"p\">,</span> <span class=\"n\">outfile</span><span class=\"p\">)</span>\n<span class=\"gp\">&gt;&gt;&gt; </span><span class=\"kn\">from</span> <span class=\"nn\">pyaedt</span> <span class=\"kn\">import</span> <span class=\"n\">Hfss</span>\n<span class=\"gp\">&gt;&gt;&gt; </span><span class=\"n\">hfss</span> <span class=\"o\">=</span> <span class=\"n\">Hfss</span><span class=\"p\">()</span>\n<span class=\"gp\">&gt;&gt;&gt; </span><span class=\"n\">dictionary_values</span> <span class=\"o\">=</span> <span class=\"n\">hfss</span><span class=\"o\">.</span><span class=\"n\">modeler</span><span class=\"o\">.</span><span class=\"n\">check_choke_values</span><span class=\"p\">(</span><span class=\"s2\">&quot;C:/Example/Of/Path/myJsonFile.json&quot;</span><span class=\"p\">)</span>\n</pre></div>\n</div>\n</dd></dl>\n\n</section>\n", "metatags": "<meta name=\"generator\" content=\"Docutils 0.19: https://docutils.sourceforge.io/\" />\n", "rellinks": [["genindex", "General Index", "I", "index"], ["py-modindex", "Python Module Index", "", "modules"], ["API/_autosummary/pyaedt.modeler.Model3D.Modeler3D.check_plane", "check_plane", "N", "next"], ["API/_autosummary/pyaedt.modeler.Model3D.Modeler3D.chassis_subtraction", "chassis_subtraction", "P", "previous"]], "sourcename": "API/_autosummary/pyaedt.modeler.Model3D.Modeler3D.check_choke_values.rst.txt", "toc": "<ul>\n<li><a class=\"reference internal\" href=\"#\">check_choke_values</a><ul>\n<li><a class=\"reference internal\" href=\"#pyaedt.modeler.Model3D.Modeler3D.check_choke_values\"><code class=\"docutils literal notranslate\"><span class=\"pre\">Modeler3D.check_choke_values()</span></code></a></li>\n</ul>\n</li>\n</ul>\n", "display_toc": true, "page_source_suffix": ".rst", "current_page_name": "API/_autosummary/pyaedt.modeler.Model3D.Modeler3D.check_choke_values", "sidebars": ["search-field.html", "sidebar-nav-bs.html"], "customsidebar": null, "favicon_url": null, "logo_url": null, "alabaster_version": "0.7.12", "theme_show_toc_level": 1, "theme_logo": {}}