{"parents": [{"link": "../../", "title": "API reference"}, {"link": "../../Application/", "title": "AEDT apps"}, {"link": "../pyaedt.Emit/", "title": "pyaedt.Emit"}], "prev": {"link": "../pyaedt.Emit.close_project/", "title": "close_project"}, "next": {"link": "../pyaedt.Emit.copy_project/", "title": "copy_project"}, "title": "copy_design_from", "meta": {}, "body": "<section id=\"copy-design-from\">\n<h1>copy_design_from<a class=\"headerlink\" href=\"#copy-design-from\" title=\"Permalink to this heading\">#</a></h1>\n<dl class=\"py method\">\n<dt class=\"sig sig-object py\" id=\"pyaedt.Emit.copy_design_from\">\n<span class=\"sig-prename descclassname\"><span class=\"pre\">Emit.</span></span><span class=\"sig-name descname\"><span class=\"pre\">copy_design_from</span></span><span class=\"sig-paren\">(</span><em class=\"sig-param\"><span class=\"n\"><span class=\"pre\">project_fullname</span></span></em>, <em class=\"sig-param\"><span class=\"n\"><span class=\"pre\">design_name</span></span></em>, <em class=\"sig-param\"><span class=\"n\"><span class=\"pre\">save_project</span></span><span class=\"o\"><span class=\"pre\">=</span></span><span class=\"default_value\"><span class=\"pre\">True</span></span></em>, <em class=\"sig-param\"><span class=\"n\"><span class=\"pre\">set_active_design</span></span><span class=\"o\"><span class=\"pre\">=</span></span><span class=\"default_value\"><span class=\"pre\">True</span></span></em><span class=\"sig-paren\">)</span><a class=\"headerlink\" href=\"#pyaedt.Emit.copy_design_from\" title=\"Permalink to this definition\">#</a></dt>\n<dd><p>Copy a design from a project into the active design.</p>\n<dl class=\"field-list\">\n<dt class=\"field-odd\">Parameters<span class=\"colon\">:</span></dt>\n<dd class=\"field-odd\"><dl>\n<dt><strong>project_fullname</strong><span class=\"classifier\"><a class=\"reference external\" href=\"https://docs.python.org/dev/library/stdtypes.html#str\" title=\"(in Python v3.12)\"><code class=\"docutils literal notranslate\"><span class=\"pre\">str</span></code></a></span></dt><dd><p>Full path and name for the project containing the design to copy.\nThe active design is maintained.</p>\n</dd>\n<dt><strong>design_name</strong><span class=\"classifier\"><a class=\"reference external\" href=\"https://docs.python.org/dev/library/stdtypes.html#str\" title=\"(in Python v3.12)\"><code class=\"docutils literal notranslate\"><span class=\"pre\">str</span></code></a></span></dt><dd><p>Name of the design to copy into the active design. If a design with this\nname is already present in the destination project, AEDT automatically\nchanges the name.</p>\n</dd>\n<dt><strong>save_project</strong><span class=\"classifier\"><a class=\"reference external\" href=\"https://docs.python.org/dev/library/stdtypes.html#bltin-boolean-values\" title=\"(in Python v3.12)\"><span class=\"xref std std-ref\">bool</span></a>, <code class=\"xref py py-obj docutils literal notranslate\"><span class=\"pre\">optional</span></code></span></dt><dd><p>Save the project after the design has been copied. Default value is <cite>True</cite>.</p>\n</dd>\n<dt><strong>set_active_design</strong><span class=\"classifier\"><a class=\"reference external\" href=\"https://docs.python.org/dev/library/stdtypes.html#bltin-boolean-values\" title=\"(in Python v3.12)\"><span class=\"xref std std-ref\">bool</span></a>, <code class=\"xref py py-obj docutils literal notranslate\"><span class=\"pre\">optional</span></code></span></dt><dd><p>Set the design active after it has been copied. Default value is <cite>True</cite>.</p>\n</dd>\n</dl>\n</dd>\n<dt class=\"field-even\">Returns<span class=\"colon\">:</span></dt>\n<dd class=\"field-even\"><dl class=\"simple\">\n<dt><a class=\"reference external\" href=\"https://docs.python.org/dev/library/stdtypes.html#str\" title=\"(in Python v3.12)\"><code class=\"docutils literal notranslate\"><span class=\"pre\">str</span></code></a></dt><dd><p>Name of the copied design name when successful or <code class=\"docutils literal notranslate\"><span class=\"pre\">None</span></code> when failed.\nFailure is generally a result of the name specified for <code class=\"docutils literal notranslate\"><span class=\"pre\">design_name</span></code>\nnot existing in the project specified for <code class=\"docutils literal notranslate\"><span class=\"pre\">project_fullname</span></code>.</p>\n</dd>\n</dl>\n</dd>\n</dl>\n<p class=\"rubric\">References</p>\n<div class=\"doctest highlight-default notranslate\"><div class=\"highlight\"><pre><span></span><span class=\"gp\">&gt;&gt;&gt; </span><span class=\"n\">oProject</span><span class=\"o\">.</span><span class=\"n\">CopyDesign</span>\n<span class=\"gp\">&gt;&gt;&gt; </span><span class=\"n\">oProject</span><span class=\"o\">.</span><span class=\"n\">Paste</span>\n</pre></div>\n</div>\n</dd></dl>\n\n</section>\n", "metatags": "<meta name=\"generator\" content=\"Docutils 0.19: https://docutils.sourceforge.io/\" />\n", "rellinks": [["genindex", "General Index", "I", "index"], ["py-modindex", "Python Module Index", "", "modules"], ["API/_autosummary/pyaedt.Emit.copy_project", "copy_project", "N", "next"], ["API/_autosummary/pyaedt.Emit.close_project", "close_project", "P", "previous"]], "sourcename": "API/_autosummary/pyaedt.Emit.copy_design_from.rst.txt", "toc": "<ul>\n<li><a class=\"reference internal\" href=\"#\">copy_design_from</a><ul>\n<li><a class=\"reference internal\" href=\"#pyaedt.Emit.copy_design_from\"><code class=\"docutils literal notranslate\"><span class=\"pre\">Emit.copy_design_from()</span></code></a></li>\n</ul>\n</li>\n</ul>\n", "display_toc": true, "page_source_suffix": ".rst", "current_page_name": "API/_autosummary/pyaedt.Emit.copy_design_from", "sidebars": ["search-field.html", "sidebar-nav-bs.html"], "customsidebar": null, "favicon_url": null, "logo_url": null, "alabaster_version": "0.7.12", "theme_show_toc_level": 1, "theme_logo": {}}