{"parents": [{"link": "../../", "title": "API reference"}, {"link": "../../Application/", "title": "AEDT apps"}, {"link": "../pyaedt.Rmxprt/", "title": "pyaedt.Rmxprt"}], "prev": {"link": "../pyaedt.Rmxprt.create_setup/", "title": "create_setup"}, "next": {"link": "../pyaedt.Rmxprt.deactivate_variable_optimization/", "title": "deactivate_variable_optimization"}, "title": "dataset_exists", "meta": {}, "body": "<section id=\"dataset-exists\">\n<h1>dataset_exists<a class=\"headerlink\" href=\"#dataset-exists\" title=\"Permalink to this heading\">#</a></h1>\n<dl class=\"py method\">\n<dt class=\"sig sig-object py\" id=\"pyaedt.Rmxprt.dataset_exists\">\n<span class=\"sig-prename descclassname\"><span class=\"pre\">Rmxprt.</span></span><span class=\"sig-name descname\"><span class=\"pre\">dataset_exists</span></span><span class=\"sig-paren\">(</span><em class=\"sig-param\"><span class=\"n\"><span class=\"pre\">name</span></span></em>, <em class=\"sig-param\"><span class=\"n\"><span class=\"pre\">is_project_dataset</span></span><span class=\"o\"><span class=\"pre\">=</span></span><span class=\"default_value\"><span class=\"pre\">True</span></span></em><span class=\"sig-paren\">)</span><a class=\"headerlink\" href=\"#pyaedt.Rmxprt.dataset_exists\" title=\"Permalink to this definition\">#</a></dt>\n<dd><p>Check if a dataset exists.</p>\n<dl class=\"field-list\">\n<dt class=\"field-odd\">Parameters<span class=\"colon\">:</span></dt>\n<dd class=\"field-odd\"><dl>\n<dt><strong>name</strong><span class=\"classifier\"><a class=\"reference external\" href=\"https://docs.python.org/dev/library/stdtypes.html#str\" title=\"(in Python v3.12)\"><code class=\"docutils literal notranslate\"><span class=\"pre\">str</span></code></a></span></dt><dd><p>Name of the dataset (without a prefix for a project dataset).</p>\n</dd>\n<dt><strong>is_project_dataset</strong><span class=\"classifier\"><a class=\"reference external\" href=\"https://docs.python.org/dev/library/stdtypes.html#bltin-boolean-values\" title=\"(in Python v3.12)\"><span class=\"xref std std-ref\">bool</span></a>, <code class=\"xref py py-obj docutils literal notranslate\"><span class=\"pre\">optional</span></code></span></dt><dd><p>Whether it is a project data set. The default is <code class=\"docutils literal notranslate\"><span class=\"pre\">True</span></code>.</p>\n</dd>\n</dl>\n</dd>\n<dt class=\"field-even\">Returns<span class=\"colon\">:</span></dt>\n<dd class=\"field-even\"><dl class=\"simple\">\n<dt><a class=\"reference external\" href=\"https://docs.python.org/dev/library/stdtypes.html#bltin-boolean-values\" title=\"(in Python v3.12)\"><span class=\"xref std std-ref\">bool</span></a></dt><dd><p><code class=\"docutils literal notranslate\"><span class=\"pre\">True</span></code> when successful, <code class=\"docutils literal notranslate\"><span class=\"pre\">False</span></code> when failed.</p>\n</dd>\n</dl>\n</dd>\n</dl>\n</dd></dl>\n\n</section>\n", "metatags": "<meta name=\"generator\" content=\"Docutils 0.19: https://docutils.sourceforge.io/\" />\n", "rellinks": [["genindex", "General Index", "I", "index"], ["py-modindex", "Python Module Index", "", "modules"], ["API/_autosummary/pyaedt.Rmxprt.deactivate_variable_optimization", "deactivate_variable_optimization", "N", "next"], ["API/_autosummary/pyaedt.Rmxprt.create_setup", "create_setup", "P", "previous"]], "sourcename": "API/_autosummary/pyaedt.Rmxprt.dataset_exists.rst.txt", "toc": "<ul>\n<li><a class=\"reference internal\" href=\"#\">dataset_exists</a><ul>\n<li><a class=\"reference internal\" href=\"#pyaedt.Rmxprt.dataset_exists\"><code class=\"docutils literal notranslate\"><span class=\"pre\">Rmxprt.dataset_exists()</span></code></a></li>\n</ul>\n</li>\n</ul>\n", "display_toc": true, "page_source_suffix": ".rst", "current_page_name": "API/_autosummary/pyaedt.Rmxprt.dataset_exists", "sidebars": ["search-field.html", "sidebar-nav-bs.html"], "customsidebar": null, "favicon_url": null, "logo_url": null, "alabaster_version": "0.7.12", "theme_show_toc_level": 1, "theme_logo": {}}