{"parents": [{"link": "../../", "title": "API reference"}, {"link": "../../CoreModules/", "title": "AEDT modules"}, {"link": "../../Boundaries/", "title": "Boundary objects"}], "prev": {"link": "../pyaedt.modules.Boundary.NativeComponentObject.targetcs/", "title": "targetcs"}, "next": {"link": "../pyaedt.modules.Boundary.BoundaryObject.create/", "title": "create"}, "title": "pyaedt.modules.Boundary.BoundaryObject", "meta": {}, "body": "<section id=\"pyaedt-modules-boundary-boundaryobject\">\n<h1>pyaedt.modules.Boundary.BoundaryObject<a class=\"headerlink\" href=\"#pyaedt-modules-boundary-boundaryobject\" title=\"Permalink to this heading\">#</a></h1>\n<dl class=\"py class\">\n<dt class=\"sig sig-object py\" id=\"pyaedt.modules.Boundary.BoundaryObject\">\n<em class=\"property\"><span class=\"pre\">class</span><span class=\"w\"> </span></em><span class=\"sig-prename descclassname\"><span class=\"pre\">pyaedt.modules.Boundary.</span></span><span class=\"sig-name descname\"><span class=\"pre\">BoundaryObject</span></span><span class=\"sig-paren\">(</span><em class=\"sig-param\"><span class=\"n\"><span class=\"pre\">app</span></span></em>, <em class=\"sig-param\"><span class=\"n\"><span class=\"pre\">name</span></span></em>, <em class=\"sig-param\"><span class=\"n\"><span class=\"pre\">props</span></span></em>, <em class=\"sig-param\"><span class=\"n\"><span class=\"pre\">boundarytype</span></span></em><span class=\"sig-paren\">)</span><a class=\"reference internal\" href=\"../../../_modules/pyaedt/modules/Boundary/#BoundaryObject\"><span class=\"viewcode-link\"><span class=\"pre\">[source]</span></span></a><a class=\"headerlink\" href=\"#pyaedt.modules.Boundary.BoundaryObject\" title=\"Permalink to this definition\">#</a></dt>\n<dd><p>Manages boundary data and execution.</p>\n<dl class=\"field-list\">\n<dt class=\"field-odd\">Parameters<span class=\"colon\">:</span></dt>\n<dd class=\"field-odd\"><dl>\n<dt><strong>app</strong><span class=\"classifier\"><a class=\"reference external\" href=\"https://docs.python.org/dev/library/functions.html#object\" title=\"(in Python v3.12)\"><code class=\"xref py py-obj docutils literal notranslate\"><span class=\"pre\">object</span></code></a></span></dt><dd><p>An AEDT application from <code class=\"docutils literal notranslate\"><span class=\"pre\">pyaedt.application</span></code>.</p>\n</dd>\n<dt><strong>name</strong><span class=\"classifier\"><a class=\"reference external\" href=\"https://docs.python.org/dev/library/stdtypes.html#str\" title=\"(in Python v3.12)\"><code class=\"docutils literal notranslate\"><span class=\"pre\">str</span></code></a></span></dt><dd><p>Name of the boundary.</p>\n</dd>\n<dt><strong>props</strong><span class=\"classifier\"><a class=\"reference external\" href=\"https://docs.python.org/dev/library/stdtypes.html#dict\" title=\"(in Python v3.12)\"><code class=\"docutils literal notranslate\"><span class=\"pre\">dict</span></code></a></span></dt><dd><p>Properties of the boundary.</p>\n</dd>\n<dt><strong>boundarytype</strong><span class=\"classifier\"><a class=\"reference external\" href=\"https://docs.python.org/dev/library/stdtypes.html#str\" title=\"(in Python v3.12)\"><code class=\"docutils literal notranslate\"><span class=\"pre\">str</span></code></a></span></dt><dd><p>Type of the boundary.</p>\n</dd>\n</dl>\n</dd>\n</dl>\n<p class=\"rubric\">Examples</p>\n<p>Create a cylinder at the XY working plane and assign a copper coating of 0.2 mm to it. The Coating is a boundary\noperation and coat will return a <code class=\"docutils literal notranslate\"><span class=\"pre\">pyaedt.modules.Boundary.BoundaryObject</span></code></p>\n<div class=\"doctest highlight-default notranslate\"><div class=\"highlight\"><pre><span></span><span class=\"gp\">&gt;&gt;&gt; </span><span class=\"kn\">from</span> <span class=\"nn\">pyaedt</span> <span class=\"kn\">import</span> <span class=\"n\">Hfss</span>\n<span class=\"gp\">&gt;&gt;&gt; </span><span class=\"n\">hfss</span> <span class=\"o\">=</span><span class=\"n\">Hfss</span><span class=\"p\">()</span>\n<span class=\"gp\">&gt;&gt;&gt; </span><span class=\"n\">origin</span> <span class=\"o\">=</span> <span class=\"n\">hfss</span><span class=\"o\">.</span><span class=\"n\">modeler</span><span class=\"o\">.</span><span class=\"n\">Position</span><span class=\"p\">(</span><span class=\"mi\">0</span><span class=\"p\">,</span> <span class=\"mi\">0</span><span class=\"p\">,</span> <span class=\"mi\">0</span><span class=\"p\">)</span>\n<span class=\"gp\">&gt;&gt;&gt; </span><span class=\"n\">inner</span> <span class=\"o\">=</span> <span class=\"n\">hfss</span><span class=\"o\">.</span><span class=\"n\">modeler</span><span class=\"o\">.</span><span class=\"n\">create_cylinder</span><span class=\"p\">(</span><span class=\"n\">hfss</span><span class=\"o\">.</span><span class=\"n\">PLANE</span><span class=\"o\">.</span><span class=\"n\">XY</span><span class=\"p\">,</span> <span class=\"n\">origin</span><span class=\"p\">,</span> <span class=\"mi\">3</span><span class=\"p\">,</span> <span class=\"mi\">200</span><span class=\"p\">,</span> <span class=\"mi\">0</span><span class=\"p\">,</span> <span class=\"s2\">&quot;inner&quot;</span><span class=\"p\">)</span>\n<span class=\"gp\">&gt;&gt;&gt; </span><span class=\"n\">inner_id</span> <span class=\"o\">=</span> <span class=\"n\">hfss</span><span class=\"o\">.</span><span class=\"n\">modeler</span><span class=\"o\">.</span><span class=\"n\">get_obj_id</span><span class=\"p\">(</span><span class=\"s2\">&quot;inner&quot;</span><span class=\"p\">)</span>\n<span class=\"gp\">&gt;&gt;&gt; </span><span class=\"n\">coat</span> <span class=\"o\">=</span> <span class=\"n\">hfss</span><span class=\"o\">.</span><span class=\"n\">assign_coating</span><span class=\"p\">([</span><span class=\"n\">inner_id</span><span class=\"p\">],</span> <span class=\"s2\">&quot;copper&quot;</span><span class=\"p\">,</span> <span class=\"n\">usethickness</span><span class=\"o\">=</span><span class=\"kc\">True</span><span class=\"p\">,</span> <span class=\"n\">thickness</span><span class=\"o\">=</span><span class=\"s2\">&quot;0.2mm&quot;</span><span class=\"p\">)</span>\n</pre></div>\n</div>\n<p class=\"rubric\">Methods</p>\n<table class=\"autosummary longtable docutils align-default\">\n<tbody>\n<tr class=\"row-odd\"><td><p><a class=\"reference internal\" href=\"../pyaedt.modules.Boundary.BoundaryObject.create/#pyaedt.modules.Boundary.BoundaryObject.create\" title=\"pyaedt.modules.Boundary.BoundaryObject.create\"><code class=\"xref py py-obj docutils literal notranslate\"><span class=\"pre\">BoundaryObject.create</span></code></a>()</p></td>\n<td><p>Create a boundary.</p></td>\n</tr>\n<tr class=\"row-even\"><td><p><a class=\"reference internal\" href=\"../pyaedt.modules.Boundary.BoundaryObject.delete/#pyaedt.modules.Boundary.BoundaryObject.delete\" title=\"pyaedt.modules.Boundary.BoundaryObject.delete\"><code class=\"xref py py-obj docutils literal notranslate\"><span class=\"pre\">BoundaryObject.delete</span></code></a>()</p></td>\n<td><p>Delete the boundary.</p></td>\n</tr>\n<tr class=\"row-odd\"><td><p><a class=\"reference internal\" href=\"../pyaedt.modules.Boundary.BoundaryObject.update/#pyaedt.modules.Boundary.BoundaryObject.update\" title=\"pyaedt.modules.Boundary.BoundaryObject.update\"><code class=\"xref py py-obj docutils literal notranslate\"><span class=\"pre\">BoundaryObject.update</span></code></a>()</p></td>\n<td><p>Update the boundary.</p></td>\n</tr>\n<tr class=\"row-even\"><td><p><a class=\"reference internal\" href=\"../pyaedt.modules.Boundary.BoundaryObject.update_assignment/#pyaedt.modules.Boundary.BoundaryObject.update_assignment\" title=\"pyaedt.modules.Boundary.BoundaryObject.update_assignment\"><code class=\"xref py py-obj docutils literal notranslate\"><span class=\"pre\">BoundaryObject.update_assignment</span></code></a>()</p></td>\n<td><p>Update the boundary assignment.</p></td>\n</tr>\n</tbody>\n</table>\n<p class=\"rubric\">Attributes</p>\n<table class=\"autosummary longtable docutils align-default\">\n<tbody>\n<tr class=\"row-odd\"><td><p><a class=\"reference internal\" href=\"../pyaedt.modules.Boundary.BoundaryObject.available_properties/#pyaedt.modules.Boundary.BoundaryObject.available_properties\" title=\"pyaedt.modules.Boundary.BoundaryObject.available_properties\"><code class=\"xref py py-obj docutils literal notranslate\"><span class=\"pre\">BoundaryObject.available_properties</span></code></a></p></td>\n<td><p>Available properties.</p></td>\n</tr>\n<tr class=\"row-even\"><td><p><a class=\"reference internal\" href=\"../pyaedt.modules.Boundary.BoundaryObject.name/#pyaedt.modules.Boundary.BoundaryObject.name\" title=\"pyaedt.modules.Boundary.BoundaryObject.name\"><code class=\"xref py py-obj docutils literal notranslate\"><span class=\"pre\">BoundaryObject.name</span></code></a></p></td>\n<td><p>Boundary Name.</p></td>\n</tr>\n</tbody>\n</table>\n</dd></dl>\n\n</section>\n", "metatags": "<meta name=\"generator\" content=\"Docutils 0.19: https://docutils.sourceforge.io/\" />\n", "rellinks": [["genindex", "General Index", "I", "index"], ["py-modindex", "Python Module Index", "", "modules"], ["API/_autosummary/pyaedt.modules.Boundary.BoundaryObject.create", "create", "N", "next"], ["API/_autosummary/pyaedt.modules.Boundary.NativeComponentObject.targetcs", "targetcs", "P", "previous"]], "sourcename": "API/_autosummary/pyaedt.modules.Boundary.BoundaryObject.rst.txt", "toc": "<ul>\n<li><a class=\"reference internal\" href=\"#\">pyaedt.modules.Boundary.BoundaryObject</a><ul>\n<li><a class=\"reference internal\" href=\"#pyaedt.modules.Boundary.BoundaryObject\"><code class=\"docutils literal notranslate\"><span class=\"pre\">BoundaryObject</span></code></a></li>\n</ul>\n</li>\n</ul>\n", "display_toc": true, "page_source_suffix": ".rst", "current_page_name": "API/_autosummary/pyaedt.modules.Boundary.BoundaryObject", "sidebars": ["search-field.html", "sidebar-nav-bs.html"], "customsidebar": null, "favicon_url": null, "logo_url": null, "alabaster_version": "0.7.12", "theme_show_toc_level": 1, "theme_logo": {}}