{"parents": [{"link": "../../", "title": "API reference"}, {"link": "../../Primitives/", "title": "Modeler and  primitives"}, {"link": "../pyaedt.modeler.Model2D.Modeler2D/", "title": "pyaedt.modeler.Model2D.Modeler2D"}], "prev": {"link": "../pyaedt.modeler.Model2D.Modeler2D.obounding_box/", "title": "obounding_box"}, "next": {"link": "../pyaedt.modeler.Model2D.Modeler2D.plane2d/", "title": "plane2d"}, "title": "oeditor", "meta": {}, "body": "<section id=\"oeditor\">\n<h1>oeditor<a class=\"headerlink\" href=\"#oeditor\" title=\"Permalink to this heading\">#</a></h1>\n<dl class=\"py property\">\n<dt class=\"sig sig-object py\" id=\"pyaedt.modeler.Model2D.Modeler2D.oeditor\">\n<em class=\"property\"><span class=\"pre\">property</span><span class=\"w\"> </span></em><span class=\"sig-prename descclassname\"><span class=\"pre\">Modeler2D.</span></span><span class=\"sig-name descname\"><span class=\"pre\">oeditor</span></span><a class=\"headerlink\" href=\"#pyaedt.modeler.Model2D.Modeler2D.oeditor\" title=\"Permalink to this definition\">#</a></dt>\n<dd><p>Aedt oEditor Module.</p>\n<p class=\"rubric\">References</p>\n<div class=\"doctest highlight-default notranslate\"><div class=\"highlight\"><pre><span></span><span class=\"gp\">&gt;&gt;&gt; </span><span class=\"n\">oEditor</span> <span class=\"o\">=</span> <span class=\"n\">oDesign</span><span class=\"o\">.</span><span class=\"n\">SetActiveEditor</span><span class=\"p\">(</span><span class=\"s2\">&quot;3D Modeler&quot;</span><span class=\"p\">)</span>\n</pre></div>\n</div>\n</dd></dl>\n\n</section>\n", "metatags": "<meta name=\"generator\" content=\"Docutils 0.19: https://docutils.sourceforge.io/\" />\n", "rellinks": [["genindex", "General Index", "I", "index"], ["py-modindex", "Python Module Index", "", "modules"], ["API/_autosummary/pyaedt.modeler.Model2D.Modeler2D.plane2d", "plane2d", "N", "next"], ["API/_autosummary/pyaedt.modeler.Model2D.Modeler2D.obounding_box", "obounding_box", "P", "previous"]], "sourcename": "API/_autosummary/pyaedt.modeler.Model2D.Modeler2D.oeditor.rst.txt", "toc": "<ul>\n<li><a class=\"reference internal\" href=\"#\">oeditor</a><ul>\n<li><a class=\"reference internal\" href=\"#pyaedt.modeler.Model2D.Modeler2D.oeditor\"><code class=\"docutils literal notranslate\"><span class=\"pre\">Modeler2D.oeditor</span></code></a></li>\n</ul>\n</li>\n</ul>\n", "display_toc": true, "page_source_suffix": ".rst", "current_page_name": "API/_autosummary/pyaedt.modeler.Model2D.Modeler2D.oeditor", "sidebars": ["search-field.html", "sidebar-nav-bs.html"], "customsidebar": null, "favicon_url": null, "logo_url": null, "alabaster_version": "0.7.12", "theme_show_toc_level": 1, "theme_logo": {}}