{"parents": [{"link": "../../", "title": "API reference"}, {"link": "../../Post/", "title": "Postprocessing"}, {"link": "../pyaedt.modules.PostProcessor.CircuitPostProcessor/", "title": "pyaedt.modules.PostProcessor.CircuitPostProcessor"}], "prev": {"link": "../pyaedt.modules.PostProcessor.CircuitPostProcessor.create_report/", "title": "create_report"}, "next": {"link": "../pyaedt.modules.PostProcessor.CircuitPostProcessor.create_statistical_eye_plot/", "title": "create_statistical_eye_plot"}, "title": "create_report_from_configuration", "meta": {}, "body": "<section id=\"create-report-from-configuration\">\n<h1>create_report_from_configuration<a class=\"headerlink\" href=\"#create-report-from-configuration\" title=\"Permalink to this heading\">#</a></h1>\n<dl class=\"py method\">\n<dt class=\"sig sig-object py\" id=\"pyaedt.modules.PostProcessor.CircuitPostProcessor.create_report_from_configuration\">\n<span class=\"sig-prename descclassname\"><span class=\"pre\">CircuitPostProcessor.</span></span><span class=\"sig-name descname\"><span class=\"pre\">create_report_from_configuration</span></span><span class=\"sig-paren\">(</span><em class=\"sig-param\"><span class=\"n\"><span class=\"pre\">input_file</span></span><span class=\"o\"><span class=\"pre\">=</span></span><span class=\"default_value\"><span class=\"pre\">None</span></span></em>, <em class=\"sig-param\"><span class=\"n\"><span class=\"pre\">input_dict</span></span><span class=\"o\"><span class=\"pre\">=</span></span><span class=\"default_value\"><span class=\"pre\">None</span></span></em>, <em class=\"sig-param\"><span class=\"n\"><span class=\"pre\">solution_name</span></span><span class=\"o\"><span class=\"pre\">=</span></span><span class=\"default_value\"><span class=\"pre\">None</span></span></em><span class=\"sig-paren\">)</span><a class=\"headerlink\" href=\"#pyaedt.modules.PostProcessor.CircuitPostProcessor.create_report_from_configuration\" title=\"Permalink to this definition\">#</a></dt>\n<dd><p>Create a new report based on json file or dictionary of properties.</p>\n<dl class=\"field-list\">\n<dt class=\"field-odd\">Parameters<span class=\"colon\">:</span></dt>\n<dd class=\"field-odd\"><dl>\n<dt><strong>input_file</strong><span class=\"classifier\"><a class=\"reference external\" href=\"https://docs.python.org/dev/library/stdtypes.html#str\" title=\"(in Python v3.12)\"><code class=\"docutils literal notranslate\"><span class=\"pre\">str</span></code></a>, <code class=\"xref py py-obj docutils literal notranslate\"><span class=\"pre\">optional</span></code></span></dt><dd><p>Path to a json file containing report settings.</p>\n</dd>\n<dt><strong>input_dict</strong><span class=\"classifier\"><a class=\"reference external\" href=\"https://docs.python.org/dev/library/stdtypes.html#dict\" title=\"(in Python v3.12)\"><code class=\"docutils literal notranslate\"><span class=\"pre\">dict</span></code></a>, <code class=\"xref py py-obj docutils literal notranslate\"><span class=\"pre\">optional</span></code></span></dt><dd><p>Dictionary containing report settings.</p>\n</dd>\n<dt><strong>solution_name</strong><span class=\"classifier\"><code class=\"xref py py-obj docutils literal notranslate\"><span class=\"pre\">setup</span></code> <code class=\"xref py py-obj docutils literal notranslate\"><span class=\"pre\">name</span></code> <code class=\"xref py py-obj docutils literal notranslate\"><span class=\"pre\">to</span></code> use.</span></dt><dd></dd>\n</dl>\n</dd>\n<dt class=\"field-even\">Returns<span class=\"colon\">:</span></dt>\n<dd class=\"field-even\"><dl class=\"simple\">\n<dt><a class=\"reference internal\" href=\"../pyaedt.modules.report_templates.Standard/#pyaedt.modules.report_templates.Standard\" title=\"pyaedt.modules.report_templates.Standard\"><code class=\"xref py py-class docutils literal notranslate\"><span class=\"pre\">pyaedt.modules.report_templates.Standard</span></code></a></dt><dd><p>Report object if succeeded.</p>\n</dd>\n</dl>\n</dd>\n</dl>\n<p class=\"rubric\">Examples</p>\n<div class=\"doctest highlight-default notranslate\"><div class=\"highlight\"><pre><span></span><span class=\"gp\">&gt;&gt;&gt; </span><span class=\"kn\">from</span> <span class=\"nn\">pyaedt</span> <span class=\"kn\">import</span> <span class=\"n\">Hfss</span>\n<span class=\"gp\">&gt;&gt;&gt; </span><span class=\"n\">aedtapp</span> <span class=\"o\">=</span> <span class=\"n\">Hfss</span><span class=\"p\">()</span>\n<span class=\"gp\">&gt;&gt;&gt; </span><span class=\"n\">aedtapp</span><span class=\"o\">.</span><span class=\"n\">post</span><span class=\"o\">.</span><span class=\"n\">create_report_from_configuration</span><span class=\"p\">(</span><span class=\"sa\">r</span><span class=\"s1\">&#39;C:  emp\\my_report.json&#39;</span><span class=\"p\">,</span>\n<span class=\"gp\">... </span>                                              <span class=\"n\">solution_name</span><span class=\"o\">=</span><span class=\"s2\">&quot;Setup1 : LastAdpative&quot;</span><span class=\"p\">)</span>\n</pre></div>\n</div>\n</dd></dl>\n\n</section>\n", "metatags": "<meta name=\"generator\" content=\"Docutils 0.19: https://docutils.sourceforge.io/\" />\n", "rellinks": [["genindex", "General Index", "I", "index"], ["py-modindex", "Python Module Index", "", "modules"], ["API/_autosummary/pyaedt.modules.PostProcessor.CircuitPostProcessor.create_statistical_eye_plot", "create_statistical_eye_plot", "N", "next"], ["API/_autosummary/pyaedt.modules.PostProcessor.CircuitPostProcessor.create_report", "create_report", "P", "previous"]], "sourcename": "API/_autosummary/pyaedt.modules.PostProcessor.CircuitPostProcessor.create_report_from_configuration.rst.txt", "toc": "<ul>\n<li><a class=\"reference internal\" href=\"#\">create_report_from_configuration</a><ul>\n<li><a class=\"reference internal\" href=\"#pyaedt.modules.PostProcessor.CircuitPostProcessor.create_report_from_configuration\"><code class=\"docutils literal notranslate\"><span class=\"pre\">CircuitPostProcessor.create_report_from_configuration()</span></code></a></li>\n</ul>\n</li>\n</ul>\n", "display_toc": true, "page_source_suffix": ".rst", "current_page_name": "API/_autosummary/pyaedt.modules.PostProcessor.CircuitPostProcessor.create_report_from_configuration", "sidebars": ["search-field.html", "sidebar-nav-bs.html"], "customsidebar": null, "favicon_url": null, "logo_url": null, "alabaster_version": "0.7.12", "theme_show_toc_level": 1, "theme_logo": {}}