{"parents": [{"link": "../../", "title": "API reference"}, {"link": "../../Post/", "title": "Postprocessing"}, {"link": "../pyaedt.modules.report_templates.EyeDiagram/", "title": "pyaedt.modules.report_templates.EyeDiagram"}], "prev": {"link": "../pyaedt.modules.report_templates.EyeDiagram.update_expressions_with_defaults/", "title": "update_expressions_with_defaults"}, "next": {"link": "../pyaedt.modules.report_templates.EyeDiagram.auto_compute_eye_meas/", "title": "auto_compute_eye_meas"}, "title": "update_trace_in_report", "meta": {}, "body": "<section id=\"update-trace-in-report\">\n<h1>update_trace_in_report<a class=\"headerlink\" href=\"#update-trace-in-report\" title=\"Permalink to this heading\">#</a></h1>\n<dl class=\"py method\">\n<dt class=\"sig sig-object py\" id=\"pyaedt.modules.report_templates.EyeDiagram.update_trace_in_report\">\n<span class=\"sig-prename descclassname\"><span class=\"pre\">EyeDiagram.</span></span><span class=\"sig-name descname\"><span class=\"pre\">update_trace_in_report</span></span><span class=\"sig-paren\">(</span><em class=\"sig-param\"><span class=\"n\"><span class=\"pre\">traces</span></span></em>, <em class=\"sig-param\"><span class=\"n\"><span class=\"pre\">setup_name</span></span><span class=\"o\"><span class=\"pre\">=</span></span><span class=\"default_value\"><span class=\"pre\">None</span></span></em>, <em class=\"sig-param\"><span class=\"n\"><span class=\"pre\">variations</span></span><span class=\"o\"><span class=\"pre\">=</span></span><span class=\"default_value\"><span class=\"pre\">None</span></span></em>, <em class=\"sig-param\"><span class=\"n\"><span class=\"pre\">context</span></span><span class=\"o\"><span class=\"pre\">=</span></span><span class=\"default_value\"><span class=\"pre\">None</span></span></em><span class=\"sig-paren\">)</span><a class=\"headerlink\" href=\"#pyaedt.modules.report_templates.EyeDiagram.update_trace_in_report\" title=\"Permalink to this definition\">#</a></dt>\n<dd><p>Update a trace in a specific report.</p>\n<dl class=\"field-list\">\n<dt class=\"field-odd\">Parameters<span class=\"colon\">:</span></dt>\n<dd class=\"field-odd\"><dl>\n<dt><strong>traces</strong><span class=\"classifier\"><a class=\"reference external\" href=\"https://docs.python.org/dev/library/stdtypes.html#list\" title=\"(in Python v3.12)\"><code class=\"docutils literal notranslate\"><span class=\"pre\">list</span></code></a></span></dt><dd><p>List of traces to add.</p>\n</dd>\n<dt><strong>setup_name</strong><span class=\"classifier\"><a class=\"reference external\" href=\"https://docs.python.org/dev/library/stdtypes.html#str\" title=\"(in Python v3.12)\"><code class=\"docutils literal notranslate\"><span class=\"pre\">str</span></code></a>, <code class=\"xref py py-obj docutils literal notranslate\"><span class=\"pre\">optional</span></code></span></dt><dd><p>Name of the setup. The default is <code class=\"docutils literal notranslate\"><span class=\"pre\">None</span></code>.</p>\n</dd>\n<dt><strong>variations</strong><span class=\"classifier\"><a class=\"reference external\" href=\"https://docs.python.org/dev/library/stdtypes.html#dict\" title=\"(in Python v3.12)\"><code class=\"docutils literal notranslate\"><span class=\"pre\">dict</span></code></a>, <code class=\"xref py py-obj docutils literal notranslate\"><span class=\"pre\">optional</span></code></span></dt><dd><p>Dictionary of variations. The default is <code class=\"docutils literal notranslate\"><span class=\"pre\">None</span></code>.</p>\n</dd>\n<dt><strong>context</strong><span class=\"classifier\"><a class=\"reference external\" href=\"https://docs.python.org/dev/library/stdtypes.html#list\" title=\"(in Python v3.12)\"><code class=\"docutils literal notranslate\"><span class=\"pre\">list</span></code></a>, <code class=\"xref py py-obj docutils literal notranslate\"><span class=\"pre\">optional</span></code></span></dt><dd><p>List of solution context.</p>\n</dd>\n</dl>\n</dd>\n</dl>\n</dd></dl>\n\n</section>\n", "metatags": "<meta name=\"generator\" content=\"Docutils 0.19: https://docutils.sourceforge.io/\" />\n", "rellinks": [["genindex", "General Index", "I", "index"], ["py-modindex", "Python Module Index", "", "modules"], ["API/_autosummary/pyaedt.modules.report_templates.EyeDiagram.auto_compute_eye_meas", "auto_compute_eye_meas", "N", "next"], ["API/_autosummary/pyaedt.modules.report_templates.EyeDiagram.update_expressions_with_defaults", "update_expressions_with_defaults", "P", "previous"]], "sourcename": "API/_autosummary/pyaedt.modules.report_templates.EyeDiagram.update_trace_in_report.rst.txt", "toc": "<ul>\n<li><a class=\"reference internal\" href=\"#\">update_trace_in_report</a><ul>\n<li><a class=\"reference internal\" href=\"#pyaedt.modules.report_templates.EyeDiagram.update_trace_in_report\"><code class=\"docutils literal notranslate\"><span class=\"pre\">EyeDiagram.update_trace_in_report()</span></code></a></li>\n</ul>\n</li>\n</ul>\n", "display_toc": true, "page_source_suffix": ".rst", "current_page_name": "API/_autosummary/pyaedt.modules.report_templates.EyeDiagram.update_trace_in_report", "sidebars": ["search-field.html", "sidebar-nav-bs.html"], "customsidebar": null, "favicon_url": null, "logo_url": null, "alabaster_version": "0.7.12", "theme_show_toc_level": 1, "theme_logo": {}}