{"parents": [{"link": "../../", "title": "API reference"}, {"link": "../../Common/", "title": "Desktop and common classes"}, {"link": "../pyaedt.Desktop/", "title": "pyaedt.Desktop"}], "prev": {"link": "../pyaedt.Desktop.force_close_desktop/", "title": "force_close_desktop"}, "next": {"link": "../pyaedt.Desktop.project_path/", "title": "project_path"}, "title": "project_list", "meta": {}, "body": "<section id=\"project-list\">\n<h1>project_list<a class=\"headerlink\" href=\"#project-list\" title=\"Permalink to this heading\">#</a></h1>\n<dl class=\"py method\">\n<dt class=\"sig sig-object py\" id=\"pyaedt.Desktop.project_list\">\n<span class=\"sig-prename descclassname\"><span class=\"pre\">Desktop.</span></span><span class=\"sig-name descname\"><span class=\"pre\">project_list</span></span><span class=\"sig-paren\">(</span><span class=\"sig-paren\">)</span><a class=\"reference internal\" href=\"../../../_modules/pyaedt/desktop/#Desktop.project_list\"><span class=\"viewcode-link\"><span class=\"pre\">[source]</span></span></a><a class=\"headerlink\" href=\"#pyaedt.Desktop.project_list\" title=\"Permalink to this definition\">#</a></dt>\n<dd><p>Get a list of projects.</p>\n<dl class=\"field-list simple\">\n<dt class=\"field-odd\">Returns<span class=\"colon\">:</span></dt>\n<dd class=\"field-odd\"><dl class=\"simple\">\n<dt><a class=\"reference external\" href=\"https://docs.python.org/dev/library/stdtypes.html#list\" title=\"(in Python v3.12)\"><code class=\"docutils literal notranslate\"><span class=\"pre\">list</span></code></a></dt><dd><p>List of projects.</p>\n</dd>\n</dl>\n</dd>\n</dl>\n</dd></dl>\n\n</section>\n", "metatags": "<meta name=\"generator\" content=\"Docutils 0.19: https://docutils.sourceforge.io/\" />\n", "rellinks": [["genindex", "General Index", "I", "index"], ["py-modindex", "Python Module Index", "", "modules"], ["API/_autosummary/pyaedt.Desktop.project_path", "project_path", "N", "next"], ["API/_autosummary/pyaedt.Desktop.force_close_desktop", "force_close_desktop", "P", "previous"]], "sourcename": "API/_autosummary/pyaedt.Desktop.project_list.rst.txt", "toc": "<ul>\n<li><a class=\"reference internal\" href=\"#\">project_list</a><ul>\n<li><a class=\"reference internal\" href=\"#pyaedt.Desktop.project_list\"><code class=\"docutils literal notranslate\"><span class=\"pre\">Desktop.project_list()</span></code></a></li>\n</ul>\n</li>\n</ul>\n", "display_toc": true, "page_source_suffix": ".rst", "current_page_name": "API/_autosummary/pyaedt.Desktop.project_list", "sidebars": ["search-field.html", "sidebar-nav-bs.html"], "customsidebar": null, "favicon_url": null, "logo_url": null, "alabaster_version": "0.7.12", "theme_show_toc_level": 1, "theme_logo": {}}