{"parents": [{"link": "../../", "title": "API reference"}, {"link": "../../CoreEdb/", "title": "EDB editor"}, {"link": "../pyaedt.edb_core.EDB_Data.EDBPadstack/", "title": "pyaedt.edb_core.EDB_Data.EDBPadstack"}], "prev": {"link": "../pyaedt.edb_core.EDB_Data.EDBPadstack.hole_rotation/", "title": "hole_rotation"}, "next": {"link": "../pyaedt.edb_core.EDB_Data.EDBPadstack.material/", "title": "material"}, "title": "hole_type", "meta": {}, "body": "<section id=\"hole-type\">\n<h1>hole_type<a class=\"headerlink\" href=\"#hole-type\" title=\"Permalink to this heading\">#</a></h1>\n<dl class=\"py property\">\n<dt class=\"sig sig-object py\" id=\"pyaedt.edb_core.EDB_Data.EDBPadstack.hole_type\">\n<em class=\"property\"><span class=\"pre\">property</span><span class=\"w\"> </span></em><span class=\"sig-prename descclassname\"><span class=\"pre\">EDBPadstack.</span></span><span class=\"sig-name descname\"><span class=\"pre\">hole_type</span></span><a class=\"headerlink\" href=\"#pyaedt.edb_core.EDB_Data.EDBPadstack.hole_type\" title=\"Permalink to this definition\">#</a></dt>\n<dd><p>Hole type.</p>\n<dl class=\"field-list simple\">\n<dt class=\"field-odd\">Returns<span class=\"colon\">:</span></dt>\n<dd class=\"field-odd\"><dl class=\"simple\">\n<dt><a class=\"reference external\" href=\"https://docs.python.org/dev/library/functions.html#int\" title=\"(in Python v3.12)\"><code class=\"docutils literal notranslate\"><span class=\"pre\">int</span></code></a></dt><dd><p>Type of the hole.</p>\n</dd>\n</dl>\n</dd>\n</dl>\n</dd></dl>\n\n</section>\n", "metatags": "<meta name=\"generator\" content=\"Docutils 0.19: https://docutils.sourceforge.io/\" />\n", "rellinks": [["genindex", "General Index", "I", "index"], ["py-modindex", "Python Module Index", "", "modules"], ["API/_autosummary/pyaedt.edb_core.EDB_Data.EDBPadstack.material", "material", "N", "next"], ["API/_autosummary/pyaedt.edb_core.EDB_Data.EDBPadstack.hole_rotation", "hole_rotation", "P", "previous"]], "sourcename": "API/_autosummary/pyaedt.edb_core.EDB_Data.EDBPadstack.hole_type.rst.txt", "toc": "<ul>\n<li><a class=\"reference internal\" href=\"#\">hole_type</a><ul>\n<li><a class=\"reference internal\" href=\"#pyaedt.edb_core.EDB_Data.EDBPadstack.hole_type\"><code class=\"docutils literal notranslate\"><span class=\"pre\">EDBPadstack.hole_type</span></code></a></li>\n</ul>\n</li>\n</ul>\n", "display_toc": true, "page_source_suffix": ".rst", "current_page_name": "API/_autosummary/pyaedt.edb_core.EDB_Data.EDBPadstack.hole_type", "sidebars": ["search-field.html", "sidebar-nav-bs.html"], "customsidebar": null, "favicon_url": null, "logo_url": null, "alabaster_version": "0.7.12", "theme_show_toc_level": 1, "theme_logo": {}}