{"parents": [{"link": "../../", "title": "API reference"}, {"link": "../../Primitives/", "title": "Modeler and  primitives"}, {"link": "../pyaedt.modeler.PrimitivesNexxim.NexximComponents/", "title": "pyaedt.modeler.PrimitivesNexxim.NexximComponents"}], "prev": {"link": "../pyaedt.modeler.PrimitivesNexxim.NexximComponents.create_line/", "title": "create_line"}, "next": {"link": "../pyaedt.modeler.PrimitivesNexxim.NexximComponents.create_new_component_from_symbol/", "title": "create_new_component_from_symbol"}, "title": "create_model_from_touchstone", "meta": {}, "body": "<section id=\"create-model-from-touchstone\">\n<h1>create_model_from_touchstone<a class=\"headerlink\" href=\"#create-model-from-touchstone\" title=\"Permalink to this heading\">#</a></h1>\n<dl class=\"py method\">\n<dt class=\"sig sig-object py\" id=\"pyaedt.modeler.PrimitivesNexxim.NexximComponents.create_model_from_touchstone\">\n<span class=\"sig-prename descclassname\"><span class=\"pre\">NexximComponents.</span></span><span class=\"sig-name descname\"><span class=\"pre\">create_model_from_touchstone</span></span><span class=\"sig-paren\">(</span><em class=\"sig-param\"><span class=\"n\"><span class=\"pre\">touchstone_full_path</span></span></em>, <em class=\"sig-param\"><span class=\"n\"><span class=\"pre\">model_name</span></span><span class=\"o\"><span class=\"pre\">=</span></span><span class=\"default_value\"><span class=\"pre\">None</span></span></em><span class=\"sig-paren\">)</span><a class=\"headerlink\" href=\"#pyaedt.modeler.PrimitivesNexxim.NexximComponents.create_model_from_touchstone\" title=\"Permalink to this definition\">#</a></dt>\n<dd><p>Create a model from a Touchstone file.</p>\n<dl class=\"field-list\">\n<dt class=\"field-odd\">Parameters<span class=\"colon\">:</span></dt>\n<dd class=\"field-odd\"><dl>\n<dt><strong>touchstone_full_path</strong><span class=\"classifier\"><a class=\"reference external\" href=\"https://docs.python.org/dev/library/stdtypes.html#str\" title=\"(in Python v3.12)\"><code class=\"docutils literal notranslate\"><span class=\"pre\">str</span></code></a></span></dt><dd><p>Full path to the Touchstone file.</p>\n</dd>\n<dt><strong>model_name</strong><span class=\"classifier\"><a class=\"reference external\" href=\"https://docs.python.org/dev/library/stdtypes.html#str\" title=\"(in Python v3.12)\"><code class=\"docutils literal notranslate\"><span class=\"pre\">str</span></code></a>, <code class=\"xref py py-obj docutils literal notranslate\"><span class=\"pre\">optional</span></code></span></dt><dd><p>Name of the model. The default is <code class=\"docutils literal notranslate\"><span class=\"pre\">None</span></code>.</p>\n</dd>\n</dl>\n</dd>\n<dt class=\"field-even\">Returns<span class=\"colon\">:</span></dt>\n<dd class=\"field-even\"><dl class=\"simple\">\n<dt><a class=\"reference external\" href=\"https://docs.python.org/dev/library/stdtypes.html#str\" title=\"(in Python v3.12)\"><code class=\"docutils literal notranslate\"><span class=\"pre\">str</span></code></a></dt><dd><p>Model name when successfully created. <code class=\"docutils literal notranslate\"><span class=\"pre\">False</span></code> if something went wrong.</p>\n</dd>\n</dl>\n</dd>\n</dl>\n<p class=\"rubric\">References</p>\n<div class=\"doctest highlight-default notranslate\"><div class=\"highlight\"><pre><span></span><span class=\"gp\">&gt;&gt;&gt; </span><span class=\"n\">oModelManager</span><span class=\"o\">.</span><span class=\"n\">Add</span>\n<span class=\"gp\">&gt;&gt;&gt; </span><span class=\"n\">oComponentManager</span><span class=\"o\">.</span><span class=\"n\">Add</span>\n</pre></div>\n</div>\n</dd></dl>\n\n</section>\n", "metatags": "<meta name=\"generator\" content=\"Docutils 0.19: https://docutils.sourceforge.io/\" />\n", "rellinks": [["genindex", "General Index", "I", "index"], ["py-modindex", "Python Module Index", "", "modules"], ["API/_autosummary/pyaedt.modeler.PrimitivesNexxim.NexximComponents.create_new_component_from_symbol", "create_new_component_from_symbol", "N", "next"], ["API/_autosummary/pyaedt.modeler.PrimitivesNexxim.NexximComponents.create_line", "create_line", "P", "previous"]], "sourcename": "API/_autosummary/pyaedt.modeler.PrimitivesNexxim.NexximComponents.create_model_from_touchstone.rst.txt", "toc": "<ul>\n<li><a class=\"reference internal\" href=\"#\">create_model_from_touchstone</a><ul>\n<li><a class=\"reference internal\" href=\"#pyaedt.modeler.PrimitivesNexxim.NexximComponents.create_model_from_touchstone\"><code class=\"docutils literal notranslate\"><span class=\"pre\">NexximComponents.create_model_from_touchstone()</span></code></a></li>\n</ul>\n</li>\n</ul>\n", "display_toc": true, "page_source_suffix": ".rst", "current_page_name": "API/_autosummary/pyaedt.modeler.PrimitivesNexxim.NexximComponents.create_model_from_touchstone", "sidebars": ["search-field.html", "sidebar-nav-bs.html"], "customsidebar": null, "favicon_url": null, "logo_url": null, "alabaster_version": "0.7.12", "theme_show_toc_level": 1, "theme_logo": {}}