{"parents": [{"link": "../../", "title": "API reference"}, {"link": "../../Application/", "title": "AEDT apps"}, {"link": "../pyaedt.Mechanical/", "title": "pyaedt.Mechanical"}], "prev": {"link": "../pyaedt.Mechanical.get_oo_property_value/", "title": "get_oo_property_value"}, "next": {"link": "../pyaedt.Mechanical.get_property_value/", "title": "get_property_value"}, "title": "get_output_variable", "meta": {}, "body": "<section id=\"get-output-variable\">\n<h1>get_output_variable<a class=\"headerlink\" href=\"#get-output-variable\" title=\"Permalink to this heading\">#</a></h1>\n<dl class=\"py method\">\n<dt class=\"sig sig-object py\" id=\"pyaedt.Mechanical.get_output_variable\">\n<span class=\"sig-prename descclassname\"><span class=\"pre\">Mechanical.</span></span><span class=\"sig-name descname\"><span class=\"pre\">get_output_variable</span></span><span class=\"sig-paren\">(</span><em class=\"sig-param\"><span class=\"n\"><span class=\"pre\">variable</span></span></em>, <em class=\"sig-param\"><span class=\"n\"><span class=\"pre\">solution</span></span><span class=\"o\"><span class=\"pre\">=</span></span><span class=\"default_value\"><span class=\"pre\">None</span></span></em><span class=\"sig-paren\">)</span><a class=\"headerlink\" href=\"#pyaedt.Mechanical.get_output_variable\" title=\"Permalink to this definition\">#</a></dt>\n<dd><p>Retrieve the value of the output variable.</p>\n<dl class=\"field-list\">\n<dt class=\"field-odd\">Parameters<span class=\"colon\">:</span></dt>\n<dd class=\"field-odd\"><dl>\n<dt><strong>variable</strong><span class=\"classifier\"><a class=\"reference external\" href=\"https://docs.python.org/dev/library/stdtypes.html#str\" title=\"(in Python v3.12)\"><code class=\"docutils literal notranslate\"><span class=\"pre\">str</span></code></a></span></dt><dd><p>Name of the variable.</p>\n</dd>\n<dt><strong>solution</strong></dt><dd><p>Name of the solution in the format <cite>\u201csetup_name : sweep_name\u201d</cite>.\nIf <cite>None</cite>, the first available solution is used. Default is <cite>None</cite>.</p>\n</dd>\n</dl>\n</dd>\n<dt class=\"field-even\">Returns<span class=\"colon\">:</span></dt>\n<dd class=\"field-even\"><dl class=\"simple\">\n<dt><a class=\"reference external\" href=\"https://docs.python.org/dev/library/functions.html#type\" title=\"(in Python v3.12)\"><code class=\"xref py py-obj docutils literal notranslate\"><span class=\"pre\">type</span></code></a></dt><dd><p>Value of the output variable.</p>\n</dd>\n</dl>\n</dd>\n</dl>\n<p class=\"rubric\">References</p>\n<div class=\"doctest highlight-default notranslate\"><div class=\"highlight\"><pre><span></span><span class=\"gp\">&gt;&gt;&gt; </span><span class=\"n\">oDesign</span><span class=\"o\">.</span><span class=\"n\">GetNominalVariation</span>\n<span class=\"gp\">&gt;&gt;&gt; </span><span class=\"n\">oModule</span><span class=\"o\">.</span><span class=\"n\">GetOutputVariableValue</span>\n</pre></div>\n</div>\n</dd></dl>\n\n</section>\n", "metatags": "<meta name=\"generator\" content=\"Docutils 0.19: https://docutils.sourceforge.io/\" />\n", "rellinks": [["genindex", "General Index", "I", "index"], ["py-modindex", "Python Module Index", "", "modules"], ["API/_autosummary/pyaedt.Mechanical.get_property_value", "get_property_value", "N", "next"], ["API/_autosummary/pyaedt.Mechanical.get_oo_property_value", "get_oo_property_value", "P", "previous"]], "sourcename": "API/_autosummary/pyaedt.Mechanical.get_output_variable.rst.txt", "toc": "<ul>\n<li><a class=\"reference internal\" href=\"#\">get_output_variable</a><ul>\n<li><a class=\"reference internal\" href=\"#pyaedt.Mechanical.get_output_variable\"><code class=\"docutils literal notranslate\"><span class=\"pre\">Mechanical.get_output_variable()</span></code></a></li>\n</ul>\n</li>\n</ul>\n", "display_toc": true, "page_source_suffix": ".rst", "current_page_name": "API/_autosummary/pyaedt.Mechanical.get_output_variable", "sidebars": ["search-field.html", "sidebar-nav-bs.html"], "customsidebar": null, "favicon_url": null, "logo_url": null, "alabaster_version": "0.7.12", "theme_show_toc_level": 1, "theme_logo": {}}