{"parents": [{"link": "../../", "title": "API reference"}, {"link": "../../Post/", "title": "Postprocessing"}, {"link": "../pyaedt.modules.solutions.FfdSolutionData/", "title": "pyaedt.modules.solutions.FfdSolutionData"}], "prev": {"link": "../pyaedt.modules.solutions.FfdSolutionData.array_center_and_edge/", "title": "array_center_and_edge"}, "next": {"link": "../pyaedt.modules.solutions.FfdSolutionData.assign_weight/", "title": "assign_weight"}, "title": "array_min_max_values", "meta": {}, "body": "<section id=\"array-min-max-values\">\n<h1>array_min_max_values<a class=\"headerlink\" href=\"#array-min-max-values\" title=\"Permalink to this heading\">#</a></h1>\n<dl class=\"py method\">\n<dt class=\"sig sig-object py\" id=\"pyaedt.modules.solutions.FfdSolutionData.array_min_max_values\">\n<span class=\"sig-prename descclassname\"><span class=\"pre\">FfdSolutionData.</span></span><span class=\"sig-name descname\"><span class=\"pre\">array_min_max_values</span></span><span class=\"sig-paren\">(</span><span class=\"sig-paren\">)</span><a class=\"reference internal\" href=\"../../../_modules/pyaedt/modules/solutions/#FfdSolutionData.array_min_max_values\"><span class=\"viewcode-link\"><span class=\"pre\">[source]</span></span></a><a class=\"headerlink\" href=\"#pyaedt.modules.solutions.FfdSolutionData.array_min_max_values\" title=\"Permalink to this definition\">#</a></dt>\n<dd><p>Array bounding box.</p>\n<dl class=\"field-list simple\">\n<dt class=\"field-odd\">Returns<span class=\"colon\">:</span></dt>\n<dd class=\"field-odd\"><dl class=\"simple\">\n<dt><a class=\"reference external\" href=\"https://docs.python.org/dev/library/stdtypes.html#list\" title=\"(in Python v3.12)\"><code class=\"docutils literal notranslate\"><span class=\"pre\">list</span></code></a> <code class=\"xref py py-obj docutils literal notranslate\"><span class=\"pre\">of</span></code> <a class=\"reference external\" href=\"https://docs.python.org/dev/library/functions.html#float\" title=\"(in Python v3.12)\"><code class=\"docutils literal notranslate\"><span class=\"pre\">float</span></code></a></dt><dd></dd>\n</dl>\n</dd>\n</dl>\n</dd></dl>\n\n</section>\n", "metatags": "<meta name=\"generator\" content=\"Docutils 0.19: https://docutils.sourceforge.io/\" />\n", "rellinks": [["genindex", "General Index", "I", "index"], ["py-modindex", "Python Module Index", "", "modules"], ["API/_autosummary/pyaedt.modules.solutions.FfdSolutionData.assign_weight", "assign_weight", "N", "next"], ["API/_autosummary/pyaedt.modules.solutions.FfdSolutionData.array_center_and_edge", "array_center_and_edge", "P", "previous"]], "sourcename": "API/_autosummary/pyaedt.modules.solutions.FfdSolutionData.array_min_max_values.rst.txt", "toc": "<ul>\n<li><a class=\"reference internal\" href=\"#\">array_min_max_values</a><ul>\n<li><a class=\"reference internal\" href=\"#pyaedt.modules.solutions.FfdSolutionData.array_min_max_values\"><code class=\"docutils literal notranslate\"><span class=\"pre\">FfdSolutionData.array_min_max_values()</span></code></a></li>\n</ul>\n</li>\n</ul>\n", "display_toc": true, "page_source_suffix": ".rst", "current_page_name": "API/_autosummary/pyaedt.modules.solutions.FfdSolutionData.array_min_max_values", "sidebars": ["search-field.html", "sidebar-nav-bs.html"], "customsidebar": null, "favicon_url": null, "logo_url": null, "alabaster_version": "0.7.12", "theme_show_toc_level": 1, "theme_logo": {}}