{"parents": [{"link": "../../", "title": "API reference"}, {"link": "../../Application/", "title": "AEDT apps"}, {"link": "../pyaedt.Hfss/", "title": "pyaedt.Hfss"}], "prev": {"link": "../pyaedt.Hfss.get_antenna_ffd_solution_data/", "title": "get_antenna_ffd_solution_data"}, "next": {"link": "../pyaedt.Hfss.get_evaluated_value/", "title": "get_evaluated_value"}, "title": "get_components3d_vars", "meta": {}, "body": "<section id=\"get-components3d-vars\">\n<h1>get_components3d_vars<a class=\"headerlink\" href=\"#get-components3d-vars\" title=\"Permalink to this heading\">#</a></h1>\n<dl class=\"py method\">\n<dt class=\"sig sig-object py\" id=\"pyaedt.Hfss.get_components3d_vars\">\n<span class=\"sig-prename descclassname\"><span class=\"pre\">Hfss.</span></span><span class=\"sig-name descname\"><span class=\"pre\">get_components3d_vars</span></span><span class=\"sig-paren\">(</span><em class=\"sig-param\"><span class=\"n\"><span class=\"pre\">component3dname</span></span></em><span class=\"sig-paren\">)</span><a class=\"headerlink\" href=\"#pyaedt.Hfss.get_components3d_vars\" title=\"Permalink to this definition\">#</a></dt>\n<dd><p>Read the A3DCOMP file and check for variables.</p>\n<dl class=\"field-list simple\">\n<dt class=\"field-odd\">Parameters<span class=\"colon\">:</span></dt>\n<dd class=\"field-odd\"><dl class=\"simple\">\n<dt><strong>component3dname</strong></dt><dd><p>Name of the 3D component, which must be in the <code class=\"docutils literal notranslate\"><span class=\"pre\">syslib</span></code> or <code class=\"docutils literal notranslate\"><span class=\"pre\">userlib</span></code> directory. Otherwise,\nyou must specify the full absolute path to the AEDCOMP file with the file name and the extension.</p>\n</dd>\n</dl>\n</dd>\n<dt class=\"field-even\">Returns<span class=\"colon\">:</span></dt>\n<dd class=\"field-even\"><dl class=\"simple\">\n<dt><a class=\"reference external\" href=\"https://docs.python.org/dev/library/stdtypes.html#dict\" title=\"(in Python v3.12)\"><code class=\"docutils literal notranslate\"><span class=\"pre\">dict</span></code></a></dt><dd><p>Dictionary of variables in the A3DCOMP file.</p>\n</dd>\n</dl>\n</dd>\n</dl>\n</dd></dl>\n\n</section>\n", "metatags": "<meta name=\"generator\" content=\"Docutils 0.19: https://docutils.sourceforge.io/\" />\n", "rellinks": [["genindex", "General Index", "I", "index"], ["py-modindex", "Python Module Index", "", "modules"], ["API/_autosummary/pyaedt.Hfss.get_evaluated_value", "get_evaluated_value", "N", "next"], ["API/_autosummary/pyaedt.Hfss.get_antenna_ffd_solution_data", "get_antenna_ffd_solution_data", "P", "previous"]], "sourcename": "API/_autosummary/pyaedt.Hfss.get_components3d_vars.rst.txt", "toc": "<ul>\n<li><a class=\"reference internal\" href=\"#\">get_components3d_vars</a><ul>\n<li><a class=\"reference internal\" href=\"#pyaedt.Hfss.get_components3d_vars\"><code class=\"docutils literal notranslate\"><span class=\"pre\">Hfss.get_components3d_vars()</span></code></a></li>\n</ul>\n</li>\n</ul>\n", "display_toc": true, "page_source_suffix": ".rst", "current_page_name": "API/_autosummary/pyaedt.Hfss.get_components3d_vars", "sidebars": ["search-field.html", "sidebar-nav-bs.html"], "customsidebar": null, "favicon_url": null, "logo_url": null, "alabaster_version": "0.7.12", "theme_show_toc_level": 1, "theme_logo": {}}