{"parents": [{"link": "../../", "title": "API reference"}, {"link": "../../Application/", "title": "AEDT apps"}, {"link": "../pyaedt.Circuit/", "title": "pyaedt.Circuit"}], "prev": {"link": "../pyaedt.Circuit.import_touchstone_solution/", "title": "import_touchstone_solution"}, "next": {"link": "../pyaedt.Circuit.list_of_variations/", "title": "list_of_variations"}, "title": "insert_design", "meta": {}, "body": "<section id=\"insert-design\">\n<h1>insert_design<a class=\"headerlink\" href=\"#insert-design\" title=\"Permalink to this heading\">#</a></h1>\n<dl class=\"py method\">\n<dt class=\"sig sig-object py\" id=\"pyaedt.Circuit.insert_design\">\n<span class=\"sig-prename descclassname\"><span class=\"pre\">Circuit.</span></span><span class=\"sig-name descname\"><span class=\"pre\">insert_design</span></span><span class=\"sig-paren\">(</span><em class=\"sig-param\"><span class=\"n\"><span class=\"pre\">design_name</span></span><span class=\"o\"><span class=\"pre\">=</span></span><span class=\"default_value\"><span class=\"pre\">None</span></span></em>, <em class=\"sig-param\"><span class=\"n\"><span class=\"pre\">solution_type</span></span><span class=\"o\"><span class=\"pre\">=</span></span><span class=\"default_value\"><span class=\"pre\">None</span></span></em><span class=\"sig-paren\">)</span><a class=\"headerlink\" href=\"#pyaedt.Circuit.insert_design\" title=\"Permalink to this definition\">#</a></dt>\n<dd><p>Add a design of a specified type.</p>\n<p>The default design type is taken from the derived application class.</p>\n<dl class=\"field-list\">\n<dt class=\"field-odd\">Parameters<span class=\"colon\">:</span></dt>\n<dd class=\"field-odd\"><dl>\n<dt><strong>design_name</strong><span class=\"classifier\"><a class=\"reference external\" href=\"https://docs.python.org/dev/library/stdtypes.html#str\" title=\"(in Python v3.12)\"><code class=\"docutils literal notranslate\"><span class=\"pre\">str</span></code></a>, <code class=\"xref py py-obj docutils literal notranslate\"><span class=\"pre\">optional</span></code></span></dt><dd><p>Name of the design. The default is <code class=\"docutils literal notranslate\"><span class=\"pre\">None</span></code>, in which case the\ndefault design name is <code class=\"docutils literal notranslate\"><span class=\"pre\">&lt;Design-Type&gt;Design&lt;_index&gt;</span></code>. If the\ngiven or default design name is in use, then an underscore and\nindex is added to ensure that the design name is unique.\nThe inserted object is assigned to the <code class=\"docutils literal notranslate\"><span class=\"pre\">Design</span></code> object.</p>\n</dd>\n<dt><strong>solution_type</strong><span class=\"classifier\"><a class=\"reference external\" href=\"https://docs.python.org/dev/library/stdtypes.html#str\" title=\"(in Python v3.12)\"><code class=\"docutils literal notranslate\"><span class=\"pre\">str</span></code></a>, <code class=\"xref py py-obj docutils literal notranslate\"><span class=\"pre\">optional</span></code></span></dt><dd><p>Solution type to apply to the design. The default is\n<code class=\"docutils literal notranslate\"><span class=\"pre\">None</span></code>, in which case the default type is applied.</p>\n</dd>\n</dl>\n</dd>\n<dt class=\"field-even\">Returns<span class=\"colon\">:</span></dt>\n<dd class=\"field-even\"><dl class=\"simple\">\n<dt><a class=\"reference external\" href=\"https://docs.python.org/dev/library/stdtypes.html#str\" title=\"(in Python v3.12)\"><code class=\"docutils literal notranslate\"><span class=\"pre\">str</span></code></a></dt><dd><p>Name of the design.</p>\n</dd>\n</dl>\n</dd>\n</dl>\n<p class=\"rubric\">References</p>\n<div class=\"doctest highlight-default notranslate\"><div class=\"highlight\"><pre><span></span><span class=\"gp\">&gt;&gt;&gt; </span><span class=\"n\">oProject</span><span class=\"o\">.</span><span class=\"n\">InsertDesign</span>\n</pre></div>\n</div>\n</dd></dl>\n\n</section>\n", "metatags": "<meta name=\"generator\" content=\"Docutils 0.19: https://docutils.sourceforge.io/\" />\n", "rellinks": [["genindex", "General Index", "I", "index"], ["py-modindex", "Python Module Index", "", "modules"], ["API/_autosummary/pyaedt.Circuit.list_of_variations", "list_of_variations", "N", "next"], ["API/_autosummary/pyaedt.Circuit.import_touchstone_solution", "import_touchstone_solution", "P", "previous"]], "sourcename": "API/_autosummary/pyaedt.Circuit.insert_design.rst.txt", "toc": "<ul>\n<li><a class=\"reference internal\" href=\"#\">insert_design</a><ul>\n<li><a class=\"reference internal\" href=\"#pyaedt.Circuit.insert_design\"><code class=\"docutils literal notranslate\"><span class=\"pre\">Circuit.insert_design()</span></code></a></li>\n</ul>\n</li>\n</ul>\n", "display_toc": true, "page_source_suffix": ".rst", "current_page_name": "API/_autosummary/pyaedt.Circuit.insert_design", "sidebars": ["search-field.html", "sidebar-nav-bs.html"], "customsidebar": null, "favicon_url": null, "logo_url": null, "alabaster_version": "0.7.12", "theme_show_toc_level": 1, "theme_logo": {}}