{"parents": [{"link": "../../", "title": "API reference"}, {"link": "../../Common/", "title": "Desktop and common classes"}, {"link": "../../MultiPartComponent/", "title": "Multi-part components"}, {"link": "../pyaedt.modeler.parts.Antenna/", "title": "pyaedt.modeler.parts.Antenna"}], "prev": {"link": "../pyaedt.modeler.parts.Antenna.do_rotate/", "title": "do_rotate"}, "next": {"link": "../pyaedt.modeler.parts.Antenna.set_relative_cs/", "title": "set_relative_cs"}, "title": "insert", "meta": {}, "body": "<section id=\"insert\">\n<h1>insert<a class=\"headerlink\" href=\"#insert\" title=\"Permalink to this heading\">#</a></h1>\n<dl class=\"py method\">\n<dt class=\"sig sig-object py\" id=\"pyaedt.modeler.parts.Antenna.insert\">\n<span class=\"sig-prename descclassname\"><span class=\"pre\">Antenna.</span></span><span class=\"sig-name descname\"><span class=\"pre\">insert</span></span><span class=\"sig-paren\">(</span><em class=\"sig-param\"><span class=\"n\"><span class=\"pre\">app</span></span></em>, <em class=\"sig-param\"><span class=\"n\"><span class=\"pre\">units</span></span><span class=\"o\"><span class=\"pre\">=</span></span><span class=\"default_value\"><span class=\"pre\">None</span></span></em><span class=\"sig-paren\">)</span><a class=\"reference internal\" href=\"../../../_modules/pyaedt/modeler/parts/#Antenna.insert\"><span class=\"viewcode-link\"><span class=\"pre\">[source]</span></span></a><a class=\"headerlink\" href=\"#pyaedt.modeler.parts.Antenna.insert\" title=\"Permalink to this definition\">#</a></dt>\n<dd><p>Insert antenna in HFSS SBR+.</p>\n<dl class=\"field-list\">\n<dt class=\"field-odd\">Parameters<span class=\"colon\">:</span></dt>\n<dd class=\"field-odd\"><dl>\n<dt><strong>app</strong><span class=\"classifier\"><a class=\"reference internal\" href=\"../pyaedt.Hfss/#pyaedt.Hfss\" title=\"pyaedt.Hfss\"><code class=\"xref py py-obj docutils literal notranslate\"><span class=\"pre\">pyaedt.Hfss</span></code></a></span></dt><dd></dd>\n<dt><strong>units</strong></dt><dd><p>The default is <code class=\"docutils literal notranslate\"><span class=\"pre\">None</span></code>.</p>\n</dd>\n</dl>\n</dd>\n<dt class=\"field-even\">Returns<span class=\"colon\">:</span></dt>\n<dd class=\"field-even\"><dl class=\"simple\">\n<dt><a class=\"reference external\" href=\"https://docs.python.org/dev/library/stdtypes.html#str\" title=\"(in Python v3.12)\"><code class=\"docutils literal notranslate\"><span class=\"pre\">str</span></code></a></dt><dd><p>Name of the inserted object.</p>\n</dd>\n</dl>\n</dd>\n</dl>\n</dd></dl>\n\n</section>\n", "metatags": "<meta name=\"generator\" content=\"Docutils 0.19: https://docutils.sourceforge.io/\" />\n", "rellinks": [["genindex", "General Index", "I", "index"], ["py-modindex", "Python Module Index", "", "modules"], ["API/_autosummary/pyaedt.modeler.parts.Antenna.set_relative_cs", "set_relative_cs", "N", "next"], ["API/_autosummary/pyaedt.modeler.parts.Antenna.do_rotate", "do_rotate", "P", "previous"]], "sourcename": "API/_autosummary/pyaedt.modeler.parts.Antenna.insert.rst.txt", "toc": "<ul>\n<li><a class=\"reference internal\" href=\"#\">insert</a><ul>\n<li><a class=\"reference internal\" href=\"#pyaedt.modeler.parts.Antenna.insert\"><code class=\"docutils literal notranslate\"><span class=\"pre\">Antenna.insert()</span></code></a></li>\n</ul>\n</li>\n</ul>\n", "display_toc": true, "page_source_suffix": ".rst", "current_page_name": "API/_autosummary/pyaedt.modeler.parts.Antenna.insert", "sidebars": ["search-field.html", "sidebar-nav-bs.html"], "customsidebar": null, "favicon_url": null, "logo_url": null, "alabaster_version": "0.7.12", "theme_show_toc_level": 1, "theme_logo": {}}