{"parents": [{"link": "../../", "title": "API reference"}, {"link": "../../Post/", "title": "Postprocessing"}, {"link": "../pyaedt.modules.report_templates.EyeDiagram/", "title": "pyaedt.modules.report_templates.EyeDiagram"}], "prev": {"link": "../pyaedt.modules.report_templates.EyeDiagram.export_mask_violation/", "title": "export_mask_violation"}, "next": {"link": "../pyaedt.modules.report_templates.EyeDiagram.get_solution_data/", "title": "get_solution_data"}, "title": "eye_mask", "meta": {}, "body": "<section id=\"eye-mask\">\n<h1>eye_mask<a class=\"headerlink\" href=\"#eye-mask\" title=\"Permalink to this heading\">#</a></h1>\n<dl class=\"py method\">\n<dt class=\"sig sig-object py\" id=\"pyaedt.modules.report_templates.EyeDiagram.eye_mask\">\n<span class=\"sig-prename descclassname\"><span class=\"pre\">EyeDiagram.</span></span><span class=\"sig-name descname\"><span class=\"pre\">eye_mask</span></span><span class=\"sig-paren\">(</span><em class=\"sig-param\"><span class=\"n\"><span class=\"pre\">points</span></span></em>, <em class=\"sig-param\"><span class=\"n\"><span class=\"pre\">xunits</span></span><span class=\"o\"><span class=\"pre\">=</span></span><span class=\"default_value\"><span class=\"pre\">'ns'</span></span></em>, <em class=\"sig-param\"><span class=\"n\"><span class=\"pre\">yunits</span></span><span class=\"o\"><span class=\"pre\">=</span></span><span class=\"default_value\"><span class=\"pre\">'mV'</span></span></em>, <em class=\"sig-param\"><span class=\"n\"><span class=\"pre\">enable_limits</span></span><span class=\"o\"><span class=\"pre\">=</span></span><span class=\"default_value\"><span class=\"pre\">False</span></span></em>, <em class=\"sig-param\"><span class=\"n\"><span class=\"pre\">upper_limit</span></span><span class=\"o\"><span class=\"pre\">=</span></span><span class=\"default_value\"><span class=\"pre\">500</span></span></em>, <em class=\"sig-param\"><span class=\"n\"><span class=\"pre\">lower_limit</span></span><span class=\"o\"><span class=\"pre\">=</span></span><span class=\"default_value\"><span class=\"pre\">-500</span></span></em>, <em class=\"sig-param\"><span class=\"n\"><span class=\"pre\">color</span></span><span class=\"o\"><span class=\"pre\">=</span></span><span class=\"default_value\"><span class=\"pre\">(0,</span> <span class=\"pre\">255,</span> <span class=\"pre\">0)</span></span></em>, <em class=\"sig-param\"><span class=\"n\"><span class=\"pre\">xoffset</span></span><span class=\"o\"><span class=\"pre\">=</span></span><span class=\"default_value\"><span class=\"pre\">'0ns'</span></span></em>, <em class=\"sig-param\"><span class=\"n\"><span class=\"pre\">yoffset</span></span><span class=\"o\"><span class=\"pre\">=</span></span><span class=\"default_value\"><span class=\"pre\">'0V'</span></span></em>, <em class=\"sig-param\"><span class=\"n\"><span class=\"pre\">transparency</span></span><span class=\"o\"><span class=\"pre\">=</span></span><span class=\"default_value\"><span class=\"pre\">0.3</span></span></em><span class=\"sig-paren\">)</span><a class=\"reference internal\" href=\"../../../_modules/pyaedt/modules/report_templates/#EyeDiagram.eye_mask\"><span class=\"viewcode-link\"><span class=\"pre\">[source]</span></span></a><a class=\"headerlink\" href=\"#pyaedt.modules.report_templates.EyeDiagram.eye_mask\" title=\"Permalink to this definition\">#</a></dt>\n<dd><p>Create an eye diagram in the plot.</p>\n<dl class=\"field-list\">\n<dt class=\"field-odd\">Parameters<span class=\"colon\">:</span></dt>\n<dd class=\"field-odd\"><dl>\n<dt><strong>points</strong><span class=\"classifier\"><a class=\"reference external\" href=\"https://docs.python.org/dev/library/stdtypes.html#list\" title=\"(in Python v3.12)\"><code class=\"docutils literal notranslate\"><span class=\"pre\">list</span></code></a></span></dt><dd><p>Points of the eye mask in the format <code class=\"docutils literal notranslate\"><span class=\"pre\">[[x1,y1,],[x2,y2],...]</span></code>.</p>\n</dd>\n<dt><strong>xunits</strong><span class=\"classifier\"><a class=\"reference external\" href=\"https://docs.python.org/dev/library/stdtypes.html#str\" title=\"(in Python v3.12)\"><code class=\"docutils literal notranslate\"><span class=\"pre\">str</span></code></a>, <code class=\"xref py py-obj docutils literal notranslate\"><span class=\"pre\">optional</span></code></span></dt><dd><p>X points units. The default is <code class=\"docutils literal notranslate\"><span class=\"pre\">&quot;ns&quot;</span></code>.</p>\n</dd>\n<dt><strong>yunits</strong><span class=\"classifier\"><a class=\"reference external\" href=\"https://docs.python.org/dev/library/stdtypes.html#str\" title=\"(in Python v3.12)\"><code class=\"docutils literal notranslate\"><span class=\"pre\">str</span></code></a>, <code class=\"xref py py-obj docutils literal notranslate\"><span class=\"pre\">optional</span></code></span></dt><dd><p>Y points units. The default is <code class=\"docutils literal notranslate\"><span class=\"pre\">&quot;mV&quot;</span></code>.</p>\n</dd>\n<dt><strong>enable_limits</strong><span class=\"classifier\"><a class=\"reference external\" href=\"https://docs.python.org/dev/library/stdtypes.html#bltin-boolean-values\" title=\"(in Python v3.12)\"><span class=\"xref std std-ref\">bool</span></a>, <code class=\"xref py py-obj docutils literal notranslate\"><span class=\"pre\">optional</span></code></span></dt><dd><p>Whether to enable the upper and lower limits. The default is <code class=\"docutils literal notranslate\"><span class=\"pre\">False</span></code>.</p>\n</dd>\n<dt><strong>upper_limits float, optional</strong></dt><dd><p>Upper limit if limits are enabled. The default is <code class=\"docutils literal notranslate\"><span class=\"pre\">500</span></code>.</p>\n</dd>\n<dt><strong>lower_limits str, optional</strong></dt><dd><p>Lower limit if limits are enabled. The default is <code class=\"docutils literal notranslate\"><span class=\"pre\">-500</span></code>.</p>\n</dd>\n<dt><strong>color</strong><span class=\"classifier\"><a class=\"reference external\" href=\"https://docs.python.org/dev/library/stdtypes.html#tuple\" title=\"(in Python v3.12)\"><code class=\"docutils literal notranslate\"><span class=\"pre\">tuple</span></code></a>, <code class=\"xref py py-obj docutils literal notranslate\"><span class=\"pre\">optional</span></code></span></dt><dd><p>Mask in (R, G, B) color. The default is <code class=\"docutils literal notranslate\"><span class=\"pre\">(0,</span> <span class=\"pre\">255,</span> <span class=\"pre\">0)</span></code>.\nEach color value must be an integer in a range from 0 to 255.</p>\n</dd>\n<dt><strong>xoffset</strong><span class=\"classifier\"><a class=\"reference external\" href=\"https://docs.python.org/dev/library/stdtypes.html#str\" title=\"(in Python v3.12)\"><code class=\"docutils literal notranslate\"><span class=\"pre\">str</span></code></a>, <code class=\"xref py py-obj docutils literal notranslate\"><span class=\"pre\">optional</span></code></span></dt><dd><p>Mask time offset with units. The default is <code class=\"docutils literal notranslate\"><span class=\"pre\">&quot;0ns&quot;</span></code>.</p>\n</dd>\n<dt><strong>yoffset</strong><span class=\"classifier\"><a class=\"reference external\" href=\"https://docs.python.org/dev/library/stdtypes.html#str\" title=\"(in Python v3.12)\"><code class=\"docutils literal notranslate\"><span class=\"pre\">str</span></code></a>, <code class=\"xref py py-obj docutils literal notranslate\"><span class=\"pre\">optional</span></code></span></dt><dd><p>Mask value offset with units. The default is <code class=\"docutils literal notranslate\"><span class=\"pre\">&quot;0V&quot;</span></code>.</p>\n</dd>\n<dt><strong>transparency</strong><span class=\"classifier\"><a class=\"reference external\" href=\"https://docs.python.org/dev/library/functions.html#float\" title=\"(in Python v3.12)\"><code class=\"docutils literal notranslate\"><span class=\"pre\">float</span></code></a>, <code class=\"xref py py-obj docutils literal notranslate\"><span class=\"pre\">optional</span></code></span></dt><dd><p>Mask transparency. The default is <code class=\"docutils literal notranslate\"><span class=\"pre\">0.3</span></code>.</p>\n</dd>\n</dl>\n</dd>\n<dt class=\"field-even\">Returns<span class=\"colon\">:</span></dt>\n<dd class=\"field-even\"><dl class=\"simple\">\n<dt><a class=\"reference external\" href=\"https://docs.python.org/dev/library/stdtypes.html#bltin-boolean-values\" title=\"(in Python v3.12)\"><span class=\"xref std std-ref\">bool</span></a></dt><dd><p><code class=\"docutils literal notranslate\"><span class=\"pre\">True</span></code> when successful, <code class=\"docutils literal notranslate\"><span class=\"pre\">False</span></code> when failed.</p>\n</dd>\n</dl>\n</dd>\n</dl>\n</dd></dl>\n\n</section>\n", "metatags": "<meta name=\"generator\" content=\"Docutils 0.19: https://docutils.sourceforge.io/\" />\n", "rellinks": [["genindex", "General Index", "I", "index"], ["py-modindex", "Python Module Index", "", "modules"], ["API/_autosummary/pyaedt.modules.report_templates.EyeDiagram.get_solution_data", "get_solution_data", "N", "next"], ["API/_autosummary/pyaedt.modules.report_templates.EyeDiagram.export_mask_violation", "export_mask_violation", "P", "previous"]], "sourcename": "API/_autosummary/pyaedt.modules.report_templates.EyeDiagram.eye_mask.rst.txt", "toc": "<ul>\n<li><a class=\"reference internal\" href=\"#\">eye_mask</a><ul>\n<li><a class=\"reference internal\" href=\"#pyaedt.modules.report_templates.EyeDiagram.eye_mask\"><code class=\"docutils literal notranslate\"><span class=\"pre\">EyeDiagram.eye_mask()</span></code></a></li>\n</ul>\n</li>\n</ul>\n", "display_toc": true, "page_source_suffix": ".rst", "current_page_name": "API/_autosummary/pyaedt.modules.report_templates.EyeDiagram.eye_mask", "sidebars": ["search-field.html", "sidebar-nav-bs.html"], "customsidebar": null, "favicon_url": null, "logo_url": null, "alabaster_version": "0.7.12", "theme_show_toc_level": 1, "theme_logo": {}}