{"parents": [{"link": "../../", "title": "API reference"}, {"link": "../../Post/", "title": "Postprocessing"}, {"link": "../pyaedt.modules.AdvancedPostProcessing.ModelPlotter/", "title": "pyaedt.modules.AdvancedPostProcessing.ModelPlotter"}], "prev": {"link": "../pyaedt.modules.AdvancedPostProcessing.ModelPlotter.frames/", "title": "frames"}, "next": {"link": "../pyaedt.modules.AdvancedPostProcessing.ModelPlotter.objects/", "title": "objects"}, "title": "isometric_view", "meta": {}, "body": "<section id=\"isometric-view\">\n<h1>isometric_view<a class=\"headerlink\" href=\"#isometric-view\" title=\"Permalink to this heading\">#</a></h1>\n<dl class=\"py property\">\n<dt class=\"sig sig-object py\" id=\"pyaedt.modules.AdvancedPostProcessing.ModelPlotter.isometric_view\">\n<em class=\"property\"><span class=\"pre\">property</span><span class=\"w\"> </span></em><span class=\"sig-prename descclassname\"><span class=\"pre\">ModelPlotter.</span></span><span class=\"sig-name descname\"><span class=\"pre\">isometric_view</span></span><a class=\"headerlink\" href=\"#pyaedt.modules.AdvancedPostProcessing.ModelPlotter.isometric_view\" title=\"Permalink to this definition\">#</a></dt>\n<dd><p>Enable or disable the default iso view.</p>\n<dl class=\"field-list\">\n<dt class=\"field-odd\">Parameters<span class=\"colon\">:</span></dt>\n<dd class=\"field-odd\"><dl>\n<dt><strong>value</strong><span class=\"classifier\"><a class=\"reference external\" href=\"https://docs.python.org/dev/library/stdtypes.html#bltin-boolean-values\" title=\"(in Python v3.12)\"><span class=\"xref std std-ref\">bool</span></a></span></dt><dd><p>Either if iso view is enabled or disabled.</p>\n</dd>\n</dl>\n</dd>\n<dt class=\"field-even\">Returns<span class=\"colon\">:</span></dt>\n<dd class=\"field-even\"><dl class=\"simple\">\n<dt><a class=\"reference external\" href=\"https://docs.python.org/dev/library/stdtypes.html#bltin-boolean-values\" title=\"(in Python v3.12)\"><span class=\"xref std std-ref\">bool</span></a></dt><dd></dd>\n</dl>\n</dd>\n</dl>\n</dd></dl>\n\n</section>\n", "metatags": "<meta name=\"generator\" content=\"Docutils 0.19: https://docutils.sourceforge.io/\" />\n", "rellinks": [["genindex", "General Index", "I", "index"], ["py-modindex", "Python Module Index", "", "modules"], ["API/_autosummary/pyaedt.modules.AdvancedPostProcessing.ModelPlotter.objects", "objects", "N", "next"], ["API/_autosummary/pyaedt.modules.AdvancedPostProcessing.ModelPlotter.frames", "frames", "P", "previous"]], "sourcename": "API/_autosummary/pyaedt.modules.AdvancedPostProcessing.ModelPlotter.isometric_view.rst.txt", "toc": "<ul>\n<li><a class=\"reference internal\" href=\"#\">isometric_view</a><ul>\n<li><a class=\"reference internal\" href=\"#pyaedt.modules.AdvancedPostProcessing.ModelPlotter.isometric_view\"><code class=\"docutils literal notranslate\"><span class=\"pre\">ModelPlotter.isometric_view</span></code></a></li>\n</ul>\n</li>\n</ul>\n", "display_toc": true, "page_source_suffix": ".rst", "current_page_name": "API/_autosummary/pyaedt.modules.AdvancedPostProcessing.ModelPlotter.isometric_view", "sidebars": ["search-field.html", "sidebar-nav-bs.html"], "customsidebar": null, "favicon_url": null, "logo_url": null, "alabaster_version": "0.7.12", "theme_show_toc_level": 1, "theme_logo": {}}