{"parents": [{"link": "../../", "title": "API reference"}, {"link": "../../Application/", "title": "AEDT apps"}, {"link": "../pyaedt.Q3d/", "title": "pyaedt.Q3d"}], "prev": {"link": "../pyaedt.Q3d.pyaedt_dir/", "title": "pyaedt_dir"}, "next": {"link": "../pyaedt.Q3d.setup_names/", "title": "setup_names"}, "title": "results_directory", "meta": {}, "body": "<section id=\"results-directory\">\n<h1>results_directory<a class=\"headerlink\" href=\"#results-directory\" title=\"Permalink to this heading\">#</a></h1>\n<dl class=\"py property\">\n<dt class=\"sig sig-object py\" id=\"pyaedt.Q3d.results_directory\">\n<em class=\"property\"><span class=\"pre\">property</span><span class=\"w\"> </span></em><span class=\"sig-prename descclassname\"><span class=\"pre\">Q3d.</span></span><span class=\"sig-name descname\"><span class=\"pre\">results_directory</span></span><a class=\"headerlink\" href=\"#pyaedt.Q3d.results_directory\" title=\"Permalink to this definition\">#</a></dt>\n<dd><p>Results directory.</p>\n<dl class=\"field-list simple\">\n<dt class=\"field-odd\">Returns<span class=\"colon\">:</span></dt>\n<dd class=\"field-odd\"><dl class=\"simple\">\n<dt><a class=\"reference external\" href=\"https://docs.python.org/dev/library/stdtypes.html#str\" title=\"(in Python v3.12)\"><code class=\"docutils literal notranslate\"><span class=\"pre\">str</span></code></a></dt><dd><p>Full absolute path for the <code class=\"docutils literal notranslate\"><span class=\"pre\">aedtresults</span></code> directory.</p>\n</dd>\n</dl>\n</dd>\n</dl>\n</dd></dl>\n\n</section>\n", "metatags": "<meta name=\"generator\" content=\"Docutils 0.19: https://docutils.sourceforge.io/\" />\n", "rellinks": [["genindex", "General Index", "I", "index"], ["py-modindex", "Python Module Index", "", "modules"], ["API/_autosummary/pyaedt.Q3d.setup_names", "setup_names", "N", "next"], ["API/_autosummary/pyaedt.Q3d.pyaedt_dir", "pyaedt_dir", "P", "previous"]], "sourcename": "API/_autosummary/pyaedt.Q3d.results_directory.rst.txt", "toc": "<ul>\n<li><a class=\"reference internal\" href=\"#\">results_directory</a><ul>\n<li><a class=\"reference internal\" href=\"#pyaedt.Q3d.results_directory\"><code class=\"docutils literal notranslate\"><span class=\"pre\">Q3d.results_directory</span></code></a></li>\n</ul>\n</li>\n</ul>\n", "display_toc": true, "page_source_suffix": ".rst", "current_page_name": "API/_autosummary/pyaedt.Q3d.results_directory", "sidebars": ["search-field.html", "sidebar-nav-bs.html"], "customsidebar": null, "favicon_url": null, "logo_url": null, "alabaster_version": "0.7.12", "theme_show_toc_level": 1, "theme_logo": {}}