{"parents": [{"link": "../../", "title": "API reference"}, {"link": "../../Post/", "title": "Postprocessing"}, {"link": "../pyaedt.modules.report_templates.Spectral/", "title": "pyaedt.modules.report_templates.Spectral"}], "prev": {"link": "../pyaedt.modules.report_templates.Spectral.get_solution_data/", "title": "get_solution_data"}, "next": {"link": "../pyaedt.modules.report_templates.Spectral.update_expressions_with_defaults/", "title": "update_expressions_with_defaults"}, "title": "import_traces", "meta": {}, "body": "<section id=\"import-traces\">\n<h1>import_traces<a class=\"headerlink\" href=\"#import-traces\" title=\"Permalink to this heading\">#</a></h1>\n<dl class=\"py method\">\n<dt class=\"sig sig-object py\" id=\"pyaedt.modules.report_templates.Spectral.import_traces\">\n<span class=\"sig-prename descclassname\"><span class=\"pre\">Spectral.</span></span><span class=\"sig-name descname\"><span class=\"pre\">import_traces</span></span><span class=\"sig-paren\">(</span><em class=\"sig-param\"><span class=\"n\"><span class=\"pre\">file_path</span></span></em>, <em class=\"sig-param\"><span class=\"n\"><span class=\"pre\">plot_name</span></span></em><span class=\"sig-paren\">)</span><a class=\"headerlink\" href=\"#pyaedt.modules.report_templates.Spectral.import_traces\" title=\"Permalink to this definition\">#</a></dt>\n<dd><p>Import report data from a file into a specified report.</p>\n<dl class=\"field-list\">\n<dt class=\"field-odd\">Parameters<span class=\"colon\">:</span></dt>\n<dd class=\"field-odd\"><dl>\n<dt><strong>file_path</strong><span class=\"classifier\"><a class=\"reference external\" href=\"https://docs.python.org/dev/library/stdtypes.html#str\" title=\"(in Python v3.12)\"><code class=\"docutils literal notranslate\"><span class=\"pre\">str</span></code></a></span></dt><dd><p>Path for the file to import. The extensions supported are <code class=\"docutils literal notranslate\"><span class=\"pre\">&quot;.csv&quot;</span></code>,\n<code class=\"docutils literal notranslate\"><span class=\"pre\">&quot;.tab&quot;</span></code>, <code class=\"docutils literal notranslate\"><span class=\"pre\">&quot;.dat&quot;</span></code>, and <code class=\"docutils literal notranslate\"><span class=\"pre\">&quot;.rdat&quot;</span></code>.</p>\n</dd>\n<dt><strong>plot_name</strong><span class=\"classifier\"><a class=\"reference external\" href=\"https://docs.python.org/dev/library/stdtypes.html#str\" title=\"(in Python v3.12)\"><code class=\"docutils literal notranslate\"><span class=\"pre\">str</span></code></a></span></dt><dd><p>Name of the plot to import the file data into.</p>\n</dd>\n</dl>\n</dd>\n</dl>\n</dd></dl>\n\n</section>\n", "metatags": "<meta name=\"generator\" content=\"Docutils 0.19: https://docutils.sourceforge.io/\" />\n", "rellinks": [["genindex", "General Index", "I", "index"], ["py-modindex", "Python Module Index", "", "modules"], ["API/_autosummary/pyaedt.modules.report_templates.Spectral.update_expressions_with_defaults", "update_expressions_with_defaults", "N", "next"], ["API/_autosummary/pyaedt.modules.report_templates.Spectral.get_solution_data", "get_solution_data", "P", "previous"]], "sourcename": "API/_autosummary/pyaedt.modules.report_templates.Spectral.import_traces.rst.txt", "toc": "<ul>\n<li><a class=\"reference internal\" href=\"#\">import_traces</a><ul>\n<li><a class=\"reference internal\" href=\"#pyaedt.modules.report_templates.Spectral.import_traces\"><code class=\"docutils literal notranslate\"><span class=\"pre\">Spectral.import_traces()</span></code></a></li>\n</ul>\n</li>\n</ul>\n", "display_toc": true, "page_source_suffix": ".rst", "current_page_name": "API/_autosummary/pyaedt.modules.report_templates.Spectral.import_traces", "sidebars": ["search-field.html", "sidebar-nav-bs.html"], "customsidebar": null, "favicon_url": null, "logo_url": null, "alabaster_version": "0.7.12", "theme_show_toc_level": 1, "theme_logo": {}}