{"parents": [{"link": "../../", "title": "API reference"}, {"link": "../../Primitives/", "title": "Modeler and  primitives"}, {"link": "../pyaedt.modeler.Primitives2D.Primitives2D/", "title": "pyaedt.modeler.Primitives2D.Primitives2D"}], "prev": {"link": "../pyaedt.modeler.Primitives2D.Primitives2D.add_new_objects/", "title": "add_new_objects"}, "next": {"link": "../pyaedt.modeler.Primitives2D.Primitives2D.cleanup_objects/", "title": "cleanup_objects"}, "title": "add_new_user_defined_component", "meta": {}, "body": "<section id=\"add-new-user-defined-component\">\n<h1>add_new_user_defined_component<a class=\"headerlink\" href=\"#add-new-user-defined-component\" title=\"Permalink to this heading\">#</a></h1>\n<dl class=\"py method\">\n<dt class=\"sig sig-object py\" id=\"pyaedt.modeler.Primitives2D.Primitives2D.add_new_user_defined_component\">\n<span class=\"sig-prename descclassname\"><span class=\"pre\">Primitives2D.</span></span><span class=\"sig-name descname\"><span class=\"pre\">add_new_user_defined_component</span></span><span class=\"sig-paren\">(</span><span class=\"sig-paren\">)</span><a class=\"headerlink\" href=\"#pyaedt.modeler.Primitives2D.Primitives2D.add_new_user_defined_component\" title=\"Permalink to this definition\">#</a></dt>\n<dd><p>Add 3D components and user-defined models that have been created in the modeler by\nprevious operations.</p>\n<dl class=\"field-list simple\">\n<dt class=\"field-odd\">Returns<span class=\"colon\">:</span></dt>\n<dd class=\"field-odd\"><dl class=\"simple\">\n<dt><a class=\"reference external\" href=\"https://docs.python.org/dev/library/stdtypes.html#list\" title=\"(in Python v3.12)\"><code class=\"docutils literal notranslate\"><span class=\"pre\">list</span></code></a></dt><dd><p>List of added components.</p>\n</dd>\n</dl>\n</dd>\n</dl>\n</dd></dl>\n\n</section>\n", "metatags": "<meta name=\"generator\" content=\"Docutils 0.19: https://docutils.sourceforge.io/\" />\n", "rellinks": [["genindex", "General Index", "I", "index"], ["py-modindex", "Python Module Index", "", "modules"], ["API/_autosummary/pyaedt.modeler.Primitives2D.Primitives2D.cleanup_objects", "cleanup_objects", "N", "next"], ["API/_autosummary/pyaedt.modeler.Primitives2D.Primitives2D.add_new_objects", "add_new_objects", "P", "previous"]], "sourcename": "API/_autosummary/pyaedt.modeler.Primitives2D.Primitives2D.add_new_user_defined_component.rst.txt", "toc": "<ul>\n<li><a class=\"reference internal\" href=\"#\">add_new_user_defined_component</a><ul>\n<li><a class=\"reference internal\" href=\"#pyaedt.modeler.Primitives2D.Primitives2D.add_new_user_defined_component\"><code class=\"docutils literal notranslate\"><span class=\"pre\">Primitives2D.add_new_user_defined_component()</span></code></a></li>\n</ul>\n</li>\n</ul>\n", "display_toc": true, "page_source_suffix": ".rst", "current_page_name": "API/_autosummary/pyaedt.modeler.Primitives2D.Primitives2D.add_new_user_defined_component", "sidebars": ["search-field.html", "sidebar-nav-bs.html"], "customsidebar": null, "favicon_url": null, "logo_url": null, "alabaster_version": "0.7.12", "theme_show_toc_level": 1, "theme_logo": {}}