{"parents": [{"link": "../../", "title": "API reference"}, {"link": "../../Application/", "title": "AEDT apps"}, {"link": "../pyaedt.Rmxprt/", "title": "pyaedt.Rmxprt"}], "prev": {"link": "../pyaedt.Rmxprt.solve_in_batch/", "title": "solve_in_batch"}, "next": {"link": "../pyaedt.Rmxprt.validate_simple/", "title": "validate_simple"}, "title": "submit_job", "meta": {}, "body": "<section id=\"submit-job\">\n<h1>submit_job<a class=\"headerlink\" href=\"#submit-job\" title=\"Permalink to this heading\">#</a></h1>\n<dl class=\"py method\">\n<dt class=\"sig sig-object py\" id=\"pyaedt.Rmxprt.submit_job\">\n<span class=\"sig-prename descclassname\"><span class=\"pre\">Rmxprt.</span></span><span class=\"sig-name descname\"><span class=\"pre\">submit_job</span></span><span class=\"sig-paren\">(</span><em class=\"sig-param\"><span class=\"n\"><span class=\"pre\">clustername</span></span></em>, <em class=\"sig-param\"><span class=\"n\"><span class=\"pre\">aedt_full_exe_path</span></span><span class=\"o\"><span class=\"pre\">=</span></span><span class=\"default_value\"><span class=\"pre\">None</span></span></em>, <em class=\"sig-param\"><span class=\"n\"><span class=\"pre\">numnodes</span></span><span class=\"o\"><span class=\"pre\">=</span></span><span class=\"default_value\"><span class=\"pre\">1</span></span></em>, <em class=\"sig-param\"><span class=\"n\"><span class=\"pre\">numcores</span></span><span class=\"o\"><span class=\"pre\">=</span></span><span class=\"default_value\"><span class=\"pre\">32</span></span></em>, <em class=\"sig-param\"><span class=\"n\"><span class=\"pre\">wait_for_license</span></span><span class=\"o\"><span class=\"pre\">=</span></span><span class=\"default_value\"><span class=\"pre\">True</span></span></em>, <em class=\"sig-param\"><span class=\"n\"><span class=\"pre\">setting_file</span></span><span class=\"o\"><span class=\"pre\">=</span></span><span class=\"default_value\"><span class=\"pre\">None</span></span></em><span class=\"sig-paren\">)</span><a class=\"headerlink\" href=\"#pyaedt.Rmxprt.submit_job\" title=\"Permalink to this definition\">#</a></dt>\n<dd><p>Submit a job to be solved on a cluster.</p>\n<dl class=\"field-list\">\n<dt class=\"field-odd\">Parameters<span class=\"colon\">:</span></dt>\n<dd class=\"field-odd\"><dl>\n<dt><strong>clustername</strong><span class=\"classifier\"><a class=\"reference external\" href=\"https://docs.python.org/dev/library/stdtypes.html#str\" title=\"(in Python v3.12)\"><code class=\"docutils literal notranslate\"><span class=\"pre\">str</span></code></a></span></dt><dd><p>Name of the cluster to submit the job to.</p>\n</dd>\n<dt><strong>aedt_full_exe_path</strong><span class=\"classifier\"><a class=\"reference external\" href=\"https://docs.python.org/dev/library/stdtypes.html#str\" title=\"(in Python v3.12)\"><code class=\"docutils literal notranslate\"><span class=\"pre\">str</span></code></a>, <code class=\"xref py py-obj docutils literal notranslate\"><span class=\"pre\">optional</span></code></span></dt><dd><p>Full path to the AEDT executable file. The default is <code class=\"docutils literal notranslate\"><span class=\"pre\">None</span></code>, in which\ncase <code class=\"docutils literal notranslate\"><span class=\"pre\">&quot;/clustername/AnsysEM/AnsysEM2x.x/Win64/ansysedt.exe&quot;</span></code> is used.</p>\n</dd>\n<dt><strong>numnodes</strong><span class=\"classifier\"><a class=\"reference external\" href=\"https://docs.python.org/dev/library/functions.html#int\" title=\"(in Python v3.12)\"><code class=\"docutils literal notranslate\"><span class=\"pre\">int</span></code></a>, <code class=\"xref py py-obj docutils literal notranslate\"><span class=\"pre\">optional</span></code></span></dt><dd><p>Number of nodes. The default is <code class=\"docutils literal notranslate\"><span class=\"pre\">1</span></code>.</p>\n</dd>\n<dt><strong>numcores</strong><span class=\"classifier\"><a class=\"reference external\" href=\"https://docs.python.org/dev/library/functions.html#int\" title=\"(in Python v3.12)\"><code class=\"docutils literal notranslate\"><span class=\"pre\">int</span></code></a>, <code class=\"xref py py-obj docutils literal notranslate\"><span class=\"pre\">optional</span></code></span></dt><dd><p>Number of cores. The default is <code class=\"docutils literal notranslate\"><span class=\"pre\">32</span></code>.</p>\n</dd>\n<dt><strong>wait_for_license</strong><span class=\"classifier\"><a class=\"reference external\" href=\"https://docs.python.org/dev/library/stdtypes.html#bltin-boolean-values\" title=\"(in Python v3.12)\"><span class=\"xref std std-ref\">bool</span></a>, <code class=\"xref py py-obj docutils literal notranslate\"><span class=\"pre\">optional</span></code></span></dt><dd><p>Whether to wait for the license to be validated. The default is <code class=\"docutils literal notranslate\"><span class=\"pre\">True</span></code>.</p>\n</dd>\n<dt><strong>setting_file</strong><span class=\"classifier\"><a class=\"reference external\" href=\"https://docs.python.org/dev/library/stdtypes.html#str\" title=\"(in Python v3.12)\"><code class=\"docutils literal notranslate\"><span class=\"pre\">str</span></code></a>, <code class=\"xref py py-obj docutils literal notranslate\"><span class=\"pre\">optional</span></code></span></dt><dd><p>Name of the file to use as a template. The default value is <code class=\"docutils literal notranslate\"><span class=\"pre\">None</span></code>.</p>\n</dd>\n</dl>\n</dd>\n<dt class=\"field-even\">Returns<span class=\"colon\">:</span></dt>\n<dd class=\"field-even\"><dl class=\"simple\">\n<dt><a class=\"reference external\" href=\"https://docs.python.org/dev/library/functions.html#type\" title=\"(in Python v3.12)\"><code class=\"xref py py-obj docutils literal notranslate\"><span class=\"pre\">type</span></code></a></dt><dd><p>ID of the job.</p>\n</dd>\n</dl>\n</dd>\n</dl>\n<p class=\"rubric\">References</p>\n<div class=\"doctest highlight-default notranslate\"><div class=\"highlight\"><pre><span></span><span class=\"gp\">&gt;&gt;&gt; </span><span class=\"n\">oDesktop</span><span class=\"o\">.</span><span class=\"n\">SubmitJob</span>\n</pre></div>\n</div>\n</dd></dl>\n\n</section>\n", "metatags": "<meta name=\"generator\" content=\"Docutils 0.19: https://docutils.sourceforge.io/\" />\n", "rellinks": [["genindex", "General Index", "I", "index"], ["py-modindex", "Python Module Index", "", "modules"], ["API/_autosummary/pyaedt.Rmxprt.validate_simple", "validate_simple", "N", "next"], ["API/_autosummary/pyaedt.Rmxprt.solve_in_batch", "solve_in_batch", "P", "previous"]], "sourcename": "API/_autosummary/pyaedt.Rmxprt.submit_job.rst.txt", "toc": "<ul>\n<li><a class=\"reference internal\" href=\"#\">submit_job</a><ul>\n<li><a class=\"reference internal\" href=\"#pyaedt.Rmxprt.submit_job\"><code class=\"docutils literal notranslate\"><span class=\"pre\">Rmxprt.submit_job()</span></code></a></li>\n</ul>\n</li>\n</ul>\n", "display_toc": true, "page_source_suffix": ".rst", "current_page_name": "API/_autosummary/pyaedt.Rmxprt.submit_job", "sidebars": ["search-field.html", "sidebar-nav-bs.html"], "customsidebar": null, "favicon_url": null, "logo_url": null, "alabaster_version": "0.7.12", "theme_show_toc_level": 1, "theme_logo": {}}