{"parents": [{"link": "../../", "title": "API reference"}, {"link": "../../Application/", "title": "AEDT apps"}, {"link": "../pyaedt.Circuit/", "title": "pyaedt.Circuit"}], "prev": {"link": "../pyaedt.Circuit.solution_type/", "title": "solution_type"}, "next": {"link": "../pyaedt.Circuit.syslib/", "title": "syslib"}, "title": "src_dir", "meta": {}, "body": "<section id=\"src-dir\">\n<h1>src_dir<a class=\"headerlink\" href=\"#src-dir\" title=\"Permalink to this heading\">#</a></h1>\n<dl class=\"py property\">\n<dt class=\"sig sig-object py\" id=\"pyaedt.Circuit.src_dir\">\n<em class=\"property\"><span class=\"pre\">property</span><span class=\"w\"> </span></em><span class=\"sig-prename descclassname\"><span class=\"pre\">Circuit.</span></span><span class=\"sig-name descname\"><span class=\"pre\">src_dir</span></span><a class=\"headerlink\" href=\"#pyaedt.Circuit.src_dir\" title=\"Permalink to this definition\">#</a></dt>\n<dd><p>Source directory for Python.</p>\n<dl class=\"field-list simple\">\n<dt class=\"field-odd\">Returns<span class=\"colon\">:</span></dt>\n<dd class=\"field-odd\"><dl class=\"simple\">\n<dt><a class=\"reference external\" href=\"https://docs.python.org/dev/library/stdtypes.html#str\" title=\"(in Python v3.12)\"><code class=\"docutils literal notranslate\"><span class=\"pre\">str</span></code></a></dt><dd><p>Full absolute path for the <code class=\"docutils literal notranslate\"><span class=\"pre\">python</span></code> directory.</p>\n</dd>\n</dl>\n</dd>\n</dl>\n</dd></dl>\n\n</section>\n", "metatags": "<meta name=\"generator\" content=\"Docutils 0.19: https://docutils.sourceforge.io/\" />\n", "rellinks": [["genindex", "General Index", "I", "index"], ["py-modindex", "Python Module Index", "", "modules"], ["API/_autosummary/pyaedt.Circuit.syslib", "syslib", "N", "next"], ["API/_autosummary/pyaedt.Circuit.solution_type", "solution_type", "P", "previous"]], "sourcename": "API/_autosummary/pyaedt.Circuit.src_dir.rst.txt", "toc": "<ul>\n<li><a class=\"reference internal\" href=\"#\">src_dir</a><ul>\n<li><a class=\"reference internal\" href=\"#pyaedt.Circuit.src_dir\"><code class=\"docutils literal notranslate\"><span class=\"pre\">Circuit.src_dir</span></code></a></li>\n</ul>\n</li>\n</ul>\n", "display_toc": true, "page_source_suffix": ".rst", "current_page_name": "API/_autosummary/pyaedt.Circuit.src_dir", "sidebars": ["search-field.html", "sidebar-nav-bs.html"], "customsidebar": null, "favicon_url": null, "logo_url": null, "alabaster_version": "0.7.12", "theme_show_toc_level": 1, "theme_logo": {}}