{"parents": [{"link": "../../", "title": "API reference"}, {"link": "../../Application/", "title": "AEDT apps"}, {"link": "../pyaedt.Hfss/", "title": "pyaedt.Hfss"}], "prev": {"link": "../pyaedt.Hfss.ofieldsreporter/", "title": "ofieldsreporter"}, "next": {"link": "../pyaedt.Hfss.omaterial_manager/", "title": "omaterial_manager"}, "title": "oimport_export", "meta": {}, "body": "<section id=\"oimport-export\">\n<h1>oimport_export<a class=\"headerlink\" href=\"#oimport-export\" title=\"Permalink to this heading\">#</a></h1>\n<dl class=\"py property\">\n<dt class=\"sig sig-object py\" id=\"pyaedt.Hfss.oimport_export\">\n<em class=\"property\"><span class=\"pre\">property</span><span class=\"w\"> </span></em><span class=\"sig-prename descclassname\"><span class=\"pre\">Hfss.</span></span><span class=\"sig-name descname\"><span class=\"pre\">oimport_export</span></span><a class=\"headerlink\" href=\"#pyaedt.Hfss.oimport_export\" title=\"Permalink to this definition\">#</a></dt>\n<dd><p>Import/Export Manager Module.</p>\n<p class=\"rubric\">References</p>\n<div class=\"doctest highlight-default notranslate\"><div class=\"highlight\"><pre><span></span><span class=\"gp\">&gt;&gt;&gt; </span><span class=\"n\">oDesktop</span><span class=\"o\">.</span><span class=\"n\">GetTool</span><span class=\"p\">(</span><span class=\"s2\">&quot;ImportExport&quot;</span><span class=\"p\">)</span>\n</pre></div>\n</div>\n</dd></dl>\n\n</section>\n", "metatags": "<meta name=\"generator\" content=\"Docutils 0.19: https://docutils.sourceforge.io/\" />\n", "rellinks": [["genindex", "General Index", "I", "index"], ["py-modindex", "Python Module Index", "", "modules"], ["API/_autosummary/pyaedt.Hfss.omaterial_manager", "omaterial_manager", "N", "next"], ["API/_autosummary/pyaedt.Hfss.ofieldsreporter", "ofieldsreporter", "P", "previous"]], "sourcename": "API/_autosummary/pyaedt.Hfss.oimport_export.rst.txt", "toc": "<ul>\n<li><a class=\"reference internal\" href=\"#\">oimport_export</a><ul>\n<li><a class=\"reference internal\" href=\"#pyaedt.Hfss.oimport_export\"><code class=\"docutils literal notranslate\"><span class=\"pre\">Hfss.oimport_export</span></code></a></li>\n</ul>\n</li>\n</ul>\n", "display_toc": true, "page_source_suffix": ".rst", "current_page_name": "API/_autosummary/pyaedt.Hfss.oimport_export", "sidebars": ["search-field.html", "sidebar-nav-bs.html"], "customsidebar": null, "favicon_url": null, "logo_url": null, "alabaster_version": "0.7.12", "theme_show_toc_level": 1, "theme_logo": {}}