{"parents": [{"link": "../../", "title": "API reference"}, {"link": "../../Common/", "title": "Desktop and common classes"}, {"link": "../../Stackup3D/", "title": "Stackup 3D components"}, {"link": "../pyaedt.modeler.stackup_3d.Layer3D/", "title": "pyaedt.modeler.stackup_3d.Layer3D"}], "prev": {"link": "../pyaedt.modeler.stackup_3d.Layer3D.duplicated_material/", "title": "duplicated_material"}, "next": {"link": "../pyaedt.modeler.stackup_3d.Layer3D.elevation_value/", "title": "elevation_value"}, "title": "elevation", "meta": {}, "body": "<section id=\"elevation\">\n<h1>elevation<a class=\"headerlink\" href=\"#elevation\" title=\"Permalink to this heading\">#</a></h1>\n<dl class=\"py property\">\n<dt class=\"sig sig-object py\" id=\"pyaedt.modeler.stackup_3d.Layer3D.elevation\">\n<em class=\"property\"><span class=\"pre\">property</span><span class=\"w\"> </span></em><span class=\"sig-prename descclassname\"><span class=\"pre\">Layer3D.</span></span><span class=\"sig-name descname\"><span class=\"pre\">elevation</span></span><a class=\"headerlink\" href=\"#pyaedt.modeler.stackup_3d.Layer3D.elevation\" title=\"Permalink to this definition\">#</a></dt>\n<dd><p>Layer elevation.</p>\n<dl class=\"field-list simple\">\n<dt class=\"field-odd\">Returns<span class=\"colon\">:</span></dt>\n<dd class=\"field-odd\"><dl class=\"simple\">\n<dt><a class=\"reference internal\" href=\"../pyaedt.modeler.stackup_3d.NamedVariable/#pyaedt.modeler.stackup_3d.NamedVariable\" title=\"pyaedt.modeler.stackup_3d.NamedVariable\"><code class=\"xref py py-class docutils literal notranslate\"><span class=\"pre\">pyaedt.modeler.stackup_3d.NamedVariable</span></code></a></dt><dd><p>Variable object.</p>\n</dd>\n</dl>\n</dd>\n</dl>\n</dd></dl>\n\n</section>\n", "metatags": "<meta name=\"generator\" content=\"Docutils 0.19: https://docutils.sourceforge.io/\" />\n", "rellinks": [["genindex", "General Index", "I", "index"], ["py-modindex", "Python Module Index", "", "modules"], ["API/_autosummary/pyaedt.modeler.stackup_3d.Layer3D.elevation_value", "elevation_value", "N", "next"], ["API/_autosummary/pyaedt.modeler.stackup_3d.Layer3D.duplicated_material", "duplicated_material", "P", "previous"]], "sourcename": "API/_autosummary/pyaedt.modeler.stackup_3d.Layer3D.elevation.rst.txt", "toc": "<ul>\n<li><a class=\"reference internal\" href=\"#\">elevation</a><ul>\n<li><a class=\"reference internal\" href=\"#pyaedt.modeler.stackup_3d.Layer3D.elevation\"><code class=\"docutils literal notranslate\"><span class=\"pre\">Layer3D.elevation</span></code></a></li>\n</ul>\n</li>\n</ul>\n", "display_toc": true, "page_source_suffix": ".rst", "current_page_name": "API/_autosummary/pyaedt.modeler.stackup_3d.Layer3D.elevation", "sidebars": ["search-field.html", "sidebar-nav-bs.html"], "customsidebar": null, "favicon_url": null, "logo_url": null, "alabaster_version": "0.7.12", "theme_show_toc_level": 1, "theme_logo": {}}