{"parents": [{"link": "../../", "title": "API reference"}, {"link": "../../Setup/", "title": "Setup"}, {"link": "../pyaedt.modules.SolveSetup.SetupCircuit/", "title": "pyaedt.modules.SolveSetup.SetupCircuit"}], "prev": {"link": "../pyaedt.modules.SolveSetup.SetupCircuit.omodule/", "title": "omodule"}, "next": {"link": "../pyaedt.modules.SetupTemplates.SweepHFSS/", "title": "pyaedt.modules.SetupTemplates.SweepHFSS"}, "title": "p_app", "meta": {}, "body": "<section id=\"p-app\">\n<h1>p_app<a class=\"headerlink\" href=\"#p-app\" title=\"Permalink to this heading\">#</a></h1>\n<dl class=\"py property\">\n<dt class=\"sig sig-object py\" id=\"pyaedt.modules.SolveSetup.SetupCircuit.p_app\">\n<em class=\"property\"><span class=\"pre\">property</span><span class=\"w\"> </span></em><span class=\"sig-prename descclassname\"><span class=\"pre\">SetupCircuit.</span></span><span class=\"sig-name descname\"><span class=\"pre\">p_app</span></span><a class=\"headerlink\" href=\"#pyaedt.modules.SolveSetup.SetupCircuit.p_app\" title=\"Permalink to this definition\">#</a></dt>\n<dd><p>Parent.</p>\n</dd></dl>\n\n</section>\n", "metatags": "<meta name=\"generator\" content=\"Docutils 0.19: https://docutils.sourceforge.io/\" />\n", "rellinks": [["genindex", "General Index", "I", "index"], ["py-modindex", "Python Module Index", "", "modules"], ["API/_autosummary/pyaedt.modules.SetupTemplates.SweepHFSS", "pyaedt.modules.SetupTemplates.SweepHFSS", "N", "next"], ["API/_autosummary/pyaedt.modules.SolveSetup.SetupCircuit.omodule", "omodule", "P", "previous"]], "sourcename": "API/_autosummary/pyaedt.modules.SolveSetup.SetupCircuit.p_app.rst.txt", "toc": "<ul>\n<li><a class=\"reference internal\" href=\"#\">p_app</a><ul>\n<li><a class=\"reference internal\" href=\"#pyaedt.modules.SolveSetup.SetupCircuit.p_app\"><code class=\"docutils literal notranslate\"><span class=\"pre\">SetupCircuit.p_app</span></code></a></li>\n</ul>\n</li>\n</ul>\n", "display_toc": true, "page_source_suffix": ".rst", "current_page_name": "API/_autosummary/pyaedt.modules.SolveSetup.SetupCircuit.p_app", "sidebars": ["search-field.html", "sidebar-nav-bs.html"], "customsidebar": null, "favicon_url": null, "logo_url": null, "alabaster_version": "0.7.12", "theme_show_toc_level": 1, "theme_logo": {}}