{"parents": [{"link": "../../", "title": "API reference"}, {"link": "../../Post/", "title": "Postprocessing"}, {"link": "../pyaedt.modules.solutions.SolutionData/", "title": "pyaedt.modules.solutions.SolutionData"}], "prev": {"link": "../pyaedt.modules.solutions.SolutionData.ifft/", "title": "ifft"}, "next": {"link": "../pyaedt.modules.solutions.SolutionData.init_solutions_data/", "title": "init_solutions_data"}, "title": "ifft_to_file", "meta": {}, "body": "<section id=\"ifft-to-file\">\n<h1>ifft_to_file<a class=\"headerlink\" href=\"#ifft-to-file\" title=\"Permalink to this heading\">#</a></h1>\n<dl class=\"py method\">\n<dt class=\"sig sig-object py\" id=\"pyaedt.modules.solutions.SolutionData.ifft_to_file\">\n<span class=\"sig-prename descclassname\"><span class=\"pre\">SolutionData.</span></span><span class=\"sig-name descname\"><span class=\"pre\">ifft_to_file</span></span><span class=\"sig-paren\">(</span><em class=\"sig-param\"><span class=\"n\"><span class=\"pre\">u_axis</span></span><span class=\"o\"><span class=\"pre\">=</span></span><span class=\"default_value\"><span class=\"pre\">'_u'</span></span></em>, <em class=\"sig-param\"><span class=\"n\"><span class=\"pre\">v_axis</span></span><span class=\"o\"><span class=\"pre\">=</span></span><span class=\"default_value\"><span class=\"pre\">'_v'</span></span></em>, <em class=\"sig-param\"><span class=\"n\"><span class=\"pre\">coord_system_center</span></span><span class=\"o\"><span class=\"pre\">=</span></span><span class=\"default_value\"><span class=\"pre\">None</span></span></em>, <em class=\"sig-param\"><span class=\"n\"><span class=\"pre\">db_val</span></span><span class=\"o\"><span class=\"pre\">=</span></span><span class=\"default_value\"><span class=\"pre\">False</span></span></em>, <em class=\"sig-param\"><span class=\"n\"><span class=\"pre\">num_frames</span></span><span class=\"o\"><span class=\"pre\">=</span></span><span class=\"default_value\"><span class=\"pre\">None</span></span></em>, <em class=\"sig-param\"><span class=\"n\"><span class=\"pre\">csv_dir</span></span><span class=\"o\"><span class=\"pre\">=</span></span><span class=\"default_value\"><span class=\"pre\">None</span></span></em>, <em class=\"sig-param\"><span class=\"n\"><span class=\"pre\">name_str</span></span><span class=\"o\"><span class=\"pre\">=</span></span><span class=\"default_value\"><span class=\"pre\">'res_'</span></span></em><span class=\"sig-paren\">)</span><a class=\"reference internal\" href=\"../../../_modules/pyaedt/modules/solutions/#SolutionData.ifft_to_file\"><span class=\"viewcode-link\"><span class=\"pre\">[source]</span></span></a><a class=\"headerlink\" href=\"#pyaedt.modules.solutions.SolutionData.ifft_to_file\" title=\"Permalink to this definition\">#</a></dt>\n<dd><p>Save IFFT Matrix to a list of csv files (one per time step).</p>\n<dl class=\"field-list\">\n<dt class=\"field-odd\">Parameters<span class=\"colon\">:</span></dt>\n<dd class=\"field-odd\"><dl>\n<dt><strong>u_axis</strong><span class=\"classifier\"><a class=\"reference external\" href=\"https://docs.python.org/dev/library/stdtypes.html#str\" title=\"(in Python v3.12)\"><code class=\"docutils literal notranslate\"><span class=\"pre\">str</span></code></a>, <code class=\"xref py py-obj docutils literal notranslate\"><span class=\"pre\">optional</span></code></span></dt><dd><p>U Axis name. Default is Hfss name \u201c_u\u201d</p>\n</dd>\n<dt><strong>v_axis</strong><span class=\"classifier\"><a class=\"reference external\" href=\"https://docs.python.org/dev/library/stdtypes.html#str\" title=\"(in Python v3.12)\"><code class=\"docutils literal notranslate\"><span class=\"pre\">str</span></code></a>, <code class=\"xref py py-obj docutils literal notranslate\"><span class=\"pre\">optional</span></code></span></dt><dd><p>V Axis name. Default is Hfss name \u201c_v\u201d</p>\n</dd>\n<dt><strong>coord_system_center</strong><span class=\"classifier\"><a class=\"reference external\" href=\"https://docs.python.org/dev/library/stdtypes.html#list\" title=\"(in Python v3.12)\"><code class=\"docutils literal notranslate\"><span class=\"pre\">list</span></code></a>, <code class=\"xref py py-obj docutils literal notranslate\"><span class=\"pre\">optional</span></code></span></dt><dd><p>List of UV GlobalCS Center.</p>\n</dd>\n<dt><strong>db_val</strong><span class=\"classifier\"><a class=\"reference external\" href=\"https://docs.python.org/dev/library/stdtypes.html#bltin-boolean-values\" title=\"(in Python v3.12)\"><span class=\"xref std std-ref\">bool</span></a>, <code class=\"xref py py-obj docutils literal notranslate\"><span class=\"pre\">optional</span></code></span></dt><dd><p>Either if data has to be exported in db or not.</p>\n</dd>\n<dt><strong>num_frames</strong><span class=\"classifier\"><a class=\"reference external\" href=\"https://docs.python.org/dev/library/functions.html#int\" title=\"(in Python v3.12)\"><code class=\"docutils literal notranslate\"><span class=\"pre\">int</span></code></a>, <code class=\"xref py py-obj docutils literal notranslate\"><span class=\"pre\">optional</span></code></span></dt><dd><p>Number of frames to export.</p>\n</dd>\n<dt><strong>csv_dir</strong><span class=\"classifier\"><a class=\"reference external\" href=\"https://docs.python.org/dev/library/stdtypes.html#str\" title=\"(in Python v3.12)\"><code class=\"docutils literal notranslate\"><span class=\"pre\">str</span></code></a></span></dt><dd><p>Output path</p>\n</dd>\n<dt><strong>name_str</strong><span class=\"classifier\"><a class=\"reference external\" href=\"https://docs.python.org/dev/library/stdtypes.html#str\" title=\"(in Python v3.12)\"><code class=\"docutils literal notranslate\"><span class=\"pre\">str</span></code></a>, <code class=\"xref py py-obj docutils literal notranslate\"><span class=\"pre\">optional</span></code></span></dt><dd><p>csv file header.</p>\n</dd>\n</dl>\n</dd>\n<dt class=\"field-even\">Returns<span class=\"colon\">:</span></dt>\n<dd class=\"field-even\"><dl class=\"simple\">\n<dt><a class=\"reference external\" href=\"https://docs.python.org/dev/library/stdtypes.html#str\" title=\"(in Python v3.12)\"><code class=\"docutils literal notranslate\"><span class=\"pre\">str</span></code></a></dt><dd><p>Path to file containing the list of csv files.</p>\n</dd>\n</dl>\n</dd>\n</dl>\n</dd></dl>\n\n</section>\n", "metatags": "<meta name=\"generator\" content=\"Docutils 0.19: https://docutils.sourceforge.io/\" />\n", "rellinks": [["genindex", "General Index", "I", "index"], ["py-modindex", "Python Module Index", "", "modules"], ["API/_autosummary/pyaedt.modules.solutions.SolutionData.init_solutions_data", "init_solutions_data", "N", "next"], ["API/_autosummary/pyaedt.modules.solutions.SolutionData.ifft", "ifft", "P", "previous"]], "sourcename": "API/_autosummary/pyaedt.modules.solutions.SolutionData.ifft_to_file.rst.txt", "toc": "<ul>\n<li><a class=\"reference internal\" href=\"#\">ifft_to_file</a><ul>\n<li><a class=\"reference internal\" href=\"#pyaedt.modules.solutions.SolutionData.ifft_to_file\"><code class=\"docutils literal notranslate\"><span class=\"pre\">SolutionData.ifft_to_file()</span></code></a></li>\n</ul>\n</li>\n</ul>\n", "display_toc": true, "page_source_suffix": ".rst", "current_page_name": "API/_autosummary/pyaedt.modules.solutions.SolutionData.ifft_to_file", "sidebars": ["search-field.html", "sidebar-nav-bs.html"], "customsidebar": null, "favicon_url": null, "logo_url": null, "alabaster_version": "0.7.12", "theme_show_toc_level": 1, "theme_logo": {}}