{"parents": [{"link": "../../", "title": "API reference"}, {"link": "../../CoreEdb/", "title": "EDB editor"}, {"link": "../pyaedt.edb_core.EDB_Data.EDBPadProperties/", "title": "pyaedt.edb_core.EDB_Data.EDBPadProperties"}], "prev": {"link": "../pyaedt.edb_core.EDB_Data.EDBPadProperties.int_to_geometry_type/", "title": "int_to_geometry_type"}, "next": {"link": "../pyaedt.edb_core.EDB_Data.EDBPadProperties.geometry_type/", "title": "geometry_type"}, "title": "int_to_pad_type", "meta": {}, "body": "<section id=\"int-to-pad-type\">\n<h1>int_to_pad_type<a class=\"headerlink\" href=\"#int-to-pad-type\" title=\"Permalink to this heading\">#</a></h1>\n<dl class=\"py method\">\n<dt class=\"sig sig-object py\" id=\"pyaedt.edb_core.EDB_Data.EDBPadProperties.int_to_pad_type\">\n<span class=\"sig-prename descclassname\"><span class=\"pre\">EDBPadProperties.</span></span><span class=\"sig-name descname\"><span class=\"pre\">int_to_pad_type</span></span><span class=\"sig-paren\">(</span><em class=\"sig-param\"><span class=\"n\"><span class=\"pre\">val</span></span><span class=\"o\"><span class=\"pre\">=</span></span><span class=\"default_value\"><span class=\"pre\">0</span></span></em><span class=\"sig-paren\">)</span><a class=\"reference internal\" href=\"../../../_modules/pyaedt/edb_core/EDB_Data/#EDBPadProperties.int_to_pad_type\"><span class=\"viewcode-link\"><span class=\"pre\">[source]</span></span></a><a class=\"headerlink\" href=\"#pyaedt.edb_core.EDB_Data.EDBPadProperties.int_to_pad_type\" title=\"Permalink to this definition\">#</a></dt>\n<dd><p>Convert an integer to an EDB.PadGeometryType.</p>\n<dl class=\"field-list\">\n<dt class=\"field-odd\">Parameters<span class=\"colon\">:</span></dt>\n<dd class=\"field-odd\"><dl>\n<dt><strong>val</strong><span class=\"classifier\"><a class=\"reference external\" href=\"https://docs.python.org/dev/library/functions.html#int\" title=\"(in Python v3.12)\"><code class=\"docutils literal notranslate\"><span class=\"pre\">int</span></code></a></span></dt><dd></dd>\n</dl>\n</dd>\n<dt class=\"field-even\">Returns<span class=\"colon\">:</span></dt>\n<dd class=\"field-even\"><dl class=\"simple\">\n<dt><a class=\"reference external\" href=\"https://docs.python.org/dev/library/functions.html#object\" title=\"(in Python v3.12)\"><code class=\"xref py py-obj docutils literal notranslate\"><span class=\"pre\">object</span></code></a></dt><dd><p>EDB.PadType enumerator value.</p>\n</dd>\n</dl>\n</dd>\n</dl>\n</dd></dl>\n\n</section>\n", "metatags": "<meta name=\"generator\" content=\"Docutils 0.19: https://docutils.sourceforge.io/\" />\n", "rellinks": [["genindex", "General Index", "I", "index"], ["py-modindex", "Python Module Index", "", "modules"], ["API/_autosummary/pyaedt.edb_core.EDB_Data.EDBPadProperties.geometry_type", "geometry_type", "N", "next"], ["API/_autosummary/pyaedt.edb_core.EDB_Data.EDBPadProperties.int_to_geometry_type", "int_to_geometry_type", "P", "previous"]], "sourcename": "API/_autosummary/pyaedt.edb_core.EDB_Data.EDBPadProperties.int_to_pad_type.rst.txt", "toc": "<ul>\n<li><a class=\"reference internal\" href=\"#\">int_to_pad_type</a><ul>\n<li><a class=\"reference internal\" href=\"#pyaedt.edb_core.EDB_Data.EDBPadProperties.int_to_pad_type\"><code class=\"docutils literal notranslate\"><span class=\"pre\">EDBPadProperties.int_to_pad_type()</span></code></a></li>\n</ul>\n</li>\n</ul>\n", "display_toc": true, "page_source_suffix": ".rst", "current_page_name": "API/_autosummary/pyaedt.edb_core.EDB_Data.EDBPadProperties.int_to_pad_type", "sidebars": ["search-field.html", "sidebar-nav-bs.html"], "customsidebar": null, "favicon_url": null, "logo_url": null, "alabaster_version": "0.7.12", "theme_show_toc_level": 1, "theme_logo": {}}