{"parents": [{"link": "../../", "title": "API reference"}, {"link": "../../Primitives/", "title": "Modeler and  primitives"}, {"link": "../pyaedt.modeler.object3dlayout.Components3DLayout/", "title": "pyaedt.modeler.object3dlayout.Components3DLayout"}], "prev": {"link": "../pyaedt.modeler.object3dlayout.Components3DLayout.angle/", "title": "angle"}, "next": {"link": "../pyaedt.modeler.object3dlayout.Components3DLayout.die_enabled/", "title": "die_enabled"}, "title": "bounding_box", "meta": {}, "body": "<section id=\"bounding-box\">\n<h1>bounding_box<a class=\"headerlink\" href=\"#bounding-box\" title=\"Permalink to this heading\">#</a></h1>\n<dl class=\"py property\">\n<dt class=\"sig sig-object py\" id=\"pyaedt.modeler.object3dlayout.Components3DLayout.bounding_box\">\n<em class=\"property\"><span class=\"pre\">property</span><span class=\"w\"> </span></em><span class=\"sig-prename descclassname\"><span class=\"pre\">Components3DLayout.</span></span><span class=\"sig-name descname\"><span class=\"pre\">bounding_box</span></span><a class=\"headerlink\" href=\"#pyaedt.modeler.object3dlayout.Components3DLayout.bounding_box\" title=\"Permalink to this definition\">#</a></dt>\n<dd><p>Get component bounding box.</p>\n<dl class=\"field-list simple\">\n<dt class=\"field-odd\">Returns<span class=\"colon\">:</span></dt>\n<dd class=\"field-odd\"><dl class=\"simple\">\n<dt><a class=\"reference external\" href=\"https://docs.python.org/dev/library/stdtypes.html#list\" title=\"(in Python v3.12)\"><code class=\"docutils literal notranslate\"><span class=\"pre\">list</span></code></a></dt><dd><p>[BB_lower_left_X, BB_lower_left_Y, BB_upper_right_X, BB_upper_right_Y].</p>\n</dd>\n</dl>\n</dd>\n</dl>\n</dd></dl>\n\n</section>\n", "metatags": "<meta name=\"generator\" content=\"Docutils 0.19: https://docutils.sourceforge.io/\" />\n", "rellinks": [["genindex", "General Index", "I", "index"], ["py-modindex", "Python Module Index", "", "modules"], ["API/_autosummary/pyaedt.modeler.object3dlayout.Components3DLayout.die_enabled", "die_enabled", "N", "next"], ["API/_autosummary/pyaedt.modeler.object3dlayout.Components3DLayout.angle", "angle", "P", "previous"]], "sourcename": "API/_autosummary/pyaedt.modeler.object3dlayout.Components3DLayout.bounding_box.rst.txt", "toc": "<ul>\n<li><a class=\"reference internal\" href=\"#\">bounding_box</a><ul>\n<li><a class=\"reference internal\" href=\"#pyaedt.modeler.object3dlayout.Components3DLayout.bounding_box\"><code class=\"docutils literal notranslate\"><span class=\"pre\">Components3DLayout.bounding_box</span></code></a></li>\n</ul>\n</li>\n</ul>\n", "display_toc": true, "page_source_suffix": ".rst", "current_page_name": "API/_autosummary/pyaedt.modeler.object3dlayout.Components3DLayout.bounding_box", "sidebars": ["search-field.html", "sidebar-nav-bs.html"], "customsidebar": null, "favicon_url": null, "logo_url": null, "alabaster_version": "0.7.12", "theme_show_toc_level": 1, "theme_logo": {}}