{"parents": [{"link": "../../", "title": "API reference"}, {"link": "../../CoreEdb/", "title": "EDB editor"}, {"link": "../pyaedt.edb_core.components.Components/", "title": "pyaedt.edb_core.components.Components"}], "prev": {"link": "../pyaedt.edb_core.components.Components.short_component_pins/", "title": "short_component_pins"}, "next": {"link": "../pyaedt.edb_core.components.Components.capacitors/", "title": "capacitors"}, "title": "update_rlc_from_bom", "meta": {}, "body": "<section id=\"update-rlc-from-bom\">\n<h1>update_rlc_from_bom<a class=\"headerlink\" href=\"#update-rlc-from-bom\" title=\"Permalink to this heading\">#</a></h1>\n<dl class=\"py method\">\n<dt class=\"sig sig-object py\" id=\"pyaedt.edb_core.components.Components.update_rlc_from_bom\">\n<span class=\"sig-prename descclassname\"><span class=\"pre\">Components.</span></span><span class=\"sig-name descname\"><span class=\"pre\">update_rlc_from_bom</span></span><span class=\"sig-paren\">(</span><em class=\"sig-param\"><span class=\"n\"><span class=\"pre\">bom_file</span></span></em>, <em class=\"sig-param\"><span class=\"n\"><span class=\"pre\">delimiter</span></span><span class=\"o\"><span class=\"pre\">=</span></span><span class=\"default_value\"><span class=\"pre\">';'</span></span></em>, <em class=\"sig-param\"><span class=\"n\"><span class=\"pre\">valuefield</span></span><span class=\"o\"><span class=\"pre\">=</span></span><span class=\"default_value\"><span class=\"pre\">'Func</span> <span class=\"pre\">des'</span></span></em>, <em class=\"sig-param\"><span class=\"n\"><span class=\"pre\">comptype</span></span><span class=\"o\"><span class=\"pre\">=</span></span><span class=\"default_value\"><span class=\"pre\">'Prod</span> <span class=\"pre\">name'</span></span></em>, <em class=\"sig-param\"><span class=\"n\"><span class=\"pre\">refdes</span></span><span class=\"o\"><span class=\"pre\">=</span></span><span class=\"default_value\"><span class=\"pre\">'Pos</span> <span class=\"pre\">/</span> <span class=\"pre\">Place'</span></span></em><span class=\"sig-paren\">)</span><a class=\"reference internal\" href=\"../../../_modules/pyaedt/edb_core/components/#Components.update_rlc_from_bom\"><span class=\"viewcode-link\"><span class=\"pre\">[source]</span></span></a><a class=\"headerlink\" href=\"#pyaedt.edb_core.components.Components.update_rlc_from_bom\" title=\"Permalink to this definition\">#</a></dt>\n<dd><p>Update the EDC core component values (RLCs) with values coming from a BOM file.</p>\n<dl class=\"field-list\">\n<dt class=\"field-odd\">Parameters<span class=\"colon\">:</span></dt>\n<dd class=\"field-odd\"><dl>\n<dt><strong>bom_file</strong><span class=\"classifier\"><a class=\"reference external\" href=\"https://docs.python.org/dev/library/stdtypes.html#str\" title=\"(in Python v3.12)\"><code class=\"docutils literal notranslate\"><span class=\"pre\">str</span></code></a></span></dt><dd><p>Full path to the BOM file, which is a delimited text file.\nHeader values needed inside the BOM reader must\nbe explicitly set if different from the defaults.</p>\n</dd>\n<dt><strong>delimiter</strong><span class=\"classifier\"><a class=\"reference external\" href=\"https://docs.python.org/dev/library/stdtypes.html#str\" title=\"(in Python v3.12)\"><code class=\"docutils literal notranslate\"><span class=\"pre\">str</span></code></a>, <code class=\"xref py py-obj docutils literal notranslate\"><span class=\"pre\">optional</span></code></span></dt><dd><p>Value to use for the delimiter. The default is <code class=\"docutils literal notranslate\"><span class=\"pre\">&quot;;&quot;</span></code>.</p>\n</dd>\n<dt><strong>valuefield</strong><span class=\"classifier\"><a class=\"reference external\" href=\"https://docs.python.org/dev/library/stdtypes.html#str\" title=\"(in Python v3.12)\"><code class=\"docutils literal notranslate\"><span class=\"pre\">str</span></code></a>, <code class=\"xref py py-obj docutils literal notranslate\"><span class=\"pre\">optional</span></code></span></dt><dd><p>Field header containing the value of the component. The default is <code class=\"docutils literal notranslate\"><span class=\"pre\">&quot;Func</span> <span class=\"pre\">des&quot;</span></code>.\nThe value for this parameter must being with the value of the component\nfollowed by a space and then the rest of the value. For example, <code class=\"docutils literal notranslate\"><span class=\"pre\">&quot;22pF&quot;</span></code>.</p>\n</dd>\n<dt><strong>comptype</strong><span class=\"classifier\"><a class=\"reference external\" href=\"https://docs.python.org/dev/library/stdtypes.html#str\" title=\"(in Python v3.12)\"><code class=\"docutils literal notranslate\"><span class=\"pre\">str</span></code></a>, <code class=\"xref py py-obj docutils literal notranslate\"><span class=\"pre\">optional</span></code></span></dt><dd><p>Field header containing the type of component. The default is <code class=\"docutils literal notranslate\"><span class=\"pre\">&quot;Prod</span> <span class=\"pre\">name&quot;</span></code>. For\nexample, you might enter <code class=\"docutils literal notranslate\"><span class=\"pre\">&quot;Inductor&quot;</span></code>.</p>\n</dd>\n<dt><strong>refdes</strong><span class=\"classifier\"><a class=\"reference external\" href=\"https://docs.python.org/dev/library/stdtypes.html#str\" title=\"(in Python v3.12)\"><code class=\"docutils literal notranslate\"><span class=\"pre\">str</span></code></a>, <code class=\"xref py py-obj docutils literal notranslate\"><span class=\"pre\">optional</span></code></span></dt><dd><p>Field header containing the reference designator of the component. The default is\n<code class=\"docutils literal notranslate\"><span class=\"pre\">&quot;Pos</span> <span class=\"pre\">/</span> <span class=\"pre\">Place&quot;</span></code>. For example, you might enter <code class=\"docutils literal notranslate\"><span class=\"pre\">&quot;C100&quot;</span></code>.</p>\n</dd>\n</dl>\n</dd>\n<dt class=\"field-even\">Returns<span class=\"colon\">:</span></dt>\n<dd class=\"field-even\"><dl class=\"simple\">\n<dt><a class=\"reference external\" href=\"https://docs.python.org/dev/library/stdtypes.html#bltin-boolean-values\" title=\"(in Python v3.12)\"><span class=\"xref std std-ref\">bool</span></a></dt><dd><p><code class=\"docutils literal notranslate\"><span class=\"pre\">True</span></code> if the file contains the header and it is correctly parsed. <code class=\"docutils literal notranslate\"><span class=\"pre\">True</span></code> is\nreturned even if no values are assigned.</p>\n</dd>\n</dl>\n</dd>\n</dl>\n</dd></dl>\n\n</section>\n", "metatags": "<meta name=\"generator\" content=\"Docutils 0.19: https://docutils.sourceforge.io/\" />\n", "rellinks": [["genindex", "General Index", "I", "index"], ["py-modindex", "Python Module Index", "", "modules"], ["API/_autosummary/pyaedt.edb_core.components.Components.capacitors", "capacitors", "N", "next"], ["API/_autosummary/pyaedt.edb_core.components.Components.short_component_pins", "short_component_pins", "P", "previous"]], "sourcename": "API/_autosummary/pyaedt.edb_core.components.Components.update_rlc_from_bom.rst.txt", "toc": "<ul>\n<li><a class=\"reference internal\" href=\"#\">update_rlc_from_bom</a><ul>\n<li><a class=\"reference internal\" href=\"#pyaedt.edb_core.components.Components.update_rlc_from_bom\"><code class=\"docutils literal notranslate\"><span class=\"pre\">Components.update_rlc_from_bom()</span></code></a></li>\n</ul>\n</li>\n</ul>\n", "display_toc": true, "page_source_suffix": ".rst", "current_page_name": "API/_autosummary/pyaedt.edb_core.components.Components.update_rlc_from_bom", "sidebars": ["search-field.html", "sidebar-nav-bs.html"], "customsidebar": null, "favicon_url": null, "logo_url": null, "alabaster_version": "0.7.12", "theme_show_toc_level": 1, "theme_logo": {}}