{"parents": [{"link": "../../", "title": "API reference"}, {"link": "../../Application/", "title": "AEDT apps"}, {"link": "../pyaedt.Emit/", "title": "pyaedt.Emit"}], "prev": {"link": "../pyaedt.Emit.evaluate_expression/", "title": "evaluate_expression"}, "next": {"link": "../pyaedt.Emit.export_profile/", "title": "export_profile"}, "title": "export_design_preview_to_jpg", "meta": {}, "body": "<section id=\"export-design-preview-to-jpg\">\n<h1>export_design_preview_to_jpg<a class=\"headerlink\" href=\"#export-design-preview-to-jpg\" title=\"Permalink to this heading\">#</a></h1>\n<dl class=\"py method\">\n<dt class=\"sig sig-object py\" id=\"pyaedt.Emit.export_design_preview_to_jpg\">\n<span class=\"sig-prename descclassname\"><span class=\"pre\">Emit.</span></span><span class=\"sig-name descname\"><span class=\"pre\">export_design_preview_to_jpg</span></span><span class=\"sig-paren\">(</span><em class=\"sig-param\"><span class=\"n\"><span class=\"pre\">filename</span></span></em><span class=\"sig-paren\">)</span><a class=\"headerlink\" href=\"#pyaedt.Emit.export_design_preview_to_jpg\" title=\"Permalink to this definition\">#</a></dt>\n<dd><p>Export design preview image to a JPG file.</p>\n<dl class=\"field-list\">\n<dt class=\"field-odd\">Parameters<span class=\"colon\">:</span></dt>\n<dd class=\"field-odd\"><dl>\n<dt><strong>filename</strong><span class=\"classifier\"><a class=\"reference external\" href=\"https://docs.python.org/dev/library/stdtypes.html#str\" title=\"(in Python v3.12)\"><code class=\"docutils literal notranslate\"><span class=\"pre\">str</span></code></a></span></dt><dd><p>Full path and name for the JPG file.</p>\n</dd>\n</dl>\n</dd>\n<dt class=\"field-even\">Returns<span class=\"colon\">:</span></dt>\n<dd class=\"field-even\"><dl class=\"simple\">\n<dt><a class=\"reference external\" href=\"https://docs.python.org/dev/library/stdtypes.html#bltin-boolean-values\" title=\"(in Python v3.12)\"><span class=\"xref std std-ref\">bool</span></a></dt><dd><p><code class=\"docutils literal notranslate\"><span class=\"pre\">True</span></code> when successful, <code class=\"docutils literal notranslate\"><span class=\"pre\">False</span></code> when failed.</p>\n</dd>\n</dl>\n</dd>\n</dl>\n</dd></dl>\n\n</section>\n", "metatags": "<meta name=\"generator\" content=\"Docutils 0.19: https://docutils.sourceforge.io/\" />\n", "rellinks": [["genindex", "General Index", "I", "index"], ["py-modindex", "Python Module Index", "", "modules"], ["API/_autosummary/pyaedt.Emit.export_profile", "export_profile", "N", "next"], ["API/_autosummary/pyaedt.Emit.evaluate_expression", "evaluate_expression", "P", "previous"]], "sourcename": "API/_autosummary/pyaedt.Emit.export_design_preview_to_jpg.rst.txt", "toc": "<ul>\n<li><a class=\"reference internal\" href=\"#\">export_design_preview_to_jpg</a><ul>\n<li><a class=\"reference internal\" href=\"#pyaedt.Emit.export_design_preview_to_jpg\"><code class=\"docutils literal notranslate\"><span class=\"pre\">Emit.export_design_preview_to_jpg()</span></code></a></li>\n</ul>\n</li>\n</ul>\n", "display_toc": true, "page_source_suffix": ".rst", "current_page_name": "API/_autosummary/pyaedt.Emit.export_design_preview_to_jpg", "sidebars": ["search-field.html", "sidebar-nav-bs.html"], "customsidebar": null, "favicon_url": null, "logo_url": null, "alabaster_version": "0.7.12", "theme_show_toc_level": 1, "theme_logo": {}}