{"parents": [{"link": "../../", "title": "API reference"}, {"link": "../../Common/", "title": "Desktop and common classes"}, {"link": "../pyaedt.Desktop/", "title": "pyaedt.Desktop"}], "prev": {"link": "../pyaedt.Desktop/", "title": "pyaedt.Desktop"}, "next": {"link": "../pyaedt.Desktop.change_active_dso_config_name/", "title": "change_active_dso_config_name"}, "title": "analyze_all", "meta": {}, "body": "<section id=\"analyze-all\">\n<h1>analyze_all<a class=\"headerlink\" href=\"#analyze-all\" title=\"Permalink to this heading\">#</a></h1>\n<dl class=\"py method\">\n<dt class=\"sig sig-object py\" id=\"pyaedt.Desktop.analyze_all\">\n<span class=\"sig-prename descclassname\"><span class=\"pre\">Desktop.</span></span><span class=\"sig-name descname\"><span class=\"pre\">analyze_all</span></span><span class=\"sig-paren\">(</span><em class=\"sig-param\"><span class=\"n\"><span class=\"pre\">project</span></span><span class=\"o\"><span class=\"pre\">=</span></span><span class=\"default_value\"><span class=\"pre\">None</span></span></em>, <em class=\"sig-param\"><span class=\"n\"><span class=\"pre\">design</span></span><span class=\"o\"><span class=\"pre\">=</span></span><span class=\"default_value\"><span class=\"pre\">None</span></span></em><span class=\"sig-paren\">)</span><a class=\"reference internal\" href=\"../../../_modules/pyaedt/desktop/#Desktop.analyze_all\"><span class=\"viewcode-link\"><span class=\"pre\">[source]</span></span></a><a class=\"headerlink\" href=\"#pyaedt.Desktop.analyze_all\" title=\"Permalink to this definition\">#</a></dt>\n<dd><p>Analyze all setups in a project.</p>\n<dl class=\"field-list\">\n<dt class=\"field-odd\">Parameters<span class=\"colon\">:</span></dt>\n<dd class=\"field-odd\"><dl>\n<dt><strong>project</strong><span class=\"classifier\"><a class=\"reference external\" href=\"https://docs.python.org/dev/library/stdtypes.html#str\" title=\"(in Python v3.12)\"><code class=\"docutils literal notranslate\"><span class=\"pre\">str</span></code></a>, <code class=\"xref py py-obj docutils literal notranslate\"><span class=\"pre\">optional</span></code></span></dt><dd><p>Project name. The default is <code class=\"docutils literal notranslate\"><span class=\"pre\">None</span></code>, in which case the active project\nis used.</p>\n</dd>\n<dt><strong>design</strong><span class=\"classifier\"><a class=\"reference external\" href=\"https://docs.python.org/dev/library/stdtypes.html#str\" title=\"(in Python v3.12)\"><code class=\"docutils literal notranslate\"><span class=\"pre\">str</span></code></a>, <code class=\"xref py py-obj docutils literal notranslate\"><span class=\"pre\">optional</span></code></span></dt><dd><p>Design name. The default is <code class=\"docutils literal notranslate\"><span class=\"pre\">None</span></code>, in which case all designs in\nthe project are analyzed.</p>\n</dd>\n</dl>\n</dd>\n<dt class=\"field-even\">Returns<span class=\"colon\">:</span></dt>\n<dd class=\"field-even\"><dl class=\"simple\">\n<dt><a class=\"reference external\" href=\"https://docs.python.org/dev/library/stdtypes.html#bltin-boolean-values\" title=\"(in Python v3.12)\"><span class=\"xref std std-ref\">bool</span></a></dt><dd><p><code class=\"docutils literal notranslate\"><span class=\"pre\">True</span></code> when successful, <code class=\"docutils literal notranslate\"><span class=\"pre\">False</span></code> when failed.</p>\n</dd>\n</dl>\n</dd>\n</dl>\n</dd></dl>\n\n</section>\n", "metatags": "<meta name=\"generator\" content=\"Docutils 0.19: https://docutils.sourceforge.io/\" />\n", "rellinks": [["genindex", "General Index", "I", "index"], ["py-modindex", "Python Module Index", "", "modules"], ["API/_autosummary/pyaedt.Desktop.change_active_dso_config_name", "change_active_dso_config_name", "N", "next"], ["API/_autosummary/pyaedt.Desktop", "pyaedt.Desktop", "P", "previous"]], "sourcename": "API/_autosummary/pyaedt.Desktop.analyze_all.rst.txt", "toc": "<ul>\n<li><a class=\"reference internal\" href=\"#\">analyze_all</a><ul>\n<li><a class=\"reference internal\" href=\"#pyaedt.Desktop.analyze_all\"><code class=\"docutils literal notranslate\"><span class=\"pre\">Desktop.analyze_all()</span></code></a></li>\n</ul>\n</li>\n</ul>\n", "display_toc": true, "page_source_suffix": ".rst", "current_page_name": "API/_autosummary/pyaedt.Desktop.analyze_all", "sidebars": ["search-field.html", "sidebar-nav-bs.html"], "customsidebar": null, "favicon_url": null, "logo_url": null, "alabaster_version": "0.7.12", "theme_show_toc_level": 1, "theme_logo": {}}