{"parents": [{"link": "../../", "title": "API reference"}, {"link": "../../Primitives/", "title": "Modeler and  primitives"}, {"link": "../pyaedt.modeler.Object3d.Object3d/", "title": "pyaedt.modeler.Object3d.Object3d"}], "prev": {"link": "../pyaedt.modeler.Object3d.Object3d.valid_properties/", "title": "valid_properties"}, "next": {"link": "../pyaedt.modeler.Object3d.Object3d.volume/", "title": "volume"}, "title": "vertices", "meta": {}, "body": "<section id=\"vertices\">\n<h1>vertices<a class=\"headerlink\" href=\"#vertices\" title=\"Permalink to this heading\">#</a></h1>\n<dl class=\"py property\">\n<dt class=\"sig sig-object py\" id=\"pyaedt.modeler.Object3d.Object3d.vertices\">\n<em class=\"property\"><span class=\"pre\">property</span><span class=\"w\"> </span></em><span class=\"sig-prename descclassname\"><span class=\"pre\">Object3d.</span></span><span class=\"sig-name descname\"><span class=\"pre\">vertices</span></span><a class=\"headerlink\" href=\"#pyaedt.modeler.Object3d.Object3d.vertices\" title=\"Permalink to this definition\">#</a></dt>\n<dd><p>Information for each vertex in the given part.</p>\n<dl class=\"field-list\">\n<dt class=\"field-odd\">Returns<span class=\"colon\">:</span></dt>\n<dd class=\"field-odd\"><dl>\n<dt><strong>list of</strong><span class=\"classifier\">class:<cite>pyaedt.modeler.Object3d.VertexPrimitive</cite></span></dt><dd></dd>\n</dl>\n</dd>\n</dl>\n<p class=\"rubric\">References</p>\n<div class=\"doctest highlight-default notranslate\"><div class=\"highlight\"><pre><span></span><span class=\"gp\">&gt;&gt;&gt; </span><span class=\"n\">oEditor</span><span class=\"o\">.</span><span class=\"n\">GetVertexIDsFromObject</span>\n</pre></div>\n</div>\n</dd></dl>\n\n</section>\n", "metatags": "<meta name=\"generator\" content=\"Docutils 0.19: https://docutils.sourceforge.io/\" />\n", "rellinks": [["genindex", "General Index", "I", "index"], ["py-modindex", "Python Module Index", "", "modules"], ["API/_autosummary/pyaedt.modeler.Object3d.Object3d.volume", "volume", "N", "next"], ["API/_autosummary/pyaedt.modeler.Object3d.Object3d.valid_properties", "valid_properties", "P", "previous"]], "sourcename": "API/_autosummary/pyaedt.modeler.Object3d.Object3d.vertices.rst.txt", "toc": "<ul>\n<li><a class=\"reference internal\" href=\"#\">vertices</a><ul>\n<li><a class=\"reference internal\" href=\"#pyaedt.modeler.Object3d.Object3d.vertices\"><code class=\"docutils literal notranslate\"><span class=\"pre\">Object3d.vertices</span></code></a></li>\n</ul>\n</li>\n</ul>\n", "display_toc": true, "page_source_suffix": ".rst", "current_page_name": "API/_autosummary/pyaedt.modeler.Object3d.Object3d.vertices", "sidebars": ["search-field.html", "sidebar-nav-bs.html"], "customsidebar": null, "favicon_url": null, "logo_url": null, "alabaster_version": "0.7.12", "theme_show_toc_level": 1, "theme_logo": {}}