{"parents": [{"link": "../../", "title": "API reference"}, {"link": "../../Application/", "title": "AEDT apps"}, {"link": "../pyaedt.Hfss/", "title": "pyaedt.Hfss"}], "prev": {"link": "../pyaedt.Hfss.o_component_manager/", "title": "o_component_manager"}, "next": {"link": "../pyaedt.Hfss.o_model_manager/", "title": "o_model_manager"}, "title": "o_maxwell_parameters", "meta": {}, "body": "<section id=\"o-maxwell-parameters\">\n<h1>o_maxwell_parameters<a class=\"headerlink\" href=\"#o-maxwell-parameters\" title=\"Permalink to this heading\">#</a></h1>\n<dl class=\"py property\">\n<dt class=\"sig sig-object py\" id=\"pyaedt.Hfss.o_maxwell_parameters\">\n<em class=\"property\"><span class=\"pre\">property</span><span class=\"w\"> </span></em><span class=\"sig-prename descclassname\"><span class=\"pre\">Hfss.</span></span><span class=\"sig-name descname\"><span class=\"pre\">o_maxwell_parameters</span></span><a class=\"headerlink\" href=\"#pyaedt.Hfss.o_maxwell_parameters\" title=\"Permalink to this definition\">#</a></dt>\n<dd><p>AEDT Maxwell Parameter Setup Object.</p>\n<p class=\"rubric\">References</p>\n<div class=\"doctest highlight-default notranslate\"><div class=\"highlight\"><pre><span></span><span class=\"gp\">&gt;&gt;&gt; </span><span class=\"n\">oDesign</span><span class=\"o\">.</span><span class=\"n\">GetModule</span><span class=\"p\">(</span><span class=\"s2\">&quot;MaxwellParameterSetup&quot;</span><span class=\"p\">)</span>\n</pre></div>\n</div>\n</dd></dl>\n\n</section>\n", "metatags": "<meta name=\"generator\" content=\"Docutils 0.19: https://docutils.sourceforge.io/\" />\n", "rellinks": [["genindex", "General Index", "I", "index"], ["py-modindex", "Python Module Index", "", "modules"], ["API/_autosummary/pyaedt.Hfss.o_model_manager", "o_model_manager", "N", "next"], ["API/_autosummary/pyaedt.Hfss.o_component_manager", "o_component_manager", "P", "previous"]], "sourcename": "API/_autosummary/pyaedt.Hfss.o_maxwell_parameters.rst.txt", "toc": "<ul>\n<li><a class=\"reference internal\" href=\"#\">o_maxwell_parameters</a><ul>\n<li><a class=\"reference internal\" href=\"#pyaedt.Hfss.o_maxwell_parameters\"><code class=\"docutils literal notranslate\"><span class=\"pre\">Hfss.o_maxwell_parameters</span></code></a></li>\n</ul>\n</li>\n</ul>\n", "display_toc": true, "page_source_suffix": ".rst", "current_page_name": "API/_autosummary/pyaedt.Hfss.o_maxwell_parameters", "sidebars": ["search-field.html", "sidebar-nav-bs.html"], "customsidebar": null, "favicon_url": null, "logo_url": null, "alabaster_version": "0.7.12", "theme_show_toc_level": 1, "theme_logo": {}}