{"parents": [{"link": "../../", "title": "API reference"}, {"link": "../../Primitives/", "title": "Modeler and  primitives"}, {"link": "../pyaedt.modeler.Model3D.Modeler3D/", "title": "pyaedt.modeler.Model3D.Modeler3D"}], "prev": {"link": "../pyaedt.modeler.Model3D.Modeler3D.refresh/", "title": "refresh"}, "next": {"link": "../pyaedt.modeler.Model3D.Modeler3D.remove_point/", "title": "remove_point"}, "title": "refresh_all_ids", "meta": {}, "body": "<section id=\"refresh-all-ids\">\n<h1>refresh_all_ids<a class=\"headerlink\" href=\"#refresh-all-ids\" title=\"Permalink to this heading\">#</a></h1>\n<dl class=\"py method\">\n<dt class=\"sig sig-object py\" id=\"pyaedt.modeler.Model3D.Modeler3D.refresh_all_ids\">\n<span class=\"sig-prename descclassname\"><span class=\"pre\">Modeler3D.</span></span><span class=\"sig-name descname\"><span class=\"pre\">refresh_all_ids</span></span><span class=\"sig-paren\">(</span><span class=\"sig-paren\">)</span><a class=\"headerlink\" href=\"#pyaedt.modeler.Model3D.Modeler3D.refresh_all_ids\" title=\"Permalink to this definition\">#</a></dt>\n<dd><p>Refresh all IDs.</p>\n</dd></dl>\n\n</section>\n", "metatags": "<meta name=\"generator\" content=\"Docutils 0.19: https://docutils.sourceforge.io/\" />\n", "rellinks": [["genindex", "General Index", "I", "index"], ["py-modindex", "Python Module Index", "", "modules"], ["API/_autosummary/pyaedt.modeler.Model3D.Modeler3D.remove_point", "remove_point", "N", "next"], ["API/_autosummary/pyaedt.modeler.Model3D.Modeler3D.refresh", "refresh", "P", "previous"]], "sourcename": "API/_autosummary/pyaedt.modeler.Model3D.Modeler3D.refresh_all_ids.rst.txt", "toc": "<ul>\n<li><a class=\"reference internal\" href=\"#\">refresh_all_ids</a><ul>\n<li><a class=\"reference internal\" href=\"#pyaedt.modeler.Model3D.Modeler3D.refresh_all_ids\"><code class=\"docutils literal notranslate\"><span class=\"pre\">Modeler3D.refresh_all_ids()</span></code></a></li>\n</ul>\n</li>\n</ul>\n", "display_toc": true, "page_source_suffix": ".rst", "current_page_name": "API/_autosummary/pyaedt.modeler.Model3D.Modeler3D.refresh_all_ids", "sidebars": ["search-field.html", "sidebar-nav-bs.html"], "customsidebar": null, "favicon_url": null, "logo_url": null, "alabaster_version": "0.7.12", "theme_show_toc_level": 1, "theme_logo": {}}