{"parents": [{"link": "../../", "title": "API reference"}, {"link": "../../CoreEdb/", "title": "EDB editor"}, {"link": "../pyaedt.edb_core.stackup.EdbStackup/", "title": "pyaedt.edb_core.stackup.EdbStackup"}], "prev": {"link": "../pyaedt.edb_core.stackup.EdbStackup/", "title": "pyaedt.edb_core.stackup.EdbStackup"}, "next": {"link": "../pyaedt.edb_core.stackup.EdbStackup.create_conductor/", "title": "create_conductor"}, "title": "adjust_solder_dielectrics", "meta": {}, "body": "<section id=\"adjust-solder-dielectrics\">\n<h1>adjust_solder_dielectrics<a class=\"headerlink\" href=\"#adjust-solder-dielectrics\" title=\"Permalink to this heading\">#</a></h1>\n<dl class=\"py method\">\n<dt class=\"sig sig-object py\" id=\"pyaedt.edb_core.stackup.EdbStackup.adjust_solder_dielectrics\">\n<span class=\"sig-prename descclassname\"><span class=\"pre\">EdbStackup.</span></span><span class=\"sig-name descname\"><span class=\"pre\">adjust_solder_dielectrics</span></span><span class=\"sig-paren\">(</span><span class=\"sig-paren\">)</span><a class=\"reference internal\" href=\"../../../_modules/pyaedt/edb_core/stackup/#EdbStackup.adjust_solder_dielectrics\"><span class=\"viewcode-link\"><span class=\"pre\">[source]</span></span></a><a class=\"headerlink\" href=\"#pyaedt.edb_core.stackup.EdbStackup.adjust_solder_dielectrics\" title=\"Permalink to this definition\">#</a></dt>\n<dd><p>Adjust the stack-up by adding or modifying dielectric layers that contains Solder Balls.\nThis method identifies the solder-ball height and adjust the dielectric thickness on top (or bottom) to fit\nthe thickness in order to merge another layout.</p>\n<dl class=\"field-list simple\">\n<dt class=\"field-odd\">Returns<span class=\"colon\">:</span></dt>\n<dd class=\"field-odd\"><dl class=\"simple\">\n<dt><a class=\"reference external\" href=\"https://docs.python.org/dev/library/stdtypes.html#bltin-boolean-values\" title=\"(in Python v3.12)\"><span class=\"xref std std-ref\">bool</span></a></dt><dd></dd>\n</dl>\n</dd>\n</dl>\n</dd></dl>\n\n</section>\n", "metatags": "<meta name=\"generator\" content=\"Docutils 0.19: https://docutils.sourceforge.io/\" />\n", "rellinks": [["genindex", "General Index", "I", "index"], ["py-modindex", "Python Module Index", "", "modules"], ["API/_autosummary/pyaedt.edb_core.stackup.EdbStackup.create_conductor", "create_conductor", "N", "next"], ["API/_autosummary/pyaedt.edb_core.stackup.EdbStackup", "pyaedt.edb_core.stackup.EdbStackup", "P", "previous"]], "sourcename": "API/_autosummary/pyaedt.edb_core.stackup.EdbStackup.adjust_solder_dielectrics.rst.txt", "toc": "<ul>\n<li><a class=\"reference internal\" href=\"#\">adjust_solder_dielectrics</a><ul>\n<li><a class=\"reference internal\" href=\"#pyaedt.edb_core.stackup.EdbStackup.adjust_solder_dielectrics\"><code class=\"docutils literal notranslate\"><span class=\"pre\">EdbStackup.adjust_solder_dielectrics()</span></code></a></li>\n</ul>\n</li>\n</ul>\n", "display_toc": true, "page_source_suffix": ".rst", "current_page_name": "API/_autosummary/pyaedt.edb_core.stackup.EdbStackup.adjust_solder_dielectrics", "sidebars": ["search-field.html", "sidebar-nav-bs.html"], "customsidebar": null, "favicon_url": null, "logo_url": null, "alabaster_version": "0.7.12", "theme_show_toc_level": 1, "theme_logo": {}}