{"parents": [{"link": "../../", "title": "API reference"}, {"link": "../../Primitives/", "title": "Modeler and  primitives"}, {"link": "../pyaedt.modeler.Model3D.Modeler3D/", "title": "pyaedt.modeler.Model3D.Modeler3D"}], "prev": {"link": "../pyaedt.modeler.Model3D.Modeler3D.load_hfss/", "title": "load_hfss"}, "next": {"link": "../pyaedt.modeler.Model3D.Modeler3D.load_scdm_in_hfss/", "title": "load_scdm_in_hfss"}, "title": "load_objects_bytype", "meta": {}, "body": "<section id=\"load-objects-bytype\">\n<h1>load_objects_bytype<a class=\"headerlink\" href=\"#load-objects-bytype\" title=\"Permalink to this heading\">#</a></h1>\n<dl class=\"py method\">\n<dt class=\"sig sig-object py\" id=\"pyaedt.modeler.Model3D.Modeler3D.load_objects_bytype\">\n<span class=\"sig-prename descclassname\"><span class=\"pre\">Modeler3D.</span></span><span class=\"sig-name descname\"><span class=\"pre\">load_objects_bytype</span></span><span class=\"sig-paren\">(</span><em class=\"sig-param\"><span class=\"n\"><span class=\"pre\">obj_type</span></span></em><span class=\"sig-paren\">)</span><a class=\"headerlink\" href=\"#pyaedt.modeler.Model3D.Modeler3D.load_objects_bytype\" title=\"Permalink to this definition\">#</a></dt>\n<dd><p>Load all objects of a specified type.</p>\n<div class=\"deprecated\">\n<p><span class=\"versionmodified deprecated\">Deprecated since version 0.5.0: </span>Use <a class=\"reference internal\" href=\"../pyaedt.modeler.Model3D.Modeler3D.get_objects_in_group/#pyaedt.modeler.Model3D.Modeler3D.get_objects_in_group\" title=\"pyaedt.modeler.Model3D.Modeler3D.get_objects_in_group\"><code class=\"xref py py-func docutils literal notranslate\"><span class=\"pre\">get_objects_in_group()</span></code></a> property instead.</p>\n</div>\n<dl class=\"field-list\">\n<dt class=\"field-odd\">Parameters<span class=\"colon\">:</span></dt>\n<dd class=\"field-odd\"><dl>\n<dt><strong>obj_type</strong><span class=\"classifier\"><a class=\"reference external\" href=\"https://docs.python.org/dev/library/stdtypes.html#str\" title=\"(in Python v3.12)\"><code class=\"docutils literal notranslate\"><span class=\"pre\">str</span></code></a></span></dt><dd><p>Type of the objects to load. Options are\n<code class=\"docutils literal notranslate\"><span class=\"pre\">&quot;Solids&quot;</span></code> and <code class=\"docutils literal notranslate\"><span class=\"pre\">&quot;Sheets&quot;</span></code>.</p>\n</dd>\n</dl>\n</dd>\n<dt class=\"field-even\">Returns<span class=\"colon\">:</span></dt>\n<dd class=\"field-even\"><dl class=\"simple\">\n<dt><a class=\"reference external\" href=\"https://docs.python.org/dev/library/stdtypes.html#list\" title=\"(in Python v3.12)\"><code class=\"docutils literal notranslate\"><span class=\"pre\">list</span></code></a></dt><dd><p>List of the object names for the specified type.</p>\n</dd>\n</dl>\n</dd>\n</dl>\n<p class=\"rubric\">References</p>\n<div class=\"doctest highlight-default notranslate\"><div class=\"highlight\"><pre><span></span><span class=\"gp\">&gt;&gt;&gt; </span><span class=\"n\">oEditor</span><span class=\"o\">.</span><span class=\"n\">GetObjectsInGroup</span>\n</pre></div>\n</div>\n</dd></dl>\n\n</section>\n", "metatags": "<meta name=\"generator\" content=\"Docutils 0.19: https://docutils.sourceforge.io/\" />\n", "rellinks": [["genindex", "General Index", "I", "index"], ["py-modindex", "Python Module Index", "", "modules"], ["API/_autosummary/pyaedt.modeler.Model3D.Modeler3D.load_scdm_in_hfss", "load_scdm_in_hfss", "N", "next"], ["API/_autosummary/pyaedt.modeler.Model3D.Modeler3D.load_hfss", "load_hfss", "P", "previous"]], "sourcename": "API/_autosummary/pyaedt.modeler.Model3D.Modeler3D.load_objects_bytype.rst.txt", "toc": "<ul>\n<li><a class=\"reference internal\" href=\"#\">load_objects_bytype</a><ul>\n<li><a class=\"reference internal\" href=\"#pyaedt.modeler.Model3D.Modeler3D.load_objects_bytype\"><code class=\"docutils literal notranslate\"><span class=\"pre\">Modeler3D.load_objects_bytype()</span></code></a></li>\n</ul>\n</li>\n</ul>\n", "display_toc": true, "page_source_suffix": ".rst", "current_page_name": "API/_autosummary/pyaedt.modeler.Model3D.Modeler3D.load_objects_bytype", "sidebars": ["search-field.html", "sidebar-nav-bs.html"], "customsidebar": null, "favicon_url": null, "logo_url": null, "alabaster_version": "0.7.12", "theme_show_toc_level": 1, "theme_logo": {}}