{"parents": [{"link": "../../", "title": "API reference"}, {"link": "../../Primitives/", "title": "Modeler and  primitives"}, {"link": "../pyaedt.modeler.Model3DLayout.Modeler3DLayout/", "title": "pyaedt.modeler.Model3DLayout.Modeler3DLayout"}], "prev": {"link": "../pyaedt.modeler.Model3DLayout.Modeler3DLayout.fit_all/", "title": "fit_all"}, "next": {"link": "../pyaedt.modeler.Model3DLayout.Modeler3DLayout.import_ipc2581/", "title": "import_ipc2581"}, "title": "import_cadence_brd", "meta": {}, "body": "<section id=\"import-cadence-brd\">\n<h1>import_cadence_brd<a class=\"headerlink\" href=\"#import-cadence-brd\" title=\"Permalink to this heading\">#</a></h1>\n<dl class=\"py method\">\n<dt class=\"sig sig-object py\" id=\"pyaedt.modeler.Model3DLayout.Modeler3DLayout.import_cadence_brd\">\n<span class=\"sig-prename descclassname\"><span class=\"pre\">Modeler3DLayout.</span></span><span class=\"sig-name descname\"><span class=\"pre\">import_cadence_brd</span></span><span class=\"sig-paren\">(</span><em class=\"sig-param\"><span class=\"n\"><span class=\"pre\">brd_filename</span></span></em>, <em class=\"sig-param\"><span class=\"n\"><span class=\"pre\">edb_path</span></span><span class=\"o\"><span class=\"pre\">=</span></span><span class=\"default_value\"><span class=\"pre\">None</span></span></em>, <em class=\"sig-param\"><span class=\"n\"><span class=\"pre\">edb_name</span></span><span class=\"o\"><span class=\"pre\">=</span></span><span class=\"default_value\"><span class=\"pre\">None</span></span></em><span class=\"sig-paren\">)</span><a class=\"reference internal\" href=\"../../../_modules/pyaedt/modeler/Model3DLayout/#Modeler3DLayout.import_cadence_brd\"><span class=\"viewcode-link\"><span class=\"pre\">[source]</span></span></a><a class=\"headerlink\" href=\"#pyaedt.modeler.Model3DLayout.Modeler3DLayout.import_cadence_brd\" title=\"Permalink to this definition\">#</a></dt>\n<dd><p>Import a cadence board.</p>\n<dl class=\"field-list\">\n<dt class=\"field-odd\">Parameters<span class=\"colon\">:</span></dt>\n<dd class=\"field-odd\"><dl>\n<dt><strong>brd_filename</strong><span class=\"classifier\"><a class=\"reference external\" href=\"https://docs.python.org/dev/library/stdtypes.html#str\" title=\"(in Python v3.12)\"><code class=\"docutils literal notranslate\"><span class=\"pre\">str</span></code></a></span></dt><dd><p>Full path and name of the BRD file to import.</p>\n</dd>\n<dt><strong>edb_path</strong><span class=\"classifier\"><a class=\"reference external\" href=\"https://docs.python.org/dev/library/stdtypes.html#str\" title=\"(in Python v3.12)\"><code class=\"docutils literal notranslate\"><span class=\"pre\">str</span></code></a>, <code class=\"xref py py-obj docutils literal notranslate\"><span class=\"pre\">optional</span></code></span></dt><dd><p>Path where the EDB is to be created. The default is <code class=\"docutils literal notranslate\"><span class=\"pre\">None</span></code>, in which\ncase the project directory is used.</p>\n</dd>\n<dt><strong>edb_name</strong><span class=\"classifier\"><a class=\"reference external\" href=\"https://docs.python.org/dev/library/stdtypes.html#str\" title=\"(in Python v3.12)\"><code class=\"docutils literal notranslate\"><span class=\"pre\">str</span></code></a>, <code class=\"xref py py-obj docutils literal notranslate\"><span class=\"pre\">optional</span></code></span></dt><dd><p>Name of the EDB. The default is <code class=\"docutils literal notranslate\"><span class=\"pre\">None</span></code>, in which\ncase the board name is used.</p>\n</dd>\n</dl>\n</dd>\n<dt class=\"field-even\">Returns<span class=\"colon\">:</span></dt>\n<dd class=\"field-even\"><dl class=\"simple\">\n<dt><a class=\"reference external\" href=\"https://docs.python.org/dev/library/stdtypes.html#bltin-boolean-values\" title=\"(in Python v3.12)\"><span class=\"xref std std-ref\">bool</span></a></dt><dd><p><code class=\"docutils literal notranslate\"><span class=\"pre\">True</span></code> when successful, <code class=\"docutils literal notranslate\"><span class=\"pre\">False</span></code> when failed.</p>\n</dd>\n</dl>\n</dd>\n</dl>\n<p class=\"rubric\">References</p>\n<div class=\"doctest highlight-default notranslate\"><div class=\"highlight\"><pre><span></span><span class=\"gp\">&gt;&gt;&gt; </span><span class=\"n\">oImportExport</span><span class=\"o\">.</span><span class=\"n\">ImportExtracta</span>\n</pre></div>\n</div>\n</dd></dl>\n\n</section>\n", "metatags": "<meta name=\"generator\" content=\"Docutils 0.19: https://docutils.sourceforge.io/\" />\n", "rellinks": [["genindex", "General Index", "I", "index"], ["py-modindex", "Python Module Index", "", "modules"], ["API/_autosummary/pyaedt.modeler.Model3DLayout.Modeler3DLayout.import_ipc2581", "import_ipc2581", "N", "next"], ["API/_autosummary/pyaedt.modeler.Model3DLayout.Modeler3DLayout.fit_all", "fit_all", "P", "previous"]], "sourcename": "API/_autosummary/pyaedt.modeler.Model3DLayout.Modeler3DLayout.import_cadence_brd.rst.txt", "toc": "<ul>\n<li><a class=\"reference internal\" href=\"#\">import_cadence_brd</a><ul>\n<li><a class=\"reference internal\" href=\"#pyaedt.modeler.Model3DLayout.Modeler3DLayout.import_cadence_brd\"><code class=\"docutils literal notranslate\"><span class=\"pre\">Modeler3DLayout.import_cadence_brd()</span></code></a></li>\n</ul>\n</li>\n</ul>\n", "display_toc": true, "page_source_suffix": ".rst", "current_page_name": "API/_autosummary/pyaedt.modeler.Model3DLayout.Modeler3DLayout.import_cadence_brd", "sidebars": ["search-field.html", "sidebar-nav-bs.html"], "customsidebar": null, "favicon_url": null, "logo_url": null, "alabaster_version": "0.7.12", "theme_show_toc_level": 1, "theme_logo": {}}