{"parents": [{"link": "../../", "title": "API reference"}, {"link": "../../Primitives/", "title": "Modeler and  primitives"}, {"link": "../pyaedt.modeler.Model2D.Modeler2D/", "title": "pyaedt.modeler.Model2D.Modeler2D"}], "prev": {"link": "../pyaedt.modeler.Model2D.Modeler2D.update_udp/", "title": "update_udp"}, "next": {"link": "../pyaedt.modeler.Model2D.Modeler2D.vertex_data_of_lines/", "title": "vertex_data_of_lines"}, "title": "value_in_object_units", "meta": {}, "body": "<section id=\"value-in-object-units\">\n<h1>value_in_object_units<a class=\"headerlink\" href=\"#value-in-object-units\" title=\"Permalink to this heading\">#</a></h1>\n<dl class=\"py method\">\n<dt class=\"sig sig-object py\" id=\"pyaedt.modeler.Model2D.Modeler2D.value_in_object_units\">\n<span class=\"sig-prename descclassname\"><span class=\"pre\">Modeler2D.</span></span><span class=\"sig-name descname\"><span class=\"pre\">value_in_object_units</span></span><span class=\"sig-paren\">(</span><em class=\"sig-param\"><span class=\"n\"><span class=\"pre\">value</span></span></em><span class=\"sig-paren\">)</span><a class=\"headerlink\" href=\"#pyaedt.modeler.Model2D.Modeler2D.value_in_object_units\" title=\"Permalink to this definition\">#</a></dt>\n<dd><p>Convert one or more strings for numerical lengths to floating point values.</p>\n<dl class=\"field-list\">\n<dt class=\"field-odd\">Parameters<span class=\"colon\">:</span></dt>\n<dd class=\"field-odd\"><dl>\n<dt><strong>value</strong><span class=\"classifier\"><a class=\"reference external\" href=\"https://docs.python.org/dev/library/stdtypes.html#str\" title=\"(in Python v3.12)\"><code class=\"docutils literal notranslate\"><span class=\"pre\">str</span></code></a> or <a class=\"reference external\" href=\"https://docs.python.org/dev/library/stdtypes.html#list\" title=\"(in Python v3.12)\"><code class=\"docutils literal notranslate\"><span class=\"pre\">list</span></code></a> <code class=\"xref py py-obj docutils literal notranslate\"><span class=\"pre\">of</span></code> <code class=\"xref py py-obj docutils literal notranslate\"><span class=\"pre\">strings</span></code></span></dt><dd><p>One or more strings for numerical lengths. For example, <code class=\"docutils literal notranslate\"><span class=\"pre\">&quot;10mm&quot;</span></code>\nor <code class=\"docutils literal notranslate\"><span class=\"pre\">[&quot;10mm&quot;,</span> <span class=\"pre\">&quot;12mm&quot;,</span> <span class=\"pre\">&quot;14mm&quot;]</span></code>. When a a list is given, the entire\nlist is converted.</p>\n</dd>\n</dl>\n</dd>\n<dt class=\"field-even\">Returns<span class=\"colon\">:</span></dt>\n<dd class=\"field-even\"><dl class=\"simple\">\n<dt><a class=\"reference external\" href=\"https://docs.python.org/dev/library/functions.html#float\" title=\"(in Python v3.12)\"><code class=\"docutils literal notranslate\"><span class=\"pre\">float</span></code></a> or <a class=\"reference external\" href=\"https://docs.python.org/dev/library/stdtypes.html#list\" title=\"(in Python v3.12)\"><code class=\"docutils literal notranslate\"><span class=\"pre\">list</span></code></a> <code class=\"xref py py-obj docutils literal notranslate\"><span class=\"pre\">of</span></code> <code class=\"xref py py-obj docutils literal notranslate\"><span class=\"pre\">floats</span></code></dt><dd><p>Defined in object units <a class=\"reference internal\" href=\"../pyaedt.modeler.Primitives.Polyline.object_units/#pyaedt.modeler.Primitives.Polyline.object_units\" title=\"pyaedt.modeler.Primitives.Polyline.object_units\"><code class=\"xref py py-attr docutils literal notranslate\"><span class=\"pre\">pyaedt.modeler.Primitives.Polyline.object_units</span></code></a></p>\n</dd>\n</dl>\n</dd>\n</dl>\n</dd></dl>\n\n</section>\n", "metatags": "<meta name=\"generator\" content=\"Docutils 0.19: https://docutils.sourceforge.io/\" />\n", "rellinks": [["genindex", "General Index", "I", "index"], ["py-modindex", "Python Module Index", "", "modules"], ["API/_autosummary/pyaedt.modeler.Model2D.Modeler2D.vertex_data_of_lines", "vertex_data_of_lines", "N", "next"], ["API/_autosummary/pyaedt.modeler.Model2D.Modeler2D.update_udp", "update_udp", "P", "previous"]], "sourcename": "API/_autosummary/pyaedt.modeler.Model2D.Modeler2D.value_in_object_units.rst.txt", "toc": "<ul>\n<li><a class=\"reference internal\" href=\"#\">value_in_object_units</a><ul>\n<li><a class=\"reference internal\" href=\"#pyaedt.modeler.Model2D.Modeler2D.value_in_object_units\"><code class=\"docutils literal notranslate\"><span class=\"pre\">Modeler2D.value_in_object_units()</span></code></a></li>\n</ul>\n</li>\n</ul>\n", "display_toc": true, "page_source_suffix": ".rst", "current_page_name": "API/_autosummary/pyaedt.modeler.Model2D.Modeler2D.value_in_object_units", "sidebars": ["search-field.html", "sidebar-nav-bs.html"], "customsidebar": null, "favicon_url": null, "logo_url": null, "alabaster_version": "0.7.12", "theme_show_toc_level": 1, "theme_logo": {}}