{"parents": [{"link": "../../", "title": "API reference"}, {"link": "../../Primitives/", "title": "Modeler and  primitives"}, {"link": "../pyaedt.modeler.Model3D.Modeler3D/", "title": "pyaedt.modeler.Model3D.Modeler3D"}], "prev": {"link": "../pyaedt.modeler.Model3D.Modeler3D.add_bird/", "title": "add_bird"}, "next": {"link": "../pyaedt.modeler.Model3D.Modeler3D.add_new_objects/", "title": "add_new_objects"}, "title": "add_environment", "meta": {}, "body": "<section id=\"add-environment\">\n<h1>add_environment<a class=\"headerlink\" href=\"#add-environment\" title=\"Permalink to this heading\">#</a></h1>\n<dl class=\"py method\">\n<dt class=\"sig sig-object py\" id=\"pyaedt.modeler.Model3D.Modeler3D.add_environment\">\n<span class=\"sig-prename descclassname\"><span class=\"pre\">Modeler3D.</span></span><span class=\"sig-name descname\"><span class=\"pre\">add_environment</span></span><span class=\"sig-paren\">(</span><em class=\"sig-param\"><span class=\"n\"><span class=\"pre\">env_folder</span></span></em>, <em class=\"sig-param\"><span class=\"n\"><span class=\"pre\">global_offset</span></span><span class=\"o\"><span class=\"pre\">=</span></span><span class=\"default_value\"><span class=\"pre\">[0,</span> <span class=\"pre\">0,</span> <span class=\"pre\">0]</span></span></em>, <em class=\"sig-param\"><span class=\"n\"><span class=\"pre\">yaw</span></span><span class=\"o\"><span class=\"pre\">=</span></span><span class=\"default_value\"><span class=\"pre\">0</span></span></em>, <em class=\"sig-param\"><span class=\"n\"><span class=\"pre\">pitch</span></span><span class=\"o\"><span class=\"pre\">=</span></span><span class=\"default_value\"><span class=\"pre\">0</span></span></em>, <em class=\"sig-param\"><span class=\"n\"><span class=\"pre\">roll</span></span><span class=\"o\"><span class=\"pre\">=</span></span><span class=\"default_value\"><span class=\"pre\">0</span></span></em>, <em class=\"sig-param\"><span class=\"n\"><span class=\"pre\">relative_cs_name</span></span><span class=\"o\"><span class=\"pre\">=</span></span><span class=\"default_value\"><span class=\"pre\">None</span></span></em>, <em class=\"sig-param\"><span class=\"n\"><span class=\"pre\">environment_name</span></span><span class=\"o\"><span class=\"pre\">=</span></span><span class=\"default_value\"><span class=\"pre\">None</span></span></em><span class=\"sig-paren\">)</span><a class=\"headerlink\" href=\"#pyaedt.modeler.Model3D.Modeler3D.add_environment\" title=\"Permalink to this definition\">#</a></dt>\n<dd><p>Add an Environment Multipart Component from Json file.</p>\n<blockquote>\n<div><div class=\"highlight-json notranslate\"><div class=\"highlight\"><pre><span></span><span class=\"p\">{</span><span class=\"w\"></span>\n<span class=\"w\">    </span><span class=\"nt\">&quot;name&quot;</span><span class=\"p\">:</span><span class=\"w\"> </span><span class=\"s2\">&quot;open1&quot;</span><span class=\"p\">,</span><span class=\"w\"></span>\n<span class=\"w\">    </span><span class=\"nt\">&quot;version&quot;</span><span class=\"p\">:</span><span class=\"w\"> </span><span class=\"mi\">1</span><span class=\"p\">,</span><span class=\"w\"></span>\n<span class=\"w\">    </span><span class=\"nt\">&quot;class&quot;</span><span class=\"p\">:</span><span class=\"s2\">&quot;environment&quot;</span><span class=\"p\">,</span><span class=\"w\"></span>\n<span class=\"w\">    </span><span class=\"nt\">&quot;xlim&quot;</span><span class=\"p\">:[</span><span class=\"s2\">&quot;-5&quot;</span><span class=\"p\">,</span><span class=\"s2\">&quot;95&quot;</span><span class=\"p\">],</span><span class=\"w\"></span>\n<span class=\"w\">    </span><span class=\"nt\">&quot;ylim&quot;</span><span class=\"p\">:[</span><span class=\"s2\">&quot;-60&quot;</span><span class=\"p\">,</span><span class=\"s2\">&quot;60&quot;</span><span class=\"p\">],</span><span class=\"w\"></span>\n<span class=\"w\">    </span><span class=\"nt\">&quot;parts&quot;</span><span class=\"p\">:</span><span class=\"w\"> </span><span class=\"p\">{</span><span class=\"w\"></span>\n<span class=\"w\">        </span><span class=\"nt\">&quot;open_area&quot;</span><span class=\"p\">:</span><span class=\"w\"> </span><span class=\"p\">{</span><span class=\"w\"></span>\n<span class=\"w\">            </span><span class=\"nt\">&quot;comp_name&quot;</span><span class=\"p\">:</span><span class=\"w\"> </span><span class=\"s2\">&quot;open1.a3dcomp&quot;</span><span class=\"p\">,</span><span class=\"w\"></span>\n<span class=\"w\">            </span><span class=\"nt\">&quot;offset&quot;</span><span class=\"p\">:</span><span class=\"kc\">null</span><span class=\"p\">,</span><span class=\"w\"></span>\n<span class=\"w\">            </span><span class=\"nt\">&quot;rotation_cs&quot;</span><span class=\"p\">:</span><span class=\"kc\">null</span><span class=\"p\">,</span><span class=\"w\"></span>\n<span class=\"w\">            </span><span class=\"nt\">&quot;rotation&quot;</span><span class=\"p\">:</span><span class=\"kc\">null</span><span class=\"p\">,</span><span class=\"w\"></span>\n<span class=\"w\">            </span><span class=\"nt\">&quot;rotation_axis&quot;</span><span class=\"p\">:</span><span class=\"kc\">null</span><span class=\"p\">,</span><span class=\"w\"></span>\n<span class=\"w\">            </span><span class=\"nt\">&quot;duplicate_number&quot;</span><span class=\"p\">:</span><span class=\"kc\">null</span><span class=\"p\">,</span><span class=\"w\"></span>\n<span class=\"w\">            </span><span class=\"nt\">&quot;duplicate_vector&quot;</span><span class=\"p\">:</span><span class=\"kc\">null</span><span class=\"w\"></span>\n<span class=\"w\">            </span><span class=\"p\">}</span><span class=\"w\"></span>\n<span class=\"w\">    </span><span class=\"p\">}</span><span class=\"w\"></span>\n<span class=\"p\">}</span><span class=\"w\"></span>\n</pre></div>\n</div>\n</div></blockquote>\n<dl class=\"field-list\">\n<dt class=\"field-odd\">Parameters<span class=\"colon\">:</span></dt>\n<dd class=\"field-odd\"><dl>\n<dt><strong>env_folder</strong><span class=\"classifier\"><a class=\"reference external\" href=\"https://docs.python.org/dev/library/stdtypes.html#str\" title=\"(in Python v3.12)\"><code class=\"docutils literal notranslate\"><span class=\"pre\">str</span></code></a></span></dt><dd><p>Path to the actor directory. It must contain a json\nsettings file and a 3dcomponent (<code class=\"docutils literal notranslate\"><span class=\"pre\">.a3dcomp</span></code> file).</p>\n</dd>\n<dt><strong>global_offset</strong><span class=\"classifier\"><a class=\"reference external\" href=\"https://docs.python.org/dev/library/stdtypes.html#list\" title=\"(in Python v3.12)\"><code class=\"docutils literal notranslate\"><span class=\"pre\">list</span></code></a>, <code class=\"xref py py-obj docutils literal notranslate\"><span class=\"pre\">optional</span></code></span></dt><dd><p>Offset from Global Coordinate System [x,y,z] in meters.</p>\n</dd>\n<dt><strong>yaw</strong><span class=\"classifier\"><a class=\"reference external\" href=\"https://docs.python.org/dev/library/functions.html#float\" title=\"(in Python v3.12)\"><code class=\"docutils literal notranslate\"><span class=\"pre\">float</span></code></a>, <code class=\"xref py py-obj docutils literal notranslate\"><span class=\"pre\">optional</span></code></span></dt><dd><p>Yaw Rotation from Global Coordinate System in deg.</p>\n</dd>\n<dt><strong>pitch</strong><span class=\"classifier\"><a class=\"reference external\" href=\"https://docs.python.org/dev/library/functions.html#float\" title=\"(in Python v3.12)\"><code class=\"docutils literal notranslate\"><span class=\"pre\">float</span></code></a>, <code class=\"xref py py-obj docutils literal notranslate\"><span class=\"pre\">optional</span></code></span></dt><dd><p>Pitch Rotation from Global Coordinate System in deg.</p>\n</dd>\n<dt><strong>roll</strong><span class=\"classifier\"><a class=\"reference external\" href=\"https://docs.python.org/dev/library/functions.html#float\" title=\"(in Python v3.12)\"><code class=\"docutils literal notranslate\"><span class=\"pre\">float</span></code></a>, <code class=\"xref py py-obj docutils literal notranslate\"><span class=\"pre\">optional</span></code></span></dt><dd><p>Roll Rotation from Global Coordinate System in deg.</p>\n</dd>\n<dt><strong>relative_cs_name</strong><span class=\"classifier\"><a class=\"reference external\" href=\"https://docs.python.org/dev/library/stdtypes.html#str\" title=\"(in Python v3.12)\"><code class=\"docutils literal notranslate\"><span class=\"pre\">str</span></code></a></span></dt><dd><p>Relative CS Name of the actor. <code class=\"docutils literal notranslate\"><span class=\"pre\">None</span></code> for Global CS.</p>\n</dd>\n</dl>\n</dd>\n<dt class=\"field-even\">Returns<span class=\"colon\">:</span></dt>\n<dd class=\"field-even\"><dl class=\"simple\">\n<dt><a class=\"reference internal\" href=\"../pyaedt.modeler.multiparts.Environment/#pyaedt.modeler.multiparts.Environment\" title=\"pyaedt.modeler.multiparts.Environment\"><code class=\"xref py py-class docutils literal notranslate\"><span class=\"pre\">pyaedt.modeler.multiparts.Environment</span></code></a></dt><dd></dd>\n</dl>\n</dd>\n</dl>\n<p class=\"rubric\">References</p>\n<div class=\"doctest highlight-default notranslate\"><div class=\"highlight\"><pre><span></span><span class=\"gp\">&gt;&gt;&gt; </span><span class=\"n\">oEditor</span><span class=\"o\">.</span><span class=\"n\">Insert3DComponent</span>\n</pre></div>\n</div>\n</dd></dl>\n\n</section>\n", "metatags": "<meta name=\"generator\" content=\"Docutils 0.19: https://docutils.sourceforge.io/\" />\n", "rellinks": [["genindex", "General Index", "I", "index"], ["py-modindex", "Python Module Index", "", "modules"], ["API/_autosummary/pyaedt.modeler.Model3D.Modeler3D.add_new_objects", "add_new_objects", "N", "next"], ["API/_autosummary/pyaedt.modeler.Model3D.Modeler3D.add_bird", "add_bird", "P", "previous"]], "sourcename": "API/_autosummary/pyaedt.modeler.Model3D.Modeler3D.add_environment.rst.txt", "toc": "<ul>\n<li><a class=\"reference internal\" href=\"#\">add_environment</a><ul>\n<li><a class=\"reference internal\" href=\"#pyaedt.modeler.Model3D.Modeler3D.add_environment\"><code class=\"docutils literal notranslate\"><span class=\"pre\">Modeler3D.add_environment()</span></code></a></li>\n</ul>\n</li>\n</ul>\n", "display_toc": true, "page_source_suffix": ".rst", "current_page_name": "API/_autosummary/pyaedt.modeler.Model3D.Modeler3D.add_environment", "sidebars": ["search-field.html", "sidebar-nav-bs.html"], "customsidebar": null, "favicon_url": null, "logo_url": null, "alabaster_version": "0.7.12", "theme_show_toc_level": 1, "theme_logo": {}}