{"parents": [{"link": "../../", "title": "API reference"}, {"link": "../../Post/", "title": "Postprocessing"}, {"link": "../pyaedt.modules.solutions.FfdSolutionData/", "title": "pyaedt.modules.solutions.FfdSolutionData"}], "prev": {"link": "../pyaedt.modules.solutions.FfdSolutionData.assign_weight/", "title": "assign_weight"}, "next": {"link": "../pyaedt.modules.solutions.FfdSolutionData.beamform_2beams/", "title": "beamform_2beams"}, "title": "beamform", "meta": {}, "body": "<section id=\"beamform\">\n<h1>beamform<a class=\"headerlink\" href=\"#beamform\" title=\"Permalink to this heading\">#</a></h1>\n<dl class=\"py method\">\n<dt class=\"sig sig-object py\" id=\"pyaedt.modules.solutions.FfdSolutionData.beamform\">\n<span class=\"sig-prename descclassname\"><span class=\"pre\">FfdSolutionData.</span></span><span class=\"sig-name descname\"><span class=\"pre\">beamform</span></span><span class=\"sig-paren\">(</span><em class=\"sig-param\"><span class=\"n\"><span class=\"pre\">phi_scan</span></span><span class=\"o\"><span class=\"pre\">=</span></span><span class=\"default_value\"><span class=\"pre\">0</span></span></em>, <em class=\"sig-param\"><span class=\"n\"><span class=\"pre\">theta_scan</span></span><span class=\"o\"><span class=\"pre\">=</span></span><span class=\"default_value\"><span class=\"pre\">0</span></span></em><span class=\"sig-paren\">)</span><a class=\"reference internal\" href=\"../../../_modules/pyaedt/modules/solutions/#FfdSolutionData.beamform\"><span class=\"viewcode-link\"><span class=\"pre\">[source]</span></span></a><a class=\"headerlink\" href=\"#pyaedt.modules.solutions.FfdSolutionData.beamform\" title=\"Permalink to this definition\">#</a></dt>\n<dd><p>Compute the far field pattern calculated for a specific phi/scan angle requested.\nThis is calculated based on the lattice vector spacing and the embedded element\npatterns of a ca-ddm or fa-ddm array in HFSS.\nCalculates phase shifts between array elements in A and B directions,\nPhaseShiftA and PhaseShiftB, given Wave Vector (k), lattice vectors\n(Ax, Ay, Bx, By), Scan angles (theta, phi) using formula below\nPhase Shift A = - (Ax*k*sin(theta)*cos(phi) + Ay*k*sin(theta)*sin(phi))\nPhase Shift B = - (Bx*k*sin(theta)*cos(phi) + By*k*sin(theta)*sin(phi)).</p>\n<dl class=\"field-list\">\n<dt class=\"field-odd\">Parameters<span class=\"colon\">:</span></dt>\n<dd class=\"field-odd\"><dl>\n<dt><strong>phi_scan</strong><span class=\"classifier\"><a class=\"reference external\" href=\"https://docs.python.org/dev/library/functions.html#int\" title=\"(in Python v3.12)\"><code class=\"docutils literal notranslate\"><span class=\"pre\">int</span></code></a>, <a class=\"reference external\" href=\"https://docs.python.org/dev/library/functions.html#float\" title=\"(in Python v3.12)\"><code class=\"docutils literal notranslate\"><span class=\"pre\">float</span></code></a></span></dt><dd><p>Spherical cs for desired scan angle of beam.</p>\n</dd>\n<dt><strong>theta_scan:</strong><span class=\"classifier\"><a class=\"reference external\" href=\"https://docs.python.org/dev/library/functions.html#int\" title=\"(in Python v3.12)\"><code class=\"docutils literal notranslate\"><span class=\"pre\">int</span></code></a>, <a class=\"reference external\" href=\"https://docs.python.org/dev/library/functions.html#float\" title=\"(in Python v3.12)\"><code class=\"docutils literal notranslate\"><span class=\"pre\">float</span></code></a></span></dt><dd><p>Spherical cs for desired scan angle of beam.</p>\n</dd>\n</dl>\n</dd>\n<dt class=\"field-even\">Returns<span class=\"colon\">:</span></dt>\n<dd class=\"field-even\"><dl class=\"simple\">\n<dt><a class=\"reference external\" href=\"https://docs.python.org/dev/library/stdtypes.html#dict\" title=\"(in Python v3.12)\"><code class=\"docutils literal notranslate\"><span class=\"pre\">dict</span></code></a></dt><dd><p>Updated quantities dictionary.</p>\n</dd>\n</dl>\n</dd>\n</dl>\n</dd></dl>\n\n</section>\n", "metatags": "<meta name=\"generator\" content=\"Docutils 0.19: https://docutils.sourceforge.io/\" />\n", "rellinks": [["genindex", "General Index", "I", "index"], ["py-modindex", "Python Module Index", "", "modules"], ["API/_autosummary/pyaedt.modules.solutions.FfdSolutionData.beamform_2beams", "beamform_2beams", "N", "next"], ["API/_autosummary/pyaedt.modules.solutions.FfdSolutionData.assign_weight", "assign_weight", "P", "previous"]], "sourcename": "API/_autosummary/pyaedt.modules.solutions.FfdSolutionData.beamform.rst.txt", "toc": "<ul>\n<li><a class=\"reference internal\" href=\"#\">beamform</a><ul>\n<li><a class=\"reference internal\" href=\"#pyaedt.modules.solutions.FfdSolutionData.beamform\"><code class=\"docutils literal notranslate\"><span class=\"pre\">FfdSolutionData.beamform()</span></code></a></li>\n</ul>\n</li>\n</ul>\n", "display_toc": true, "page_source_suffix": ".rst", "current_page_name": "API/_autosummary/pyaedt.modules.solutions.FfdSolutionData.beamform", "sidebars": ["search-field.html", "sidebar-nav-bs.html"], "customsidebar": null, "favicon_url": null, "logo_url": null, "alabaster_version": "0.7.12", "theme_show_toc_level": 1, "theme_logo": {}}