{"parents": [{"link": "../../", "title": "API reference"}, {"link": "../../Application/", "title": "AEDT apps"}], "prev": {"link": "../pyaedt.Hfss.working_directory/", "title": "working_directory"}, "next": {"link": "../pyaedt.Q3d.activate_variable_optimization/", "title": "activate_variable_optimization"}, "title": "pyaedt.Q3d", "meta": {}, "body": "<section id=\"pyaedt-q3d\">\n<h1>pyaedt.Q3d<a class=\"headerlink\" href=\"#pyaedt-q3d\" title=\"Permalink to this heading\">#</a></h1>\n<dl class=\"py class\">\n<dt class=\"sig sig-object py\" id=\"pyaedt.Q3d\">\n<em class=\"property\"><span class=\"pre\">class</span><span class=\"w\"> </span></em><span class=\"sig-prename descclassname\"><span class=\"pre\">pyaedt.</span></span><span class=\"sig-name descname\"><span class=\"pre\">Q3d</span></span><span class=\"sig-paren\">(</span><em class=\"sig-param\"><span class=\"n\"><span class=\"pre\">projectname</span></span><span class=\"o\"><span class=\"pre\">=</span></span><span class=\"default_value\"><span class=\"pre\">None</span></span></em>, <em class=\"sig-param\"><span class=\"n\"><span class=\"pre\">designname</span></span><span class=\"o\"><span class=\"pre\">=</span></span><span class=\"default_value\"><span class=\"pre\">None</span></span></em>, <em class=\"sig-param\"><span class=\"n\"><span class=\"pre\">solution_type</span></span><span class=\"o\"><span class=\"pre\">=</span></span><span class=\"default_value\"><span class=\"pre\">None</span></span></em>, <em class=\"sig-param\"><span class=\"n\"><span class=\"pre\">setup_name</span></span><span class=\"o\"><span class=\"pre\">=</span></span><span class=\"default_value\"><span class=\"pre\">None</span></span></em>, <em class=\"sig-param\"><span class=\"n\"><span class=\"pre\">specified_version</span></span><span class=\"o\"><span class=\"pre\">=</span></span><span class=\"default_value\"><span class=\"pre\">None</span></span></em>, <em class=\"sig-param\"><span class=\"n\"><span class=\"pre\">non_graphical</span></span><span class=\"o\"><span class=\"pre\">=</span></span><span class=\"default_value\"><span class=\"pre\">False</span></span></em>, <em class=\"sig-param\"><span class=\"n\"><span class=\"pre\">new_desktop_session</span></span><span class=\"o\"><span class=\"pre\">=</span></span><span class=\"default_value\"><span class=\"pre\">False</span></span></em>, <em class=\"sig-param\"><span class=\"n\"><span class=\"pre\">close_on_exit</span></span><span class=\"o\"><span class=\"pre\">=</span></span><span class=\"default_value\"><span class=\"pre\">False</span></span></em>, <em class=\"sig-param\"><span class=\"n\"><span class=\"pre\">student_version</span></span><span class=\"o\"><span class=\"pre\">=</span></span><span class=\"default_value\"><span class=\"pre\">False</span></span></em>, <em class=\"sig-param\"><span class=\"n\"><span class=\"pre\">machine</span></span><span class=\"o\"><span class=\"pre\">=</span></span><span class=\"default_value\"><span class=\"pre\">''</span></span></em>, <em class=\"sig-param\"><span class=\"n\"><span class=\"pre\">port</span></span><span class=\"o\"><span class=\"pre\">=</span></span><span class=\"default_value\"><span class=\"pre\">0</span></span></em>, <em class=\"sig-param\"><span class=\"n\"><span class=\"pre\">aedt_process_id</span></span><span class=\"o\"><span class=\"pre\">=</span></span><span class=\"default_value\"><span class=\"pre\">None</span></span></em><span class=\"sig-paren\">)</span><a class=\"reference internal\" href=\"../../../_modules/pyaedt/q3d/#Q3d\"><span class=\"viewcode-link\"><span class=\"pre\">[source]</span></span></a><a class=\"headerlink\" href=\"#pyaedt.Q3d\" title=\"Permalink to this definition\">#</a></dt>\n<dd><p>Provides the Q3D app interface.</p>\n<p>This class allows you to create an instance of Q3D and link to an\nexisting project or create a new one.</p>\n<dl class=\"field-list\">\n<dt class=\"field-odd\">Parameters<span class=\"colon\">:</span></dt>\n<dd class=\"field-odd\"><dl>\n<dt><strong>projectname</strong><span class=\"classifier\"><a class=\"reference external\" href=\"https://docs.python.org/dev/library/stdtypes.html#str\" title=\"(in Python v3.12)\"><code class=\"docutils literal notranslate\"><span class=\"pre\">str</span></code></a>, <code class=\"xref py py-obj docutils literal notranslate\"><span class=\"pre\">optional</span></code></span></dt><dd><p>Name of the project to select or the full path to the project\nor AEDTZ archive to open. The default is <code class=\"docutils literal notranslate\"><span class=\"pre\">None</span></code>, in which\ncase an attempt is made to get an active project. If no\nprojects are present, an empty project is created.</p>\n</dd>\n<dt><strong>designname</strong><span class=\"classifier\"><a class=\"reference external\" href=\"https://docs.python.org/dev/library/stdtypes.html#str\" title=\"(in Python v3.12)\"><code class=\"docutils literal notranslate\"><span class=\"pre\">str</span></code></a>, <code class=\"xref py py-obj docutils literal notranslate\"><span class=\"pre\">optional</span></code></span></dt><dd><p>Name of the design to select. The default is <code class=\"docutils literal notranslate\"><span class=\"pre\">None</span></code>, in\nwhich case an attempt is made to get an active design. If no\ndesigns are present, an empty design is created.</p>\n</dd>\n<dt><strong>solution_type</strong><span class=\"classifier\"><a class=\"reference external\" href=\"https://docs.python.org/dev/library/stdtypes.html#str\" title=\"(in Python v3.12)\"><code class=\"docutils literal notranslate\"><span class=\"pre\">str</span></code></a>, <code class=\"xref py py-obj docutils literal notranslate\"><span class=\"pre\">optional</span></code></span></dt><dd><p>Solution type to apply to the design. The default is\n<code class=\"docutils literal notranslate\"><span class=\"pre\">None</span></code>, in which case the default type is applied.</p>\n</dd>\n<dt><strong>setup_name</strong><span class=\"classifier\"><a class=\"reference external\" href=\"https://docs.python.org/dev/library/stdtypes.html#str\" title=\"(in Python v3.12)\"><code class=\"docutils literal notranslate\"><span class=\"pre\">str</span></code></a>, <code class=\"xref py py-obj docutils literal notranslate\"><span class=\"pre\">optional</span></code></span></dt><dd><p>Name of the setup to use as the nominal. The default is\n<code class=\"docutils literal notranslate\"><span class=\"pre\">None</span></code>, in which case the active setup is used or nothing\nis used.</p>\n</dd>\n<dt><strong>specified_version</strong><span class=\"classifier\"><a class=\"reference external\" href=\"https://docs.python.org/dev/library/stdtypes.html#str\" title=\"(in Python v3.12)\"><code class=\"docutils literal notranslate\"><span class=\"pre\">str</span></code></a>, <code class=\"xref py py-obj docutils literal notranslate\"><span class=\"pre\">optional</span></code></span></dt><dd><p>Version of AEDT to use. The default is <code class=\"docutils literal notranslate\"><span class=\"pre\">None</span></code>, in which case\nthe active version or latest installed version is used.\nThis parameter is ignored when Script is launched within AEDT.</p>\n</dd>\n<dt><strong>non_graphical</strong><span class=\"classifier\"><a class=\"reference external\" href=\"https://docs.python.org/dev/library/stdtypes.html#bltin-boolean-values\" title=\"(in Python v3.12)\"><span class=\"xref std std-ref\">bool</span></a>, <code class=\"xref py py-obj docutils literal notranslate\"><span class=\"pre\">optional</span></code></span></dt><dd><p>Whether to launch AEDT in non-graphical mode. The default\nis <code class=\"docutils literal notranslate\"><span class=\"pre\">False</span></code>, in which case AEDT is launched in graphical mode.\nThis parameter is ignored when a script is launched within AEDT.</p>\n</dd>\n<dt><strong>new_desktop_session</strong><span class=\"classifier\"><a class=\"reference external\" href=\"https://docs.python.org/dev/library/stdtypes.html#bltin-boolean-values\" title=\"(in Python v3.12)\"><span class=\"xref std std-ref\">bool</span></a>, <code class=\"xref py py-obj docutils literal notranslate\"><span class=\"pre\">optional</span></code></span></dt><dd><p>Whether to launch an instance of AEDT in a new thread, even if\nanother instance of the <code class=\"docutils literal notranslate\"><span class=\"pre\">specified_version</span></code> is active on the\nmachine. The default is <code class=\"docutils literal notranslate\"><span class=\"pre\">True</span></code>. This parameter is ignored when\na script is launched within AEDT.</p>\n</dd>\n<dt><strong>close_on_exit</strong><span class=\"classifier\"><a class=\"reference external\" href=\"https://docs.python.org/dev/library/stdtypes.html#bltin-boolean-values\" title=\"(in Python v3.12)\"><span class=\"xref std std-ref\">bool</span></a>, <code class=\"xref py py-obj docutils literal notranslate\"><span class=\"pre\">optional</span></code></span></dt><dd><p>Whether to release AEDT on exit. The default is <code class=\"docutils literal notranslate\"><span class=\"pre\">False</span></code>.</p>\n</dd>\n<dt><strong>student_version</strong><span class=\"classifier\"><a class=\"reference external\" href=\"https://docs.python.org/dev/library/stdtypes.html#bltin-boolean-values\" title=\"(in Python v3.12)\"><span class=\"xref std std-ref\">bool</span></a>, <code class=\"xref py py-obj docutils literal notranslate\"><span class=\"pre\">optional</span></code></span></dt><dd><p>Whether to open the AEDT student version. The default is <code class=\"docutils literal notranslate\"><span class=\"pre\">False</span></code>.\nThis parameter is ignored when a script is launched within AEDT.</p>\n</dd>\n<dt><strong>machine</strong><span class=\"classifier\"><a class=\"reference external\" href=\"https://docs.python.org/dev/library/stdtypes.html#str\" title=\"(in Python v3.12)\"><code class=\"docutils literal notranslate\"><span class=\"pre\">str</span></code></a>, <code class=\"xref py py-obj docutils literal notranslate\"><span class=\"pre\">optional</span></code></span></dt><dd><p>Machine name to connect the oDesktop session to. This works only in\n2022 R2 and later. The remote server must be up and running with the\ncommand <cite>\u201cansysedt.exe -grpcsrv portnum\u201d</cite>. If the machine is <cite>\u201clocalhost\u201d</cite>,\nthe server also starts if not present.</p>\n</dd>\n<dt><strong>port</strong><span class=\"classifier\"><a class=\"reference external\" href=\"https://docs.python.org/dev/library/functions.html#int\" title=\"(in Python v3.12)\"><code class=\"docutils literal notranslate\"><span class=\"pre\">int</span></code></a>, <code class=\"xref py py-obj docutils literal notranslate\"><span class=\"pre\">optional</span></code></span></dt><dd><p>Port number on which to start the oDesktop communication on an already\nexisting server. This parameter is ignored when a new server is created.\nIt works only in 2022 R2 and later. The remote server must be up and\nrunning with the command <cite>\u201cansysedt.exe -grpcsrv portnum\u201d</cite>.</p>\n</dd>\n<dt><strong>aedt_process_id</strong><span class=\"classifier\"><a class=\"reference external\" href=\"https://docs.python.org/dev/library/functions.html#int\" title=\"(in Python v3.12)\"><code class=\"docutils literal notranslate\"><span class=\"pre\">int</span></code></a>, <code class=\"xref py py-obj docutils literal notranslate\"><span class=\"pre\">optional</span></code></span></dt><dd><p>Process ID for the instance of AEDT to point PyAEDT at. The default is\n<code class=\"docutils literal notranslate\"><span class=\"pre\">None</span></code>. This parameter is only used when <code class=\"docutils literal notranslate\"><span class=\"pre\">new_desktop_session</span> <span class=\"pre\">=</span> <span class=\"pre\">False</span></code>.</p>\n</dd>\n</dl>\n</dd>\n</dl>\n<p class=\"rubric\">Examples</p>\n<p>Create an instance of Q3D and connect to an existing Q3D\ndesign or create a new Q3D design if one does not exist.</p>\n<div class=\"doctest highlight-default notranslate\"><div class=\"highlight\"><pre><span></span><span class=\"gp\">&gt;&gt;&gt; </span><span class=\"kn\">from</span> <span class=\"nn\">pyaedt</span> <span class=\"kn\">import</span> <span class=\"n\">Q3d</span>\n<span class=\"gp\">&gt;&gt;&gt; </span><span class=\"n\">app</span> <span class=\"o\">=</span> <span class=\"n\">Q3d</span><span class=\"p\">()</span>\n</pre></div>\n</div>\n<p class=\"rubric\">Methods</p>\n<table class=\"autosummary longtable docutils align-default\">\n<tbody>\n<tr class=\"row-odd\"><td><p><a class=\"reference internal\" href=\"../pyaedt.Q3d.activate_variable_optimization/#pyaedt.Q3d.activate_variable_optimization\" title=\"pyaedt.Q3d.activate_variable_optimization\"><code class=\"xref py py-obj docutils literal notranslate\"><span class=\"pre\">Q3d.activate_variable_optimization</span></code></a>(variable_name)</p></td>\n<td><p>Activate optimization analysis for a variable and optionally set up ranges.</p></td>\n</tr>\n<tr class=\"row-even\"><td><p><a class=\"reference internal\" href=\"../pyaedt.Q3d.activate_variable_sensitivity/#pyaedt.Q3d.activate_variable_sensitivity\" title=\"pyaedt.Q3d.activate_variable_sensitivity\"><code class=\"xref py py-obj docutils literal notranslate\"><span class=\"pre\">Q3d.activate_variable_sensitivity</span></code></a>(variable_name)</p></td>\n<td><p>Activate sensitivity analysis for a variable and optionally set up ranges.</p></td>\n</tr>\n<tr class=\"row-odd\"><td><p><a class=\"reference internal\" href=\"../pyaedt.Q3d.activate_variable_statistical/#pyaedt.Q3d.activate_variable_statistical\" title=\"pyaedt.Q3d.activate_variable_statistical\"><code class=\"xref py py-obj docutils literal notranslate\"><span class=\"pre\">Q3d.activate_variable_statistical</span></code></a>(variable_name)</p></td>\n<td><p>Activate statitistical analysis for a variable and optionally set up ranges.</p></td>\n</tr>\n<tr class=\"row-even\"><td><p><a class=\"reference internal\" href=\"../pyaedt.Q3d.activate_variable_tuning/#pyaedt.Q3d.activate_variable_tuning\" title=\"pyaedt.Q3d.activate_variable_tuning\"><code class=\"xref py py-obj docutils literal notranslate\"><span class=\"pre\">Q3d.activate_variable_tuning</span></code></a>(variable_name)</p></td>\n<td><p>Activate tuning analysis for a variable and optionally set up ranges.</p></td>\n</tr>\n<tr class=\"row-odd\"><td><p><a class=\"reference internal\" href=\"../pyaedt.Q3d.add_error_message/#pyaedt.Q3d.add_error_message\" title=\"pyaedt.Q3d.add_error_message\"><code class=\"xref py py-obj docutils literal notranslate\"><span class=\"pre\">Q3d.add_error_message</span></code></a>(message_text[,\u00a0...])</p></td>\n<td><p>Add a type 0 &quot;Error&quot; message to either the global, active project, or active design level of the message mmanager tree.</p></td>\n</tr>\n<tr class=\"row-even\"><td><p><a class=\"reference internal\" href=\"../pyaedt.Q3d.add_info_message/#pyaedt.Q3d.add_info_message\" title=\"pyaedt.Q3d.add_info_message\"><code class=\"xref py py-obj docutils literal notranslate\"><span class=\"pre\">Q3d.add_info_message</span></code></a>(message_text[,\u00a0...])</p></td>\n<td><p>Add a type 0 &quot;Info&quot; message to either the global, active project, or active design level of the message manager tree.</p></td>\n</tr>\n<tr class=\"row-odd\"><td><p><a class=\"reference internal\" href=\"../pyaedt.Q3d.add_stackup_3d/#pyaedt.Q3d.add_stackup_3d\" title=\"pyaedt.Q3d.add_stackup_3d\"><code class=\"xref py py-obj docutils literal notranslate\"><span class=\"pre\">Q3d.add_stackup_3d</span></code></a>()</p></td>\n<td><p>Create a stackup 3D object.</p></td>\n</tr>\n<tr class=\"row-even\"><td><p><a class=\"reference internal\" href=\"../pyaedt.Q3d.add_warning_message/#pyaedt.Q3d.add_warning_message\" title=\"pyaedt.Q3d.add_warning_message\"><code class=\"xref py py-obj docutils literal notranslate\"><span class=\"pre\">Q3d.add_warning_message</span></code></a>(message_text[,\u00a0...])</p></td>\n<td><p>Add a type 0 &quot;Warning&quot; message to either the global, active project, or active design level of the message manager tree.</p></td>\n</tr>\n<tr class=\"row-odd\"><td><p><a class=\"reference internal\" href=\"../pyaedt.Q3d.analyse_nominal/#pyaedt.Q3d.analyse_nominal\" title=\"pyaedt.Q3d.analyse_nominal\"><code class=\"xref py py-obj docutils literal notranslate\"><span class=\"pre\">Q3d.analyse_nominal</span></code></a>()</p></td>\n<td><p>Solve the nominal design.</p></td>\n</tr>\n<tr class=\"row-even\"><td><p><a class=\"reference internal\" href=\"../pyaedt.Q3d.analyze_all/#pyaedt.Q3d.analyze_all\" title=\"pyaedt.Q3d.analyze_all\"><code class=\"xref py py-obj docutils literal notranslate\"><span class=\"pre\">Q3d.analyze_all</span></code></a>()</p></td>\n<td><p>Analyze all setups in a design.</p></td>\n</tr>\n<tr class=\"row-odd\"><td><p><a class=\"reference internal\" href=\"../pyaedt.Q3d.analyze_from_initial_mesh/#pyaedt.Q3d.analyze_from_initial_mesh\" title=\"pyaedt.Q3d.analyze_from_initial_mesh\"><code class=\"xref py py-obj docutils literal notranslate\"><span class=\"pre\">Q3d.analyze_from_initial_mesh</span></code></a>()</p></td>\n<td><p>Revert the solution to the initial mesh and re-run the solve.</p></td>\n</tr>\n<tr class=\"row-even\"><td><p><a class=\"reference internal\" href=\"../pyaedt.Q3d.analyze_nominal/#pyaedt.Q3d.analyze_nominal\" title=\"pyaedt.Q3d.analyze_nominal\"><code class=\"xref py py-obj docutils literal notranslate\"><span class=\"pre\">Q3d.analyze_nominal</span></code></a>([num_cores,\u00a0num_tasks,\u00a0...])</p></td>\n<td><p>Solve the nominal design.</p></td>\n</tr>\n<tr class=\"row-odd\"><td><p><a class=\"reference internal\" href=\"../pyaedt.Q3d.analyze_setup/#pyaedt.Q3d.analyze_setup\" title=\"pyaedt.Q3d.analyze_setup\"><code class=\"xref py py-obj docutils literal notranslate\"><span class=\"pre\">Q3d.analyze_setup</span></code></a>(name[,\u00a0num_cores,\u00a0...])</p></td>\n<td><p>Analyze a design setup.</p></td>\n</tr>\n<tr class=\"row-even\"><td><p><a class=\"reference internal\" href=\"../pyaedt.Q3d.archive_project/#pyaedt.Q3d.archive_project\" title=\"pyaedt.Q3d.archive_project\"><code class=\"xref py py-obj docutils literal notranslate\"><span class=\"pre\">Q3d.archive_project</span></code></a>([project_file,\u00a0...])</p></td>\n<td><p>Archive the AEDT project and add a message.</p></td>\n</tr>\n<tr class=\"row-odd\"><td><p><a class=\"reference internal\" href=\"../pyaedt.Q3d.assign_material/#pyaedt.Q3d.assign_material\" title=\"pyaedt.Q3d.assign_material\"><code class=\"xref py py-obj docutils literal notranslate\"><span class=\"pre\">Q3d.assign_material</span></code></a>(obj,\u00a0mat)</p></td>\n<td><p>Assign a material to one or more objects.</p></td>\n</tr>\n<tr class=\"row-even\"><td><p><a class=\"reference internal\" href=\"../pyaedt.Q3d.assign_net/#pyaedt.Q3d.assign_net\" title=\"pyaedt.Q3d.assign_net\"><code class=\"xref py py-obj docutils literal notranslate\"><span class=\"pre\">Q3d.assign_net</span></code></a>(objects[,\u00a0net_name,\u00a0net_type])</p></td>\n<td><p>Assign a net to a list of objects.</p></td>\n</tr>\n<tr class=\"row-odd\"><td><p><a class=\"reference internal\" href=\"../pyaedt.Q3d.assign_sink_to_objectface/#pyaedt.Q3d.assign_sink_to_objectface\" title=\"pyaedt.Q3d.assign_sink_to_objectface\"><code class=\"xref py py-obj docutils literal notranslate\"><span class=\"pre\">Q3d.assign_sink_to_objectface</span></code></a>(object_name[,\u00a0...])</p></td>\n<td><p>Generate a sink on a face of an object.</p></td>\n</tr>\n<tr class=\"row-even\"><td><p><a class=\"reference internal\" href=\"../pyaedt.Q3d.assign_sink_to_sheet/#pyaedt.Q3d.assign_sink_to_sheet\" title=\"pyaedt.Q3d.assign_sink_to_sheet\"><code class=\"xref py py-obj docutils literal notranslate\"><span class=\"pre\">Q3d.assign_sink_to_sheet</span></code></a>(sheetname[,\u00a0...])</p></td>\n<td><p>Generate a sink on a sheet.</p></td>\n</tr>\n<tr class=\"row-odd\"><td><p><a class=\"reference internal\" href=\"../pyaedt.Q3d.assign_source_to_objectface/#pyaedt.Q3d.assign_source_to_objectface\" title=\"pyaedt.Q3d.assign_source_to_objectface\"><code class=\"xref py py-obj docutils literal notranslate\"><span class=\"pre\">Q3d.assign_source_to_objectface</span></code></a>(object_name)</p></td>\n<td><p>Generate a source on a face of an object.</p></td>\n</tr>\n<tr class=\"row-even\"><td><p><a class=\"reference internal\" href=\"../pyaedt.Q3d.assign_source_to_sheet/#pyaedt.Q3d.assign_source_to_sheet\" title=\"pyaedt.Q3d.assign_source_to_sheet\"><code class=\"xref py py-obj docutils literal notranslate\"><span class=\"pre\">Q3d.assign_source_to_sheet</span></code></a>(sheetname[,\u00a0...])</p></td>\n<td><p>Generate a source on a sheet.</p></td>\n</tr>\n<tr class=\"row-odd\"><td><p><a class=\"reference internal\" href=\"../pyaedt.Q3d.assignmaterial_from_sherlock_files/#pyaedt.Q3d.assignmaterial_from_sherlock_files\" title=\"pyaedt.Q3d.assignmaterial_from_sherlock_files\"><code class=\"xref py py-obj docutils literal notranslate\"><span class=\"pre\">Q3d.assignmaterial_from_sherlock_files</span></code></a>(...)</p></td>\n<td><p>Assign material to objects in a design based on a CSV file obtained from Sherlock.</p></td>\n</tr>\n<tr class=\"row-even\"><td><p><a class=\"reference internal\" href=\"../pyaedt.Q3d.auto_identify_nets/#pyaedt.Q3d.auto_identify_nets\" title=\"pyaedt.Q3d.auto_identify_nets\"><code class=\"xref py py-obj docutils literal notranslate\"><span class=\"pre\">Q3d.auto_identify_nets</span></code></a>()</p></td>\n<td><p>Identify nets automatically.</p></td>\n</tr>\n<tr class=\"row-odd\"><td><p><a class=\"reference internal\" href=\"../pyaedt.Q3d.autosave_disable/#pyaedt.Q3d.autosave_disable\" title=\"pyaedt.Q3d.autosave_disable\"><code class=\"xref py py-obj docutils literal notranslate\"><span class=\"pre\">Q3d.autosave_disable</span></code></a>()</p></td>\n<td><p>Disable autosave in AEDT.</p></td>\n</tr>\n<tr class=\"row-even\"><td><p><a class=\"reference internal\" href=\"../pyaedt.Q3d.autosave_enable/#pyaedt.Q3d.autosave_enable\" title=\"pyaedt.Q3d.autosave_enable\"><code class=\"xref py py-obj docutils literal notranslate\"><span class=\"pre\">Q3d.autosave_enable</span></code></a>()</p></td>\n<td><p>Enable autosave in AEDT.</p></td>\n</tr>\n<tr class=\"row-odd\"><td><p><a class=\"reference internal\" href=\"../pyaedt.Q3d.change_automatically_use_causal_materials/#pyaedt.Q3d.change_automatically_use_causal_materials\" title=\"pyaedt.Q3d.change_automatically_use_causal_materials\"><code class=\"xref py py-obj docutils literal notranslate\"><span class=\"pre\">Q3d.change_automatically_use_causal_materials</span></code></a>([...])</p></td>\n<td><p>Enable or disable the automatic use of causal materials for lossy dielectrics.</p></td>\n</tr>\n<tr class=\"row-even\"><td><p><a class=\"reference internal\" href=\"../pyaedt.Q3d.change_design_settings/#pyaedt.Q3d.change_design_settings\" title=\"pyaedt.Q3d.change_design_settings\"><code class=\"xref py py-obj docutils literal notranslate\"><span class=\"pre\">Q3d.change_design_settings</span></code></a>(settings)</p></td>\n<td><p>Set Design Settings.</p></td>\n</tr>\n<tr class=\"row-odd\"><td><p><a class=\"reference internal\" href=\"../pyaedt.Q3d.change_material_override/#pyaedt.Q3d.change_material_override\" title=\"pyaedt.Q3d.change_material_override\"><code class=\"xref py py-obj docutils literal notranslate\"><span class=\"pre\">Q3d.change_material_override</span></code></a>([material_override])</p></td>\n<td><p>Enable or disable the material override in the project.</p></td>\n</tr>\n<tr class=\"row-even\"><td><p><a class=\"reference internal\" href=\"../pyaedt.Q3d.change_property/#pyaedt.Q3d.change_property\" title=\"pyaedt.Q3d.change_property\"><code class=\"xref py py-obj docutils literal notranslate\"><span class=\"pre\">Q3d.change_property</span></code></a>(aedt_object,\u00a0tab_name,\u00a0...)</p></td>\n<td><p>Change a property.</p></td>\n</tr>\n<tr class=\"row-odd\"><td><p><a class=\"reference internal\" href=\"../pyaedt.Q3d.change_validation_settings/#pyaedt.Q3d.change_validation_settings\" title=\"pyaedt.Q3d.change_validation_settings\"><code class=\"xref py py-obj docutils literal notranslate\"><span class=\"pre\">Q3d.change_validation_settings</span></code></a>([...])</p></td>\n<td><p>Update the validation design settings.</p></td>\n</tr>\n<tr class=\"row-even\"><td><p><a class=\"reference internal\" href=\"../pyaedt.Q3d.check_beta_option_enabled/#pyaedt.Q3d.check_beta_option_enabled\" title=\"pyaedt.Q3d.check_beta_option_enabled\"><code class=\"xref py py-obj docutils literal notranslate\"><span class=\"pre\">Q3d.check_beta_option_enabled</span></code></a>(beta_option_name)</p></td>\n<td><p>Check if a beta option is enabled.</p></td>\n</tr>\n<tr class=\"row-odd\"><td><p><a class=\"reference internal\" href=\"../pyaedt.Q3d.clean_proj_folder/#pyaedt.Q3d.clean_proj_folder\" title=\"pyaedt.Q3d.clean_proj_folder\"><code class=\"xref py py-obj docutils literal notranslate\"><span class=\"pre\">Q3d.clean_proj_folder</span></code></a>([directory,\u00a0name])</p></td>\n<td><p>Delete a project folder.</p></td>\n</tr>\n<tr class=\"row-even\"><td><p><a class=\"reference internal\" href=\"../pyaedt.Q3d.cleanup_solution/#pyaedt.Q3d.cleanup_solution\" title=\"pyaedt.Q3d.cleanup_solution\"><code class=\"xref py py-obj docutils literal notranslate\"><span class=\"pre\">Q3d.cleanup_solution</span></code></a>([variations,\u00a0...])</p></td>\n<td><p>Delete a set of Solution Variations or part of them.</p></td>\n</tr>\n<tr class=\"row-odd\"><td><p><a class=\"reference internal\" href=\"../pyaedt.Q3d.close_desktop/#pyaedt.Q3d.close_desktop\" title=\"pyaedt.Q3d.close_desktop\"><code class=\"xref py py-obj docutils literal notranslate\"><span class=\"pre\">Q3d.close_desktop</span></code></a>()</p></td>\n<td><p>Close AEDT and release it.</p></td>\n</tr>\n<tr class=\"row-even\"><td><p><a class=\"reference internal\" href=\"../pyaedt.Q3d.close_project/#pyaedt.Q3d.close_project\" title=\"pyaedt.Q3d.close_project\"><code class=\"xref py py-obj docutils literal notranslate\"><span class=\"pre\">Q3d.close_project</span></code></a>([name,\u00a0save_project])</p></td>\n<td><p>Close an AEDT project.</p></td>\n</tr>\n<tr class=\"row-odd\"><td><p><a class=\"reference internal\" href=\"../pyaedt.Q3d.copy_design_from/#pyaedt.Q3d.copy_design_from\" title=\"pyaedt.Q3d.copy_design_from\"><code class=\"xref py py-obj docutils literal notranslate\"><span class=\"pre\">Q3d.copy_design_from</span></code></a>(project_fullname,\u00a0...)</p></td>\n<td><p>Copy a design from a project into the active design.</p></td>\n</tr>\n<tr class=\"row-even\"><td><p><a class=\"reference internal\" href=\"../pyaedt.Q3d.copy_project/#pyaedt.Q3d.copy_project\" title=\"pyaedt.Q3d.copy_project\"><code class=\"xref py py-obj docutils literal notranslate\"><span class=\"pre\">Q3d.copy_project</span></code></a>(path,\u00a0dest)</p></td>\n<td><p>Copy the project to another destination.</p></td>\n</tr>\n<tr class=\"row-odd\"><td><p><a class=\"reference internal\" href=\"../pyaedt.Q3d.copy_solid_bodies_from/#pyaedt.Q3d.copy_solid_bodies_from\" title=\"pyaedt.Q3d.copy_solid_bodies_from\"><code class=\"xref py py-obj docutils literal notranslate\"><span class=\"pre\">Q3d.copy_solid_bodies_from</span></code></a>(design[,\u00a0...])</p></td>\n<td><p>Copy a list of objects and user defined models from one design to the active design.</p></td>\n</tr>\n<tr class=\"row-even\"><td><p><a class=\"reference internal\" href=\"../pyaedt.Q3d.create_dataset/#pyaedt.Q3d.create_dataset\" title=\"pyaedt.Q3d.create_dataset\"><code class=\"xref py py-obj docutils literal notranslate\"><span class=\"pre\">Q3d.create_dataset</span></code></a>(dsname,\u00a0xlist,\u00a0ylist[,\u00a0...])</p></td>\n<td><p>Create a dataset.</p></td>\n</tr>\n<tr class=\"row-odd\"><td><p><a class=\"reference internal\" href=\"../pyaedt.Q3d.create_dataset1d_design/#pyaedt.Q3d.create_dataset1d_design\" title=\"pyaedt.Q3d.create_dataset1d_design\"><code class=\"xref py py-obj docutils literal notranslate\"><span class=\"pre\">Q3d.create_dataset1d_design</span></code></a>(dsname,\u00a0xlist,\u00a0ylist)</p></td>\n<td><p>Create a design dataset.</p></td>\n</tr>\n<tr class=\"row-even\"><td><p><a class=\"reference internal\" href=\"../pyaedt.Q3d.create_dataset1d_project/#pyaedt.Q3d.create_dataset1d_project\" title=\"pyaedt.Q3d.create_dataset1d_project\"><code class=\"xref py py-obj docutils literal notranslate\"><span class=\"pre\">Q3d.create_dataset1d_project</span></code></a>(dsname,\u00a0xlist,\u00a0...)</p></td>\n<td><p>Create a project dataset.</p></td>\n</tr>\n<tr class=\"row-odd\"><td><p><a class=\"reference internal\" href=\"../pyaedt.Q3d.create_dataset3d/#pyaedt.Q3d.create_dataset3d\" title=\"pyaedt.Q3d.create_dataset3d\"><code class=\"xref py py-obj docutils literal notranslate\"><span class=\"pre\">Q3d.create_dataset3d</span></code></a>(dsname,\u00a0xlist,\u00a0ylist[,\u00a0...])</p></td>\n<td><p>Create a 3D dataset.</p></td>\n</tr>\n<tr class=\"row-even\"><td><p><a class=\"reference internal\" href=\"../pyaedt.Q3d.create_discrete_sweep/#pyaedt.Q3d.create_discrete_sweep\" title=\"pyaedt.Q3d.create_discrete_sweep\"><code class=\"xref py py-obj docutils literal notranslate\"><span class=\"pre\">Q3d.create_discrete_sweep</span></code></a>(setupname,\u00a0freqstart)</p></td>\n<td><p>Create a discrete sweep with a single frequency value.</p></td>\n</tr>\n<tr class=\"row-odd\"><td><p><a class=\"reference internal\" href=\"../pyaedt.Q3d.create_frequency_sweep/#pyaedt.Q3d.create_frequency_sweep\" title=\"pyaedt.Q3d.create_frequency_sweep\"><code class=\"xref py py-obj docutils literal notranslate\"><span class=\"pre\">Q3d.create_frequency_sweep</span></code></a>(setupname,\u00a0units,\u00a0...)</p></td>\n<td><p>Create a frequency sweep.</p></td>\n</tr>\n<tr class=\"row-even\"><td><p><a class=\"reference internal\" href=\"../pyaedt.Q3d.create_new_project/#pyaedt.Q3d.create_new_project\" title=\"pyaedt.Q3d.create_new_project\"><code class=\"xref py py-obj docutils literal notranslate\"><span class=\"pre\">Q3d.create_new_project</span></code></a>(proj_name)</p></td>\n<td><p>Create a project within AEDT.</p></td>\n</tr>\n<tr class=\"row-odd\"><td><p><a class=\"reference internal\" href=\"../pyaedt.Q3d.create_output_variable/#pyaedt.Q3d.create_output_variable\" title=\"pyaedt.Q3d.create_output_variable\"><code class=\"xref py py-obj docutils literal notranslate\"><span class=\"pre\">Q3d.create_output_variable</span></code></a>(variable,\u00a0expression)</p></td>\n<td><p>Create or modify an output variable.</p></td>\n</tr>\n<tr class=\"row-even\"><td><p><a class=\"reference internal\" href=\"../pyaedt.Q3d.create_setup/#pyaedt.Q3d.create_setup\" title=\"pyaedt.Q3d.create_setup\"><code class=\"xref py py-obj docutils literal notranslate\"><span class=\"pre\">Q3d.create_setup</span></code></a>([setupname,\u00a0setuptype,\u00a0props])</p></td>\n<td><p>Create a setup.</p></td>\n</tr>\n<tr class=\"row-odd\"><td><p><a class=\"reference internal\" href=\"../pyaedt.Q3d.dataset_exists/#pyaedt.Q3d.dataset_exists\" title=\"pyaedt.Q3d.dataset_exists\"><code class=\"xref py py-obj docutils literal notranslate\"><span class=\"pre\">Q3d.dataset_exists</span></code></a>(name[,\u00a0is_project_dataset])</p></td>\n<td><p>Check if a dataset exists.</p></td>\n</tr>\n<tr class=\"row-even\"><td><p><a class=\"reference internal\" href=\"../pyaedt.Q3d.deactivate_variable_optimization/#pyaedt.Q3d.deactivate_variable_optimization\" title=\"pyaedt.Q3d.deactivate_variable_optimization\"><code class=\"xref py py-obj docutils literal notranslate\"><span class=\"pre\">Q3d.deactivate_variable_optimization</span></code></a>(...)</p></td>\n<td><p>Deactivate the optimization analysis for a variable.</p></td>\n</tr>\n<tr class=\"row-odd\"><td><p><a class=\"reference internal\" href=\"../pyaedt.Q3d.deactivate_variable_sensitivity/#pyaedt.Q3d.deactivate_variable_sensitivity\" title=\"pyaedt.Q3d.deactivate_variable_sensitivity\"><code class=\"xref py py-obj docutils literal notranslate\"><span class=\"pre\">Q3d.deactivate_variable_sensitivity</span></code></a>(...)</p></td>\n<td><p>Deactivate the sensitivity analysis for a variable.</p></td>\n</tr>\n<tr class=\"row-even\"><td><p><a class=\"reference internal\" href=\"../pyaedt.Q3d.deactivate_variable_statistical/#pyaedt.Q3d.deactivate_variable_statistical\" title=\"pyaedt.Q3d.deactivate_variable_statistical\"><code class=\"xref py py-obj docutils literal notranslate\"><span class=\"pre\">Q3d.deactivate_variable_statistical</span></code></a>(...)</p></td>\n<td><p>Deactivate the statistical analysis for a variable.</p></td>\n</tr>\n<tr class=\"row-odd\"><td><p><a class=\"reference internal\" href=\"../pyaedt.Q3d.deactivate_variable_tuning/#pyaedt.Q3d.deactivate_variable_tuning\" title=\"pyaedt.Q3d.deactivate_variable_tuning\"><code class=\"xref py py-obj docutils literal notranslate\"><span class=\"pre\">Q3d.deactivate_variable_tuning</span></code></a>(variable_name)</p></td>\n<td><p>Deactivate the tuning analysis for a variable.</p></td>\n</tr>\n<tr class=\"row-even\"><td><p><a class=\"reference internal\" href=\"../pyaedt.Q3d.delete_design/#pyaedt.Q3d.delete_design\" title=\"pyaedt.Q3d.delete_design\"><code class=\"xref py py-obj docutils literal notranslate\"><span class=\"pre\">Q3d.delete_design</span></code></a>([name,\u00a0fallback_design])</p></td>\n<td><p>Delete a design from the current project.</p></td>\n</tr>\n<tr class=\"row-odd\"><td><p><a class=\"reference internal\" href=\"../pyaedt.Q3d.delete_project/#pyaedt.Q3d.delete_project\" title=\"pyaedt.Q3d.delete_project\"><code class=\"xref py py-obj docutils literal notranslate\"><span class=\"pre\">Q3d.delete_project</span></code></a>(project_name)</p></td>\n<td><p>Delete a project.</p></td>\n</tr>\n<tr class=\"row-even\"><td><p><a class=\"reference internal\" href=\"../pyaedt.Q3d.delete_separator/#pyaedt.Q3d.delete_separator\" title=\"pyaedt.Q3d.delete_separator\"><code class=\"xref py py-obj docutils literal notranslate\"><span class=\"pre\">Q3d.delete_separator</span></code></a>(separator_name)</p></td>\n<td><p>Delete a separator from either the active project or a design.</p></td>\n</tr>\n<tr class=\"row-odd\"><td><p><a class=\"reference internal\" href=\"../pyaedt.Q3d.delete_setup/#pyaedt.Q3d.delete_setup\" title=\"pyaedt.Q3d.delete_setup\"><code class=\"xref py py-obj docutils literal notranslate\"><span class=\"pre\">Q3d.delete_setup</span></code></a>(setupname)</p></td>\n<td><p>Delete a setup.</p></td>\n</tr>\n<tr class=\"row-even\"><td><p><a class=\"reference internal\" href=\"../pyaedt.Q3d.delete_variable/#pyaedt.Q3d.delete_variable\" title=\"pyaedt.Q3d.delete_variable\"><code class=\"xref py py-obj docutils literal notranslate\"><span class=\"pre\">Q3d.delete_variable</span></code></a>(sVarName)</p></td>\n<td><p>Delete a variable.</p></td>\n</tr>\n<tr class=\"row-odd\"><td><p><a class=\"reference internal\" href=\"../pyaedt.Q3d.design_variation/#pyaedt.Q3d.design_variation\" title=\"pyaedt.Q3d.design_variation\"><code class=\"xref py py-obj docutils literal notranslate\"><span class=\"pre\">Q3d.design_variation</span></code></a>([variation_string])</p></td>\n<td><p>Generate a string to specify a desired variation.</p></td>\n</tr>\n<tr class=\"row-even\"><td><p><a class=\"reference internal\" href=\"../pyaedt.Q3d.duplicate_design/#pyaedt.Q3d.duplicate_design\" title=\"pyaedt.Q3d.duplicate_design\"><code class=\"xref py py-obj docutils literal notranslate\"><span class=\"pre\">Q3d.duplicate_design</span></code></a>(label[,\u00a0...])</p></td>\n<td><p>Copy a design to a new name.</p></td>\n</tr>\n<tr class=\"row-odd\"><td><p><a class=\"reference internal\" href=\"../pyaedt.Q3d.edit_setup/#pyaedt.Q3d.edit_setup\" title=\"pyaedt.Q3d.edit_setup\"><code class=\"xref py py-obj docutils literal notranslate\"><span class=\"pre\">Q3d.edit_setup</span></code></a>(setupname,\u00a0properties_dict)</p></td>\n<td><p>Modify a setup.</p></td>\n</tr>\n<tr class=\"row-even\"><td><p><a class=\"reference internal\" href=\"../pyaedt.Q3d.edit_sources/#pyaedt.Q3d.edit_sources\" title=\"pyaedt.Q3d.edit_sources\"><code class=\"xref py py-obj docutils literal notranslate\"><span class=\"pre\">Q3d.edit_sources</span></code></a>([cg,\u00a0acrl,\u00a0dcrl])</p></td>\n<td><p>Set up the source loaded for Q3D or Q2D in multiple sources simultaneously.</p></td>\n</tr>\n<tr class=\"row-odd\"><td><p><a class=\"reference internal\" href=\"../pyaedt.Q3d.evaluate_expression/#pyaedt.Q3d.evaluate_expression\" title=\"pyaedt.Q3d.evaluate_expression\"><code class=\"xref py py-obj docutils literal notranslate\"><span class=\"pre\">Q3d.evaluate_expression</span></code></a>(expression_string)</p></td>\n<td><p>Evaluate a valid string expression and return the numerical value in SI units.</p></td>\n</tr>\n<tr class=\"row-even\"><td><p><a class=\"reference internal\" href=\"../pyaedt.Q3d.export3DModel/#pyaedt.Q3d.export3DModel\" title=\"pyaedt.Q3d.export3DModel\"><code class=\"xref py py-obj docutils literal notranslate\"><span class=\"pre\">Q3d.export3DModel</span></code></a>(fileName,\u00a0filePath[,\u00a0...])</p></td>\n<td><p>Export the 3D model.</p></td>\n</tr>\n<tr class=\"row-odd\"><td><p><a class=\"reference internal\" href=\"../pyaedt.Q3d.export_3d_model/#pyaedt.Q3d.export_3d_model\" title=\"pyaedt.Q3d.export_3d_model\"><code class=\"xref py py-obj docutils literal notranslate\"><span class=\"pre\">Q3d.export_3d_model</span></code></a>(fileName,\u00a0filePath[,\u00a0...])</p></td>\n<td><p>Export the 3D model.</p></td>\n</tr>\n<tr class=\"row-even\"><td><p><a class=\"reference internal\" href=\"../pyaedt.Q3d.export_convergence/#pyaedt.Q3d.export_convergence\" title=\"pyaedt.Q3d.export_convergence\"><code class=\"xref py py-obj docutils literal notranslate\"><span class=\"pre\">Q3d.export_convergence</span></code></a>(setup_name[,\u00a0...])</p></td>\n<td><p>Export a solution convergence to a file.</p></td>\n</tr>\n<tr class=\"row-odd\"><td><p><a class=\"reference internal\" href=\"../pyaedt.Q3d.export_design_preview_to_jpg/#pyaedt.Q3d.export_design_preview_to_jpg\" title=\"pyaedt.Q3d.export_design_preview_to_jpg\"><code class=\"xref py py-obj docutils literal notranslate\"><span class=\"pre\">Q3d.export_design_preview_to_jpg</span></code></a>(filename)</p></td>\n<td><p>Export design preview image to a JPG file.</p></td>\n</tr>\n<tr class=\"row-even\"><td><p><a class=\"reference internal\" href=\"../pyaedt.Q3d.export_equivalent_circuit/#pyaedt.Q3d.export_equivalent_circuit\" title=\"pyaedt.Q3d.export_equivalent_circuit\"><code class=\"xref py py-obj docutils literal notranslate\"><span class=\"pre\">Q3d.export_equivalent_circuit</span></code></a>(file_name[,\u00a0...])</p></td>\n<td><p>Export matrix data.</p></td>\n</tr>\n<tr class=\"row-odd\"><td><p><a class=\"reference internal\" href=\"../pyaedt.Q3d.export_matrix_data/#pyaedt.Q3d.export_matrix_data\" title=\"pyaedt.Q3d.export_matrix_data\"><code class=\"xref py py-obj docutils literal notranslate\"><span class=\"pre\">Q3d.export_matrix_data</span></code></a>(file_name[,\u00a0...])</p></td>\n<td><p>Export matrix data.</p></td>\n</tr>\n<tr class=\"row-even\"><td><p><a class=\"reference internal\" href=\"../pyaedt.Q3d.export_mesh_stats/#pyaedt.Q3d.export_mesh_stats\" title=\"pyaedt.Q3d.export_mesh_stats\"><code class=\"xref py py-obj docutils literal notranslate\"><span class=\"pre\">Q3d.export_mesh_stats</span></code></a>(setup_name[,\u00a0...])</p></td>\n<td><p>Export mesh statistics to a file.</p></td>\n</tr>\n<tr class=\"row-odd\"><td><p><a class=\"reference internal\" href=\"../pyaedt.Q3d.export_parametric_results/#pyaedt.Q3d.export_parametric_results\" title=\"pyaedt.Q3d.export_parametric_results\"><code class=\"xref py py-obj docutils literal notranslate\"><span class=\"pre\">Q3d.export_parametric_results</span></code></a>(sweepname,\u00a0...)</p></td>\n<td><p>Export a list of all parametric variations solved for a sweep to a CSV file.</p></td>\n</tr>\n<tr class=\"row-even\"><td><p><a class=\"reference internal\" href=\"../pyaedt.Q3d.export_profile/#pyaedt.Q3d.export_profile\" title=\"pyaedt.Q3d.export_profile\"><code class=\"xref py py-obj docutils literal notranslate\"><span class=\"pre\">Q3d.export_profile</span></code></a>(setup_name[,\u00a0...])</p></td>\n<td><p>Export a solution profile to a PROF file.</p></td>\n</tr>\n<tr class=\"row-odd\"><td><p><a class=\"reference internal\" href=\"../pyaedt.Q3d.export_results/#pyaedt.Q3d.export_results\" title=\"pyaedt.Q3d.export_results\"><code class=\"xref py py-obj docutils literal notranslate\"><span class=\"pre\">Q3d.export_results</span></code></a>([analyze,\u00a0export_folder])</p></td>\n<td><p>Export all available reports to a file, including sNp, profile, and convergence.</p></td>\n</tr>\n<tr class=\"row-even\"><td><p><a class=\"reference internal\" href=\"../pyaedt.Q3d.export_rl_matrix/#pyaedt.Q3d.export_rl_matrix\" title=\"pyaedt.Q3d.export_rl_matrix\"><code class=\"xref py py-obj docutils literal notranslate\"><span class=\"pre\">Q3d.export_rl_matrix</span></code></a>(matrix_name,\u00a0file_path)</p></td>\n<td><p>Export R/L matrix after solving.</p></td>\n</tr>\n<tr class=\"row-odd\"><td><p><a class=\"reference internal\" href=\"../pyaedt.Q3d.export_variables_to_csv/#pyaedt.Q3d.export_variables_to_csv\" title=\"pyaedt.Q3d.export_variables_to_csv\"><code class=\"xref py py-obj docutils literal notranslate\"><span class=\"pre\">Q3d.export_variables_to_csv</span></code></a>(filename[,\u00a0...])</p></td>\n<td><p>Export design properties, project variables, or both to a CSV file.</p></td>\n</tr>\n<tr class=\"row-even\"><td><p><a class=\"reference internal\" href=\"../pyaedt.Q3d.flatten_3d_components/#pyaedt.Q3d.flatten_3d_components\" title=\"pyaedt.Q3d.flatten_3d_components\"><code class=\"xref py py-obj docutils literal notranslate\"><span class=\"pre\">Q3d.flatten_3d_components</span></code></a>([component_name,\u00a0...])</p></td>\n<td><p>Flatten one or multiple 3d components in the actual layout.</p></td>\n</tr>\n<tr class=\"row-odd\"><td><p><a class=\"reference internal\" href=\"../pyaedt.Q3d.generate_temp_project_directory/#pyaedt.Q3d.generate_temp_project_directory\" title=\"pyaedt.Q3d.generate_temp_project_directory\"><code class=\"xref py py-obj docutils literal notranslate\"><span class=\"pre\">Q3d.generate_temp_project_directory</span></code></a>(subdir_name)</p></td>\n<td><p>Generate a unique directory string to save a project to.</p></td>\n</tr>\n<tr class=\"row-even\"><td><p><a class=\"reference internal\" href=\"../pyaedt.Q3d.generate_unique_setup_name/#pyaedt.Q3d.generate_unique_setup_name\" title=\"pyaedt.Q3d.generate_unique_setup_name\"><code class=\"xref py py-obj docutils literal notranslate\"><span class=\"pre\">Q3d.generate_unique_setup_name</span></code></a>([setup_name])</p></td>\n<td><p>Generate a new setup with an unique name.</p></td>\n</tr>\n<tr class=\"row-odd\"><td><p><a class=\"reference internal\" href=\"../pyaedt.Q3d.get_all_conductors_names/#pyaedt.Q3d.get_all_conductors_names\" title=\"pyaedt.Q3d.get_all_conductors_names\"><code class=\"xref py py-obj docutils literal notranslate\"><span class=\"pre\">Q3d.get_all_conductors_names</span></code></a>()</p></td>\n<td><p>Retrieve all conductors in the active design.</p></td>\n</tr>\n<tr class=\"row-even\"><td><p><a class=\"reference internal\" href=\"../pyaedt.Q3d.get_all_dielectrics_names/#pyaedt.Q3d.get_all_dielectrics_names\" title=\"pyaedt.Q3d.get_all_dielectrics_names\"><code class=\"xref py py-obj docutils literal notranslate\"><span class=\"pre\">Q3d.get_all_dielectrics_names</span></code></a>()</p></td>\n<td><p>Retrieve all dielectrics in the active design.</p></td>\n</tr>\n<tr class=\"row-odd\"><td><p><a class=\"reference internal\" href=\"../pyaedt.Q3d.get_all_sources/#pyaedt.Q3d.get_all_sources\" title=\"pyaedt.Q3d.get_all_sources\"><code class=\"xref py py-obj docutils literal notranslate\"><span class=\"pre\">Q3d.get_all_sources</span></code></a>()</p></td>\n<td><p>Get all setup sources.</p></td>\n</tr>\n<tr class=\"row-even\"><td><p><a class=\"reference internal\" href=\"../pyaedt.Q3d.get_components3d_vars/#pyaedt.Q3d.get_components3d_vars\" title=\"pyaedt.Q3d.get_components3d_vars\"><code class=\"xref py py-obj docutils literal notranslate\"><span class=\"pre\">Q3d.get_components3d_vars</span></code></a>(component3dname)</p></td>\n<td><p>Read the A3DCOMP file and check for variables.</p></td>\n</tr>\n<tr class=\"row-odd\"><td><p><a class=\"reference internal\" href=\"../pyaedt.Q3d.get_evaluated_value/#pyaedt.Q3d.get_evaluated_value\" title=\"pyaedt.Q3d.get_evaluated_value\"><code class=\"xref py py-obj docutils literal notranslate\"><span class=\"pre\">Q3d.get_evaluated_value</span></code></a>(variable_name[,\u00a0units])</p></td>\n<td><p>Retrieve the evaluated value of a design property or project variable in SI units if no unit is provided.</p></td>\n</tr>\n<tr class=\"row-even\"><td><p><a class=\"reference internal\" href=\"../pyaedt.Q3d.get_excitations_name/#pyaedt.Q3d.get_excitations_name\" title=\"pyaedt.Q3d.get_excitations_name\"><code class=\"xref py py-obj docutils literal notranslate\"><span class=\"pre\">Q3d.get_excitations_name</span></code></a>()</p></td>\n<td><p>Get all excitation names.</p></td>\n</tr>\n<tr class=\"row-odd\"><td><p><a class=\"reference internal\" href=\"../pyaedt.Q3d.get_module/#pyaedt.Q3d.get_module\" title=\"pyaedt.Q3d.get_module\"><code class=\"xref py py-obj docutils literal notranslate\"><span class=\"pre\">Q3d.get_module</span></code></a>(module_name)</p></td>\n<td><p>Aedt Module object.</p></td>\n</tr>\n<tr class=\"row-even\"><td><p><a class=\"reference internal\" href=\"../pyaedt.Q3d.get_nominal_variation/#pyaedt.Q3d.get_nominal_variation\" title=\"pyaedt.Q3d.get_nominal_variation\"><code class=\"xref py py-obj docutils literal notranslate\"><span class=\"pre\">Q3d.get_nominal_variation</span></code></a>()</p></td>\n<td><p>Retrieve the nominal variation.</p></td>\n</tr>\n<tr class=\"row-odd\"><td><p><a class=\"reference internal\" href=\"../pyaedt.Q3d.get_object_material_properties/#pyaedt.Q3d.get_object_material_properties\" title=\"pyaedt.Q3d.get_object_material_properties\"><code class=\"xref py py-obj docutils literal notranslate\"><span class=\"pre\">Q3d.get_object_material_properties</span></code></a>([...])</p></td>\n<td><p>Retrieve the material properties for a list of objects and return them in a dictionary.</p></td>\n</tr>\n<tr class=\"row-even\"><td><p><a class=\"reference internal\" href=\"../pyaedt.Q3d.get_oo_name/#pyaedt.Q3d.get_oo_name\" title=\"pyaedt.Q3d.get_oo_name\"><code class=\"xref py py-obj docutils literal notranslate\"><span class=\"pre\">Q3d.get_oo_name</span></code></a>(aedt_object[,\u00a0object_name])</p></td>\n<td><p>Return the Object Oriented AEDT Properties names.</p></td>\n</tr>\n<tr class=\"row-odd\"><td><p><a class=\"reference internal\" href=\"../pyaedt.Q3d.get_oo_object/#pyaedt.Q3d.get_oo_object\" title=\"pyaedt.Q3d.get_oo_object\"><code class=\"xref py py-obj docutils literal notranslate\"><span class=\"pre\">Q3d.get_oo_object</span></code></a>(aedt_object,\u00a0object_name)</p></td>\n<td><p>Return the Object Oriented AEDT Object.</p></td>\n</tr>\n<tr class=\"row-even\"><td><p><a class=\"reference internal\" href=\"../pyaedt.Q3d.get_oo_properties/#pyaedt.Q3d.get_oo_properties\" title=\"pyaedt.Q3d.get_oo_properties\"><code class=\"xref py py-obj docutils literal notranslate\"><span class=\"pre\">Q3d.get_oo_properties</span></code></a>(aedt_object,\u00a0object_name)</p></td>\n<td><p>Return the Object Oriented AEDT Object Properties.</p></td>\n</tr>\n<tr class=\"row-odd\"><td><p><a class=\"reference internal\" href=\"../pyaedt.Q3d.get_oo_property_value/#pyaedt.Q3d.get_oo_property_value\" title=\"pyaedt.Q3d.get_oo_property_value\"><code class=\"xref py py-obj docutils literal notranslate\"><span class=\"pre\">Q3d.get_oo_property_value</span></code></a>(aedt_object,\u00a0...)</p></td>\n<td><p>Return the Object Oriented AEDT Object Properties.</p></td>\n</tr>\n<tr class=\"row-even\"><td><p><a class=\"reference internal\" href=\"../pyaedt.Q3d.get_output_variable/#pyaedt.Q3d.get_output_variable\" title=\"pyaedt.Q3d.get_output_variable\"><code class=\"xref py py-obj docutils literal notranslate\"><span class=\"pre\">Q3d.get_output_variable</span></code></a>(variable[,\u00a0solution])</p></td>\n<td><p>Retrieve the value of the output variable.</p></td>\n</tr>\n<tr class=\"row-odd\"><td><p><a class=\"reference internal\" href=\"../pyaedt.Q3d.get_property_value/#pyaedt.Q3d.get_property_value\" title=\"pyaedt.Q3d.get_property_value\"><code class=\"xref py py-obj docutils literal notranslate\"><span class=\"pre\">Q3d.get_property_value</span></code></a>(objectname,\u00a0property)</p></td>\n<td><p>Retrieve a property value.</p></td>\n</tr>\n<tr class=\"row-even\"><td><p><a class=\"reference internal\" href=\"../pyaedt.Q3d.get_registry_key_int/#pyaedt.Q3d.get_registry_key_int\" title=\"pyaedt.Q3d.get_registry_key_int\"><code class=\"xref py py-obj docutils literal notranslate\"><span class=\"pre\">Q3d.get_registry_key_int</span></code></a>(key_full_name)</p></td>\n<td><p>Get the value for the AEDT registry key if one exists.</p></td>\n</tr>\n<tr class=\"row-odd\"><td><p><a class=\"reference internal\" href=\"../pyaedt.Q3d.get_registry_key_string/#pyaedt.Q3d.get_registry_key_string\" title=\"pyaedt.Q3d.get_registry_key_string\"><code class=\"xref py py-obj docutils literal notranslate\"><span class=\"pre\">Q3d.get_registry_key_string</span></code></a>(key_full_name)</p></td>\n<td><p>Get the value for the AEDT registry key if one exists.</p></td>\n</tr>\n<tr class=\"row-even\"><td><p><a class=\"reference internal\" href=\"../pyaedt.Q3d.get_setup/#pyaedt.Q3d.get_setup\" title=\"pyaedt.Q3d.get_setup\"><code class=\"xref py py-obj docutils literal notranslate\"><span class=\"pre\">Q3d.get_setup</span></code></a>(setupname)</p></td>\n<td><p>Get the setup from the current design.</p></td>\n</tr>\n<tr class=\"row-odd\"><td><p><a class=\"reference internal\" href=\"../pyaedt.Q3d.get_setups/#pyaedt.Q3d.get_setups\" title=\"pyaedt.Q3d.get_setups\"><code class=\"xref py py-obj docutils literal notranslate\"><span class=\"pre\">Q3d.get_setups</span></code></a>()</p></td>\n<td><p>Retrieve setups.</p></td>\n</tr>\n<tr class=\"row-even\"><td><p><a class=\"reference internal\" href=\"../pyaedt.Q3d.get_sweeps/#pyaedt.Q3d.get_sweeps\" title=\"pyaedt.Q3d.get_sweeps\"><code class=\"xref py py-obj docutils literal notranslate\"><span class=\"pre\">Q3d.get_sweeps</span></code></a>(name)</p></td>\n<td><p>Retrieve all sweeps for a setup.</p></td>\n</tr>\n<tr class=\"row-odd\"><td><p><a class=\"reference internal\" href=\"../pyaedt.Q3d.get_traces_for_plot/#pyaedt.Q3d.get_traces_for_plot\" title=\"pyaedt.Q3d.get_traces_for_plot\"><code class=\"xref py py-obj docutils literal notranslate\"><span class=\"pre\">Q3d.get_traces_for_plot</span></code></a>([get_self_terms,\u00a0...])</p></td>\n<td><p>Get a list of traces of specified designs ready to use in plot reports.</p></td>\n</tr>\n<tr class=\"row-even\"><td><p><a class=\"reference internal\" href=\"../pyaedt.Q3d.hidden_variable/#pyaedt.Q3d.hidden_variable\" title=\"pyaedt.Q3d.hidden_variable\"><code class=\"xref py py-obj docutils literal notranslate\"><span class=\"pre\">Q3d.hidden_variable</span></code></a>(variable_name[,\u00a0value])</p></td>\n<td><p>Set the variable to a hidden or unhidden variable.</p></td>\n</tr>\n<tr class=\"row-odd\"><td><p><a class=\"reference internal\" href=\"../pyaedt.Q3d.import_dataset1d/#pyaedt.Q3d.import_dataset1d\" title=\"pyaedt.Q3d.import_dataset1d\"><code class=\"xref py py-obj docutils literal notranslate\"><span class=\"pre\">Q3d.import_dataset1d</span></code></a>(filename[,\u00a0dsname,\u00a0...])</p></td>\n<td><p>Import a 1D dataset.</p></td>\n</tr>\n<tr class=\"row-even\"><td><p><a class=\"reference internal\" href=\"../pyaedt.Q3d.import_dataset3d/#pyaedt.Q3d.import_dataset3d\" title=\"pyaedt.Q3d.import_dataset3d\"><code class=\"xref py py-obj docutils literal notranslate\"><span class=\"pre\">Q3d.import_dataset3d</span></code></a>(filename[,\u00a0dsname,\u00a0...])</p></td>\n<td><p>Import a 3D dataset.</p></td>\n</tr>\n<tr class=\"row-odd\"><td><p><a class=\"reference internal\" href=\"../pyaedt.Q3d.insert_design/#pyaedt.Q3d.insert_design\" title=\"pyaedt.Q3d.insert_design\"><code class=\"xref py py-obj docutils literal notranslate\"><span class=\"pre\">Q3d.insert_design</span></code></a>([design_name,\u00a0solution_type])</p></td>\n<td><p>Add a design of a specified type.</p></td>\n</tr>\n<tr class=\"row-even\"><td><p><a class=\"reference internal\" href=\"../pyaedt.Q3d.insert_reduced_matrix/#pyaedt.Q3d.insert_reduced_matrix\" title=\"pyaedt.Q3d.insert_reduced_matrix\"><code class=\"xref py py-obj docutils literal notranslate\"><span class=\"pre\">Q3d.insert_reduced_matrix</span></code></a>(operation_name[,\u00a0...])</p></td>\n<td><p>Insert a new reduced matrix.</p></td>\n</tr>\n<tr class=\"row-odd\"><td><p><a class=\"reference internal\" href=\"../pyaedt.Q3d.list_of_variations/#pyaedt.Q3d.list_of_variations\" title=\"pyaedt.Q3d.list_of_variations\"><code class=\"xref py py-obj docutils literal notranslate\"><span class=\"pre\">Q3d.list_of_variations</span></code></a>([setup_name,\u00a0sweep_name])</p></td>\n<td><p>Retrieve a list of active variations for input setup.</p></td>\n</tr>\n<tr class=\"row-even\"><td><p><a class=\"reference internal\" href=\"../pyaedt.Q3d.load_project/#pyaedt.Q3d.load_project\" title=\"pyaedt.Q3d.load_project\"><code class=\"xref py py-obj docutils literal notranslate\"><span class=\"pre\">Q3d.load_project</span></code></a>(project_file[,\u00a0...])</p></td>\n<td><p>Open an AEDT project based on a project and optional design.</p></td>\n</tr>\n<tr class=\"row-odd\"><td><p><a class=\"reference internal\" href=\"../pyaedt.Q3d.net_sinks/#pyaedt.Q3d.net_sinks\" title=\"pyaedt.Q3d.net_sinks\"><code class=\"xref py py-obj docutils literal notranslate\"><span class=\"pre\">Q3d.net_sinks</span></code></a>(net_name)</p></td>\n<td><p>Check if a net has sinks and return a list of sink names.</p></td>\n</tr>\n<tr class=\"row-even\"><td><p><a class=\"reference internal\" href=\"../pyaedt.Q3d.net_sources/#pyaedt.Q3d.net_sources\" title=\"pyaedt.Q3d.net_sources\"><code class=\"xref py py-obj docutils literal notranslate\"><span class=\"pre\">Q3d.net_sources</span></code></a>(net_name)</p></td>\n<td><p>Check if a net has sources and return a list of source names.</p></td>\n</tr>\n<tr class=\"row-odd\"><td><p><a class=\"reference internal\" href=\"../pyaedt.Q3d.plot/#pyaedt.Q3d.plot\" title=\"pyaedt.Q3d.plot\"><code class=\"xref py py-obj docutils literal notranslate\"><span class=\"pre\">Q3d.plot</span></code></a>([objects,\u00a0show,\u00a0export_path,\u00a0...])</p></td>\n<td><p>Plot the model or a subset of objects.</p></td>\n</tr>\n<tr class=\"row-even\"><td><p><a class=\"reference internal\" href=\"../pyaedt.Q3d.read_design_data/#pyaedt.Q3d.read_design_data\" title=\"pyaedt.Q3d.read_design_data\"><code class=\"xref py py-obj docutils literal notranslate\"><span class=\"pre\">Q3d.read_design_data</span></code></a>()</p></td>\n<td><p>Read back the design data as a dictionary.</p></td>\n</tr>\n<tr class=\"row-odd\"><td><p><a class=\"reference internal\" href=\"../pyaedt.Q3d.read_only_variable/#pyaedt.Q3d.read_only_variable\" title=\"pyaedt.Q3d.read_only_variable\"><code class=\"xref py py-obj docutils literal notranslate\"><span class=\"pre\">Q3d.read_only_variable</span></code></a>(variable_name[,\u00a0value])</p></td>\n<td><p>Set the variable to a read-only or not read-only variable.</p></td>\n</tr>\n<tr class=\"row-even\"><td><p><a class=\"reference internal\" href=\"../pyaedt.Q3d.release_desktop/#pyaedt.Q3d.release_desktop\" title=\"pyaedt.Q3d.release_desktop\"><code class=\"xref py py-obj docutils literal notranslate\"><span class=\"pre\">Q3d.release_desktop</span></code></a>([close_projects,\u00a0...])</p></td>\n<td><p>Release AEDT.</p></td>\n</tr>\n<tr class=\"row-odd\"><td><p><a class=\"reference internal\" href=\"../pyaedt.Q3d.rename_design/#pyaedt.Q3d.rename_design\" title=\"pyaedt.Q3d.rename_design\"><code class=\"xref py py-obj docutils literal notranslate\"><span class=\"pre\">Q3d.rename_design</span></code></a>(new_name)</p></td>\n<td><p>Rename the active design.</p></td>\n</tr>\n<tr class=\"row-even\"><td><p><a class=\"reference internal\" href=\"../pyaedt.Q3d.save_project/#pyaedt.Q3d.save_project\" title=\"pyaedt.Q3d.save_project\"><code class=\"xref py py-obj docutils literal notranslate\"><span class=\"pre\">Q3d.save_project</span></code></a>([project_file,\u00a0overwrite,\u00a0...])</p></td>\n<td><p>Save the project and add a message.</p></td>\n</tr>\n<tr class=\"row-odd\"><td><p><a class=\"reference internal\" href=\"../pyaedt.Q3d.set_active_design/#pyaedt.Q3d.set_active_design\" title=\"pyaedt.Q3d.set_active_design\"><code class=\"xref py py-obj docutils literal notranslate\"><span class=\"pre\">Q3d.set_active_design</span></code></a>(name)</p></td>\n<td><p>Change the active design to another design.</p></td>\n</tr>\n<tr class=\"row-even\"><td><p><a class=\"reference internal\" href=\"../pyaedt.Q3d.set_active_dso_config_name/#pyaedt.Q3d.set_active_dso_config_name\" title=\"pyaedt.Q3d.set_active_dso_config_name\"><code class=\"xref py py-obj docutils literal notranslate\"><span class=\"pre\">Q3d.set_active_dso_config_name</span></code></a>([...])</p></td>\n<td><p>Change a specific registry key to a new value.</p></td>\n</tr>\n<tr class=\"row-odd\"><td><p><a class=\"reference internal\" href=\"../pyaedt.Q3d.set_license_type/#pyaedt.Q3d.set_license_type\" title=\"pyaedt.Q3d.set_license_type\"><code class=\"xref py py-obj docutils literal notranslate\"><span class=\"pre\">Q3d.set_license_type</span></code></a>([license_type])</p></td>\n<td><p>Change the license type between <code class=\"docutils literal notranslate\"><span class=\"pre\">&quot;Pack&quot;</span></code> and <code class=\"docutils literal notranslate\"><span class=\"pre\">&quot;Pool&quot;</span></code>.</p></td>\n</tr>\n<tr class=\"row-even\"><td><p><a class=\"reference internal\" href=\"../pyaedt.Q3d.set_material_thresholds/#pyaedt.Q3d.set_material_thresholds\" title=\"pyaedt.Q3d.set_material_thresholds\"><code class=\"xref py py-obj docutils literal notranslate\"><span class=\"pre\">Q3d.set_material_thresholds</span></code></a>([...])</p></td>\n<td><p>Set material threshold.</p></td>\n</tr>\n<tr class=\"row-odd\"><td><p><a class=\"reference internal\" href=\"../pyaedt.Q3d.set_registry_from_file/#pyaedt.Q3d.set_registry_from_file\" title=\"pyaedt.Q3d.set_registry_from_file\"><code class=\"xref py py-obj docutils literal notranslate\"><span class=\"pre\">Q3d.set_registry_from_file</span></code></a>(registry_file[,\u00a0...])</p></td>\n<td><p>Apply desktop registry settings from an ACT file.</p></td>\n</tr>\n<tr class=\"row-even\"><td><p><a class=\"reference internal\" href=\"../pyaedt.Q3d.set_registry_key/#pyaedt.Q3d.set_registry_key\" title=\"pyaedt.Q3d.set_registry_key\"><code class=\"xref py py-obj docutils literal notranslate\"><span class=\"pre\">Q3d.set_registry_key</span></code></a>(key_full_name,\u00a0key_value)</p></td>\n<td><p>Change a specific registry key to a new value.</p></td>\n</tr>\n<tr class=\"row-odd\"><td><p><a class=\"reference internal\" href=\"../pyaedt.Q3d.set_source_context/#pyaedt.Q3d.set_source_context\" title=\"pyaedt.Q3d.set_source_context\"><code class=\"xref py py-obj docutils literal notranslate\"><span class=\"pre\">Q3d.set_source_context</span></code></a>(sources[,\u00a0...])</p></td>\n<td><p>Set the source context.</p></td>\n</tr>\n<tr class=\"row-even\"><td><p><a class=\"reference internal\" href=\"../pyaedt.Q3d.solve_in_batch/#pyaedt.Q3d.solve_in_batch\" title=\"pyaedt.Q3d.solve_in_batch\"><code class=\"xref py py-obj docutils literal notranslate\"><span class=\"pre\">Q3d.solve_in_batch</span></code></a>([filename,\u00a0machine,\u00a0...])</p></td>\n<td><p>Analyze a design setup in batch mode.</p></td>\n</tr>\n<tr class=\"row-odd\"><td><p><a class=\"reference internal\" href=\"../pyaedt.Q3d.submit_job/#pyaedt.Q3d.submit_job\" title=\"pyaedt.Q3d.submit_job\"><code class=\"xref py py-obj docutils literal notranslate\"><span class=\"pre\">Q3d.submit_job</span></code></a>(clustername[,\u00a0...])</p></td>\n<td><p>Submit a job to be solved on a cluster.</p></td>\n</tr>\n<tr class=\"row-even\"><td><p><a class=\"reference internal\" href=\"../pyaedt.Q3d.validate_simple/#pyaedt.Q3d.validate_simple\" title=\"pyaedt.Q3d.validate_simple\"><code class=\"xref py py-obj docutils literal notranslate\"><span class=\"pre\">Q3d.validate_simple</span></code></a>([logfile])</p></td>\n<td><p>Validate a design.</p></td>\n</tr>\n<tr class=\"row-odd\"><td><p><a class=\"reference internal\" href=\"../pyaedt.Q3d.value_with_units/#pyaedt.Q3d.value_with_units\" title=\"pyaedt.Q3d.value_with_units\"><code class=\"xref py py-obj docutils literal notranslate\"><span class=\"pre\">Q3d.value_with_units</span></code></a>(value[,\u00a0units])</p></td>\n<td><p>Combine a number and a string containing the unit in a single string e.g.</p></td>\n</tr>\n</tbody>\n</table>\n<p class=\"rubric\">Attributes</p>\n<table class=\"autosummary longtable docutils align-default\">\n<tbody>\n<tr class=\"row-odd\"><td><p><a class=\"reference internal\" href=\"../pyaedt.Q3d.aedt_version_id/#pyaedt.Q3d.aedt_version_id\" title=\"pyaedt.Q3d.aedt_version_id\"><code class=\"xref py py-obj docutils literal notranslate\"><span class=\"pre\">Q3d.aedt_version_id</span></code></a></p></td>\n<td><p>AEDT version.</p></td>\n</tr>\n<tr class=\"row-even\"><td><p><a class=\"reference internal\" href=\"../pyaedt.Q3d.analysis_setup/#pyaedt.Q3d.analysis_setup\" title=\"pyaedt.Q3d.analysis_setup\"><code class=\"xref py py-obj docutils literal notranslate\"><span class=\"pre\">Q3d.analysis_setup</span></code></a></p></td>\n<td><p>Analysis setup.</p></td>\n</tr>\n<tr class=\"row-odd\"><td><p><a class=\"reference internal\" href=\"../pyaedt.Q3d.available_variations/#pyaedt.Q3d.available_variations\" title=\"pyaedt.Q3d.available_variations\"><code class=\"xref py py-obj docutils literal notranslate\"><span class=\"pre\">Q3d.available_variations</span></code></a></p></td>\n<td><p>Available variation object.</p></td>\n</tr>\n<tr class=\"row-even\"><td><p><a class=\"reference internal\" href=\"../pyaedt.Q3d.boundaries/#pyaedt.Q3d.boundaries\" title=\"pyaedt.Q3d.boundaries\"><code class=\"xref py py-obj docutils literal notranslate\"><span class=\"pre\">Q3d.boundaries</span></code></a></p></td>\n<td><p>Design boundaries and excitations.</p></td>\n</tr>\n<tr class=\"row-odd\"><td><p><a class=\"reference internal\" href=\"../pyaedt.Q3d.components3d/#pyaedt.Q3d.components3d\" title=\"pyaedt.Q3d.components3d\"><code class=\"xref py py-obj docutils literal notranslate\"><span class=\"pre\">Q3d.components3d</span></code></a></p></td>\n<td><p>3D components.</p></td>\n</tr>\n<tr class=\"row-even\"><td><p><a class=\"reference internal\" href=\"../pyaedt.Q3d.configurations/#pyaedt.Q3d.configurations\" title=\"pyaedt.Q3d.configurations\"><code class=\"xref py py-obj docutils literal notranslate\"><span class=\"pre\">Q3d.configurations</span></code></a></p></td>\n<td><p>Property to import and export configuration files.</p></td>\n</tr>\n<tr class=\"row-odd\"><td><p><a class=\"reference internal\" href=\"../pyaedt.Q3d.default_solution_type/#pyaedt.Q3d.default_solution_type\" title=\"pyaedt.Q3d.default_solution_type\"><code class=\"xref py py-obj docutils literal notranslate\"><span class=\"pre\">Q3d.default_solution_type</span></code></a></p></td>\n<td><p>Default solution type.</p></td>\n</tr>\n<tr class=\"row-even\"><td><p><a class=\"reference internal\" href=\"../pyaedt.Q3d.design_datasets/#pyaedt.Q3d.design_datasets\" title=\"pyaedt.Q3d.design_datasets\"><code class=\"xref py py-obj docutils literal notranslate\"><span class=\"pre\">Q3d.design_datasets</span></code></a></p></td>\n<td><p>Dictionary of Design Datasets.</p></td>\n</tr>\n<tr class=\"row-odd\"><td><p><a class=\"reference internal\" href=\"../pyaedt.Q3d.design_file/#pyaedt.Q3d.design_file\" title=\"pyaedt.Q3d.design_file\"><code class=\"xref py py-obj docutils literal notranslate\"><span class=\"pre\">Q3d.design_file</span></code></a></p></td>\n<td><p>Design file.</p></td>\n</tr>\n<tr class=\"row-even\"><td><p><a class=\"reference internal\" href=\"../pyaedt.Q3d.design_list/#pyaedt.Q3d.design_list\" title=\"pyaedt.Q3d.design_list\"><code class=\"xref py py-obj docutils literal notranslate\"><span class=\"pre\">Q3d.design_list</span></code></a></p></td>\n<td><p>Design list.</p></td>\n</tr>\n<tr class=\"row-odd\"><td><p><a class=\"reference internal\" href=\"../pyaedt.Q3d.design_name/#pyaedt.Q3d.design_name\" title=\"pyaedt.Q3d.design_name\"><code class=\"xref py py-obj docutils literal notranslate\"><span class=\"pre\">Q3d.design_name</span></code></a></p></td>\n<td><p>Design name.</p></td>\n</tr>\n<tr class=\"row-even\"><td><p><a class=\"reference internal\" href=\"../pyaedt.Q3d.design_properties/#pyaedt.Q3d.design_properties\" title=\"pyaedt.Q3d.design_properties\"><code class=\"xref py py-obj docutils literal notranslate\"><span class=\"pre\">Q3d.design_properties</span></code></a></p></td>\n<td><p>Design properties.</p></td>\n</tr>\n<tr class=\"row-odd\"><td><p><a class=\"reference internal\" href=\"../pyaedt.Q3d.design_type/#pyaedt.Q3d.design_type\" title=\"pyaedt.Q3d.design_type\"><code class=\"xref py py-obj docutils literal notranslate\"><span class=\"pre\">Q3d.design_type</span></code></a></p></td>\n<td><p>Design type.</p></td>\n</tr>\n<tr class=\"row-even\"><td><p><a class=\"reference internal\" href=\"../pyaedt.Q3d.desktop_install_dir/#pyaedt.Q3d.desktop_install_dir\" title=\"pyaedt.Q3d.desktop_install_dir\"><code class=\"xref py py-obj docutils literal notranslate\"><span class=\"pre\">Q3d.desktop_install_dir</span></code></a></p></td>\n<td><p>AEDT installation directory.</p></td>\n</tr>\n<tr class=\"row-odd\"><td><p><a class=\"reference internal\" href=\"../pyaedt.Q3d.excitations/#pyaedt.Q3d.excitations\" title=\"pyaedt.Q3d.excitations\"><code class=\"xref py py-obj docutils literal notranslate\"><span class=\"pre\">Q3d.excitations</span></code></a></p></td>\n<td><p>Get all excitation names.</p></td>\n</tr>\n<tr class=\"row-even\"><td><p><a class=\"reference internal\" href=\"../pyaedt.Q3d.existing_analysis_setups/#pyaedt.Q3d.existing_analysis_setups\" title=\"pyaedt.Q3d.existing_analysis_setups\"><code class=\"xref py py-obj docutils literal notranslate\"><span class=\"pre\">Q3d.existing_analysis_setups</span></code></a></p></td>\n<td><p>Existing analysis setups.</p></td>\n</tr>\n<tr class=\"row-odd\"><td><p><a class=\"reference internal\" href=\"../pyaedt.Q3d.existing_analysis_sweeps/#pyaedt.Q3d.existing_analysis_sweeps\" title=\"pyaedt.Q3d.existing_analysis_sweeps\"><code class=\"xref py py-obj docutils literal notranslate\"><span class=\"pre\">Q3d.existing_analysis_sweeps</span></code></a></p></td>\n<td><p>Existing analysis sweeps.</p></td>\n</tr>\n<tr class=\"row-even\"><td><p><a class=\"reference internal\" href=\"../pyaedt.Q3d.layouteditor/#pyaedt.Q3d.layouteditor\" title=\"pyaedt.Q3d.layouteditor\"><code class=\"xref py py-obj docutils literal notranslate\"><span class=\"pre\">Q3d.layouteditor</span></code></a></p></td>\n<td><p>Return the Circuit Layout Editor.</p></td>\n</tr>\n<tr class=\"row-odd\"><td><p><a class=\"reference internal\" href=\"../pyaedt.Q3d.library_list/#pyaedt.Q3d.library_list\" title=\"pyaedt.Q3d.library_list\"><code class=\"xref py py-obj docutils literal notranslate\"><span class=\"pre\">Q3d.library_list</span></code></a></p></td>\n<td><p>Library list.</p></td>\n</tr>\n<tr class=\"row-even\"><td><p><a class=\"reference internal\" href=\"../pyaedt.Q3d.lock_file/#pyaedt.Q3d.lock_file\" title=\"pyaedt.Q3d.lock_file\"><code class=\"xref py py-obj docutils literal notranslate\"><span class=\"pre\">Q3d.lock_file</span></code></a></p></td>\n<td><p>Lock file.</p></td>\n</tr>\n<tr class=\"row-odd\"><td><p><a class=\"reference internal\" href=\"../pyaedt.Q3d.logger/#pyaedt.Q3d.logger\" title=\"pyaedt.Q3d.logger\"><code class=\"xref py py-obj docutils literal notranslate\"><span class=\"pre\">Q3d.logger</span></code></a></p></td>\n<td><p>Logger for the design.</p></td>\n</tr>\n<tr class=\"row-even\"><td><p><a class=\"reference internal\" href=\"../pyaedt.Q3d.materials/#pyaedt.Q3d.materials\" title=\"pyaedt.Q3d.materials\"><code class=\"xref py py-obj docutils literal notranslate\"><span class=\"pre\">Q3d.materials</span></code></a></p></td>\n<td><p>Materials in the project.</p></td>\n</tr>\n<tr class=\"row-odd\"><td><p><a class=\"reference internal\" href=\"../pyaedt.Q3d.mesh/#pyaedt.Q3d.mesh\" title=\"pyaedt.Q3d.mesh\"><code class=\"xref py py-obj docutils literal notranslate\"><span class=\"pre\">Q3d.mesh</span></code></a></p></td>\n<td><p>Mesh.</p></td>\n</tr>\n<tr class=\"row-even\"><td><p><a class=\"reference internal\" href=\"../pyaedt.Q3d.modeler/#pyaedt.Q3d.modeler\" title=\"pyaedt.Q3d.modeler\"><code class=\"xref py py-obj docutils literal notranslate\"><span class=\"pre\">Q3d.modeler</span></code></a></p></td>\n<td><p>Modeler.</p></td>\n</tr>\n<tr class=\"row-odd\"><td><p><a class=\"reference internal\" href=\"../pyaedt.Q3d.native_components/#pyaedt.Q3d.native_components\" title=\"pyaedt.Q3d.native_components\"><code class=\"xref py py-obj docutils literal notranslate\"><span class=\"pre\">Q3d.native_components</span></code></a></p></td>\n<td><p>Native Component dictionary.</p></td>\n</tr>\n<tr class=\"row-even\"><td><p><a class=\"reference internal\" href=\"../pyaedt.Q3d.nets/#pyaedt.Q3d.nets\" title=\"pyaedt.Q3d.nets\"><code class=\"xref py py-obj docutils literal notranslate\"><span class=\"pre\">Q3d.nets</span></code></a></p></td>\n<td><p>Nets in a Q3D project.</p></td>\n</tr>\n<tr class=\"row-odd\"><td><p><a class=\"reference internal\" href=\"../pyaedt.Q3d.nominal_adaptive/#pyaedt.Q3d.nominal_adaptive\" title=\"pyaedt.Q3d.nominal_adaptive\"><code class=\"xref py py-obj docutils literal notranslate\"><span class=\"pre\">Q3d.nominal_adaptive</span></code></a></p></td>\n<td><p>Nominal adaptive sweep.</p></td>\n</tr>\n<tr class=\"row-even\"><td><p><a class=\"reference internal\" href=\"../pyaedt.Q3d.nominal_sweep/#pyaedt.Q3d.nominal_sweep\" title=\"pyaedt.Q3d.nominal_sweep\"><code class=\"xref py py-obj docutils literal notranslate\"><span class=\"pre\">Q3d.nominal_sweep</span></code></a></p></td>\n<td><p>Nominal sweep.</p></td>\n</tr>\n<tr class=\"row-odd\"><td><p><a class=\"reference internal\" href=\"../pyaedt.Q3d.o_component_manager/#pyaedt.Q3d.o_component_manager\" title=\"pyaedt.Q3d.o_component_manager\"><code class=\"xref py py-obj docutils literal notranslate\"><span class=\"pre\">Q3d.o_component_manager</span></code></a></p></td>\n<td><p>Component manager object.</p></td>\n</tr>\n<tr class=\"row-even\"><td><p><a class=\"reference internal\" href=\"../pyaedt.Q3d.o_maxwell_parameters/#pyaedt.Q3d.o_maxwell_parameters\" title=\"pyaedt.Q3d.o_maxwell_parameters\"><code class=\"xref py py-obj docutils literal notranslate\"><span class=\"pre\">Q3d.o_maxwell_parameters</span></code></a></p></td>\n<td><p>AEDT Maxwell Parameter Setup Object.</p></td>\n</tr>\n<tr class=\"row-odd\"><td><p><a class=\"reference internal\" href=\"../pyaedt.Q3d.o_model_manager/#pyaedt.Q3d.o_model_manager\" title=\"pyaedt.Q3d.o_model_manager\"><code class=\"xref py py-obj docutils literal notranslate\"><span class=\"pre\">Q3d.o_model_manager</span></code></a></p></td>\n<td><p>Model manager object.</p></td>\n</tr>\n<tr class=\"row-even\"><td><p><a class=\"reference internal\" href=\"../pyaedt.Q3d.o_symbol_manager/#pyaedt.Q3d.o_symbol_manager\" title=\"pyaedt.Q3d.o_symbol_manager\"><code class=\"xref py py-obj docutils literal notranslate\"><span class=\"pre\">Q3d.o_symbol_manager</span></code></a></p></td>\n<td><p>Aedt Simbol Manager.</p></td>\n</tr>\n<tr class=\"row-odd\"><td><p><a class=\"reference internal\" href=\"../pyaedt.Q3d.oanalysis/#pyaedt.Q3d.oanalysis\" title=\"pyaedt.Q3d.oanalysis\"><code class=\"xref py py-obj docutils literal notranslate\"><span class=\"pre\">Q3d.oanalysis</span></code></a></p></td>\n<td><p>Analysis AEDT Module.</p></td>\n</tr>\n<tr class=\"row-even\"><td><p><a class=\"reference internal\" href=\"../pyaedt.Q3d.oboundary/#pyaedt.Q3d.oboundary\" title=\"pyaedt.Q3d.oboundary\"><code class=\"xref py py-obj docutils literal notranslate\"><span class=\"pre\">Q3d.oboundary</span></code></a></p></td>\n<td><p>Boundary Object.</p></td>\n</tr>\n<tr class=\"row-odd\"><td><p><a class=\"reference internal\" href=\"../pyaedt.Q3d.odefinition_manager/#pyaedt.Q3d.odefinition_manager\" title=\"pyaedt.Q3d.odefinition_manager\"><code class=\"xref py py-obj docutils literal notranslate\"><span class=\"pre\">Q3d.odefinition_manager</span></code></a></p></td>\n<td><p>Definition Manager Module.</p></td>\n</tr>\n<tr class=\"row-even\"><td><p><a class=\"reference internal\" href=\"../pyaedt.Q3d.odesign/#pyaedt.Q3d.odesign\" title=\"pyaedt.Q3d.odesign\"><code class=\"xref py py-obj docutils literal notranslate\"><span class=\"pre\">Q3d.odesign</span></code></a></p></td>\n<td><p>Design.</p></td>\n</tr>\n<tr class=\"row-odd\"><td><p><a class=\"reference internal\" href=\"../pyaedt.Q3d.odesktop/#pyaedt.Q3d.odesktop\" title=\"pyaedt.Q3d.odesktop\"><code class=\"xref py py-obj docutils literal notranslate\"><span class=\"pre\">Q3d.odesktop</span></code></a></p></td>\n<td><p>AEDT instance containing all projects and designs.</p></td>\n</tr>\n<tr class=\"row-even\"><td><p><a class=\"reference internal\" href=\"../pyaedt.Q3d.oeditor/#pyaedt.Q3d.oeditor\" title=\"pyaedt.Q3d.oeditor\"><code class=\"xref py py-obj docutils literal notranslate\"><span class=\"pre\">Q3d.oeditor</span></code></a></p></td>\n<td><p>Oeditor Module.</p></td>\n</tr>\n<tr class=\"row-odd\"><td><p><a class=\"reference internal\" href=\"../pyaedt.Q3d.oexcitation/#pyaedt.Q3d.oexcitation\" title=\"pyaedt.Q3d.oexcitation\"><code class=\"xref py py-obj docutils literal notranslate\"><span class=\"pre\">Q3d.oexcitation</span></code></a></p></td>\n<td><p>Solution Module.</p></td>\n</tr>\n<tr class=\"row-even\"><td><p><a class=\"reference internal\" href=\"../pyaedt.Q3d.ofieldsreporter/#pyaedt.Q3d.ofieldsreporter\" title=\"pyaedt.Q3d.ofieldsreporter\"><code class=\"xref py py-obj docutils literal notranslate\"><span class=\"pre\">Q3d.ofieldsreporter</span></code></a></p></td>\n<td><p>Fields reporter.</p></td>\n</tr>\n<tr class=\"row-odd\"><td><p><a class=\"reference internal\" href=\"../pyaedt.Q3d.oimport_export/#pyaedt.Q3d.oimport_export\" title=\"pyaedt.Q3d.oimport_export\"><code class=\"xref py py-obj docutils literal notranslate\"><span class=\"pre\">Q3d.oimport_export</span></code></a></p></td>\n<td><p>Import/Export Manager Module.</p></td>\n</tr>\n<tr class=\"row-even\"><td><p><a class=\"reference internal\" href=\"../pyaedt.Q3d.omaterial_manager/#pyaedt.Q3d.omaterial_manager\" title=\"pyaedt.Q3d.omaterial_manager\"><code class=\"xref py py-obj docutils literal notranslate\"><span class=\"pre\">Q3d.omaterial_manager</span></code></a></p></td>\n<td><p>Material Manager Module.</p></td>\n</tr>\n<tr class=\"row-odd\"><td><p><a class=\"reference internal\" href=\"../pyaedt.Q3d.omatrix/#pyaedt.Q3d.omatrix\" title=\"pyaedt.Q3d.omatrix\"><code class=\"xref py py-obj docutils literal notranslate\"><span class=\"pre\">Q3d.omatrix</span></code></a></p></td>\n<td><p>Matrix Object.</p></td>\n</tr>\n<tr class=\"row-even\"><td><p><a class=\"reference internal\" href=\"../pyaedt.Q3d.omeshmodule/#pyaedt.Q3d.omeshmodule\" title=\"pyaedt.Q3d.omeshmodule\"><code class=\"xref py py-obj docutils literal notranslate\"><span class=\"pre\">Q3d.omeshmodule</span></code></a></p></td>\n<td><p>Icepak Mesh Module.</p></td>\n</tr>\n<tr class=\"row-odd\"><td><p><a class=\"reference internal\" href=\"../pyaedt.Q3d.omodelsetup/#pyaedt.Q3d.omodelsetup\" title=\"pyaedt.Q3d.omodelsetup\"><code class=\"xref py py-obj docutils literal notranslate\"><span class=\"pre\">Q3d.omodelsetup</span></code></a></p></td>\n<td><p>AEDT Model Setup Object.</p></td>\n</tr>\n<tr class=\"row-even\"><td><p><a class=\"reference internal\" href=\"../pyaedt.Q3d.omonitor/#pyaedt.Q3d.omonitor\" title=\"pyaedt.Q3d.omonitor\"><code class=\"xref py py-obj docutils literal notranslate\"><span class=\"pre\">Q3d.omonitor</span></code></a></p></td>\n<td><p>AEDT Monitor Object.</p></td>\n</tr>\n<tr class=\"row-odd\"><td><p><a class=\"reference internal\" href=\"../pyaedt.Q3d.ooptimetrics/#pyaedt.Q3d.ooptimetrics\" title=\"pyaedt.Q3d.ooptimetrics\"><code class=\"xref py py-obj docutils literal notranslate\"><span class=\"pre\">Q3d.ooptimetrics</span></code></a></p></td>\n<td><p>AEDT Optimetrics Module.</p></td>\n</tr>\n<tr class=\"row-even\"><td><p><a class=\"reference internal\" href=\"../pyaedt.Q3d.ooutput_variable/#pyaedt.Q3d.ooutput_variable\" title=\"pyaedt.Q3d.ooutput_variable\"><code class=\"xref py py-obj docutils literal notranslate\"><span class=\"pre\">Q3d.ooutput_variable</span></code></a></p></td>\n<td><p>AEDT Output Variable Module.</p></td>\n</tr>\n<tr class=\"row-odd\"><td><p><a class=\"reference internal\" href=\"../pyaedt.Q3d.opadstackmanager/#pyaedt.Q3d.opadstackmanager\" title=\"pyaedt.Q3d.opadstackmanager\"><code class=\"xref py py-obj docutils literal notranslate\"><span class=\"pre\">Q3d.opadstackmanager</span></code></a></p></td>\n<td><p>AEDT oPadstackManager.</p></td>\n</tr>\n<tr class=\"row-even\"><td><p><a class=\"reference internal\" href=\"../pyaedt.Q3d.oproject/#pyaedt.Q3d.oproject\" title=\"pyaedt.Q3d.oproject\"><code class=\"xref py py-obj docutils literal notranslate\"><span class=\"pre\">Q3d.oproject</span></code></a></p></td>\n<td><p>Project property.</p></td>\n</tr>\n<tr class=\"row-odd\"><td><p><a class=\"reference internal\" href=\"../pyaedt.Q3d.oradfield/#pyaedt.Q3d.oradfield\" title=\"pyaedt.Q3d.oradfield\"><code class=\"xref py py-obj docutils literal notranslate\"><span class=\"pre\">Q3d.oradfield</span></code></a></p></td>\n<td><p>AEDT Radiation Field Object.</p></td>\n</tr>\n<tr class=\"row-even\"><td><p><a class=\"reference internal\" href=\"../pyaedt.Q3d.oreportsetup/#pyaedt.Q3d.oreportsetup\" title=\"pyaedt.Q3d.oreportsetup\"><code class=\"xref py py-obj docutils literal notranslate\"><span class=\"pre\">Q3d.oreportsetup</span></code></a></p></td>\n<td><p>Report setup.</p></td>\n</tr>\n<tr class=\"row-odd\"><td><p><a class=\"reference internal\" href=\"../pyaedt.Q3d.osolution/#pyaedt.Q3d.osolution\" title=\"pyaedt.Q3d.osolution\"><code class=\"xref py py-obj docutils literal notranslate\"><span class=\"pre\">Q3d.osolution</span></code></a></p></td>\n<td><p>Solution Module.</p></td>\n</tr>\n<tr class=\"row-even\"><td><p><a class=\"reference internal\" href=\"../pyaedt.Q3d.output_variables/#pyaedt.Q3d.output_variables\" title=\"pyaedt.Q3d.output_variables\"><code class=\"xref py py-obj docutils literal notranslate\"><span class=\"pre\">Q3d.output_variables</span></code></a></p></td>\n<td><p>List of output variables.</p></td>\n</tr>\n<tr class=\"row-odd\"><td><p><a class=\"reference internal\" href=\"../pyaedt.Q3d.personallib/#pyaedt.Q3d.personallib\" title=\"pyaedt.Q3d.personallib\"><code class=\"xref py py-obj docutils literal notranslate\"><span class=\"pre\">Q3d.personallib</span></code></a></p></td>\n<td><p>PersonalLib directory.</p></td>\n</tr>\n<tr class=\"row-even\"><td><p><a class=\"reference internal\" href=\"../pyaedt.Q3d.post/#pyaedt.Q3d.post\" title=\"pyaedt.Q3d.post\"><code class=\"xref py py-obj docutils literal notranslate\"><span class=\"pre\">Q3d.post</span></code></a></p></td>\n<td><p>PostProcessor.</p></td>\n</tr>\n<tr class=\"row-odd\"><td><p><a class=\"reference internal\" href=\"../pyaedt.Q3d.project_datasets/#pyaedt.Q3d.project_datasets\" title=\"pyaedt.Q3d.project_datasets\"><code class=\"xref py py-obj docutils literal notranslate\"><span class=\"pre\">Q3d.project_datasets</span></code></a></p></td>\n<td><p>Dictionary of Project Datasets.</p></td>\n</tr>\n<tr class=\"row-even\"><td><p><a class=\"reference internal\" href=\"../pyaedt.Q3d.project_file/#pyaedt.Q3d.project_file\" title=\"pyaedt.Q3d.project_file\"><code class=\"xref py py-obj docutils literal notranslate\"><span class=\"pre\">Q3d.project_file</span></code></a></p></td>\n<td><p>Project name and path.</p></td>\n</tr>\n<tr class=\"row-odd\"><td><p><a class=\"reference internal\" href=\"../pyaedt.Q3d.project_list/#pyaedt.Q3d.project_list\" title=\"pyaedt.Q3d.project_list\"><code class=\"xref py py-obj docutils literal notranslate\"><span class=\"pre\">Q3d.project_list</span></code></a></p></td>\n<td><p>Project list.</p></td>\n</tr>\n<tr class=\"row-even\"><td><p><a class=\"reference internal\" href=\"../pyaedt.Q3d.project_name/#pyaedt.Q3d.project_name\" title=\"pyaedt.Q3d.project_name\"><code class=\"xref py py-obj docutils literal notranslate\"><span class=\"pre\">Q3d.project_name</span></code></a></p></td>\n<td><p>Project name.</p></td>\n</tr>\n<tr class=\"row-odd\"><td><p><a class=\"reference internal\" href=\"../pyaedt.Q3d.project_path/#pyaedt.Q3d.project_path\" title=\"pyaedt.Q3d.project_path\"><code class=\"xref py py-obj docutils literal notranslate\"><span class=\"pre\">Q3d.project_path</span></code></a></p></td>\n<td><p>Project path.</p></td>\n</tr>\n<tr class=\"row-even\"><td><p><a class=\"reference internal\" href=\"../pyaedt.Q3d.project_properties/#pyaedt.Q3d.project_properties\" title=\"pyaedt.Q3d.project_properties\"><code class=\"xref py py-obj docutils literal notranslate\"><span class=\"pre\">Q3d.project_properties</span></code></a></p></td>\n<td><p>Project properties.</p></td>\n</tr>\n<tr class=\"row-odd\"><td><p><a class=\"reference internal\" href=\"../pyaedt.Q3d.project_time_stamp/#pyaedt.Q3d.project_time_stamp\" title=\"pyaedt.Q3d.project_time_stamp\"><code class=\"xref py py-obj docutils literal notranslate\"><span class=\"pre\">Q3d.project_time_stamp</span></code></a></p></td>\n<td><p>Return Project time stamp.</p></td>\n</tr>\n<tr class=\"row-even\"><td><p><a class=\"reference internal\" href=\"../pyaedt.Q3d.project_timestamp_changed/#pyaedt.Q3d.project_timestamp_changed\" title=\"pyaedt.Q3d.project_timestamp_changed\"><code class=\"xref py py-obj docutils literal notranslate\"><span class=\"pre\">Q3d.project_timestamp_changed</span></code></a></p></td>\n<td><p>Return a bool if time stamp changed or not.</p></td>\n</tr>\n<tr class=\"row-odd\"><td><p><a class=\"reference internal\" href=\"../pyaedt.Q3d.pyaedt_dir/#pyaedt.Q3d.pyaedt_dir\" title=\"pyaedt.Q3d.pyaedt_dir\"><code class=\"xref py py-obj docutils literal notranslate\"><span class=\"pre\">Q3d.pyaedt_dir</span></code></a></p></td>\n<td><p>PyAEDT directory.</p></td>\n</tr>\n<tr class=\"row-even\"><td><p><a class=\"reference internal\" href=\"../pyaedt.Q3d.results_directory/#pyaedt.Q3d.results_directory\" title=\"pyaedt.Q3d.results_directory\"><code class=\"xref py py-obj docutils literal notranslate\"><span class=\"pre\">Q3d.results_directory</span></code></a></p></td>\n<td><p>Results directory.</p></td>\n</tr>\n<tr class=\"row-odd\"><td><p><a class=\"reference internal\" href=\"../pyaedt.Q3d.setup_names/#pyaedt.Q3d.setup_names\" title=\"pyaedt.Q3d.setup_names\"><code class=\"xref py py-obj docutils literal notranslate\"><span class=\"pre\">Q3d.setup_names</span></code></a></p></td>\n<td><p>Setup names.</p></td>\n</tr>\n<tr class=\"row-even\"><td><p><a class=\"reference internal\" href=\"../pyaedt.Q3d.solution_type/#pyaedt.Q3d.solution_type\" title=\"pyaedt.Q3d.solution_type\"><code class=\"xref py py-obj docutils literal notranslate\"><span class=\"pre\">Q3d.solution_type</span></code></a></p></td>\n<td><p>Solution type.</p></td>\n</tr>\n<tr class=\"row-odd\"><td><p><a class=\"reference internal\" href=\"../pyaedt.Q3d.src_dir/#pyaedt.Q3d.src_dir\" title=\"pyaedt.Q3d.src_dir\"><code class=\"xref py py-obj docutils literal notranslate\"><span class=\"pre\">Q3d.src_dir</span></code></a></p></td>\n<td><p>Source directory for Python.</p></td>\n</tr>\n<tr class=\"row-even\"><td><p><a class=\"reference internal\" href=\"../pyaedt.Q3d.syslib/#pyaedt.Q3d.syslib\" title=\"pyaedt.Q3d.syslib\"><code class=\"xref py py-obj docutils literal notranslate\"><span class=\"pre\">Q3d.syslib</span></code></a></p></td>\n<td><p>SysLib directory.</p></td>\n</tr>\n<tr class=\"row-odd\"><td><p><a class=\"reference internal\" href=\"../pyaedt.Q3d.temp_directory/#pyaedt.Q3d.temp_directory\" title=\"pyaedt.Q3d.temp_directory\"><code class=\"xref py py-obj docutils literal notranslate\"><span class=\"pre\">Q3d.temp_directory</span></code></a></p></td>\n<td><p>Path to the temporary directory.</p></td>\n</tr>\n<tr class=\"row-even\"><td><p><a class=\"reference internal\" href=\"../pyaedt.Q3d.toolkit_directory/#pyaedt.Q3d.toolkit_directory\" title=\"pyaedt.Q3d.toolkit_directory\"><code class=\"xref py py-obj docutils literal notranslate\"><span class=\"pre\">Q3d.toolkit_directory</span></code></a></p></td>\n<td><p>Path to the toolkit directory.</p></td>\n</tr>\n<tr class=\"row-odd\"><td><p><a class=\"reference internal\" href=\"../pyaedt.Q3d.userlib/#pyaedt.Q3d.userlib\" title=\"pyaedt.Q3d.userlib\"><code class=\"xref py py-obj docutils literal notranslate\"><span class=\"pre\">Q3d.userlib</span></code></a></p></td>\n<td><p>UserLib directory.</p></td>\n</tr>\n<tr class=\"row-even\"><td><p><a class=\"reference internal\" href=\"../pyaedt.Q3d.valid_design/#pyaedt.Q3d.valid_design\" title=\"pyaedt.Q3d.valid_design\"><code class=\"xref py py-obj docutils literal notranslate\"><span class=\"pre\">Q3d.valid_design</span></code></a></p></td>\n<td><p>Valid design.</p></td>\n</tr>\n<tr class=\"row-odd\"><td><p><a class=\"reference internal\" href=\"../pyaedt.Q3d.variable_manager/#pyaedt.Q3d.variable_manager\" title=\"pyaedt.Q3d.variable_manager\"><code class=\"xref py py-obj docutils literal notranslate\"><span class=\"pre\">Q3d.variable_manager</span></code></a></p></td>\n<td><p>Variable manager for creating and managing project design and postprocessing variables.</p></td>\n</tr>\n<tr class=\"row-even\"><td><p><a class=\"reference internal\" href=\"../pyaedt.Q3d.working_directory/#pyaedt.Q3d.working_directory\" title=\"pyaedt.Q3d.working_directory\"><code class=\"xref py py-obj docutils literal notranslate\"><span class=\"pre\">Q3d.working_directory</span></code></a></p></td>\n<td><p>Path to the working directory.</p></td>\n</tr>\n</tbody>\n</table>\n</dd></dl>\n\n</section>\n", "metatags": "<meta name=\"generator\" content=\"Docutils 0.19: https://docutils.sourceforge.io/\" />\n", "rellinks": [["genindex", "General Index", "I", "index"], ["py-modindex", "Python Module Index", "", "modules"], ["API/_autosummary/pyaedt.Q3d.activate_variable_optimization", "activate_variable_optimization", "N", "next"], ["API/_autosummary/pyaedt.Hfss.working_directory", "working_directory", "P", "previous"]], "sourcename": "API/_autosummary/pyaedt.Q3d.rst.txt", "toc": "<ul>\n<li><a class=\"reference internal\" href=\"#\">pyaedt.Q3d</a><ul>\n<li><a class=\"reference internal\" href=\"#pyaedt.Q3d\"><code class=\"docutils literal notranslate\"><span class=\"pre\">Q3d</span></code></a></li>\n</ul>\n</li>\n</ul>\n", "display_toc": true, "page_source_suffix": ".rst", "current_page_name": "API/_autosummary/pyaedt.Q3d", "sidebars": ["search-field.html", "sidebar-nav-bs.html"], "customsidebar": null, "favicon_url": null, "logo_url": null, "alabaster_version": "0.7.12", "theme_show_toc_level": 1, "theme_logo": {}}