{"parents": [{"link": "../../", "title": "API reference"}, {"link": "../../Application/", "title": "AEDT apps"}, {"link": "../pyaedt.Emit/", "title": "pyaedt.Emit"}], "prev": {"link": "../pyaedt.Emit.odesign/", "title": "odesign"}, "next": {"link": "../pyaedt.Emit.oeditor/", "title": "oeditor"}, "title": "odesktop", "meta": {}, "body": "<section id=\"odesktop\">\n<h1>odesktop<a class=\"headerlink\" href=\"#odesktop\" title=\"Permalink to this heading\">#</a></h1>\n<dl class=\"py property\">\n<dt class=\"sig sig-object py\" id=\"pyaedt.Emit.odesktop\">\n<em class=\"property\"><span class=\"pre\">property</span><span class=\"w\"> </span></em><span class=\"sig-prename descclassname\"><span class=\"pre\">Emit.</span></span><span class=\"sig-name descname\"><span class=\"pre\">odesktop</span></span><a class=\"headerlink\" href=\"#pyaedt.Emit.odesktop\" title=\"Permalink to this definition\">#</a></dt>\n<dd><p>AEDT instance containing all projects and designs.</p>\n<p class=\"rubric\">Examples</p>\n<p>Get the COM object representing the desktop.</p>\n<div class=\"doctest highlight-default notranslate\"><div class=\"highlight\"><pre><span></span><span class=\"gp\">&gt;&gt;&gt; </span><span class=\"kn\">from</span> <span class=\"nn\">pyaedt</span> <span class=\"kn\">import</span> <span class=\"n\">Hfss</span>\n<span class=\"gp\">&gt;&gt;&gt; </span><span class=\"n\">hfss</span> <span class=\"o\">=</span> <span class=\"n\">Hfss</span><span class=\"p\">()</span>\n<span class=\"gp\">&gt;&gt;&gt; </span><span class=\"n\">hfss</span><span class=\"o\">.</span><span class=\"n\">odesktop</span>\n<span class=\"go\">&lt;class &#39;win32com.client.CDispatch&#39;&gt;</span>\n</pre></div>\n</div>\n</dd></dl>\n\n</section>\n", "metatags": "<meta name=\"generator\" content=\"Docutils 0.19: https://docutils.sourceforge.io/\" />\n", "rellinks": [["genindex", "General Index", "I", "index"], ["py-modindex", "Python Module Index", "", "modules"], ["API/_autosummary/pyaedt.Emit.oeditor", "oeditor", "N", "next"], ["API/_autosummary/pyaedt.Emit.odesign", "odesign", "P", "previous"]], "sourcename": "API/_autosummary/pyaedt.Emit.odesktop.rst.txt", "toc": "<ul>\n<li><a class=\"reference internal\" href=\"#\">odesktop</a><ul>\n<li><a class=\"reference internal\" href=\"#pyaedt.Emit.odesktop\"><code class=\"docutils literal notranslate\"><span class=\"pre\">Emit.odesktop</span></code></a></li>\n</ul>\n</li>\n</ul>\n", "display_toc": true, "page_source_suffix": ".rst", "current_page_name": "API/_autosummary/pyaedt.Emit.odesktop", "sidebars": ["search-field.html", "sidebar-nav-bs.html"], "customsidebar": null, "favicon_url": null, "logo_url": null, "alabaster_version": "0.7.12", "theme_show_toc_level": 1, "theme_logo": {}}