{"parents": [{"link": "../../", "title": "API reference"}, {"link": "../../Primitives/", "title": "Modeler and  primitives"}, {"link": "../pyaedt.modeler.object3dlayout.Line3dLayout/", "title": "pyaedt.modeler.object3dlayout.Line3dLayout"}], "prev": {"link": "../pyaedt.modeler.object3dlayout.Line3dLayout.bottom_edge_x/", "title": "bottom_edge_x"}, "next": {"link": "../pyaedt.modeler.object3dlayout.Line3dLayout.bounding_box/", "title": "bounding_box"}, "title": "bottom_edge_y", "meta": {}, "body": "<section id=\"bottom-edge-y\">\n<h1>bottom_edge_y<a class=\"headerlink\" href=\"#bottom-edge-y\" title=\"Permalink to this heading\">#</a></h1>\n<dl class=\"py property\">\n<dt class=\"sig sig-object py\" id=\"pyaedt.modeler.object3dlayout.Line3dLayout.bottom_edge_y\">\n<em class=\"property\"><span class=\"pre\">property</span><span class=\"w\"> </span></em><span class=\"sig-prename descclassname\"><span class=\"pre\">Line3dLayout.</span></span><span class=\"sig-name descname\"><span class=\"pre\">bottom_edge_y</span></span><a class=\"headerlink\" href=\"#pyaedt.modeler.object3dlayout.Line3dLayout.bottom_edge_y\" title=\"Permalink to this definition\">#</a></dt>\n<dd><p>Compute the lower edge in the layout on y direction.</p>\n<dl class=\"field-list simple\">\n<dt class=\"field-odd\">Returns<span class=\"colon\">:</span></dt>\n<dd class=\"field-odd\"><dl class=\"simple\">\n<dt><a class=\"reference external\" href=\"https://docs.python.org/dev/library/functions.html#int\" title=\"(in Python v3.12)\"><code class=\"docutils literal notranslate\"><span class=\"pre\">int</span></code></a></dt><dd><p>Edge number.</p>\n</dd>\n</dl>\n</dd>\n</dl>\n</dd></dl>\n\n</section>\n", "metatags": "<meta name=\"generator\" content=\"Docutils 0.19: https://docutils.sourceforge.io/\" />\n", "rellinks": [["genindex", "General Index", "I", "index"], ["py-modindex", "Python Module Index", "", "modules"], ["API/_autosummary/pyaedt.modeler.object3dlayout.Line3dLayout.bounding_box", "bounding_box", "N", "next"], ["API/_autosummary/pyaedt.modeler.object3dlayout.Line3dLayout.bottom_edge_x", "bottom_edge_x", "P", "previous"]], "sourcename": "API/_autosummary/pyaedt.modeler.object3dlayout.Line3dLayout.bottom_edge_y.rst.txt", "toc": "<ul>\n<li><a class=\"reference internal\" href=\"#\">bottom_edge_y</a><ul>\n<li><a class=\"reference internal\" href=\"#pyaedt.modeler.object3dlayout.Line3dLayout.bottom_edge_y\"><code class=\"docutils literal notranslate\"><span class=\"pre\">Line3dLayout.bottom_edge_y</span></code></a></li>\n</ul>\n</li>\n</ul>\n", "display_toc": true, "page_source_suffix": ".rst", "current_page_name": "API/_autosummary/pyaedt.modeler.object3dlayout.Line3dLayout.bottom_edge_y", "sidebars": ["search-field.html", "sidebar-nav-bs.html"], "customsidebar": null, "favicon_url": null, "logo_url": null, "alabaster_version": "0.7.12", "theme_show_toc_level": 1, "theme_logo": {}}