{"parents": [{"link": "../../", "title": "API reference"}, {"link": "../../Common/", "title": "Desktop and common classes"}, {"link": "../../MultiPartComponent/", "title": "Multi-part components"}, {"link": "../pyaedt.modeler.actors.Person/", "title": "pyaedt.modeler.actors.Person"}], "prev": {"link": "../pyaedt.modeler.actors.Person.stride/", "title": "stride"}, "next": {"link": "../pyaedt.modeler.actors.Person.yaw/", "title": "yaw"}, "title": "use_global_cs", "meta": {}, "body": "<section id=\"use-global-cs\">\n<h1>use_global_cs<a class=\"headerlink\" href=\"#use-global-cs\" title=\"Permalink to this heading\">#</a></h1>\n<dl class=\"py property\">\n<dt class=\"sig sig-object py\" id=\"pyaedt.modeler.actors.Person.use_global_cs\">\n<em class=\"property\"><span class=\"pre\">property</span><span class=\"w\"> </span></em><span class=\"sig-prename descclassname\"><span class=\"pre\">Person.</span></span><span class=\"sig-name descname\"><span class=\"pre\">use_global_cs</span></span><a class=\"headerlink\" href=\"#pyaedt.modeler.actors.Person.use_global_cs\" title=\"Permalink to this definition\">#</a></dt>\n<dd><p>Global coordinate system.</p>\n<dl class=\"field-list simple\">\n<dt class=\"field-odd\">Returns<span class=\"colon\">:</span></dt>\n<dd class=\"field-odd\"><dl class=\"simple\">\n<dt><a class=\"reference external\" href=\"https://docs.python.org/dev/library/stdtypes.html#bltin-boolean-values\" title=\"(in Python v3.12)\"><span class=\"xref std std-ref\">bool</span></a></dt><dd><p><code class=\"docutils literal notranslate\"><span class=\"pre\">True</span></code> when successful, <code class=\"docutils literal notranslate\"><span class=\"pre\">False</span></code> when failed.</p>\n</dd>\n</dl>\n</dd>\n</dl>\n</dd></dl>\n\n</section>\n", "metatags": "<meta name=\"generator\" content=\"Docutils 0.19: https://docutils.sourceforge.io/\" />\n", "rellinks": [["genindex", "General Index", "I", "index"], ["py-modindex", "Python Module Index", "", "modules"], ["API/_autosummary/pyaedt.modeler.actors.Person.yaw", "yaw", "N", "next"], ["API/_autosummary/pyaedt.modeler.actors.Person.stride", "stride", "P", "previous"]], "sourcename": "API/_autosummary/pyaedt.modeler.actors.Person.use_global_cs.rst.txt", "toc": "<ul>\n<li><a class=\"reference internal\" href=\"#\">use_global_cs</a><ul>\n<li><a class=\"reference internal\" href=\"#pyaedt.modeler.actors.Person.use_global_cs\"><code class=\"docutils literal notranslate\"><span class=\"pre\">Person.use_global_cs</span></code></a></li>\n</ul>\n</li>\n</ul>\n", "display_toc": true, "page_source_suffix": ".rst", "current_page_name": "API/_autosummary/pyaedt.modeler.actors.Person.use_global_cs", "sidebars": ["search-field.html", "sidebar-nav-bs.html"], "customsidebar": null, "favicon_url": null, "logo_url": null, "alabaster_version": "0.7.12", "theme_show_toc_level": 1, "theme_logo": {}}