{"parents": [{"link": "../../", "title": "API reference"}, {"link": "../../Post/", "title": "Postprocessing"}, {"link": "../pyaedt.modules.report_templates.EyeDiagram/", "title": "pyaedt.modules.report_templates.EyeDiagram"}], "prev": {"link": "../pyaedt.modules.report_templates.EyeDiagram.traces/", "title": "traces"}, "next": {"link": "../pyaedt.modules.report_templates.EyeDiagram.variations/", "title": "variations"}, "title": "unit_interval", "meta": {}, "body": "<section id=\"unit-interval\">\n<h1>unit_interval<a class=\"headerlink\" href=\"#unit-interval\" title=\"Permalink to this heading\">#</a></h1>\n<dl class=\"py property\">\n<dt class=\"sig sig-object py\" id=\"pyaedt.modules.report_templates.EyeDiagram.unit_interval\">\n<em class=\"property\"><span class=\"pre\">property</span><span class=\"w\"> </span></em><span class=\"sig-prename descclassname\"><span class=\"pre\">EyeDiagram.</span></span><span class=\"sig-name descname\"><span class=\"pre\">unit_interval</span></span><a class=\"headerlink\" href=\"#pyaedt.modules.report_templates.EyeDiagram.unit_interval\" title=\"Permalink to this definition\">#</a></dt>\n<dd><p>Unit interval value.</p>\n<dl class=\"field-list simple\">\n<dt class=\"field-odd\">Returns<span class=\"colon\">:</span></dt>\n<dd class=\"field-odd\"><dl class=\"simple\">\n<dt><a class=\"reference external\" href=\"https://docs.python.org/dev/library/stdtypes.html#str\" title=\"(in Python v3.12)\"><code class=\"docutils literal notranslate\"><span class=\"pre\">str</span></code></a></dt><dd></dd>\n</dl>\n</dd>\n</dl>\n</dd></dl>\n\n</section>\n", "metatags": "<meta name=\"generator\" content=\"Docutils 0.19: https://docutils.sourceforge.io/\" />\n", "rellinks": [["genindex", "General Index", "I", "index"], ["py-modindex", "Python Module Index", "", "modules"], ["API/_autosummary/pyaedt.modules.report_templates.EyeDiagram.variations", "variations", "N", "next"], ["API/_autosummary/pyaedt.modules.report_templates.EyeDiagram.traces", "traces", "P", "previous"]], "sourcename": "API/_autosummary/pyaedt.modules.report_templates.EyeDiagram.unit_interval.rst.txt", "toc": "<ul>\n<li><a class=\"reference internal\" href=\"#\">unit_interval</a><ul>\n<li><a class=\"reference internal\" href=\"#pyaedt.modules.report_templates.EyeDiagram.unit_interval\"><code class=\"docutils literal notranslate\"><span class=\"pre\">EyeDiagram.unit_interval</span></code></a></li>\n</ul>\n</li>\n</ul>\n", "display_toc": true, "page_source_suffix": ".rst", "current_page_name": "API/_autosummary/pyaedt.modules.report_templates.EyeDiagram.unit_interval", "sidebars": ["search-field.html", "sidebar-nav-bs.html"], "customsidebar": null, "favicon_url": null, "logo_url": null, "alabaster_version": "0.7.12", "theme_show_toc_level": 1, "theme_logo": {}}