{"parents": [{"link": "../../", "title": "API reference"}, {"link": "../../Application/", "title": "AEDT apps"}, {"link": "../pyaedt.Q3d/", "title": "pyaedt.Q3d"}], "prev": {"link": "../pyaedt.Q3d.oexcitation/", "title": "oexcitation"}, "next": {"link": "../pyaedt.Q3d.oimport_export/", "title": "oimport_export"}, "title": "ofieldsreporter", "meta": {}, "body": "<section id=\"ofieldsreporter\">\n<h1>ofieldsreporter<a class=\"headerlink\" href=\"#ofieldsreporter\" title=\"Permalink to this heading\">#</a></h1>\n<dl class=\"py property\">\n<dt class=\"sig sig-object py\" id=\"pyaedt.Q3d.ofieldsreporter\">\n<em class=\"property\"><span class=\"pre\">property</span><span class=\"w\"> </span></em><span class=\"sig-prename descclassname\"><span class=\"pre\">Q3d.</span></span><span class=\"sig-name descname\"><span class=\"pre\">ofieldsreporter</span></span><a class=\"headerlink\" href=\"#pyaedt.Q3d.ofieldsreporter\" title=\"Permalink to this definition\">#</a></dt>\n<dd><p>Fields reporter.</p>\n<dl class=\"field-list simple\">\n<dt class=\"field-odd\">Returns<span class=\"colon\">:</span></dt>\n<dd class=\"field-odd\"><dl class=\"simple\">\n<dt><code class=\"xref py py-attr docutils literal notranslate\"><span class=\"pre\">pyaedt.modules.PostProcessor.PostProcessor.ofieldsreporter</span></code></dt><dd></dd>\n</dl>\n</dd>\n</dl>\n<p class=\"rubric\">References</p>\n<div class=\"doctest highlight-default notranslate\"><div class=\"highlight\"><pre><span></span><span class=\"gp\">&gt;&gt;&gt; </span><span class=\"n\">oDesign</span><span class=\"o\">.</span><span class=\"n\">GetModule</span><span class=\"p\">(</span><span class=\"s2\">&quot;FieldsReporter&quot;</span><span class=\"p\">)</span>\n</pre></div>\n</div>\n</dd></dl>\n\n</section>\n", "metatags": "<meta name=\"generator\" content=\"Docutils 0.19: https://docutils.sourceforge.io/\" />\n", "rellinks": [["genindex", "General Index", "I", "index"], ["py-modindex", "Python Module Index", "", "modules"], ["API/_autosummary/pyaedt.Q3d.oimport_export", "oimport_export", "N", "next"], ["API/_autosummary/pyaedt.Q3d.oexcitation", "oexcitation", "P", "previous"]], "sourcename": "API/_autosummary/pyaedt.Q3d.ofieldsreporter.rst.txt", "toc": "<ul>\n<li><a class=\"reference internal\" href=\"#\">ofieldsreporter</a><ul>\n<li><a class=\"reference internal\" href=\"#pyaedt.Q3d.ofieldsreporter\"><code class=\"docutils literal notranslate\"><span class=\"pre\">Q3d.ofieldsreporter</span></code></a></li>\n</ul>\n</li>\n</ul>\n", "display_toc": true, "page_source_suffix": ".rst", "current_page_name": "API/_autosummary/pyaedt.Q3d.ofieldsreporter", "sidebars": ["search-field.html", "sidebar-nav-bs.html"], "customsidebar": null, "favicon_url": null, "logo_url": null, "alabaster_version": "0.7.12", "theme_show_toc_level": 1, "theme_logo": {}}