{"parents": [{"link": "../../", "title": "API reference"}, {"link": "../../Primitives/", "title": "Modeler and  primitives"}, {"link": "../pyaedt.modeler.Primitives3DLayout.Primitives3DLayout/", "title": "pyaedt.modeler.Primitives3DLayout.Primitives3DLayout"}], "prev": {"link": "../pyaedt.modeler.Primitives3DLayout.Primitives3DLayout.pins/", "title": "pins"}, "next": {"link": "../pyaedt.modeler.Primitives3DLayout.Primitives3DLayout.polygons_voids/", "title": "polygons_voids"}, "title": "polygons", "meta": {}, "body": "<section id=\"polygons\">\n<h1>polygons<a class=\"headerlink\" href=\"#polygons\" title=\"Permalink to this heading\">#</a></h1>\n<dl class=\"py property\">\n<dt class=\"sig sig-object py\" id=\"pyaedt.modeler.Primitives3DLayout.Primitives3DLayout.polygons\">\n<em class=\"property\"><span class=\"pre\">property</span><span class=\"w\"> </span></em><span class=\"sig-prename descclassname\"><span class=\"pre\">Primitives3DLayout.</span></span><span class=\"sig-name descname\"><span class=\"pre\">polygons</span></span><a class=\"headerlink\" href=\"#pyaedt.modeler.Primitives3DLayout.Primitives3DLayout.polygons\" title=\"Permalink to this definition\">#</a></dt>\n<dd><p>Polygons.</p>\n<dl class=\"field-list simple\">\n<dt class=\"field-odd\">Returns<span class=\"colon\">:</span></dt>\n<dd class=\"field-odd\"><dl class=\"simple\">\n<dt><a class=\"reference external\" href=\"https://docs.python.org/dev/library/stdtypes.html#dict\" title=\"(in Python v3.12)\"><code class=\"docutils literal notranslate\"><span class=\"pre\">dict</span></code></a>[<a class=\"reference external\" href=\"https://docs.python.org/dev/library/stdtypes.html#str\" title=\"(in Python v3.12)\"><code class=\"docutils literal notranslate\"><span class=\"pre\">str</span></code></a>, <a class=\"reference internal\" href=\"../pyaedt.modeler.object3dlayout.Polygons3DLayout/#pyaedt.modeler.object3dlayout.Polygons3DLayout\" title=\"pyaedt.modeler.object3dlayout.Polygons3DLayout\"><code class=\"xref py py-class docutils literal notranslate\"><span class=\"pre\">pyaedt.modeler.object3dlayout.Polygons3DLayout</span></code></a>]</dt><dd><p>Pyaedt Objects.</p>\n</dd>\n</dl>\n</dd>\n</dl>\n</dd></dl>\n\n</section>\n", "metatags": "<meta name=\"generator\" content=\"Docutils 0.19: https://docutils.sourceforge.io/\" />\n", "rellinks": [["genindex", "General Index", "I", "index"], ["py-modindex", "Python Module Index", "", "modules"], ["API/_autosummary/pyaedt.modeler.Primitives3DLayout.Primitives3DLayout.polygons_voids", "polygons_voids", "N", "next"], ["API/_autosummary/pyaedt.modeler.Primitives3DLayout.Primitives3DLayout.pins", "pins", "P", "previous"]], "sourcename": "API/_autosummary/pyaedt.modeler.Primitives3DLayout.Primitives3DLayout.polygons.rst.txt", "toc": "<ul>\n<li><a class=\"reference internal\" href=\"#\">polygons</a><ul>\n<li><a class=\"reference internal\" href=\"#pyaedt.modeler.Primitives3DLayout.Primitives3DLayout.polygons\"><code class=\"docutils literal notranslate\"><span class=\"pre\">Primitives3DLayout.polygons</span></code></a></li>\n</ul>\n</li>\n</ul>\n", "display_toc": true, "page_source_suffix": ".rst", "current_page_name": "API/_autosummary/pyaedt.modeler.Primitives3DLayout.Primitives3DLayout.polygons", "sidebars": ["search-field.html", "sidebar-nav-bs.html"], "customsidebar": null, "favicon_url": null, "logo_url": null, "alabaster_version": "0.7.12", "theme_show_toc_level": 1, "theme_logo": {}}