{"parents": [{"link": "../../", "title": "API reference"}, {"link": "../../Primitives/", "title": "Modeler and  primitives"}, {"link": "../pyaedt.modeler.Model2D.Modeler2D/", "title": "pyaedt.modeler.Model2D.Modeler2D"}], "prev": {"link": "../pyaedt.modeler.Model2D.Modeler2D.fit_all/", "title": "fit_all"}, "next": {"link": "../pyaedt.modeler.Model2D.Modeler2D.generate_object_history/", "title": "generate_object_history"}, "title": "flatten_assembly", "meta": {}, "body": "<section id=\"flatten-assembly\">\n<h1>flatten_assembly<a class=\"headerlink\" href=\"#flatten-assembly\" title=\"Permalink to this heading\">#</a></h1>\n<dl class=\"py method\">\n<dt class=\"sig sig-object py\" id=\"pyaedt.modeler.Model2D.Modeler2D.flatten_assembly\">\n<span class=\"sig-prename descclassname\"><span class=\"pre\">Modeler2D.</span></span><span class=\"sig-name descname\"><span class=\"pre\">flatten_assembly</span></span><span class=\"sig-paren\">(</span><span class=\"sig-paren\">)</span><a class=\"headerlink\" href=\"#pyaedt.modeler.Model2D.Modeler2D.flatten_assembly\" title=\"Permalink to this definition\">#</a></dt>\n<dd><p>Flatten the assembly, removing all group trees.</p>\n<dl class=\"field-list simple\">\n<dt class=\"field-odd\">Returns<span class=\"colon\">:</span></dt>\n<dd class=\"field-odd\"><dl class=\"simple\">\n<dt><a class=\"reference external\" href=\"https://docs.python.org/dev/library/stdtypes.html#bltin-boolean-values\" title=\"(in Python v3.12)\"><span class=\"xref std std-ref\">bool</span></a></dt><dd><p><code class=\"docutils literal notranslate\"><span class=\"pre\">True</span></code> when successful, <code class=\"docutils literal notranslate\"><span class=\"pre\">False</span></code> when failed.</p>\n</dd>\n</dl>\n</dd>\n</dl>\n<p class=\"rubric\">References</p>\n<div class=\"doctest highlight-default notranslate\"><div class=\"highlight\"><pre><span></span><span class=\"gp\">&gt;&gt;&gt; </span><span class=\"n\">oEditor</span><span class=\"o\">.</span><span class=\"n\">FlattenGroup</span>\n</pre></div>\n</div>\n</dd></dl>\n\n</section>\n", "metatags": "<meta name=\"generator\" content=\"Docutils 0.19: https://docutils.sourceforge.io/\" />\n", "rellinks": [["genindex", "General Index", "I", "index"], ["py-modindex", "Python Module Index", "", "modules"], ["API/_autosummary/pyaedt.modeler.Model2D.Modeler2D.generate_object_history", "generate_object_history", "N", "next"], ["API/_autosummary/pyaedt.modeler.Model2D.Modeler2D.fit_all", "fit_all", "P", "previous"]], "sourcename": "API/_autosummary/pyaedt.modeler.Model2D.Modeler2D.flatten_assembly.rst.txt", "toc": "<ul>\n<li><a class=\"reference internal\" href=\"#\">flatten_assembly</a><ul>\n<li><a class=\"reference internal\" href=\"#pyaedt.modeler.Model2D.Modeler2D.flatten_assembly\"><code class=\"docutils literal notranslate\"><span class=\"pre\">Modeler2D.flatten_assembly()</span></code></a></li>\n</ul>\n</li>\n</ul>\n", "display_toc": true, "page_source_suffix": ".rst", "current_page_name": "API/_autosummary/pyaedt.modeler.Model2D.Modeler2D.flatten_assembly", "sidebars": ["search-field.html", "sidebar-nav-bs.html"], "customsidebar": null, "favicon_url": null, "logo_url": null, "alabaster_version": "0.7.12", "theme_show_toc_level": 1, "theme_logo": {}}