{"parents": [{"link": "../../", "title": "API reference"}, {"link": "../../Application/", "title": "AEDT apps"}, {"link": "../pyaedt.Mechanical/", "title": "pyaedt.Mechanical"}], "prev": {"link": "../pyaedt.Mechanical.syslib/", "title": "syslib"}, "next": {"link": "../pyaedt.Mechanical.toolkit_directory/", "title": "toolkit_directory"}, "title": "temp_directory", "meta": {}, "body": "<section id=\"temp-directory\">\n<h1>temp_directory<a class=\"headerlink\" href=\"#temp-directory\" title=\"Permalink to this heading\">#</a></h1>\n<dl class=\"py property\">\n<dt class=\"sig sig-object py\" id=\"pyaedt.Mechanical.temp_directory\">\n<em class=\"property\"><span class=\"pre\">property</span><span class=\"w\"> </span></em><span class=\"sig-prename descclassname\"><span class=\"pre\">Mechanical.</span></span><span class=\"sig-name descname\"><span class=\"pre\">temp_directory</span></span><a class=\"headerlink\" href=\"#pyaedt.Mechanical.temp_directory\" title=\"Permalink to this definition\">#</a></dt>\n<dd><p>Path to the temporary directory.</p>\n<dl class=\"field-list simple\">\n<dt class=\"field-odd\">Returns<span class=\"colon\">:</span></dt>\n<dd class=\"field-odd\"><dl class=\"simple\">\n<dt><a class=\"reference external\" href=\"https://docs.python.org/dev/library/stdtypes.html#str\" title=\"(in Python v3.12)\"><code class=\"docutils literal notranslate\"><span class=\"pre\">str</span></code></a></dt><dd><p>Full absolute path for the <code class=\"docutils literal notranslate\"><span class=\"pre\">temp</span></code> directory.</p>\n</dd>\n</dl>\n</dd>\n</dl>\n</dd></dl>\n\n</section>\n", "metatags": "<meta name=\"generator\" content=\"Docutils 0.19: https://docutils.sourceforge.io/\" />\n", "rellinks": [["genindex", "General Index", "I", "index"], ["py-modindex", "Python Module Index", "", "modules"], ["API/_autosummary/pyaedt.Mechanical.toolkit_directory", "toolkit_directory", "N", "next"], ["API/_autosummary/pyaedt.Mechanical.syslib", "syslib", "P", "previous"]], "sourcename": "API/_autosummary/pyaedt.Mechanical.temp_directory.rst.txt", "toc": "<ul>\n<li><a class=\"reference internal\" href=\"#\">temp_directory</a><ul>\n<li><a class=\"reference internal\" href=\"#pyaedt.Mechanical.temp_directory\"><code class=\"docutils literal notranslate\"><span class=\"pre\">Mechanical.temp_directory</span></code></a></li>\n</ul>\n</li>\n</ul>\n", "display_toc": true, "page_source_suffix": ".rst", "current_page_name": "API/_autosummary/pyaedt.Mechanical.temp_directory", "sidebars": ["search-field.html", "sidebar-nav-bs.html"], "customsidebar": null, "favicon_url": null, "logo_url": null, "alabaster_version": "0.7.12", "theme_show_toc_level": 1, "theme_logo": {}}