{"parents": [{"link": "../../", "title": "API reference"}, {"link": "../../Application/", "title": "AEDT apps"}, {"link": "../pyaedt.Hfss3dLayout/", "title": "pyaedt.Hfss3dLayout"}], "prev": {"link": "../pyaedt.Hfss3dLayout.get_excitations_name/", "title": "get_excitations_name"}, "next": {"link": "../pyaedt.Hfss3dLayout.library_list/", "title": "library_list"}, "title": "layouteditor", "meta": {}, "body": "<section id=\"layouteditor\">\n<h1>layouteditor<a class=\"headerlink\" href=\"#layouteditor\" title=\"Permalink to this heading\">#</a></h1>\n<dl class=\"py property\">\n<dt class=\"sig sig-object py\" id=\"pyaedt.Hfss3dLayout.layouteditor\">\n<em class=\"property\"><span class=\"pre\">property</span><span class=\"w\"> </span></em><span class=\"sig-prename descclassname\"><span class=\"pre\">Hfss3dLayout.</span></span><span class=\"sig-name descname\"><span class=\"pre\">layouteditor</span></span><a class=\"headerlink\" href=\"#pyaedt.Hfss3dLayout.layouteditor\" title=\"Permalink to this definition\">#</a></dt>\n<dd><p>Return the Circuit Layout Editor.</p>\n<p class=\"rubric\">References</p>\n<div class=\"doctest highlight-default notranslate\"><div class=\"highlight\"><pre><span></span><span class=\"gp\">&gt;&gt;&gt; </span><span class=\"n\">oDesign</span><span class=\"o\">.</span><span class=\"n\">SetActiveEditor</span><span class=\"p\">(</span><span class=\"s2\">&quot;Layout&quot;</span><span class=\"p\">)</span>\n</pre></div>\n</div>\n</dd></dl>\n\n</section>\n", "metatags": "<meta name=\"generator\" content=\"Docutils 0.19: https://docutils.sourceforge.io/\" />\n", "rellinks": [["genindex", "General Index", "I", "index"], ["py-modindex", "Python Module Index", "", "modules"], ["API/_autosummary/pyaedt.Hfss3dLayout.library_list", "library_list", "N", "next"], ["API/_autosummary/pyaedt.Hfss3dLayout.get_excitations_name", "get_excitations_name", "P", "previous"]], "sourcename": "API/_autosummary/pyaedt.Hfss3dLayout.layouteditor.rst.txt", "toc": "<ul>\n<li><a class=\"reference internal\" href=\"#\">layouteditor</a><ul>\n<li><a class=\"reference internal\" href=\"#pyaedt.Hfss3dLayout.layouteditor\"><code class=\"docutils literal notranslate\"><span class=\"pre\">Hfss3dLayout.layouteditor</span></code></a></li>\n</ul>\n</li>\n</ul>\n", "display_toc": true, "page_source_suffix": ".rst", "current_page_name": "API/_autosummary/pyaedt.Hfss3dLayout.layouteditor", "sidebars": ["search-field.html", "sidebar-nav-bs.html"], "customsidebar": null, "favicon_url": null, "logo_url": null, "alabaster_version": "0.7.12", "theme_show_toc_level": 1, "theme_logo": {}}