{"parents": [{"link": "../../", "title": "API reference"}, {"link": "../../Setup/", "title": "Setup"}, {"link": "../pyaedt.modules.SolveSetup.Setup/", "title": "pyaedt.modules.SolveSetup.Setup"}], "prev": {"link": "../pyaedt.modules.SolveSetup.Setup.enable/", "title": "enable"}, "next": {"link": "../pyaedt.modules.SolveSetup.Setup.enable_adaptive_setup_multifrequency/", "title": "enable_adaptive_setup_multifrequency"}, "title": "enable_adaptive_setup_broadband", "meta": {}, "body": "<section id=\"enable-adaptive-setup-broadband\">\n<h1>enable_adaptive_setup_broadband<a class=\"headerlink\" href=\"#enable-adaptive-setup-broadband\" title=\"Permalink to this heading\">#</a></h1>\n<dl class=\"py method\">\n<dt class=\"sig sig-object py\" id=\"pyaedt.modules.SolveSetup.Setup.enable_adaptive_setup_broadband\">\n<span class=\"sig-prename descclassname\"><span class=\"pre\">Setup.</span></span><span class=\"sig-name descname\"><span class=\"pre\">enable_adaptive_setup_broadband</span></span><span class=\"sig-paren\">(</span><em class=\"sig-param\"><span class=\"n\"><span class=\"pre\">low_frequency</span></span></em>, <em class=\"sig-param\"><span class=\"n\"><span class=\"pre\">high_frquency</span></span></em>, <em class=\"sig-param\"><span class=\"n\"><span class=\"pre\">max_passes</span></span><span class=\"o\"><span class=\"pre\">=</span></span><span class=\"default_value\"><span class=\"pre\">6</span></span></em>, <em class=\"sig-param\"><span class=\"n\"><span class=\"pre\">max_delta_s</span></span><span class=\"o\"><span class=\"pre\">=</span></span><span class=\"default_value\"><span class=\"pre\">0.02</span></span></em><span class=\"sig-paren\">)</span><a class=\"reference internal\" href=\"../../../_modules/pyaedt/modules/SolveSetup/#Setup.enable_adaptive_setup_broadband\"><span class=\"viewcode-link\"><span class=\"pre\">[source]</span></span></a><a class=\"headerlink\" href=\"#pyaedt.modules.SolveSetup.Setup.enable_adaptive_setup_broadband\" title=\"Permalink to this definition\">#</a></dt>\n<dd><p>Enable HFSS broadband setup.</p>\n<dl class=\"field-list\">\n<dt class=\"field-odd\">Parameters<span class=\"colon\">:</span></dt>\n<dd class=\"field-odd\"><dl>\n<dt><strong>low_frequency</strong><span class=\"classifier\"><a class=\"reference external\" href=\"https://docs.python.org/dev/library/functions.html#float\" title=\"(in Python v3.12)\"><code class=\"docutils literal notranslate\"><span class=\"pre\">float</span></code></a>, <a class=\"reference external\" href=\"https://docs.python.org/dev/library/stdtypes.html#str\" title=\"(in Python v3.12)\"><code class=\"docutils literal notranslate\"><span class=\"pre\">str</span></code></a></span></dt><dd><p>Lower Frequency at which set the adaptive convergence.\nIt can be float (GHz) or str.</p>\n</dd>\n<dt><strong>high_frquency</strong><span class=\"classifier\"><a class=\"reference external\" href=\"https://docs.python.org/dev/library/functions.html#float\" title=\"(in Python v3.12)\"><code class=\"docutils literal notranslate\"><span class=\"pre\">float</span></code></a>, <a class=\"reference external\" href=\"https://docs.python.org/dev/library/stdtypes.html#str\" title=\"(in Python v3.12)\"><code class=\"docutils literal notranslate\"><span class=\"pre\">str</span></code></a></span></dt><dd><p>Lower Frequency at which set the adaptive convergence. It can be float (GHz) or str.</p>\n</dd>\n<dt><strong>max_passes</strong><span class=\"classifier\"><a class=\"reference external\" href=\"https://docs.python.org/dev/library/functions.html#int\" title=\"(in Python v3.12)\"><code class=\"docutils literal notranslate\"><span class=\"pre\">int</span></code></a>, <code class=\"xref py py-obj docutils literal notranslate\"><span class=\"pre\">optional</span></code></span></dt><dd><p>Maximum number of adaptive passes. The default is <code class=\"docutils literal notranslate\"><span class=\"pre\">6</span></code>.</p>\n</dd>\n<dt><strong>max_delta_s</strong><span class=\"classifier\"><a class=\"reference external\" href=\"https://docs.python.org/dev/library/functions.html#float\" title=\"(in Python v3.12)\"><code class=\"docutils literal notranslate\"><span class=\"pre\">float</span></code></a>, <code class=\"xref py py-obj docutils literal notranslate\"><span class=\"pre\">optional</span></code></span></dt><dd><p>Delta S Convergence criteria. The default is <code class=\"docutils literal notranslate\"><span class=\"pre\">0.02</span></code>.</p>\n</dd>\n</dl>\n</dd>\n<dt class=\"field-even\">Returns<span class=\"colon\">:</span></dt>\n<dd class=\"field-even\"><dl class=\"simple\">\n<dt><a class=\"reference external\" href=\"https://docs.python.org/dev/library/stdtypes.html#bltin-boolean-values\" title=\"(in Python v3.12)\"><span class=\"xref std std-ref\">bool</span></a></dt><dd><p><code class=\"docutils literal notranslate\"><span class=\"pre\">True</span></code> when successful, <code class=\"docutils literal notranslate\"><span class=\"pre\">False</span></code> when failed.</p>\n</dd>\n</dl>\n</dd>\n</dl>\n</dd></dl>\n\n</section>\n", "metatags": "<meta name=\"generator\" content=\"Docutils 0.19: https://docutils.sourceforge.io/\" />\n", "rellinks": [["genindex", "General Index", "I", "index"], ["py-modindex", "Python Module Index", "", "modules"], ["API/_autosummary/pyaedt.modules.SolveSetup.Setup.enable_adaptive_setup_multifrequency", "enable_adaptive_setup_multifrequency", "N", "next"], ["API/_autosummary/pyaedt.modules.SolveSetup.Setup.enable", "enable", "P", "previous"]], "sourcename": "API/_autosummary/pyaedt.modules.SolveSetup.Setup.enable_adaptive_setup_broadband.rst.txt", "toc": "<ul>\n<li><a class=\"reference internal\" href=\"#\">enable_adaptive_setup_broadband</a><ul>\n<li><a class=\"reference internal\" href=\"#pyaedt.modules.SolveSetup.Setup.enable_adaptive_setup_broadband\"><code class=\"docutils literal notranslate\"><span class=\"pre\">Setup.enable_adaptive_setup_broadband()</span></code></a></li>\n</ul>\n</li>\n</ul>\n", "display_toc": true, "page_source_suffix": ".rst", "current_page_name": "API/_autosummary/pyaedt.modules.SolveSetup.Setup.enable_adaptive_setup_broadband", "sidebars": ["search-field.html", "sidebar-nav-bs.html"], "customsidebar": null, "favicon_url": null, "logo_url": null, "alabaster_version": "0.7.12", "theme_show_toc_level": 1, "theme_logo": {}}