{"parents": [{"link": "../../", "title": "API reference"}, {"link": "../../Application/", "title": "AEDT apps"}, {"link": "../pyaedt.Icepak/", "title": "pyaedt.Icepak"}], "prev": {"link": "../pyaedt.Icepak.assign_point_monitor_in_object/", "title": "assign_point_monitor_in_object"}, "next": {"link": "../pyaedt.Icepak.assign_surface_material/", "title": "assign_surface_material"}, "title": "assign_priority_on_intersections", "meta": {}, "body": "<section id=\"assign-priority-on-intersections\">\n<h1>assign_priority_on_intersections<a class=\"headerlink\" href=\"#assign-priority-on-intersections\" title=\"Permalink to this heading\">#</a></h1>\n<dl class=\"py method\">\n<dt class=\"sig sig-object py\" id=\"pyaedt.Icepak.assign_priority_on_intersections\">\n<span class=\"sig-prename descclassname\"><span class=\"pre\">Icepak.</span></span><span class=\"sig-name descname\"><span class=\"pre\">assign_priority_on_intersections</span></span><span class=\"sig-paren\">(</span><em class=\"sig-param\"><span class=\"n\"><span class=\"pre\">component_prefix</span></span><span class=\"o\"><span class=\"pre\">=</span></span><span class=\"default_value\"><span class=\"pre\">'COMP_'</span></span></em><span class=\"sig-paren\">)</span><a class=\"reference internal\" href=\"../../../_modules/pyaedt/icepak/#Icepak.assign_priority_on_intersections\"><span class=\"viewcode-link\"><span class=\"pre\">[source]</span></span></a><a class=\"headerlink\" href=\"#pyaedt.Icepak.assign_priority_on_intersections\" title=\"Permalink to this definition\">#</a></dt>\n<dd><p>Validate an Icepak design.</p>\n<p>If there are intersections, priorities are automatically applied to overcome simulation issues.</p>\n<dl class=\"field-list\">\n<dt class=\"field-odd\">Parameters<span class=\"colon\">:</span></dt>\n<dd class=\"field-odd\"><dl>\n<dt><strong>component_prefix</strong><span class=\"classifier\"><a class=\"reference external\" href=\"https://docs.python.org/dev/library/stdtypes.html#str\" title=\"(in Python v3.12)\"><code class=\"docutils literal notranslate\"><span class=\"pre\">str</span></code></a>, <code class=\"xref py py-obj docutils literal notranslate\"><span class=\"pre\">optional</span></code></span></dt><dd><p>Component prefix to search for. The default is <code class=\"docutils literal notranslate\"><span class=\"pre\">&quot;COMP_&quot;</span></code>.</p>\n</dd>\n</dl>\n</dd>\n<dt class=\"field-even\">Returns<span class=\"colon\">:</span></dt>\n<dd class=\"field-even\"><dl class=\"simple\">\n<dt><a class=\"reference external\" href=\"https://docs.python.org/dev/library/stdtypes.html#bltin-boolean-values\" title=\"(in Python v3.12)\"><span class=\"xref std std-ref\">bool</span></a></dt><dd><p><code class=\"docutils literal notranslate\"><span class=\"pre\">True</span></code> when successful, <code class=\"docutils literal notranslate\"><span class=\"pre\">False</span></code> when failed.</p>\n</dd>\n</dl>\n</dd>\n</dl>\n<p class=\"rubric\">References</p>\n<div class=\"doctest highlight-default notranslate\"><div class=\"highlight\"><pre><span></span><span class=\"gp\">&gt;&gt;&gt; </span><span class=\"n\">oEditor</span><span class=\"o\">.</span><span class=\"n\">UpdatePriorityList</span>\n</pre></div>\n</div>\n</dd></dl>\n\n</section>\n", "metatags": "<meta name=\"generator\" content=\"Docutils 0.19: https://docutils.sourceforge.io/\" />\n", "rellinks": [["genindex", "General Index", "I", "index"], ["py-modindex", "Python Module Index", "", "modules"], ["API/_autosummary/pyaedt.Icepak.assign_surface_material", "assign_surface_material", "N", "next"], ["API/_autosummary/pyaedt.Icepak.assign_point_monitor_in_object", "assign_point_monitor_in_object", "P", "previous"]], "sourcename": "API/_autosummary/pyaedt.Icepak.assign_priority_on_intersections.rst.txt", "toc": "<ul>\n<li><a class=\"reference internal\" href=\"#\">assign_priority_on_intersections</a><ul>\n<li><a class=\"reference internal\" href=\"#pyaedt.Icepak.assign_priority_on_intersections\"><code class=\"docutils literal notranslate\"><span class=\"pre\">Icepak.assign_priority_on_intersections()</span></code></a></li>\n</ul>\n</li>\n</ul>\n", "display_toc": true, "page_source_suffix": ".rst", "current_page_name": "API/_autosummary/pyaedt.Icepak.assign_priority_on_intersections", "sidebars": ["search-field.html", "sidebar-nav-bs.html"], "customsidebar": null, "favicon_url": null, "logo_url": null, "alabaster_version": "0.7.12", "theme_show_toc_level": 1, "theme_logo": {}}