{"parents": [{"link": "../../", "title": "API reference"}, {"link": "../../Application/", "title": "AEDT apps"}, {"link": "../pyaedt.Rmxprt/", "title": "pyaedt.Rmxprt"}], "prev": {"link": "../pyaedt.Rmxprt.delete_setup/", "title": "delete_setup"}, "next": {"link": "../pyaedt.Rmxprt.design_variation/", "title": "design_variation"}, "title": "delete_variable", "meta": {}, "body": "<section id=\"delete-variable\">\n<h1>delete_variable<a class=\"headerlink\" href=\"#delete-variable\" title=\"Permalink to this heading\">#</a></h1>\n<dl class=\"py method\">\n<dt class=\"sig sig-object py\" id=\"pyaedt.Rmxprt.delete_variable\">\n<span class=\"sig-prename descclassname\"><span class=\"pre\">Rmxprt.</span></span><span class=\"sig-name descname\"><span class=\"pre\">delete_variable</span></span><span class=\"sig-paren\">(</span><em class=\"sig-param\"><span class=\"n\"><span class=\"pre\">sVarName</span></span></em><span class=\"sig-paren\">)</span><a class=\"headerlink\" href=\"#pyaedt.Rmxprt.delete_variable\" title=\"Permalink to this definition\">#</a></dt>\n<dd><p>Delete a variable.</p>\n<dl class=\"field-list simple\">\n<dt class=\"field-odd\">Parameters<span class=\"colon\">:</span></dt>\n<dd class=\"field-odd\"><dl class=\"simple\">\n<dt><strong>sVarName</strong></dt><dd><p>Name of the variable.</p>\n</dd>\n</dl>\n</dd>\n</dl>\n<p class=\"rubric\">References</p>\n<div class=\"doctest highlight-default notranslate\"><div class=\"highlight\"><pre><span></span><span class=\"gp\">&gt;&gt;&gt; </span><span class=\"n\">oProject</span><span class=\"o\">.</span><span class=\"n\">ChangeProperty</span>\n<span class=\"gp\">&gt;&gt;&gt; </span><span class=\"n\">oDesign</span><span class=\"o\">.</span><span class=\"n\">ChangeProperty</span>\n</pre></div>\n</div>\n</dd></dl>\n\n</section>\n", "metatags": "<meta name=\"generator\" content=\"Docutils 0.19: https://docutils.sourceforge.io/\" />\n", "rellinks": [["genindex", "General Index", "I", "index"], ["py-modindex", "Python Module Index", "", "modules"], ["API/_autosummary/pyaedt.Rmxprt.design_variation", "design_variation", "N", "next"], ["API/_autosummary/pyaedt.Rmxprt.delete_setup", "delete_setup", "P", "previous"]], "sourcename": "API/_autosummary/pyaedt.Rmxprt.delete_variable.rst.txt", "toc": "<ul>\n<li><a class=\"reference internal\" href=\"#\">delete_variable</a><ul>\n<li><a class=\"reference internal\" href=\"#pyaedt.Rmxprt.delete_variable\"><code class=\"docutils literal notranslate\"><span class=\"pre\">Rmxprt.delete_variable()</span></code></a></li>\n</ul>\n</li>\n</ul>\n", "display_toc": true, "page_source_suffix": ".rst", "current_page_name": "API/_autosummary/pyaedt.Rmxprt.delete_variable", "sidebars": ["search-field.html", "sidebar-nav-bs.html"], "customsidebar": null, "favicon_url": null, "logo_url": null, "alabaster_version": "0.7.12", "theme_show_toc_level": 1, "theme_logo": {}}