{"parents": [{"link": "../../", "title": "API reference"}, {"link": "../../CoreModules/", "title": "AEDT modules"}, {"link": "../../Boundaries/", "title": "Boundary objects"}, {"link": "../pyaedt.modules.Boundary.BoundaryObject3dLayout/", "title": "pyaedt.modules.Boundary.BoundaryObject3dLayout"}], "prev": {"link": "../pyaedt.modules.Boundary.BoundaryObject3dLayout.update/", "title": "update"}, "next": {"link": "../pyaedt.modules.Boundary.BoundaryObject3dLayout.name/", "title": "name"}, "title": "available_properties", "meta": {}, "body": "<section id=\"available-properties\">\n<h1>available_properties<a class=\"headerlink\" href=\"#available-properties\" title=\"Permalink to this heading\">#</a></h1>\n<dl class=\"py property\">\n<dt class=\"sig sig-object py\" id=\"pyaedt.modules.Boundary.BoundaryObject3dLayout.available_properties\">\n<em class=\"property\"><span class=\"pre\">property</span><span class=\"w\"> </span></em><span class=\"sig-prename descclassname\"><span class=\"pre\">BoundaryObject3dLayout.</span></span><span class=\"sig-name descname\"><span class=\"pre\">available_properties</span></span><a class=\"headerlink\" href=\"#pyaedt.modules.Boundary.BoundaryObject3dLayout.available_properties\" title=\"Permalink to this definition\">#</a></dt>\n<dd><p>Available properties.</p>\n<dl class=\"field-list simple\">\n<dt class=\"field-odd\">Returns<span class=\"colon\">:</span></dt>\n<dd class=\"field-odd\"><dl class=\"simple\">\n<dt><a class=\"reference external\" href=\"https://docs.python.org/dev/library/stdtypes.html#list\" title=\"(in Python v3.12)\"><code class=\"docutils literal notranslate\"><span class=\"pre\">list</span></code></a></dt><dd></dd>\n</dl>\n</dd>\n</dl>\n</dd></dl>\n\n</section>\n", "metatags": "<meta name=\"generator\" content=\"Docutils 0.19: https://docutils.sourceforge.io/\" />\n", "rellinks": [["genindex", "General Index", "I", "index"], ["py-modindex", "Python Module Index", "", "modules"], ["API/_autosummary/pyaedt.modules.Boundary.BoundaryObject3dLayout.name", "name", "N", "next"], ["API/_autosummary/pyaedt.modules.Boundary.BoundaryObject3dLayout.update", "update", "P", "previous"]], "sourcename": "API/_autosummary/pyaedt.modules.Boundary.BoundaryObject3dLayout.available_properties.rst.txt", "toc": "<ul>\n<li><a class=\"reference internal\" href=\"#\">available_properties</a><ul>\n<li><a class=\"reference internal\" href=\"#pyaedt.modules.Boundary.BoundaryObject3dLayout.available_properties\"><code class=\"docutils literal notranslate\"><span class=\"pre\">BoundaryObject3dLayout.available_properties</span></code></a></li>\n</ul>\n</li>\n</ul>\n", "display_toc": true, "page_source_suffix": ".rst", "current_page_name": "API/_autosummary/pyaedt.modules.Boundary.BoundaryObject3dLayout.available_properties", "sidebars": ["search-field.html", "sidebar-nav-bs.html"], "customsidebar": null, "favicon_url": null, "logo_url": null, "alabaster_version": "0.7.12", "theme_show_toc_level": 1, "theme_logo": {}}