{"parents": [{"link": "../../", "title": "API reference"}, {"link": "../../CoreEdb/", "title": "EDB editor"}, {"link": "../pyaedt.edb_core.stackup.Stackup/", "title": "pyaedt.edb_core.stackup.Stackup"}], "prev": {"link": "../pyaedt.edb_core.stackup.Stackup.remove_layer/", "title": "remove_layer"}, "next": {"link": "../pyaedt.edb_core.stackup.Stackup.non_stackup_layers/", "title": "non_stackup_layers"}, "title": "layers", "meta": {}, "body": "<section id=\"layers\">\n<h1>layers<a class=\"headerlink\" href=\"#layers\" title=\"Permalink to this heading\">#</a></h1>\n<dl class=\"py property\">\n<dt class=\"sig sig-object py\" id=\"pyaedt.edb_core.stackup.Stackup.layers\">\n<em class=\"property\"><span class=\"pre\">property</span><span class=\"w\"> </span></em><span class=\"sig-prename descclassname\"><span class=\"pre\">Stackup.</span></span><span class=\"sig-name descname\"><span class=\"pre\">layers</span></span><a class=\"headerlink\" href=\"#pyaedt.edb_core.stackup.Stackup.layers\" title=\"Permalink to this definition\">#</a></dt>\n<dd><p>Retrieve the dictionary of layers.</p>\n<dl class=\"field-list simple\">\n<dt class=\"field-odd\">Returns<span class=\"colon\">:</span></dt>\n<dd class=\"field-odd\"><dl class=\"simple\">\n<dt><a class=\"reference external\" href=\"https://docs.python.org/dev/library/stdtypes.html#dict\" title=\"(in Python v3.12)\"><code class=\"docutils literal notranslate\"><span class=\"pre\">dict</span></code></a></dt><dd></dd>\n</dl>\n</dd>\n</dl>\n</dd></dl>\n\n</section>\n", "metatags": "<meta name=\"generator\" content=\"Docutils 0.19: https://docutils.sourceforge.io/\" />\n", "rellinks": [["genindex", "General Index", "I", "index"], ["py-modindex", "Python Module Index", "", "modules"], ["API/_autosummary/pyaedt.edb_core.stackup.Stackup.non_stackup_layers", "non_stackup_layers", "N", "next"], ["API/_autosummary/pyaedt.edb_core.stackup.Stackup.remove_layer", "remove_layer", "P", "previous"]], "sourcename": "API/_autosummary/pyaedt.edb_core.stackup.Stackup.layers.rst.txt", "toc": "<ul>\n<li><a class=\"reference internal\" href=\"#\">layers</a><ul>\n<li><a class=\"reference internal\" href=\"#pyaedt.edb_core.stackup.Stackup.layers\"><code class=\"docutils literal notranslate\"><span class=\"pre\">Stackup.layers</span></code></a></li>\n</ul>\n</li>\n</ul>\n", "display_toc": true, "page_source_suffix": ".rst", "current_page_name": "API/_autosummary/pyaedt.edb_core.stackup.Stackup.layers", "sidebars": ["search-field.html", "sidebar-nav-bs.html"], "customsidebar": null, "favicon_url": null, "logo_url": null, "alabaster_version": "0.7.12", "theme_show_toc_level": 1, "theme_logo": {}}