{"parents": [{"link": "../../", "title": "API reference"}, {"link": "../../Application/", "title": "AEDT apps"}, {"link": "../pyaedt.Hfss/", "title": "pyaedt.Hfss"}], "prev": {"link": "../pyaedt.Hfss.materials/", "title": "materials"}, "next": {"link": "../pyaedt.Hfss.modeler/", "title": "modeler"}, "title": "mesh", "meta": {}, "body": "<section id=\"mesh\">\n<h1>mesh<a class=\"headerlink\" href=\"#mesh\" title=\"Permalink to this heading\">#</a></h1>\n<dl class=\"py property\">\n<dt class=\"sig sig-object py\" id=\"pyaedt.Hfss.mesh\">\n<em class=\"property\"><span class=\"pre\">property</span><span class=\"w\"> </span></em><span class=\"sig-prename descclassname\"><span class=\"pre\">Hfss.</span></span><span class=\"sig-name descname\"><span class=\"pre\">mesh</span></span><a class=\"headerlink\" href=\"#pyaedt.Hfss.mesh\" title=\"Permalink to this definition\">#</a></dt>\n<dd><p>Mesh.</p>\n<dl class=\"field-list\">\n<dt class=\"field-odd\">Returns<span class=\"colon\">:</span></dt>\n<dd class=\"field-odd\"><dl>\n<dt><strong>:class:`pyaedt.modules.Mesh.Mesh` or</strong><span class=\"classifier\">class:<cite>pyaedt.modules.MeshIcepak.IcepakMesh</cite></span></dt><dd></dd>\n</dl>\n</dd>\n</dl>\n</dd></dl>\n\n</section>\n", "metatags": "<meta name=\"generator\" content=\"Docutils 0.19: https://docutils.sourceforge.io/\" />\n", "rellinks": [["genindex", "General Index", "I", "index"], ["py-modindex", "Python Module Index", "", "modules"], ["API/_autosummary/pyaedt.Hfss.modeler", "modeler", "N", "next"], ["API/_autosummary/pyaedt.Hfss.materials", "materials", "P", "previous"]], "sourcename": "API/_autosummary/pyaedt.Hfss.mesh.rst.txt", "toc": "<ul>\n<li><a class=\"reference internal\" href=\"#\">mesh</a><ul>\n<li><a class=\"reference internal\" href=\"#pyaedt.Hfss.mesh\"><code class=\"docutils literal notranslate\"><span class=\"pre\">Hfss.mesh</span></code></a></li>\n</ul>\n</li>\n</ul>\n", "display_toc": true, "page_source_suffix": ".rst", "current_page_name": "API/_autosummary/pyaedt.Hfss.mesh", "sidebars": ["search-field.html", "sidebar-nav-bs.html"], "customsidebar": null, "favicon_url": null, "logo_url": null, "alabaster_version": "0.7.12", "theme_show_toc_level": 1, "theme_logo": {}}