{"parents": [{"link": "../../", "title": "API reference"}, {"link": "../../Application/", "title": "AEDT apps"}, {"link": "../pyaedt.Icepak/", "title": "pyaedt.Icepak"}], "prev": {"link": "../pyaedt.Icepak.add_info_message/", "title": "add_info_message"}, "next": {"link": "../pyaedt.Icepak.add_warning_message/", "title": "add_warning_message"}, "title": "add_stackup_3d", "meta": {}, "body": "<section id=\"add-stackup-3d\">\n<h1>add_stackup_3d<a class=\"headerlink\" href=\"#add-stackup-3d\" title=\"Permalink to this heading\">#</a></h1>\n<dl class=\"py method\">\n<dt class=\"sig sig-object py\" id=\"pyaedt.Icepak.add_stackup_3d\">\n<span class=\"sig-prename descclassname\"><span class=\"pre\">Icepak.</span></span><span class=\"sig-name descname\"><span class=\"pre\">add_stackup_3d</span></span><span class=\"sig-paren\">(</span><span class=\"sig-paren\">)</span><a class=\"headerlink\" href=\"#pyaedt.Icepak.add_stackup_3d\" title=\"Permalink to this definition\">#</a></dt>\n<dd><p>Create a stackup 3D object.</p>\n<dl class=\"field-list simple\">\n<dt class=\"field-odd\">Returns<span class=\"colon\">:</span></dt>\n<dd class=\"field-odd\"><dl class=\"simple\">\n<dt><a class=\"reference internal\" href=\"../pyaedt.modeler.stackup_3d.Stackup3D/#pyaedt.modeler.stackup_3d.Stackup3D\" title=\"pyaedt.modeler.stackup_3d.Stackup3D\"><code class=\"xref py py-class docutils literal notranslate\"><span class=\"pre\">pyaedt.modeler.stackup_3d.Stackup3D</span></code></a></dt><dd><p>Stackup class.</p>\n</dd>\n</dl>\n</dd>\n</dl>\n</dd></dl>\n\n</section>\n", "metatags": "<meta name=\"generator\" content=\"Docutils 0.19: https://docutils.sourceforge.io/\" />\n", "rellinks": [["genindex", "General Index", "I", "index"], ["py-modindex", "Python Module Index", "", "modules"], ["API/_autosummary/pyaedt.Icepak.add_warning_message", "add_warning_message", "N", "next"], ["API/_autosummary/pyaedt.Icepak.add_info_message", "add_info_message", "P", "previous"]], "sourcename": "API/_autosummary/pyaedt.Icepak.add_stackup_3d.rst.txt", "toc": "<ul>\n<li><a class=\"reference internal\" href=\"#\">add_stackup_3d</a><ul>\n<li><a class=\"reference internal\" href=\"#pyaedt.Icepak.add_stackup_3d\"><code class=\"docutils literal notranslate\"><span class=\"pre\">Icepak.add_stackup_3d()</span></code></a></li>\n</ul>\n</li>\n</ul>\n", "display_toc": true, "page_source_suffix": ".rst", "current_page_name": "API/_autosummary/pyaedt.Icepak.add_stackup_3d", "sidebars": ["search-field.html", "sidebar-nav-bs.html"], "customsidebar": null, "favicon_url": null, "logo_url": null, "alabaster_version": "0.7.12", "theme_show_toc_level": 1, "theme_logo": {}}