{"parents": [{"link": "../../", "title": "API reference"}, {"link": "../../Application/", "title": "AEDT apps"}, {"link": "../pyaedt.Maxwell2d/", "title": "pyaedt.Maxwell2d"}], "prev": {"link": "../pyaedt.Maxwell2d.delete_variable/", "title": "delete_variable"}, "next": {"link": "../pyaedt.Maxwell2d.duplicate_design/", "title": "duplicate_design"}, "title": "design_variation", "meta": {}, "body": "<section id=\"design-variation\">\n<h1>design_variation<a class=\"headerlink\" href=\"#design-variation\" title=\"Permalink to this heading\">#</a></h1>\n<dl class=\"py method\">\n<dt class=\"sig sig-object py\" id=\"pyaedt.Maxwell2d.design_variation\">\n<span class=\"sig-prename descclassname\"><span class=\"pre\">Maxwell2d.</span></span><span class=\"sig-name descname\"><span class=\"pre\">design_variation</span></span><span class=\"sig-paren\">(</span><em class=\"sig-param\"><span class=\"n\"><span class=\"pre\">variation_string</span></span><span class=\"o\"><span class=\"pre\">=</span></span><span class=\"default_value\"><span class=\"pre\">None</span></span></em><span class=\"sig-paren\">)</span><a class=\"headerlink\" href=\"#pyaedt.Maxwell2d.design_variation\" title=\"Permalink to this definition\">#</a></dt>\n<dd><p>Generate a string to specify a desired variation.</p>\n<p>This method converts an input string defining a desired solution variation into a valid\nstring taking into account all existing design properties and project variables, including\ndependent (non-sweep) properties.</p>\n<p>This is needed because the standard method COM function <code class=\"docutils literal notranslate\"><span class=\"pre\">GetVariationVariableValue</span></code>\ndoes not work for obtaining values of dependent (non-sweep) variables.\nUsing the object-oriented scripting model, which is a beta feature, could make this redundant in\nfuture releases.</p>\n<dl class=\"field-list\">\n<dt class=\"field-odd\">Parameters<span class=\"colon\">:</span></dt>\n<dd class=\"field-odd\"><dl>\n<dt><strong>variation_string</strong><span class=\"classifier\"><a class=\"reference external\" href=\"https://docs.python.org/dev/library/stdtypes.html#str\" title=\"(in Python v3.12)\"><code class=\"docutils literal notranslate\"><span class=\"pre\">str</span></code></a>, <code class=\"xref py py-obj docutils literal notranslate\"><span class=\"pre\">optional</span></code></span></dt><dd><p>Variation string. For example, <code class=\"docutils literal notranslate\"><span class=\"pre\">&quot;p1=1mm&quot;</span></code> or <code class=\"docutils literal notranslate\"><span class=\"pre\">&quot;p2=3mm&quot;</span></code>.</p>\n</dd>\n</dl>\n</dd>\n<dt class=\"field-even\">Returns<span class=\"colon\">:</span></dt>\n<dd class=\"field-even\"><dl class=\"simple\">\n<dt><a class=\"reference external\" href=\"https://docs.python.org/dev/library/stdtypes.html#str\" title=\"(in Python v3.12)\"><code class=\"docutils literal notranslate\"><span class=\"pre\">str</span></code></a></dt><dd><p>String specifying the desired variation.</p>\n</dd>\n</dl>\n</dd>\n</dl>\n<p class=\"rubric\">References</p>\n<div class=\"doctest highlight-default notranslate\"><div class=\"highlight\"><pre><span></span><span class=\"gp\">&gt;&gt;&gt; </span><span class=\"n\">oDesign</span><span class=\"o\">.</span><span class=\"n\">GetNominalVariation</span>\n</pre></div>\n</div>\n</dd></dl>\n\n</section>\n", "metatags": "<meta name=\"generator\" content=\"Docutils 0.19: https://docutils.sourceforge.io/\" />\n", "rellinks": [["genindex", "General Index", "I", "index"], ["py-modindex", "Python Module Index", "", "modules"], ["API/_autosummary/pyaedt.Maxwell2d.duplicate_design", "duplicate_design", "N", "next"], ["API/_autosummary/pyaedt.Maxwell2d.delete_variable", "delete_variable", "P", "previous"]], "sourcename": "API/_autosummary/pyaedt.Maxwell2d.design_variation.rst.txt", "toc": "<ul>\n<li><a class=\"reference internal\" href=\"#\">design_variation</a><ul>\n<li><a class=\"reference internal\" href=\"#pyaedt.Maxwell2d.design_variation\"><code class=\"docutils literal notranslate\"><span class=\"pre\">Maxwell2d.design_variation()</span></code></a></li>\n</ul>\n</li>\n</ul>\n", "display_toc": true, "page_source_suffix": ".rst", "current_page_name": "API/_autosummary/pyaedt.Maxwell2d.design_variation", "sidebars": ["search-field.html", "sidebar-nav-bs.html"], "customsidebar": null, "favicon_url": null, "logo_url": null, "alabaster_version": "0.7.12", "theme_show_toc_level": 1, "theme_logo": {}}