{"parents": [{"link": "../../", "title": "API reference"}, {"link": "../../MaterialManagement/", "title": "Material and stackup"}, {"link": "../pyaedt.modules.Material.SurfMatProperties/", "title": "pyaedt.modules.Material.SurfMatProperties"}], "prev": {"link": "../pyaedt.modules.Material.SurfMatProperties.get_defaultvalue/", "title": "get_defaultvalue"}, "next": {"link": "../pyaedt.modules.Material.SurfMatProperties.defaultunit/", "title": "defaultunit"}, "title": "aedtname", "meta": {}, "body": "<section id=\"aedtname\">\n<h1>aedtname<a class=\"headerlink\" href=\"#aedtname\" title=\"Permalink to this heading\">#</a></h1>\n<dl class=\"py attribute\">\n<dt class=\"sig sig-object py\" id=\"pyaedt.modules.Material.SurfMatProperties.aedtname\">\n<span class=\"sig-prename descclassname\"><span class=\"pre\">SurfMatProperties.</span></span><span class=\"sig-name descname\"><span class=\"pre\">aedtname</span></span><em class=\"property\"><span class=\"w\"> </span><span class=\"p\"><span class=\"pre\">=</span></span><span class=\"w\"> </span><span class=\"pre\">['surface_emissivity',</span> <span class=\"pre\">'surface_roughness',</span> <span class=\"pre\">'surface_diffuse_absorptance',</span> <span class=\"pre\">'surface_incident_absorptance']</span></em><a class=\"headerlink\" href=\"#pyaedt.modules.Material.SurfMatProperties.aedtname\" title=\"Permalink to this definition\">#</a></dt>\n<dd></dd></dl>\n\n</section>\n", "metatags": "<meta name=\"generator\" content=\"Docutils 0.19: https://docutils.sourceforge.io/\" />\n", "rellinks": [["genindex", "General Index", "I", "index"], ["py-modindex", "Python Module Index", "", "modules"], ["API/_autosummary/pyaedt.modules.Material.SurfMatProperties.defaultunit", "defaultunit", "N", "next"], ["API/_autosummary/pyaedt.modules.Material.SurfMatProperties.get_defaultvalue", "get_defaultvalue", "P", "previous"]], "sourcename": "API/_autosummary/pyaedt.modules.Material.SurfMatProperties.aedtname.rst.txt", "toc": "<ul>\n<li><a class=\"reference internal\" href=\"#\">aedtname</a><ul>\n<li><a class=\"reference internal\" href=\"#pyaedt.modules.Material.SurfMatProperties.aedtname\"><code class=\"docutils literal notranslate\"><span class=\"pre\">SurfMatProperties.aedtname</span></code></a></li>\n</ul>\n</li>\n</ul>\n", "display_toc": true, "page_source_suffix": ".rst", "current_page_name": "API/_autosummary/pyaedt.modules.Material.SurfMatProperties.aedtname", "sidebars": ["search-field.html", "sidebar-nav-bs.html"], "customsidebar": null, "favicon_url": null, "logo_url": null, "alabaster_version": "0.7.12", "theme_show_toc_level": 1, "theme_logo": {}}