{"parents": [{"link": "../../", "title": "API reference"}, {"link": "../../Primitives/", "title": "Modeler and  primitives"}, {"link": "../pyaedt.modeler.Model3D.Modeler3D/", "title": "pyaedt.modeler.Model3D.Modeler3D"}], "prev": {"link": "../pyaedt.modeler.Model3D.Modeler3D.oeditor/", "title": "oeditor"}, "next": {"link": "../pyaedt.modeler.Model3D.Modeler3D.points_by_name/", "title": "points_by_name"}, "title": "points", "meta": {}, "body": "<section id=\"points\">\n<h1>points<a class=\"headerlink\" href=\"#points\" title=\"Permalink to this heading\">#</a></h1>\n<dl class=\"py property\">\n<dt class=\"sig sig-object py\" id=\"pyaedt.modeler.Model3D.Modeler3D.points\">\n<em class=\"property\"><span class=\"pre\">property</span><span class=\"w\"> </span></em><span class=\"sig-prename descclassname\"><span class=\"pre\">Modeler3D.</span></span><span class=\"sig-name descname\"><span class=\"pre\">points</span></span><a class=\"headerlink\" href=\"#pyaedt.modeler.Model3D.Modeler3D.points\" title=\"Permalink to this definition\">#</a></dt>\n<dd><p>List of points.</p>\n</dd></dl>\n\n</section>\n", "metatags": "<meta name=\"generator\" content=\"Docutils 0.19: https://docutils.sourceforge.io/\" />\n", "rellinks": [["genindex", "General Index", "I", "index"], ["py-modindex", "Python Module Index", "", "modules"], ["API/_autosummary/pyaedt.modeler.Model3D.Modeler3D.points_by_name", "points_by_name", "N", "next"], ["API/_autosummary/pyaedt.modeler.Model3D.Modeler3D.oeditor", "oeditor", "P", "previous"]], "sourcename": "API/_autosummary/pyaedt.modeler.Model3D.Modeler3D.points.rst.txt", "toc": "<ul>\n<li><a class=\"reference internal\" href=\"#\">points</a><ul>\n<li><a class=\"reference internal\" href=\"#pyaedt.modeler.Model3D.Modeler3D.points\"><code class=\"docutils literal notranslate\"><span class=\"pre\">Modeler3D.points</span></code></a></li>\n</ul>\n</li>\n</ul>\n", "display_toc": true, "page_source_suffix": ".rst", "current_page_name": "API/_autosummary/pyaedt.modeler.Model3D.Modeler3D.points", "sidebars": ["search-field.html", "sidebar-nav-bs.html"], "customsidebar": null, "favicon_url": null, "logo_url": null, "alabaster_version": "0.7.12", "theme_show_toc_level": 1, "theme_logo": {}}