{"parents": [{"link": "../../", "title": "API reference"}, {"link": "../../Post/", "title": "Postprocessing"}, {"link": "../pyaedt.modules.report_templates.EyeDiagram/", "title": "pyaedt.modules.report_templates.EyeDiagram"}], "prev": {"link": "../pyaedt.modules.report_templates.EyeDiagram.domain/", "title": "domain"}, "next": {"link": "../pyaedt.modules.report_templates.EyeDiagram.expressions/", "title": "expressions"}, "title": "dy_dx_tolerance", "meta": {}, "body": "<section id=\"dy-dx-tolerance\">\n<h1>dy_dx_tolerance<a class=\"headerlink\" href=\"#dy-dx-tolerance\" title=\"Permalink to this heading\">#</a></h1>\n<dl class=\"py property\">\n<dt class=\"sig sig-object py\" id=\"pyaedt.modules.report_templates.EyeDiagram.dy_dx_tolerance\">\n<em class=\"property\"><span class=\"pre\">property</span><span class=\"w\"> </span></em><span class=\"sig-prename descclassname\"><span class=\"pre\">EyeDiagram.</span></span><span class=\"sig-name descname\"><span class=\"pre\">dy_dx_tolerance</span></span><a class=\"headerlink\" href=\"#pyaedt.modules.report_templates.EyeDiagram.dy_dx_tolerance\" title=\"Permalink to this definition\">#</a></dt>\n<dd><p>DY DX tolerance.</p>\n<dl class=\"field-list simple\">\n<dt class=\"field-odd\">Returns<span class=\"colon\">:</span></dt>\n<dd class=\"field-odd\"><dl class=\"simple\">\n<dt><a class=\"reference external\" href=\"https://docs.python.org/dev/library/functions.html#float\" title=\"(in Python v3.12)\"><code class=\"docutils literal notranslate\"><span class=\"pre\">float</span></code></a></dt><dd></dd>\n</dl>\n</dd>\n</dl>\n</dd></dl>\n\n</section>\n", "metatags": "<meta name=\"generator\" content=\"Docutils 0.19: https://docutils.sourceforge.io/\" />\n", "rellinks": [["genindex", "General Index", "I", "index"], ["py-modindex", "Python Module Index", "", "modules"], ["API/_autosummary/pyaedt.modules.report_templates.EyeDiagram.expressions", "expressions", "N", "next"], ["API/_autosummary/pyaedt.modules.report_templates.EyeDiagram.domain", "domain", "P", "previous"]], "sourcename": "API/_autosummary/pyaedt.modules.report_templates.EyeDiagram.dy_dx_tolerance.rst.txt", "toc": "<ul>\n<li><a class=\"reference internal\" href=\"#\">dy_dx_tolerance</a><ul>\n<li><a class=\"reference internal\" href=\"#pyaedt.modules.report_templates.EyeDiagram.dy_dx_tolerance\"><code class=\"docutils literal notranslate\"><span class=\"pre\">EyeDiagram.dy_dx_tolerance</span></code></a></li>\n</ul>\n</li>\n</ul>\n", "display_toc": true, "page_source_suffix": ".rst", "current_page_name": "API/_autosummary/pyaedt.modules.report_templates.EyeDiagram.dy_dx_tolerance", "sidebars": ["search-field.html", "sidebar-nav-bs.html"], "customsidebar": null, "favicon_url": null, "logo_url": null, "alabaster_version": "0.7.12", "theme_show_toc_level": 1, "theme_logo": {}}