{"parents": [{"link": "../../", "title": "API reference"}, {"link": "../../CoreEdb/", "title": "EDB editor"}, {"link": "../pyaedt.edb_core.EDB_Data.EDBComponent/", "title": "pyaedt.edb_core.EDB_Data.EDBComponent"}], "prev": {"link": "../pyaedt.edb_core.EDB_Data.EDBComponent.solder_ball_height/", "title": "solder_ball_height"}, "next": {"link": "../pyaedt.edb_core.EDB_Data.EDBComponent.spice_model/", "title": "spice_model"}, "title": "solder_ball_placement", "meta": {}, "body": "<section id=\"solder-ball-placement\">\n<h1>solder_ball_placement<a class=\"headerlink\" href=\"#solder-ball-placement\" title=\"Permalink to this heading\">#</a></h1>\n<dl class=\"py property\">\n<dt class=\"sig sig-object py\" id=\"pyaedt.edb_core.EDB_Data.EDBComponent.solder_ball_placement\">\n<em class=\"property\"><span class=\"pre\">property</span><span class=\"w\"> </span></em><span class=\"sig-prename descclassname\"><span class=\"pre\">EDBComponent.</span></span><span class=\"sig-name descname\"><span class=\"pre\">solder_ball_placement</span></span><a class=\"headerlink\" href=\"#pyaedt.edb_core.EDB_Data.EDBComponent.solder_ball_placement\" title=\"Permalink to this definition\">#</a></dt>\n<dd><p>Solder ball placement if available..</p>\n</dd></dl>\n\n</section>\n", "metatags": "<meta name=\"generator\" content=\"Docutils 0.19: https://docutils.sourceforge.io/\" />\n", "rellinks": [["genindex", "General Index", "I", "index"], ["py-modindex", "Python Module Index", "", "modules"], ["API/_autosummary/pyaedt.edb_core.EDB_Data.EDBComponent.spice_model", "spice_model", "N", "next"], ["API/_autosummary/pyaedt.edb_core.EDB_Data.EDBComponent.solder_ball_height", "solder_ball_height", "P", "previous"]], "sourcename": "API/_autosummary/pyaedt.edb_core.EDB_Data.EDBComponent.solder_ball_placement.rst.txt", "toc": "<ul>\n<li><a class=\"reference internal\" href=\"#\">solder_ball_placement</a><ul>\n<li><a class=\"reference internal\" href=\"#pyaedt.edb_core.EDB_Data.EDBComponent.solder_ball_placement\"><code class=\"docutils literal notranslate\"><span class=\"pre\">EDBComponent.solder_ball_placement</span></code></a></li>\n</ul>\n</li>\n</ul>\n", "display_toc": true, "page_source_suffix": ".rst", "current_page_name": "API/_autosummary/pyaedt.edb_core.EDB_Data.EDBComponent.solder_ball_placement", "sidebars": ["search-field.html", "sidebar-nav-bs.html"], "customsidebar": null, "favicon_url": null, "logo_url": null, "alabaster_version": "0.7.12", "theme_show_toc_level": 1, "theme_logo": {}}