{"parents": [{"link": "../../", "title": "API reference"}, {"link": "../../Application/", "title": "AEDT apps"}, {"link": "../pyaedt.Maxwell2d/", "title": "pyaedt.Maxwell2d"}], "prev": {"link": "../pyaedt.Maxwell2d.analyse_nominal/", "title": "analyse_nominal"}, "next": {"link": "../pyaedt.Maxwell2d.analyze_from_initial_mesh/", "title": "analyze_from_initial_mesh"}, "title": "analyze_all", "meta": {}, "body": "<section id=\"analyze-all\">\n<h1>analyze_all<a class=\"headerlink\" href=\"#analyze-all\" title=\"Permalink to this heading\">#</a></h1>\n<dl class=\"py method\">\n<dt class=\"sig sig-object py\" id=\"pyaedt.Maxwell2d.analyze_all\">\n<span class=\"sig-prename descclassname\"><span class=\"pre\">Maxwell2d.</span></span><span class=\"sig-name descname\"><span class=\"pre\">analyze_all</span></span><span class=\"sig-paren\">(</span><span class=\"sig-paren\">)</span><a class=\"headerlink\" href=\"#pyaedt.Maxwell2d.analyze_all\" title=\"Permalink to this definition\">#</a></dt>\n<dd><p>Analyze all setups in a design.</p>\n<dl class=\"field-list simple\">\n<dt class=\"field-odd\">Returns<span class=\"colon\">:</span></dt>\n<dd class=\"field-odd\"><dl class=\"simple\">\n<dt><a class=\"reference external\" href=\"https://docs.python.org/dev/library/stdtypes.html#bltin-boolean-values\" title=\"(in Python v3.12)\"><span class=\"xref std std-ref\">bool</span></a></dt><dd><p><code class=\"docutils literal notranslate\"><span class=\"pre\">True</span></code> when simulation is finished.</p>\n</dd>\n</dl>\n</dd>\n</dl>\n</dd></dl>\n\n</section>\n", "metatags": "<meta name=\"generator\" content=\"Docutils 0.19: https://docutils.sourceforge.io/\" />\n", "rellinks": [["genindex", "General Index", "I", "index"], ["py-modindex", "Python Module Index", "", "modules"], ["API/_autosummary/pyaedt.Maxwell2d.analyze_from_initial_mesh", "analyze_from_initial_mesh", "N", "next"], ["API/_autosummary/pyaedt.Maxwell2d.analyse_nominal", "analyse_nominal", "P", "previous"]], "sourcename": "API/_autosummary/pyaedt.Maxwell2d.analyze_all.rst.txt", "toc": "<ul>\n<li><a class=\"reference internal\" href=\"#\">analyze_all</a><ul>\n<li><a class=\"reference internal\" href=\"#pyaedt.Maxwell2d.analyze_all\"><code class=\"docutils literal notranslate\"><span class=\"pre\">Maxwell2d.analyze_all()</span></code></a></li>\n</ul>\n</li>\n</ul>\n", "display_toc": true, "page_source_suffix": ".rst", "current_page_name": "API/_autosummary/pyaedt.Maxwell2d.analyze_all", "sidebars": ["search-field.html", "sidebar-nav-bs.html"], "customsidebar": null, "favicon_url": null, "logo_url": null, "alabaster_version": "0.7.12", "theme_show_toc_level": 1, "theme_logo": {}}