{"parents": [{"link": "../../", "title": "API reference"}, {"link": "../../Application/", "title": "AEDT apps"}, {"link": "../pyaedt.Circuit/", "title": "pyaedt.Circuit"}], "prev": {"link": "../pyaedt.Circuit.oboundary/", "title": "oboundary"}, "next": {"link": "../pyaedt.Circuit.odesign/", "title": "odesign"}, "title": "odefinition_manager", "meta": {}, "body": "<section id=\"odefinition-manager\">\n<h1>odefinition_manager<a class=\"headerlink\" href=\"#odefinition-manager\" title=\"Permalink to this heading\">#</a></h1>\n<dl class=\"py property\">\n<dt class=\"sig sig-object py\" id=\"pyaedt.Circuit.odefinition_manager\">\n<em class=\"property\"><span class=\"pre\">property</span><span class=\"w\"> </span></em><span class=\"sig-prename descclassname\"><span class=\"pre\">Circuit.</span></span><span class=\"sig-name descname\"><span class=\"pre\">odefinition_manager</span></span><a class=\"headerlink\" href=\"#pyaedt.Circuit.odefinition_manager\" title=\"Permalink to this definition\">#</a></dt>\n<dd><p>Definition Manager Module.</p>\n<p class=\"rubric\">References</p>\n<div class=\"doctest highlight-default notranslate\"><div class=\"highlight\"><pre><span></span><span class=\"gp\">&gt;&gt;&gt; </span><span class=\"n\">oDefinitionManager</span> <span class=\"o\">=</span> <span class=\"n\">oProject</span><span class=\"o\">.</span><span class=\"n\">GetDefinitionManager</span><span class=\"p\">()</span>\n</pre></div>\n</div>\n</dd></dl>\n\n</section>\n", "metatags": "<meta name=\"generator\" content=\"Docutils 0.19: https://docutils.sourceforge.io/\" />\n", "rellinks": [["genindex", "General Index", "I", "index"], ["py-modindex", "Python Module Index", "", "modules"], ["API/_autosummary/pyaedt.Circuit.odesign", "odesign", "N", "next"], ["API/_autosummary/pyaedt.Circuit.oboundary", "oboundary", "P", "previous"]], "sourcename": "API/_autosummary/pyaedt.Circuit.odefinition_manager.rst.txt", "toc": "<ul>\n<li><a class=\"reference internal\" href=\"#\">odefinition_manager</a><ul>\n<li><a class=\"reference internal\" href=\"#pyaedt.Circuit.odefinition_manager\"><code class=\"docutils literal notranslate\"><span class=\"pre\">Circuit.odefinition_manager</span></code></a></li>\n</ul>\n</li>\n</ul>\n", "display_toc": true, "page_source_suffix": ".rst", "current_page_name": "API/_autosummary/pyaedt.Circuit.odefinition_manager", "sidebars": ["search-field.html", "sidebar-nav-bs.html"], "customsidebar": null, "favicon_url": null, "logo_url": null, "alabaster_version": "0.7.12", "theme_show_toc_level": 1, "theme_logo": {}}