{"parents": [{"link": "../../", "title": "API reference"}, {"link": "../../Common/", "title": "Desktop and common classes"}, {"link": "../../Configuration/", "title": "Configuration files"}, {"link": "../pyaedt.generic.configurations.Configurations/", "title": "pyaedt.generic.configurations.Configurations"}], "prev": {"link": "../pyaedt.generic.configurations.Configurations/", "title": "pyaedt.generic.configurations.Configurations"}, "next": {"link": "../pyaedt.generic.configurations.Configurations.import_config/", "title": "import_config"}, "title": "export_config", "meta": {}, "body": "<section id=\"export-config\">\n<h1>export_config<a class=\"headerlink\" href=\"#export-config\" title=\"Permalink to this heading\">#</a></h1>\n<dl class=\"py method\">\n<dt class=\"sig sig-object py\" id=\"pyaedt.generic.configurations.Configurations.export_config\">\n<span class=\"sig-prename descclassname\"><span class=\"pre\">Configurations.</span></span><span class=\"sig-name descname\"><span class=\"pre\">export_config</span></span><span class=\"sig-paren\">(</span><em class=\"sig-param\"><span class=\"n\"><span class=\"pre\">config_file</span></span><span class=\"o\"><span class=\"pre\">=</span></span><span class=\"default_value\"><span class=\"pre\">None</span></span></em>, <em class=\"sig-param\"><span class=\"n\"><span class=\"pre\">overwrite</span></span><span class=\"o\"><span class=\"pre\">=</span></span><span class=\"default_value\"><span class=\"pre\">False</span></span></em><span class=\"sig-paren\">)</span><a class=\"reference internal\" href=\"../../../_modules/pyaedt/generic/configurations/#Configurations.export_config\"><span class=\"viewcode-link\"><span class=\"pre\">[source]</span></span></a><a class=\"headerlink\" href=\"#pyaedt.generic.configurations.Configurations.export_config\" title=\"Permalink to this definition\">#</a></dt>\n<dd><p>Export current design properties to json file.\nThe section to be exported are defined with <code class=\"docutils literal notranslate\"><span class=\"pre\">configuration.options</span></code> class.</p>\n<dl class=\"field-list\">\n<dt class=\"field-odd\">Parameters<span class=\"colon\">:</span></dt>\n<dd class=\"field-odd\"><dl>\n<dt><strong>config_file</strong><span class=\"classifier\"><a class=\"reference external\" href=\"https://docs.python.org/dev/library/stdtypes.html#str\" title=\"(in Python v3.12)\"><code class=\"docutils literal notranslate\"><span class=\"pre\">str</span></code></a>, <code class=\"xref py py-obj docutils literal notranslate\"><span class=\"pre\">optional</span></code></span></dt><dd><p>Full path to json file. If <code class=\"docutils literal notranslate\"><span class=\"pre\">None</span></code>, then the config file will be saved in working directory.</p>\n</dd>\n<dt><strong>overwrite</strong><span class=\"classifier\"><a class=\"reference external\" href=\"https://docs.python.org/dev/library/stdtypes.html#bltin-boolean-values\" title=\"(in Python v3.12)\"><span class=\"xref std std-ref\">bool</span></a>, <code class=\"xref py py-obj docutils literal notranslate\"><span class=\"pre\">optional</span></code></span></dt><dd><p>If <code class=\"docutils literal notranslate\"><span class=\"pre\">True</span></code> the json file will be overwritten if already existing.\nIf <code class=\"docutils literal notranslate\"><span class=\"pre\">False</span></code> and the version is compatible, the data in the existing file will be updated.\nDefault is <code class=\"docutils literal notranslate\"><span class=\"pre\">False</span></code>.</p>\n</dd>\n</dl>\n</dd>\n<dt class=\"field-even\">Returns<span class=\"colon\">:</span></dt>\n<dd class=\"field-even\"><dl class=\"simple\">\n<dt><a class=\"reference external\" href=\"https://docs.python.org/dev/library/stdtypes.html#str\" title=\"(in Python v3.12)\"><code class=\"docutils literal notranslate\"><span class=\"pre\">str</span></code></a></dt><dd><p>Exported config file.</p>\n</dd>\n</dl>\n</dd>\n</dl>\n</dd></dl>\n\n</section>\n", "metatags": "<meta name=\"generator\" content=\"Docutils 0.19: https://docutils.sourceforge.io/\" />\n", "rellinks": [["genindex", "General Index", "I", "index"], ["py-modindex", "Python Module Index", "", "modules"], ["API/_autosummary/pyaedt.generic.configurations.Configurations.import_config", "import_config", "N", "next"], ["API/_autosummary/pyaedt.generic.configurations.Configurations", "pyaedt.generic.configurations.Configurations", "P", "previous"]], "sourcename": "API/_autosummary/pyaedt.generic.configurations.Configurations.export_config.rst.txt", "toc": "<ul>\n<li><a class=\"reference internal\" href=\"#\">export_config</a><ul>\n<li><a class=\"reference internal\" href=\"#pyaedt.generic.configurations.Configurations.export_config\"><code class=\"docutils literal notranslate\"><span class=\"pre\">Configurations.export_config()</span></code></a></li>\n</ul>\n</li>\n</ul>\n", "display_toc": true, "page_source_suffix": ".rst", "current_page_name": "API/_autosummary/pyaedt.generic.configurations.Configurations.export_config", "sidebars": ["search-field.html", "sidebar-nav-bs.html"], "customsidebar": null, "favicon_url": null, "logo_url": null, "alabaster_version": "0.7.12", "theme_show_toc_level": 1, "theme_logo": {}}