{"parents": [{"link": "../../", "title": "API reference"}, {"link": "../../Common/", "title": "Desktop and common classes"}, {"link": "../../Stackup3D/", "title": "Stackup 3D components"}, {"link": "../pyaedt.modeler.stackup_3d.Stackup3D/", "title": "pyaedt.modeler.stackup_3d.Stackup3D"}], "prev": {"link": "../pyaedt.modeler.stackup_3d.Stackup3D.dielectric_length/", "title": "dielectric_length"}, "next": {"link": "../pyaedt.modeler.stackup_3d.Stackup3D.dielectric_x_position/", "title": "dielectric_x_position"}, "title": "dielectric_width", "meta": {}, "body": "<section id=\"dielectric-width\">\n<h1>dielectric_width<a class=\"headerlink\" href=\"#dielectric-width\" title=\"Permalink to this heading\">#</a></h1>\n<dl class=\"py property\">\n<dt class=\"sig sig-object py\" id=\"pyaedt.modeler.stackup_3d.Stackup3D.dielectric_width\">\n<em class=\"property\"><span class=\"pre\">property</span><span class=\"w\"> </span></em><span class=\"sig-prename descclassname\"><span class=\"pre\">Stackup3D.</span></span><span class=\"sig-name descname\"><span class=\"pre\">dielectric_width</span></span><a class=\"headerlink\" href=\"#pyaedt.modeler.stackup_3d.Stackup3D.dielectric_width\" title=\"Permalink to this definition\">#</a></dt>\n<dd><p>Stackup width.</p>\n<dl class=\"field-list simple\">\n<dt class=\"field-odd\">Returns<span class=\"colon\">:</span></dt>\n<dd class=\"field-odd\"><dl class=\"simple\">\n<dt><a class=\"reference internal\" href=\"../pyaedt.modeler.stackup_3d.NamedVariable/#pyaedt.modeler.stackup_3d.NamedVariable\" title=\"pyaedt.modeler.stackup_3d.NamedVariable\"><code class=\"xref py py-class docutils literal notranslate\"><span class=\"pre\">pyaedt.modeler.stackup_3d.NamedVariable</span></code></a></dt><dd><p>Variable object.</p>\n</dd>\n</dl>\n</dd>\n</dl>\n</dd></dl>\n\n</section>\n", "metatags": "<meta name=\"generator\" content=\"Docutils 0.19: https://docutils.sourceforge.io/\" />\n", "rellinks": [["genindex", "General Index", "I", "index"], ["py-modindex", "Python Module Index", "", "modules"], ["API/_autosummary/pyaedt.modeler.stackup_3d.Stackup3D.dielectric_x_position", "dielectric_x_position", "N", "next"], ["API/_autosummary/pyaedt.modeler.stackup_3d.Stackup3D.dielectric_length", "dielectric_length", "P", "previous"]], "sourcename": "API/_autosummary/pyaedt.modeler.stackup_3d.Stackup3D.dielectric_width.rst.txt", "toc": "<ul>\n<li><a class=\"reference internal\" href=\"#\">dielectric_width</a><ul>\n<li><a class=\"reference internal\" href=\"#pyaedt.modeler.stackup_3d.Stackup3D.dielectric_width\"><code class=\"docutils literal notranslate\"><span class=\"pre\">Stackup3D.dielectric_width</span></code></a></li>\n</ul>\n</li>\n</ul>\n", "display_toc": true, "page_source_suffix": ".rst", "current_page_name": "API/_autosummary/pyaedt.modeler.stackup_3d.Stackup3D.dielectric_width", "sidebars": ["search-field.html", "sidebar-nav-bs.html"], "customsidebar": null, "favicon_url": null, "logo_url": null, "alabaster_version": "0.7.12", "theme_show_toc_level": 1, "theme_logo": {}}