{"parents": [{"link": "../../", "title": "API reference"}, {"link": "../../Application/", "title": "AEDT apps"}, {"link": "../pyaedt.Maxwell3d/", "title": "pyaedt.Maxwell3d"}], "prev": {"link": "../pyaedt.Maxwell3d.get_output_variable/", "title": "get_output_variable"}, "next": {"link": "../pyaedt.Maxwell3d.get_registry_key_int/", "title": "get_registry_key_int"}, "title": "get_property_value", "meta": {}, "body": "<section id=\"get-property-value\">\n<h1>get_property_value<a class=\"headerlink\" href=\"#get-property-value\" title=\"Permalink to this heading\">#</a></h1>\n<dl class=\"py method\">\n<dt class=\"sig sig-object py\" id=\"pyaedt.Maxwell3d.get_property_value\">\n<span class=\"sig-prename descclassname\"><span class=\"pre\">Maxwell3d.</span></span><span class=\"sig-name descname\"><span class=\"pre\">get_property_value</span></span><span class=\"sig-paren\">(</span><em class=\"sig-param\"><span class=\"n\"><span class=\"pre\">objectname</span></span></em>, <em class=\"sig-param\"><span class=\"n\"><span class=\"pre\">property</span></span></em>, <em class=\"sig-param\"><span class=\"n\"><span class=\"pre\">type</span></span><span class=\"o\"><span class=\"pre\">=</span></span><span class=\"default_value\"><span class=\"pre\">None</span></span></em><span class=\"sig-paren\">)</span><a class=\"headerlink\" href=\"#pyaedt.Maxwell3d.get_property_value\" title=\"Permalink to this definition\">#</a></dt>\n<dd><p>Retrieve a property value.</p>\n<dl class=\"field-list\">\n<dt class=\"field-odd\">Parameters<span class=\"colon\">:</span></dt>\n<dd class=\"field-odd\"><dl>\n<dt><strong>objectname</strong><span class=\"classifier\"><a class=\"reference external\" href=\"https://docs.python.org/dev/library/stdtypes.html#str\" title=\"(in Python v3.12)\"><code class=\"docutils literal notranslate\"><span class=\"pre\">str</span></code></a></span></dt><dd><p>Name of the object.</p>\n</dd>\n<dt><strong>property</strong><span class=\"classifier\"><a class=\"reference external\" href=\"https://docs.python.org/dev/library/stdtypes.html#str\" title=\"(in Python v3.12)\"><code class=\"docutils literal notranslate\"><span class=\"pre\">str</span></code></a></span></dt><dd><p>Name of the property.</p>\n</dd>\n<dt><strong>type</strong><span class=\"classifier\"><a class=\"reference external\" href=\"https://docs.python.org/dev/library/stdtypes.html#str\" title=\"(in Python v3.12)\"><code class=\"docutils literal notranslate\"><span class=\"pre\">str</span></code></a>, <code class=\"xref py py-obj docutils literal notranslate\"><span class=\"pre\">optional</span></code></span></dt><dd><p>Type of the property. Options are <code class=\"docutils literal notranslate\"><span class=\"pre\">&quot;boundary&quot;</span></code>, <code class=\"docutils literal notranslate\"><span class=\"pre\">&quot;excitation&quot;</span></code>,\n<code class=\"docutils literal notranslate\"><span class=\"pre\">&quot;setup&quot;,</span></code> and <code class=\"docutils literal notranslate\"><span class=\"pre\">&quot;mesh&quot;</span></code>. The default is <code class=\"docutils literal notranslate\"><span class=\"pre\">None</span></code>.</p>\n</dd>\n</dl>\n</dd>\n<dt class=\"field-even\">Returns<span class=\"colon\">:</span></dt>\n<dd class=\"field-even\"><dl class=\"simple\">\n<dt><a class=\"reference external\" href=\"https://docs.python.org/dev/library/functions.html#type\" title=\"(in Python v3.12)\"><code class=\"xref py py-obj docutils literal notranslate\"><span class=\"pre\">type</span></code></a></dt><dd><p>Value of the property.</p>\n</dd>\n</dl>\n</dd>\n</dl>\n<p class=\"rubric\">References</p>\n<div class=\"doctest highlight-default notranslate\"><div class=\"highlight\"><pre><span></span><span class=\"gp\">&gt;&gt;&gt; </span><span class=\"n\">oDesign</span><span class=\"o\">.</span><span class=\"n\">GetPropertyValue</span>\n</pre></div>\n</div>\n</dd></dl>\n\n</section>\n", "metatags": "<meta name=\"generator\" content=\"Docutils 0.19: https://docutils.sourceforge.io/\" />\n", "rellinks": [["genindex", "General Index", "I", "index"], ["py-modindex", "Python Module Index", "", "modules"], ["API/_autosummary/pyaedt.Maxwell3d.get_registry_key_int", "get_registry_key_int", "N", "next"], ["API/_autosummary/pyaedt.Maxwell3d.get_output_variable", "get_output_variable", "P", "previous"]], "sourcename": "API/_autosummary/pyaedt.Maxwell3d.get_property_value.rst.txt", "toc": "<ul>\n<li><a class=\"reference internal\" href=\"#\">get_property_value</a><ul>\n<li><a class=\"reference internal\" href=\"#pyaedt.Maxwell3d.get_property_value\"><code class=\"docutils literal notranslate\"><span class=\"pre\">Maxwell3d.get_property_value()</span></code></a></li>\n</ul>\n</li>\n</ul>\n", "display_toc": true, "page_source_suffix": ".rst", "current_page_name": "API/_autosummary/pyaedt.Maxwell3d.get_property_value", "sidebars": ["search-field.html", "sidebar-nav-bs.html"], "customsidebar": null, "favicon_url": null, "logo_url": null, "alabaster_version": "0.7.12", "theme_show_toc_level": 1, "theme_logo": {}}