{"parents": [{"link": "../../", "title": "API reference"}, {"link": "../../Primitives/", "title": "Modeler and  primitives"}, {"link": "../pyaedt.modeler.Object3d.UserDefinedComponent/", "title": "pyaedt.modeler.Object3d.UserDefinedComponent"}], "prev": {"link": "../pyaedt.modeler.Object3d.UserDefinedComponent.group_name/", "title": "group_name"}, "next": {"link": "../pyaedt.modeler.Object3d.UserDefinedComponent.mesh_assembly/", "title": "mesh_assembly"}, "title": "is3dcomponent", "meta": {}, "body": "<section id=\"is3dcomponent\">\n<h1>is3dcomponent<a class=\"headerlink\" href=\"#is3dcomponent\" title=\"Permalink to this heading\">#</a></h1>\n<dl class=\"py property\">\n<dt class=\"sig sig-object py\" id=\"pyaedt.modeler.Object3d.UserDefinedComponent.is3dcomponent\">\n<em class=\"property\"><span class=\"pre\">property</span><span class=\"w\"> </span></em><span class=\"sig-prename descclassname\"><span class=\"pre\">UserDefinedComponent.</span></span><span class=\"sig-name descname\"><span class=\"pre\">is3dcomponent</span></span><a class=\"headerlink\" href=\"#pyaedt.modeler.Object3d.UserDefinedComponent.is3dcomponent\" title=\"Permalink to this definition\">#</a></dt>\n<dd><p>3DComponent flag.</p>\n<dl class=\"field-list simple\">\n<dt class=\"field-odd\">Returns<span class=\"colon\">:</span></dt>\n<dd class=\"field-odd\"><dl class=\"simple\">\n<dt><a class=\"reference external\" href=\"https://docs.python.org/dev/library/stdtypes.html#bltin-boolean-values\" title=\"(in Python v3.12)\"><span class=\"xref std std-ref\">bool</span></a></dt><dd><p><code class=\"docutils literal notranslate\"><span class=\"pre\">True</span></code> if a 3DComponent, <code class=\"docutils literal notranslate\"><span class=\"pre\">False</span></code> if a user-defined model.</p>\n</dd>\n</dl>\n</dd>\n</dl>\n</dd></dl>\n\n</section>\n", "metatags": "<meta name=\"generator\" content=\"Docutils 0.19: https://docutils.sourceforge.io/\" />\n", "rellinks": [["genindex", "General Index", "I", "index"], ["py-modindex", "Python Module Index", "", "modules"], ["API/_autosummary/pyaedt.modeler.Object3d.UserDefinedComponent.mesh_assembly", "mesh_assembly", "N", "next"], ["API/_autosummary/pyaedt.modeler.Object3d.UserDefinedComponent.group_name", "group_name", "P", "previous"]], "sourcename": "API/_autosummary/pyaedt.modeler.Object3d.UserDefinedComponent.is3dcomponent.rst.txt", "toc": "<ul>\n<li><a class=\"reference internal\" href=\"#\">is3dcomponent</a><ul>\n<li><a class=\"reference internal\" href=\"#pyaedt.modeler.Object3d.UserDefinedComponent.is3dcomponent\"><code class=\"docutils literal notranslate\"><span class=\"pre\">UserDefinedComponent.is3dcomponent</span></code></a></li>\n</ul>\n</li>\n</ul>\n", "display_toc": true, "page_source_suffix": ".rst", "current_page_name": "API/_autosummary/pyaedt.modeler.Object3d.UserDefinedComponent.is3dcomponent", "sidebars": ["search-field.html", "sidebar-nav-bs.html"], "customsidebar": null, "favicon_url": null, "logo_url": null, "alabaster_version": "0.7.12", "theme_show_toc_level": 1, "theme_logo": {}}