{"parents": [{"link": "../../", "title": "API reference"}, {"link": "../../Application/", "title": "AEDT apps"}, {"link": "../pyaedt.Mechanical/", "title": "pyaedt.Mechanical"}], "prev": {"link": "../pyaedt.Mechanical.o_model_manager/", "title": "o_model_manager"}, "next": {"link": "../pyaedt.Mechanical.oanalysis/", "title": "oanalysis"}, "title": "o_symbol_manager", "meta": {}, "body": "<section id=\"o-symbol-manager\">\n<h1>o_symbol_manager<a class=\"headerlink\" href=\"#o-symbol-manager\" title=\"Permalink to this heading\">#</a></h1>\n<dl class=\"py property\">\n<dt class=\"sig sig-object py\" id=\"pyaedt.Mechanical.o_symbol_manager\">\n<em class=\"property\"><span class=\"pre\">property</span><span class=\"w\"> </span></em><span class=\"sig-prename descclassname\"><span class=\"pre\">Mechanical.</span></span><span class=\"sig-name descname\"><span class=\"pre\">o_symbol_manager</span></span><a class=\"headerlink\" href=\"#pyaedt.Mechanical.o_symbol_manager\" title=\"Permalink to this definition\">#</a></dt>\n<dd><p>Aedt Simbol Manager.</p>\n<p class=\"rubric\">References</p>\n<div class=\"doctest highlight-default notranslate\"><div class=\"highlight\"><pre><span></span><span class=\"gp\">&gt;&gt;&gt; </span><span class=\"n\">oSymbolManager</span> <span class=\"o\">=</span> <span class=\"n\">oDefinitionManager</span><span class=\"o\">.</span><span class=\"n\">GetManager</span><span class=\"p\">(</span><span class=\"s2\">&quot;Symbol&quot;</span><span class=\"p\">)</span>\n</pre></div>\n</div>\n</dd></dl>\n\n</section>\n", "metatags": "<meta name=\"generator\" content=\"Docutils 0.19: https://docutils.sourceforge.io/\" />\n", "rellinks": [["genindex", "General Index", "I", "index"], ["py-modindex", "Python Module Index", "", "modules"], ["API/_autosummary/pyaedt.Mechanical.oanalysis", "oanalysis", "N", "next"], ["API/_autosummary/pyaedt.Mechanical.o_model_manager", "o_model_manager", "P", "previous"]], "sourcename": "API/_autosummary/pyaedt.Mechanical.o_symbol_manager.rst.txt", "toc": "<ul>\n<li><a class=\"reference internal\" href=\"#\">o_symbol_manager</a><ul>\n<li><a class=\"reference internal\" href=\"#pyaedt.Mechanical.o_symbol_manager\"><code class=\"docutils literal notranslate\"><span class=\"pre\">Mechanical.o_symbol_manager</span></code></a></li>\n</ul>\n</li>\n</ul>\n", "display_toc": true, "page_source_suffix": ".rst", "current_page_name": "API/_autosummary/pyaedt.Mechanical.o_symbol_manager", "sidebars": ["search-field.html", "sidebar-nav-bs.html"], "customsidebar": null, "favicon_url": null, "logo_url": null, "alabaster_version": "0.7.12", "theme_show_toc_level": 1, "theme_logo": {}}