{"parents": [{"link": "../../", "title": "API reference"}, {"link": "../../CoreEdb/", "title": "EDB editor"}, {"link": "../pyaedt.Edb/", "title": "pyaedt.Edb"}], "prev": {"link": "../pyaedt.Edb.import_gds_file/", "title": "import_gds_file"}, "next": {"link": "../pyaedt.Edb.open_edb/", "title": "open_edb"}, "title": "import_layout_pcb", "meta": {}, "body": "<section id=\"import-layout-pcb\">\n<h1>import_layout_pcb<a class=\"headerlink\" href=\"#import-layout-pcb\" title=\"Permalink to this heading\">#</a></h1>\n<dl class=\"py method\">\n<dt class=\"sig sig-object py\" id=\"pyaedt.Edb.import_layout_pcb\">\n<span class=\"sig-prename descclassname\"><span class=\"pre\">Edb.</span></span><span class=\"sig-name descname\"><span class=\"pre\">import_layout_pcb</span></span><span class=\"sig-paren\">(</span><em class=\"sig-param\"><span class=\"n\"><span class=\"pre\">input_file</span></span></em>, <em class=\"sig-param\"><span class=\"n\"><span class=\"pre\">working_dir</span></span></em>, <em class=\"sig-param\"><span class=\"n\"><span class=\"pre\">init_dlls</span></span><span class=\"o\"><span class=\"pre\">=</span></span><span class=\"default_value\"><span class=\"pre\">False</span></span></em>, <em class=\"sig-param\"><span class=\"n\"><span class=\"pre\">anstranslator_full_path</span></span><span class=\"o\"><span class=\"pre\">=</span></span><span class=\"default_value\"><span class=\"pre\">''</span></span></em>, <em class=\"sig-param\"><span class=\"n\"><span class=\"pre\">use_ppe</span></span><span class=\"o\"><span class=\"pre\">=</span></span><span class=\"default_value\"><span class=\"pre\">False</span></span></em>, <em class=\"sig-param\"><span class=\"n\"><span class=\"pre\">control_file</span></span><span class=\"o\"><span class=\"pre\">=</span></span><span class=\"default_value\"><span class=\"pre\">None</span></span></em><span class=\"sig-paren\">)</span><a class=\"reference internal\" href=\"../../../_modules/pyaedt/edb/#Edb.import_layout_pcb\"><span class=\"viewcode-link\"><span class=\"pre\">[source]</span></span></a><a class=\"headerlink\" href=\"#pyaedt.Edb.import_layout_pcb\" title=\"Permalink to this definition\">#</a></dt>\n<dd><p>Import a board file and generate an <code class=\"docutils literal notranslate\"><span class=\"pre\">edb.def</span></code> file in the working directory.</p>\n<p>This function supports all AEDT formats (DXF, GDS, SML (IPC2581), BRD, TGZ \u2026).</p>\n<dl class=\"field-list\">\n<dt class=\"field-odd\">Parameters<span class=\"colon\">:</span></dt>\n<dd class=\"field-odd\"><dl>\n<dt><strong>input_file</strong><span class=\"classifier\"><a class=\"reference external\" href=\"https://docs.python.org/dev/library/stdtypes.html#str\" title=\"(in Python v3.12)\"><code class=\"docutils literal notranslate\"><span class=\"pre\">str</span></code></a></span></dt><dd><p>Full path to the board file.</p>\n</dd>\n<dt><strong>working_dir</strong><span class=\"classifier\"><a class=\"reference external\" href=\"https://docs.python.org/dev/library/stdtypes.html#str\" title=\"(in Python v3.12)\"><code class=\"docutils literal notranslate\"><span class=\"pre\">str</span></code></a></span></dt><dd><p>Directory in which to create the <code class=\"docutils literal notranslate\"><span class=\"pre\">aedb</span></code> folder. The name given to the AEDB file\nis the same as the name of the board file.</p>\n</dd>\n<dt><strong>init_dlls</strong><span class=\"classifier\"><a class=\"reference external\" href=\"https://docs.python.org/dev/library/stdtypes.html#bltin-boolean-values\" title=\"(in Python v3.12)\"><span class=\"xref std std-ref\">bool</span></a></span></dt><dd><p>Whether to initialize DLLs. The default is <code class=\"docutils literal notranslate\"><span class=\"pre\">False</span></code>.</p>\n</dd>\n<dt><strong>anstranslator_full_path</strong><span class=\"classifier\"><a class=\"reference external\" href=\"https://docs.python.org/dev/library/stdtypes.html#str\" title=\"(in Python v3.12)\"><code class=\"docutils literal notranslate\"><span class=\"pre\">str</span></code></a>, <code class=\"xref py py-obj docutils literal notranslate\"><span class=\"pre\">optional</span></code></span></dt><dd><p>Full path to the Ansys translator. The default is <code class=\"docutils literal notranslate\"><span class=\"pre\">&quot;&quot;</span></code>.</p>\n</dd>\n<dt><strong>use_ppe</strong><span class=\"classifier\"><a class=\"reference external\" href=\"https://docs.python.org/dev/library/stdtypes.html#bltin-boolean-values\" title=\"(in Python v3.12)\"><span class=\"xref std std-ref\">bool</span></a></span></dt><dd><p>Whether to use the PPE License. The default is <code class=\"docutils literal notranslate\"><span class=\"pre\">False</span></code>.</p>\n</dd>\n<dt><strong>control_file</strong><span class=\"classifier\"><a class=\"reference external\" href=\"https://docs.python.org/dev/library/stdtypes.html#str\" title=\"(in Python v3.12)\"><code class=\"docutils literal notranslate\"><span class=\"pre\">str</span></code></a>, <code class=\"xref py py-obj docutils literal notranslate\"><span class=\"pre\">optional</span></code></span></dt><dd><p>Path to the XML file. The default is <code class=\"docutils literal notranslate\"><span class=\"pre\">None</span></code>, in which case an attempt is made to find\nthe XML file in the same directory as the board file. To succeed, the XML file and board file\nmust have the same name. Only the extension differs.</p>\n</dd>\n</dl>\n</dd>\n<dt class=\"field-even\">Returns<span class=\"colon\">:</span></dt>\n<dd class=\"field-even\"><dl class=\"simple\">\n<dt><a class=\"reference external\" href=\"https://docs.python.org/dev/library/stdtypes.html#str\" title=\"(in Python v3.12)\"><code class=\"docutils literal notranslate\"><span class=\"pre\">str</span></code></a></dt><dd><p>Full path to the AEDB file.</p>\n</dd>\n</dl>\n</dd>\n</dl>\n</dd></dl>\n\n</section>\n", "metatags": "<meta name=\"generator\" content=\"Docutils 0.19: https://docutils.sourceforge.io/\" />\n", "rellinks": [["genindex", "General Index", "I", "index"], ["py-modindex", "Python Module Index", "", "modules"], ["API/_autosummary/pyaedt.Edb.open_edb", "open_edb", "N", "next"], ["API/_autosummary/pyaedt.Edb.import_gds_file", "import_gds_file", "P", "previous"]], "sourcename": "API/_autosummary/pyaedt.Edb.import_layout_pcb.rst.txt", "toc": "<ul>\n<li><a class=\"reference internal\" href=\"#\">import_layout_pcb</a><ul>\n<li><a class=\"reference internal\" href=\"#pyaedt.Edb.import_layout_pcb\"><code class=\"docutils literal notranslate\"><span class=\"pre\">Edb.import_layout_pcb()</span></code></a></li>\n</ul>\n</li>\n</ul>\n", "display_toc": true, "page_source_suffix": ".rst", "current_page_name": "API/_autosummary/pyaedt.Edb.import_layout_pcb", "sidebars": ["search-field.html", "sidebar-nav-bs.html"], "customsidebar": null, "favicon_url": null, "logo_url": null, "alabaster_version": "0.7.12", "theme_show_toc_level": 1, "theme_logo": {}}