{"parents": [{"link": "../../", "title": "API reference"}, {"link": "../../Application/", "title": "AEDT apps"}, {"link": "../pyaedt.TwinBuilder/", "title": "pyaedt.TwinBuilder"}], "prev": {"link": "../pyaedt.TwinBuilder.results_directory/", "title": "results_directory"}, "next": {"link": "../pyaedt.TwinBuilder.solution_type/", "title": "solution_type"}, "title": "setup_names", "meta": {}, "body": "<section id=\"setup-names\">\n<h1>setup_names<a class=\"headerlink\" href=\"#setup-names\" title=\"Permalink to this heading\">#</a></h1>\n<dl class=\"py property\">\n<dt class=\"sig sig-object py\" id=\"pyaedt.TwinBuilder.setup_names\">\n<em class=\"property\"><span class=\"pre\">property</span><span class=\"w\"> </span></em><span class=\"sig-prename descclassname\"><span class=\"pre\">TwinBuilder.</span></span><span class=\"sig-name descname\"><span class=\"pre\">setup_names</span></span><a class=\"headerlink\" href=\"#pyaedt.TwinBuilder.setup_names\" title=\"Permalink to this definition\">#</a></dt>\n<dd><p>Setup names.</p>\n<p class=\"rubric\">References</p>\n<div class=\"doctest highlight-default notranslate\"><div class=\"highlight\"><pre><span></span><span class=\"gp\">&gt;&gt;&gt; </span><span class=\"n\">oModule</span><span class=\"o\">.</span><span class=\"n\">GetAllSolutionSetups</span>\n</pre></div>\n</div>\n</dd></dl>\n\n</section>\n", "metatags": "<meta name=\"generator\" content=\"Docutils 0.19: https://docutils.sourceforge.io/\" />\n", "rellinks": [["genindex", "General Index", "I", "index"], ["py-modindex", "Python Module Index", "", "modules"], ["API/_autosummary/pyaedt.TwinBuilder.solution_type", "solution_type", "N", "next"], ["API/_autosummary/pyaedt.TwinBuilder.results_directory", "results_directory", "P", "previous"]], "sourcename": "API/_autosummary/pyaedt.TwinBuilder.setup_names.rst.txt", "toc": "<ul>\n<li><a class=\"reference internal\" href=\"#\">setup_names</a><ul>\n<li><a class=\"reference internal\" href=\"#pyaedt.TwinBuilder.setup_names\"><code class=\"docutils literal notranslate\"><span class=\"pre\">TwinBuilder.setup_names</span></code></a></li>\n</ul>\n</li>\n</ul>\n", "display_toc": true, "page_source_suffix": ".rst", "current_page_name": "API/_autosummary/pyaedt.TwinBuilder.setup_names", "sidebars": ["search-field.html", "sidebar-nav-bs.html"], "customsidebar": null, "favicon_url": null, "logo_url": null, "alabaster_version": "0.7.12", "theme_show_toc_level": 1, "theme_logo": {}}