{"parents": [{"link": "../../", "title": "API reference"}, {"link": "../../Primitives/", "title": "Modeler and  primitives"}, {"link": "../pyaedt.modeler.Model2D.Modeler2D/", "title": "pyaedt.modeler.Model2D.Modeler2D"}], "prev": {"link": "../pyaedt.modeler.Model2D.Modeler2D.dimension/", "title": "dimension"}, "next": {"link": "../pyaedt.modeler.Model2D.Modeler2D.line_names/", "title": "line_names"}, "title": "geometry_mode", "meta": {}, "body": "<section id=\"geometry-mode\">\n<h1>geometry_mode<a class=\"headerlink\" href=\"#geometry-mode\" title=\"Permalink to this heading\">#</a></h1>\n<dl class=\"py property\">\n<dt class=\"sig sig-object py\" id=\"pyaedt.modeler.Model2D.Modeler2D.geometry_mode\">\n<em class=\"property\"><span class=\"pre\">property</span><span class=\"w\"> </span></em><span class=\"sig-prename descclassname\"><span class=\"pre\">Modeler2D.</span></span><span class=\"sig-name descname\"><span class=\"pre\">geometry_mode</span></span><a class=\"headerlink\" href=\"#pyaedt.modeler.Model2D.Modeler2D.geometry_mode\" title=\"Permalink to this definition\">#</a></dt>\n<dd><p>Geometry mode.</p>\n<p class=\"rubric\">References</p>\n<div class=\"doctest highlight-default notranslate\"><div class=\"highlight\"><pre><span></span><span class=\"gp\">&gt;&gt;&gt; </span><span class=\"n\">oDesign</span><span class=\"o\">.</span><span class=\"n\">GetGeometryMode</span>\n</pre></div>\n</div>\n</dd></dl>\n\n</section>\n", "metatags": "<meta name=\"generator\" content=\"Docutils 0.19: https://docutils.sourceforge.io/\" />\n", "rellinks": [["genindex", "General Index", "I", "index"], ["py-modindex", "Python Module Index", "", "modules"], ["API/_autosummary/pyaedt.modeler.Model2D.Modeler2D.line_names", "line_names", "N", "next"], ["API/_autosummary/pyaedt.modeler.Model2D.Modeler2D.dimension", "dimension", "P", "previous"]], "sourcename": "API/_autosummary/pyaedt.modeler.Model2D.Modeler2D.geometry_mode.rst.txt", "toc": "<ul>\n<li><a class=\"reference internal\" href=\"#\">geometry_mode</a><ul>\n<li><a class=\"reference internal\" href=\"#pyaedt.modeler.Model2D.Modeler2D.geometry_mode\"><code class=\"docutils literal notranslate\"><span class=\"pre\">Modeler2D.geometry_mode</span></code></a></li>\n</ul>\n</li>\n</ul>\n", "display_toc": true, "page_source_suffix": ".rst", "current_page_name": "API/_autosummary/pyaedt.modeler.Model2D.Modeler2D.geometry_mode", "sidebars": ["search-field.html", "sidebar-nav-bs.html"], "customsidebar": null, "favicon_url": null, "logo_url": null, "alabaster_version": "0.7.12", "theme_show_toc_level": 1, "theme_logo": {}}