{"parents": [{"link": "../../", "title": "API reference"}, {"link": "../../MaterialManagement/", "title": "Material and stackup"}, {"link": "../pyaedt.modules.MaterialLib.Materials/", "title": "pyaedt.modules.MaterialLib.Materials"}], "prev": {"link": "../pyaedt.modules.MaterialLib.Materials.import_materials_from_file/", "title": "import_materials_from_file"}, "next": {"link": "../pyaedt.modules.MaterialLib.Materials.conductors/", "title": "conductors"}, "title": "remove_material", "meta": {}, "body": "<section id=\"remove-material\">\n<h1>remove_material<a class=\"headerlink\" href=\"#remove-material\" title=\"Permalink to this heading\">#</a></h1>\n<dl class=\"py method\">\n<dt class=\"sig sig-object py\" id=\"pyaedt.modules.MaterialLib.Materials.remove_material\">\n<span class=\"sig-prename descclassname\"><span class=\"pre\">Materials.</span></span><span class=\"sig-name descname\"><span class=\"pre\">remove_material</span></span><span class=\"sig-paren\">(</span><em class=\"sig-param\"><span class=\"n\"><span class=\"pre\">material</span></span></em>, <em class=\"sig-param\"><span class=\"n\"><span class=\"pre\">library</span></span><span class=\"o\"><span class=\"pre\">=</span></span><span class=\"default_value\"><span class=\"pre\">'Project'</span></span></em><span class=\"sig-paren\">)</span><a class=\"reference internal\" href=\"../../../_modules/pyaedt/modules/MaterialLib/#Materials.remove_material\"><span class=\"viewcode-link\"><span class=\"pre\">[source]</span></span></a><a class=\"headerlink\" href=\"#pyaedt.modules.MaterialLib.Materials.remove_material\" title=\"Permalink to this definition\">#</a></dt>\n<dd><p>Remove a material.</p>\n<dl class=\"field-list\">\n<dt class=\"field-odd\">Parameters<span class=\"colon\">:</span></dt>\n<dd class=\"field-odd\"><dl>\n<dt><strong>material</strong><span class=\"classifier\"><a class=\"reference external\" href=\"https://docs.python.org/dev/library/stdtypes.html#str\" title=\"(in Python v3.12)\"><code class=\"docutils literal notranslate\"><span class=\"pre\">str</span></code></a></span></dt><dd><p>Name of the material.</p>\n</dd>\n<dt><strong>library</strong><span class=\"classifier\"><a class=\"reference external\" href=\"https://docs.python.org/dev/library/stdtypes.html#str\" title=\"(in Python v3.12)\"><code class=\"docutils literal notranslate\"><span class=\"pre\">str</span></code></a>, <code class=\"xref py py-obj docutils literal notranslate\"><span class=\"pre\">optional</span></code></span></dt><dd><p>Name of the library containing this material.\nThe default is <code class=\"docutils literal notranslate\"><span class=\"pre\">&quot;Project&quot;</span></code>.</p>\n</dd>\n</dl>\n</dd>\n<dt class=\"field-even\">Returns<span class=\"colon\">:</span></dt>\n<dd class=\"field-even\"><dl class=\"simple\">\n<dt><a class=\"reference external\" href=\"https://docs.python.org/dev/library/stdtypes.html#bltin-boolean-values\" title=\"(in Python v3.12)\"><span class=\"xref std std-ref\">bool</span></a></dt><dd><p><code class=\"docutils literal notranslate\"><span class=\"pre\">True</span></code> when successful, <code class=\"docutils literal notranslate\"><span class=\"pre\">False</span></code> when failed.</p>\n</dd>\n</dl>\n</dd>\n</dl>\n<p class=\"rubric\">References</p>\n<div class=\"doctest highlight-default notranslate\"><div class=\"highlight\"><pre><span></span><span class=\"gp\">&gt;&gt;&gt; </span><span class=\"n\">oDefinitionManager</span><span class=\"o\">.</span><span class=\"n\">RemoveMaterial</span>\n</pre></div>\n</div>\n<p class=\"rubric\">Examples</p>\n<div class=\"doctest highlight-default notranslate\"><div class=\"highlight\"><pre><span></span><span class=\"gp\">&gt;&gt;&gt; </span><span class=\"kn\">from</span> <span class=\"nn\">pyaedt</span> <span class=\"kn\">import</span> <span class=\"n\">Hfss</span>\n<span class=\"gp\">&gt;&gt;&gt; </span><span class=\"n\">hfss</span> <span class=\"o\">=</span> <span class=\"n\">Hfss</span><span class=\"p\">()</span>\n<span class=\"gp\">&gt;&gt;&gt; </span><span class=\"n\">hfss</span><span class=\"o\">.</span><span class=\"n\">materials</span><span class=\"o\">.</span><span class=\"n\">add_material</span><span class=\"p\">(</span><span class=\"s2\">&quot;MyMaterial&quot;</span><span class=\"p\">)</span>\n<span class=\"gp\">&gt;&gt;&gt; </span><span class=\"n\">hfss</span><span class=\"o\">.</span><span class=\"n\">materials</span><span class=\"o\">.</span><span class=\"n\">remove_material</span><span class=\"p\">(</span><span class=\"s2\">&quot;MyMaterial&quot;</span><span class=\"p\">)</span>\n</pre></div>\n</div>\n</dd></dl>\n\n</section>\n", "metatags": "<meta name=\"generator\" content=\"Docutils 0.19: https://docutils.sourceforge.io/\" />\n", "rellinks": [["genindex", "General Index", "I", "index"], ["py-modindex", "Python Module Index", "", "modules"], ["API/_autosummary/pyaedt.modules.MaterialLib.Materials.conductors", "conductors", "N", "next"], ["API/_autosummary/pyaedt.modules.MaterialLib.Materials.import_materials_from_file", "import_materials_from_file", "P", "previous"]], "sourcename": "API/_autosummary/pyaedt.modules.MaterialLib.Materials.remove_material.rst.txt", "toc": "<ul>\n<li><a class=\"reference internal\" href=\"#\">remove_material</a><ul>\n<li><a class=\"reference internal\" href=\"#pyaedt.modules.MaterialLib.Materials.remove_material\"><code class=\"docutils literal notranslate\"><span class=\"pre\">Materials.remove_material()</span></code></a></li>\n</ul>\n</li>\n</ul>\n", "display_toc": true, "page_source_suffix": ".rst", "current_page_name": "API/_autosummary/pyaedt.modules.MaterialLib.Materials.remove_material", "sidebars": ["search-field.html", "sidebar-nav-bs.html"], "customsidebar": null, "favicon_url": null, "logo_url": null, "alabaster_version": "0.7.12", "theme_show_toc_level": 1, "theme_logo": {}}