{"parents": [{"link": "../../", "title": "API reference"}, {"link": "../../Post/", "title": "Postprocessing"}, {"link": "../pyaedt.modules.report_templates.Fields/", "title": "pyaedt.modules.report_templates.Fields"}], "prev": {"link": "../pyaedt.modules.report_templates.Fields.import_traces/", "title": "import_traces"}, "next": {"link": "../pyaedt.modules.report_templates.Fields.update_trace_in_report/", "title": "update_trace_in_report"}, "title": "update_expressions_with_defaults", "meta": {}, "body": "<section id=\"update-expressions-with-defaults\">\n<h1>update_expressions_with_defaults<a class=\"headerlink\" href=\"#update-expressions-with-defaults\" title=\"Permalink to this heading\">#</a></h1>\n<dl class=\"py method\">\n<dt class=\"sig sig-object py\" id=\"pyaedt.modules.report_templates.Fields.update_expressions_with_defaults\">\n<span class=\"sig-prename descclassname\"><span class=\"pre\">Fields.</span></span><span class=\"sig-name descname\"><span class=\"pre\">update_expressions_with_defaults</span></span><span class=\"sig-paren\">(</span><em class=\"sig-param\"><span class=\"n\"><span class=\"pre\">quantities_category</span></span><span class=\"o\"><span class=\"pre\">=</span></span><span class=\"default_value\"><span class=\"pre\">None</span></span></em><span class=\"sig-paren\">)</span><a class=\"headerlink\" href=\"#pyaedt.modules.report_templates.Fields.update_expressions_with_defaults\" title=\"Permalink to this definition\">#</a></dt>\n<dd><p>Update the list of expressions by taking all quantities from a given category.</p>\n<dl class=\"field-list\">\n<dt class=\"field-odd\">Parameters<span class=\"colon\">:</span></dt>\n<dd class=\"field-odd\"><dl>\n<dt><strong>quantities_category</strong><span class=\"classifier\"><a class=\"reference external\" href=\"https://docs.python.org/dev/library/stdtypes.html#str\" title=\"(in Python v3.12)\"><code class=\"docutils literal notranslate\"><span class=\"pre\">str</span></code></a>, <code class=\"xref py py-obj docutils literal notranslate\"><span class=\"pre\">optional</span></code></span></dt><dd><p>Quantity category to use. The default is <code class=\"docutils literal notranslate\"><span class=\"pre\">None</span></code>, in which case the default\ncategory for the specified report is used.</p>\n</dd>\n</dl>\n</dd>\n<dt class=\"field-even\">Returns<span class=\"colon\">:</span></dt>\n<dd class=\"field-even\"></dd>\n</dl>\n</dd></dl>\n\n</section>\n", "metatags": "<meta name=\"generator\" content=\"Docutils 0.19: https://docutils.sourceforge.io/\" />\n", "rellinks": [["genindex", "General Index", "I", "index"], ["py-modindex", "Python Module Index", "", "modules"], ["API/_autosummary/pyaedt.modules.report_templates.Fields.update_trace_in_report", "update_trace_in_report", "N", "next"], ["API/_autosummary/pyaedt.modules.report_templates.Fields.import_traces", "import_traces", "P", "previous"]], "sourcename": "API/_autosummary/pyaedt.modules.report_templates.Fields.update_expressions_with_defaults.rst.txt", "toc": "<ul>\n<li><a class=\"reference internal\" href=\"#\">update_expressions_with_defaults</a><ul>\n<li><a class=\"reference internal\" href=\"#pyaedt.modules.report_templates.Fields.update_expressions_with_defaults\"><code class=\"docutils literal notranslate\"><span class=\"pre\">Fields.update_expressions_with_defaults()</span></code></a></li>\n</ul>\n</li>\n</ul>\n", "display_toc": true, "page_source_suffix": ".rst", "current_page_name": "API/_autosummary/pyaedt.modules.report_templates.Fields.update_expressions_with_defaults", "sidebars": ["search-field.html", "sidebar-nav-bs.html"], "customsidebar": null, "favicon_url": null, "logo_url": null, "alabaster_version": "0.7.12", "theme_show_toc_level": 1, "theme_logo": {}}