{"parents": [{"link": "../../", "title": "API reference"}, {"link": "../../Primitives/", "title": "Modeler and  primitives"}, {"link": "../pyaedt.modeler.Primitives2D.Primitives2D/", "title": "pyaedt.modeler.Primitives2D.Primitives2D"}], "prev": {"link": "../pyaedt.modeler.Primitives2D.Primitives2D.logger/", "title": "logger"}, "next": {"link": "../pyaedt.modeler.Primitives2D.Primitives2D.model_objects/", "title": "model_objects"}, "title": "model_consistency_report", "meta": {}, "body": "<section id=\"model-consistency-report\">\n<h1>model_consistency_report<a class=\"headerlink\" href=\"#model-consistency-report\" title=\"Permalink to this heading\">#</a></h1>\n<dl class=\"py property\">\n<dt class=\"sig sig-object py\" id=\"pyaedt.modeler.Primitives2D.Primitives2D.model_consistency_report\">\n<em class=\"property\"><span class=\"pre\">property</span><span class=\"w\"> </span></em><span class=\"sig-prename descclassname\"><span class=\"pre\">Primitives2D.</span></span><span class=\"sig-name descname\"><span class=\"pre\">model_consistency_report</span></span><a class=\"headerlink\" href=\"#pyaedt.modeler.Primitives2D.Primitives2D.model_consistency_report\" title=\"Permalink to this definition\">#</a></dt>\n<dd><p>Summary of detected inconsistencies between the AEDT modeler and PyAEDT structures.</p>\n<dl class=\"field-list simple\">\n<dt class=\"field-odd\">Returns<span class=\"colon\">:</span></dt>\n<dd class=\"field-odd\"><dl class=\"simple\">\n<dt><a class=\"reference external\" href=\"https://docs.python.org/dev/library/stdtypes.html#dict\" title=\"(in Python v3.12)\"><code class=\"docutils literal notranslate\"><span class=\"pre\">dict</span></code></a></dt><dd></dd>\n</dl>\n</dd>\n</dl>\n</dd></dl>\n\n</section>\n", "metatags": "<meta name=\"generator\" content=\"Docutils 0.19: https://docutils.sourceforge.io/\" />\n", "rellinks": [["genindex", "General Index", "I", "index"], ["py-modindex", "Python Module Index", "", "modules"], ["API/_autosummary/pyaedt.modeler.Primitives2D.Primitives2D.model_objects", "model_objects", "N", "next"], ["API/_autosummary/pyaedt.modeler.Primitives2D.Primitives2D.logger", "logger", "P", "previous"]], "sourcename": "API/_autosummary/pyaedt.modeler.Primitives2D.Primitives2D.model_consistency_report.rst.txt", "toc": "<ul>\n<li><a class=\"reference internal\" href=\"#\">model_consistency_report</a><ul>\n<li><a class=\"reference internal\" href=\"#pyaedt.modeler.Primitives2D.Primitives2D.model_consistency_report\"><code class=\"docutils literal notranslate\"><span class=\"pre\">Primitives2D.model_consistency_report</span></code></a></li>\n</ul>\n</li>\n</ul>\n", "display_toc": true, "page_source_suffix": ".rst", "current_page_name": "API/_autosummary/pyaedt.modeler.Primitives2D.Primitives2D.model_consistency_report", "sidebars": ["search-field.html", "sidebar-nav-bs.html"], "customsidebar": null, "favicon_url": null, "logo_url": null, "alabaster_version": "0.7.12", "theme_show_toc_level": 1, "theme_logo": {}}