{"parents": [{"link": "../../", "title": "API reference"}, {"link": "../../CoreEdb/", "title": "EDB editor"}, {"link": "../pyaedt.edb_core.EDB_Data.EDBPrimitives/", "title": "pyaedt.edb_core.EDB_Data.EDBPrimitives"}], "prev": {"link": "../pyaedt.edb_core.EDB_Data.EDBPrimitives/", "title": "pyaedt.edb_core.EDB_Data.EDBPrimitives"}, "next": {"link": "../pyaedt.edb_core.EDB_Data.EDBPrimitives.delete/", "title": "delete"}, "title": "area", "meta": {}, "body": "<section id=\"area\">\n<h1>area<a class=\"headerlink\" href=\"#area\" title=\"Permalink to this heading\">#</a></h1>\n<dl class=\"py method\">\n<dt class=\"sig sig-object py\" id=\"pyaedt.edb_core.EDB_Data.EDBPrimitives.area\">\n<span class=\"sig-prename descclassname\"><span class=\"pre\">EDBPrimitives.</span></span><span class=\"sig-name descname\"><span class=\"pre\">area</span></span><span class=\"sig-paren\">(</span><em class=\"sig-param\"><span class=\"n\"><span class=\"pre\">include_voids</span></span><span class=\"o\"><span class=\"pre\">=</span></span><span class=\"default_value\"><span class=\"pre\">True</span></span></em><span class=\"sig-paren\">)</span><a class=\"reference internal\" href=\"../../../_modules/pyaedt/edb_core/EDB_Data/#EDBPrimitives.area\"><span class=\"viewcode-link\"><span class=\"pre\">[source]</span></span></a><a class=\"headerlink\" href=\"#pyaedt.edb_core.EDB_Data.EDBPrimitives.area\" title=\"Permalink to this definition\">#</a></dt>\n<dd><p>Return the total area.</p>\n<dl class=\"field-list\">\n<dt class=\"field-odd\">Parameters<span class=\"colon\">:</span></dt>\n<dd class=\"field-odd\"><dl>\n<dt><strong>include_voids</strong><span class=\"classifier\"><a class=\"reference external\" href=\"https://docs.python.org/dev/library/stdtypes.html#bltin-boolean-values\" title=\"(in Python v3.12)\"><span class=\"xref std std-ref\">bool</span></a>, <code class=\"xref py py-obj docutils literal notranslate\"><span class=\"pre\">optional</span></code></span></dt><dd><p>Either if the voids have to be included in computation.</p>\n</dd>\n<dt><strong>Returns</strong></dt><dd></dd>\n<dt><strong>\u2014\u2014-</strong></dt><dd></dd>\n<dt><strong>float</strong></dt><dd></dd>\n</dl>\n</dd>\n</dl>\n</dd></dl>\n\n</section>\n", "metatags": "<meta name=\"generator\" content=\"Docutils 0.19: https://docutils.sourceforge.io/\" />\n", "rellinks": [["genindex", "General Index", "I", "index"], ["py-modindex", "Python Module Index", "", "modules"], ["API/_autosummary/pyaedt.edb_core.EDB_Data.EDBPrimitives.delete", "delete", "N", "next"], ["API/_autosummary/pyaedt.edb_core.EDB_Data.EDBPrimitives", "pyaedt.edb_core.EDB_Data.EDBPrimitives", "P", "previous"]], "sourcename": "API/_autosummary/pyaedt.edb_core.EDB_Data.EDBPrimitives.area.rst.txt", "toc": "<ul>\n<li><a class=\"reference internal\" href=\"#\">area</a><ul>\n<li><a class=\"reference internal\" href=\"#pyaedt.edb_core.EDB_Data.EDBPrimitives.area\"><code class=\"docutils literal notranslate\"><span class=\"pre\">EDBPrimitives.area()</span></code></a></li>\n</ul>\n</li>\n</ul>\n", "display_toc": true, "page_source_suffix": ".rst", "current_page_name": "API/_autosummary/pyaedt.edb_core.EDB_Data.EDBPrimitives.area", "sidebars": ["search-field.html", "sidebar-nav-bs.html"], "customsidebar": null, "favicon_url": null, "logo_url": null, "alabaster_version": "0.7.12", "theme_show_toc_level": 1, "theme_logo": {}}