{"parents": [{"link": "../../", "title": "API reference"}, {"link": "../../CoreEdb/", "title": "EDB editor"}, {"link": "../pyaedt.edb_core.EDB_Data.EDBComponent/", "title": "pyaedt.edb_core.EDB_Data.EDBComponent"}], "prev": {"link": "../pyaedt.edb_core.EDB_Data.EDBComponent.pins/", "title": "pins"}, "next": {"link": "../pyaedt.edb_core.EDB_Data.EDBComponent.refdes/", "title": "refdes"}, "title": "placement_layer", "meta": {}, "body": "<section id=\"placement-layer\">\n<h1>placement_layer<a class=\"headerlink\" href=\"#placement-layer\" title=\"Permalink to this heading\">#</a></h1>\n<dl class=\"py property\">\n<dt class=\"sig sig-object py\" id=\"pyaedt.edb_core.EDB_Data.EDBComponent.placement_layer\">\n<em class=\"property\"><span class=\"pre\">property</span><span class=\"w\"> </span></em><span class=\"sig-prename descclassname\"><span class=\"pre\">EDBComponent.</span></span><span class=\"sig-name descname\"><span class=\"pre\">placement_layer</span></span><a class=\"headerlink\" href=\"#pyaedt.edb_core.EDB_Data.EDBComponent.placement_layer\" title=\"Permalink to this definition\">#</a></dt>\n<dd><p>Placement layer.</p>\n<dl class=\"field-list simple\">\n<dt class=\"field-odd\">Returns<span class=\"colon\">:</span></dt>\n<dd class=\"field-odd\"><dl class=\"simple\">\n<dt><a class=\"reference external\" href=\"https://docs.python.org/dev/library/stdtypes.html#str\" title=\"(in Python v3.12)\"><code class=\"docutils literal notranslate\"><span class=\"pre\">str</span></code></a></dt><dd><p>Name of the placement layer.</p>\n</dd>\n</dl>\n</dd>\n</dl>\n</dd></dl>\n\n</section>\n", "metatags": "<meta name=\"generator\" content=\"Docutils 0.19: https://docutils.sourceforge.io/\" />\n", "rellinks": [["genindex", "General Index", "I", "index"], ["py-modindex", "Python Module Index", "", "modules"], ["API/_autosummary/pyaedt.edb_core.EDB_Data.EDBComponent.refdes", "refdes", "N", "next"], ["API/_autosummary/pyaedt.edb_core.EDB_Data.EDBComponent.pins", "pins", "P", "previous"]], "sourcename": "API/_autosummary/pyaedt.edb_core.EDB_Data.EDBComponent.placement_layer.rst.txt", "toc": "<ul>\n<li><a class=\"reference internal\" href=\"#\">placement_layer</a><ul>\n<li><a class=\"reference internal\" href=\"#pyaedt.edb_core.EDB_Data.EDBComponent.placement_layer\"><code class=\"docutils literal notranslate\"><span class=\"pre\">EDBComponent.placement_layer</span></code></a></li>\n</ul>\n</li>\n</ul>\n", "display_toc": true, "page_source_suffix": ".rst", "current_page_name": "API/_autosummary/pyaedt.edb_core.EDB_Data.EDBComponent.placement_layer", "sidebars": ["search-field.html", "sidebar-nav-bs.html"], "customsidebar": null, "favicon_url": null, "logo_url": null, "alabaster_version": "0.7.12", "theme_show_toc_level": 1, "theme_logo": {}}