{"parents": [{"link": "../../", "title": "API reference"}, {"link": "../../Primitives/", "title": "Modeler and  primitives"}], "prev": {"link": "../pyaedt.modeler.Primitives2D.Primitives2D.version/", "title": "version"}, "next": {"link": "../pyaedt.modeler.Primitives3D.Primitives3D.add_bird/", "title": "add_bird"}, "title": "pyaedt.modeler.Primitives3D.Primitives3D", "meta": {}, "body": "<section id=\"pyaedt-modeler-primitives3d-primitives3d\">\n<h1>pyaedt.modeler.Primitives3D.Primitives3D<a class=\"headerlink\" href=\"#pyaedt-modeler-primitives3d-primitives3d\" title=\"Permalink to this heading\">#</a></h1>\n<dl class=\"py class\">\n<dt class=\"sig sig-object py\" id=\"pyaedt.modeler.Primitives3D.Primitives3D\">\n<em class=\"property\"><span class=\"pre\">class</span><span class=\"w\"> </span></em><span class=\"sig-prename descclassname\"><span class=\"pre\">pyaedt.modeler.Primitives3D.</span></span><span class=\"sig-name descname\"><span class=\"pre\">Primitives3D</span></span><a class=\"reference internal\" href=\"../../../_modules/pyaedt/modeler/Primitives3D/#Primitives3D\"><span class=\"viewcode-link\"><span class=\"pre\">[source]</span></span></a><a class=\"headerlink\" href=\"#pyaedt.modeler.Primitives3D.Primitives3D\" title=\"Permalink to this definition\">#</a></dt>\n<dd><p>Manages primitives in 3D tools.</p>\n<p>This class is inherited in the caller application and is\naccessible through the primitives variable part of modeler object(\ne.g. <code class=\"docutils literal notranslate\"><span class=\"pre\">hfss.modeler</span></code> or <code class=\"docutils literal notranslate\"><span class=\"pre\">icepak.modeler</span></code>).</p>\n<dl class=\"field-list\">\n<dt class=\"field-odd\">Parameters<span class=\"colon\">:</span></dt>\n<dd class=\"field-odd\"><dl>\n<dt><strong>application</strong><span class=\"classifier\"><a class=\"reference external\" href=\"https://docs.python.org/dev/library/stdtypes.html#str\" title=\"(in Python v3.12)\"><code class=\"docutils literal notranslate\"><span class=\"pre\">str</span></code></a></span></dt><dd><p>Name of the application.</p>\n</dd>\n</dl>\n</dd>\n</dl>\n<p class=\"rubric\">Examples</p>\n<p>Basic usage demonstrated with an HFSS, Maxwell 3D, Icepak, Q3D, or Mechanical design:</p>\n<div class=\"doctest highlight-default notranslate\"><div class=\"highlight\"><pre><span></span><span class=\"gp\">&gt;&gt;&gt; </span><span class=\"kn\">from</span> <span class=\"nn\">pyaedt</span> <span class=\"kn\">import</span> <span class=\"n\">Hfss</span>\n<span class=\"gp\">&gt;&gt;&gt; </span><span class=\"n\">aedtapp</span> <span class=\"o\">=</span> <span class=\"n\">Hfss</span><span class=\"p\">()</span>\n<span class=\"gp\">&gt;&gt;&gt; </span><span class=\"n\">prim</span> <span class=\"o\">=</span> <span class=\"n\">aedtapp</span><span class=\"o\">.</span><span class=\"n\">modeler</span>\n</pre></div>\n</div>\n<p class=\"rubric\">Methods</p>\n<table class=\"autosummary longtable docutils align-default\">\n<tbody>\n<tr class=\"row-odd\"><td><p><a class=\"reference internal\" href=\"../pyaedt.modeler.Primitives3D.Primitives3D.add_bird/#pyaedt.modeler.Primitives3D.Primitives3D.add_bird\" title=\"pyaedt.modeler.Primitives3D.Primitives3D.add_bird\"><code class=\"xref py py-obj docutils literal notranslate\"><span class=\"pre\">Primitives3D.add_bird</span></code></a>(actor_folder[,\u00a0speed,\u00a0...])</p></td>\n<td><p>Add a Bird Multipart from 3D Components.</p></td>\n</tr>\n<tr class=\"row-even\"><td><p><a class=\"reference internal\" href=\"../pyaedt.modeler.Primitives3D.Primitives3D.add_environment/#pyaedt.modeler.Primitives3D.Primitives3D.add_environment\" title=\"pyaedt.modeler.Primitives3D.Primitives3D.add_environment\"><code class=\"xref py py-obj docutils literal notranslate\"><span class=\"pre\">Primitives3D.add_environment</span></code></a>(env_folder[,\u00a0...])</p></td>\n<td><p>Add an Environment Multipart Component from Json file.</p></td>\n</tr>\n<tr class=\"row-odd\"><td><p><a class=\"reference internal\" href=\"../pyaedt.modeler.Primitives3D.Primitives3D.add_new_objects/#pyaedt.modeler.Primitives3D.Primitives3D.add_new_objects\" title=\"pyaedt.modeler.Primitives3D.Primitives3D.add_new_objects\"><code class=\"xref py py-obj docutils literal notranslate\"><span class=\"pre\">Primitives3D.add_new_objects</span></code></a>()</p></td>\n<td><p>Add objects that have been created in the modeler by previous operations.</p></td>\n</tr>\n<tr class=\"row-even\"><td><p><a class=\"reference internal\" href=\"../pyaedt.modeler.Primitives3D.Primitives3D.add_new_user_defined_component/#pyaedt.modeler.Primitives3D.Primitives3D.add_new_user_defined_component\" title=\"pyaedt.modeler.Primitives3D.Primitives3D.add_new_user_defined_component\"><code class=\"xref py py-obj docutils literal notranslate\"><span class=\"pre\">Primitives3D.add_new_user_defined_component</span></code></a>()</p></td>\n<td><p>Add 3D components and user-defined models that have been created in the modeler by previous operations.</p></td>\n</tr>\n<tr class=\"row-odd\"><td><p><a class=\"reference internal\" href=\"../pyaedt.modeler.Primitives3D.Primitives3D.add_person/#pyaedt.modeler.Primitives3D.Primitives3D.add_person\" title=\"pyaedt.modeler.Primitives3D.Primitives3D.add_person\"><code class=\"xref py py-obj docutils literal notranslate\"><span class=\"pre\">Primitives3D.add_person</span></code></a>(actor_folder[,\u00a0...])</p></td>\n<td><p>Add a Walking Person Multipart from 3D Components.</p></td>\n</tr>\n<tr class=\"row-even\"><td><p><a class=\"reference internal\" href=\"../pyaedt.modeler.Primitives3D.Primitives3D.add_vehicle/#pyaedt.modeler.Primitives3D.Primitives3D.add_vehicle\" title=\"pyaedt.modeler.Primitives3D.Primitives3D.add_vehicle\"><code class=\"xref py py-obj docutils literal notranslate\"><span class=\"pre\">Primitives3D.add_vehicle</span></code></a>(actor_folder[,\u00a0...])</p></td>\n<td><p>Add a Moving Vehicle Multipart from 3D Components.</p></td>\n</tr>\n<tr class=\"row-odd\"><td><p><a class=\"reference internal\" href=\"../pyaedt.modeler.Primitives3D.Primitives3D.check_choke_values/#pyaedt.modeler.Primitives3D.Primitives3D.check_choke_values\" title=\"pyaedt.modeler.Primitives3D.Primitives3D.check_choke_values\"><code class=\"xref py py-obj docutils literal notranslate\"><span class=\"pre\">Primitives3D.check_choke_values</span></code></a>(json_file[,\u00a0...])</p></td>\n<td><p>Verify the values in the json file and create another one with corrected values next to the first one.</p></td>\n</tr>\n<tr class=\"row-even\"><td><p><a class=\"reference internal\" href=\"../pyaedt.modeler.Primitives3D.Primitives3D.cleanup_objects/#pyaedt.modeler.Primitives3D.Primitives3D.cleanup_objects\" title=\"pyaedt.modeler.Primitives3D.Primitives3D.cleanup_objects\"><code class=\"xref py py-obj docutils literal notranslate\"><span class=\"pre\">Primitives3D.cleanup_objects</span></code></a>()</p></td>\n<td><p>Clean up objects that no longer exist in the modeler because they were removed by previous operations.</p></td>\n</tr>\n<tr class=\"row-odd\"><td><p><a class=\"reference internal\" href=\"../pyaedt.modeler.Primitives3D.Primitives3D.convert_segments_to_line/#pyaedt.modeler.Primitives3D.Primitives3D.convert_segments_to_line\" title=\"pyaedt.modeler.Primitives3D.Primitives3D.convert_segments_to_line\"><code class=\"xref py py-obj docutils literal notranslate\"><span class=\"pre\">Primitives3D.convert_segments_to_line</span></code></a>(...)</p></td>\n<td><p>Convert a CreatePolyline list of segments to lines.</p></td>\n</tr>\n<tr class=\"row-even\"><td><p><a class=\"reference internal\" href=\"../pyaedt.modeler.Primitives3D.Primitives3D.create_bondwire/#pyaedt.modeler.Primitives3D.Primitives3D.create_bondwire\" title=\"pyaedt.modeler.Primitives3D.Primitives3D.create_bondwire\"><code class=\"xref py py-obj docutils literal notranslate\"><span class=\"pre\">Primitives3D.create_bondwire</span></code></a>(start_position,\u00a0...)</p></td>\n<td><p>Create a bondwire.</p></td>\n</tr>\n<tr class=\"row-odd\"><td><p><a class=\"reference internal\" href=\"../pyaedt.modeler.Primitives3D.Primitives3D.create_box/#pyaedt.modeler.Primitives3D.Primitives3D.create_box\" title=\"pyaedt.modeler.Primitives3D.Primitives3D.create_box\"><code class=\"xref py py-obj docutils literal notranslate\"><span class=\"pre\">Primitives3D.create_box</span></code></a>(position,\u00a0...[,\u00a0...])</p></td>\n<td><p>Create a box.</p></td>\n</tr>\n<tr class=\"row-even\"><td><p><a class=\"reference internal\" href=\"../pyaedt.modeler.Primitives3D.Primitives3D.create_choke/#pyaedt.modeler.Primitives3D.Primitives3D.create_choke\" title=\"pyaedt.modeler.Primitives3D.Primitives3D.create_choke\"><code class=\"xref py py-obj docutils literal notranslate\"><span class=\"pre\">Primitives3D.create_choke</span></code></a>(json_file)</p></td>\n<td><p>Create a chock from json setting file.</p></td>\n</tr>\n<tr class=\"row-odd\"><td><p><a class=\"reference internal\" href=\"../pyaedt.modeler.Primitives3D.Primitives3D.create_circle/#pyaedt.modeler.Primitives3D.Primitives3D.create_circle\" title=\"pyaedt.modeler.Primitives3D.Primitives3D.create_circle\"><code class=\"xref py py-obj docutils literal notranslate\"><span class=\"pre\">Primitives3D.create_circle</span></code></a>(cs_plane,\u00a0...[,\u00a0...])</p></td>\n<td><p>Create a circle.</p></td>\n</tr>\n<tr class=\"row-even\"><td><p><a class=\"reference internal\" href=\"../pyaedt.modeler.Primitives3D.Primitives3D.create_cone/#pyaedt.modeler.Primitives3D.Primitives3D.create_cone\" title=\"pyaedt.modeler.Primitives3D.Primitives3D.create_cone\"><code class=\"xref py py-obj docutils literal notranslate\"><span class=\"pre\">Primitives3D.create_cone</span></code></a>(cs_axis,\u00a0position,\u00a0...)</p></td>\n<td><p>Create a cone.</p></td>\n</tr>\n<tr class=\"row-odd\"><td><p><a class=\"reference internal\" href=\"../pyaedt.modeler.Primitives3D.Primitives3D.create_cylinder/#pyaedt.modeler.Primitives3D.Primitives3D.create_cylinder\" title=\"pyaedt.modeler.Primitives3D.Primitives3D.create_cylinder\"><code class=\"xref py py-obj docutils literal notranslate\"><span class=\"pre\">Primitives3D.create_cylinder</span></code></a>(cs_axis,\u00a0...[,\u00a0...])</p></td>\n<td><p>Create a cylinder.</p></td>\n</tr>\n<tr class=\"row-even\"><td><p><a class=\"reference internal\" href=\"../pyaedt.modeler.Primitives3D.Primitives3D.create_ellipse/#pyaedt.modeler.Primitives3D.Primitives3D.create_ellipse\" title=\"pyaedt.modeler.Primitives3D.Primitives3D.create_ellipse\"><code class=\"xref py py-obj docutils literal notranslate\"><span class=\"pre\">Primitives3D.create_ellipse</span></code></a>(cs_plane,\u00a0...[,\u00a0...])</p></td>\n<td><p>Create an ellipse.</p></td>\n</tr>\n<tr class=\"row-odd\"><td><p><a class=\"reference internal\" href=\"../pyaedt.modeler.Primitives3D.Primitives3D.create_equationbased_curve/#pyaedt.modeler.Primitives3D.Primitives3D.create_equationbased_curve\" title=\"pyaedt.modeler.Primitives3D.Primitives3D.create_equationbased_curve\"><code class=\"xref py py-obj docutils literal notranslate\"><span class=\"pre\">Primitives3D.create_equationbased_curve</span></code></a>([...])</p></td>\n<td><p>Create an equation-based curve.</p></td>\n</tr>\n<tr class=\"row-even\"><td><p><a class=\"reference internal\" href=\"../pyaedt.modeler.Primitives3D.Primitives3D.create_helix/#pyaedt.modeler.Primitives3D.Primitives3D.create_helix\" title=\"pyaedt.modeler.Primitives3D.Primitives3D.create_helix\"><code class=\"xref py py-obj docutils literal notranslate\"><span class=\"pre\">Primitives3D.create_helix</span></code></a>(polyline_name,\u00a0...)</p></td>\n<td><p>Create an helix from a polyline.</p></td>\n</tr>\n<tr class=\"row-odd\"><td><p><a class=\"reference internal\" href=\"../pyaedt.modeler.Primitives3D.Primitives3D.create_object_from_edge/#pyaedt.modeler.Primitives3D.Primitives3D.create_object_from_edge\" title=\"pyaedt.modeler.Primitives3D.Primitives3D.create_object_from_edge\"><code class=\"xref py py-obj docutils literal notranslate\"><span class=\"pre\">Primitives3D.create_object_from_edge</span></code></a>(edge[,\u00a0...])</p></td>\n<td><p>Create an object from one or multiple edges.</p></td>\n</tr>\n<tr class=\"row-even\"><td><p><a class=\"reference internal\" href=\"../pyaedt.modeler.Primitives3D.Primitives3D.create_object_from_face/#pyaedt.modeler.Primitives3D.Primitives3D.create_object_from_face\" title=\"pyaedt.modeler.Primitives3D.Primitives3D.create_object_from_face\"><code class=\"xref py py-obj docutils literal notranslate\"><span class=\"pre\">Primitives3D.create_object_from_face</span></code></a>(face[,\u00a0...])</p></td>\n<td><p>Create an object from one or multiple face.</p></td>\n</tr>\n<tr class=\"row-odd\"><td><p><a class=\"reference internal\" href=\"../pyaedt.modeler.Primitives3D.Primitives3D.create_point/#pyaedt.modeler.Primitives3D.Primitives3D.create_point\" title=\"pyaedt.modeler.Primitives3D.Primitives3D.create_point\"><code class=\"xref py py-obj docutils literal notranslate\"><span class=\"pre\">Primitives3D.create_point</span></code></a>(position[,\u00a0name,\u00a0...])</p></td>\n<td><p>Create a point.</p></td>\n</tr>\n<tr class=\"row-even\"><td><p><a class=\"reference internal\" href=\"../pyaedt.modeler.Primitives3D.Primitives3D.create_polyhedron/#pyaedt.modeler.Primitives3D.Primitives3D.create_polyhedron\" title=\"pyaedt.modeler.Primitives3D.Primitives3D.create_polyhedron\"><code class=\"xref py py-obj docutils literal notranslate\"><span class=\"pre\">Primitives3D.create_polyhedron</span></code></a>([cs_axis,\u00a0...])</p></td>\n<td><p>Create a regular polyhedron.</p></td>\n</tr>\n<tr class=\"row-odd\"><td><p><a class=\"reference internal\" href=\"../pyaedt.modeler.Primitives3D.Primitives3D.create_polyline/#pyaedt.modeler.Primitives3D.Primitives3D.create_polyline\" title=\"pyaedt.modeler.Primitives3D.Primitives3D.create_polyline\"><code class=\"xref py py-obj docutils literal notranslate\"><span class=\"pre\">Primitives3D.create_polyline</span></code></a>(position_list)</p></td>\n<td><p>Draw a polyline object in the 3D modeler.</p></td>\n</tr>\n<tr class=\"row-even\"><td><p><a class=\"reference internal\" href=\"../pyaedt.modeler.Primitives3D.Primitives3D.create_rectangle/#pyaedt.modeler.Primitives3D.Primitives3D.create_rectangle\" title=\"pyaedt.modeler.Primitives3D.Primitives3D.create_rectangle\"><code class=\"xref py py-obj docutils literal notranslate\"><span class=\"pre\">Primitives3D.create_rectangle</span></code></a>(csPlane,\u00a0...)</p></td>\n<td><p>Create a rectangle.</p></td>\n</tr>\n<tr class=\"row-odd\"><td><p><a class=\"reference internal\" href=\"../pyaedt.modeler.Primitives3D.Primitives3D.create_region/#pyaedt.modeler.Primitives3D.Primitives3D.create_region\" title=\"pyaedt.modeler.Primitives3D.Primitives3D.create_region\"><code class=\"xref py py-obj docutils literal notranslate\"><span class=\"pre\">Primitives3D.create_region</span></code></a>([pad_percent])</p></td>\n<td><p>Create an air region.</p></td>\n</tr>\n<tr class=\"row-even\"><td><p><a class=\"reference internal\" href=\"../pyaedt.modeler.Primitives3D.Primitives3D.create_sphere/#pyaedt.modeler.Primitives3D.Primitives3D.create_sphere\" title=\"pyaedt.modeler.Primitives3D.Primitives3D.create_sphere\"><code class=\"xref py py-obj docutils literal notranslate\"><span class=\"pre\">Primitives3D.create_sphere</span></code></a>(position,\u00a0radius)</p></td>\n<td><p>Create a sphere.</p></td>\n</tr>\n<tr class=\"row-odd\"><td><p><a class=\"reference internal\" href=\"../pyaedt.modeler.Primitives3D.Primitives3D.create_spiral/#pyaedt.modeler.Primitives3D.Primitives3D.create_spiral\" title=\"pyaedt.modeler.Primitives3D.Primitives3D.create_spiral\"><code class=\"xref py py-obj docutils literal notranslate\"><span class=\"pre\">Primitives3D.create_spiral</span></code></a>([...])</p></td>\n<td><p>Create a spiral inductor from a polyline.</p></td>\n</tr>\n<tr class=\"row-even\"><td><p><a class=\"reference internal\" href=\"../pyaedt.modeler.Primitives3D.Primitives3D.create_spiral_on_face/#pyaedt.modeler.Primitives3D.Primitives3D.create_spiral_on_face\" title=\"pyaedt.modeler.Primitives3D.Primitives3D.create_spiral_on_face\"><code class=\"xref py py-obj docutils literal notranslate\"><span class=\"pre\">Primitives3D.create_spiral_on_face</span></code></a>(face,\u00a0...)</p></td>\n<td><p>Create a Spiral Polyline inside a face.</p></td>\n</tr>\n<tr class=\"row-odd\"><td><p><a class=\"reference internal\" href=\"../pyaedt.modeler.Primitives3D.Primitives3D.create_torus/#pyaedt.modeler.Primitives3D.Primitives3D.create_torus\" title=\"pyaedt.modeler.Primitives3D.Primitives3D.create_torus\"><code class=\"xref py py-obj docutils literal notranslate\"><span class=\"pre\">Primitives3D.create_torus</span></code></a>(center,\u00a0...[,\u00a0...])</p></td>\n<td><p>Create a torus.</p></td>\n</tr>\n<tr class=\"row-even\"><td><p><a class=\"reference internal\" href=\"../pyaedt.modeler.Primitives3D.Primitives3D.create_udm/#pyaedt.modeler.Primitives3D.Primitives3D.create_udm\" title=\"pyaedt.modeler.Primitives3D.Primitives3D.create_udm\"><code class=\"xref py py-obj docutils literal notranslate\"><span class=\"pre\">Primitives3D.create_udm</span></code></a>(udmfullname,\u00a0...[,\u00a0...])</p></td>\n<td><p>Create a user-defined model.</p></td>\n</tr>\n<tr class=\"row-odd\"><td><p><a class=\"reference internal\" href=\"../pyaedt.modeler.Primitives3D.Primitives3D.create_udp/#pyaedt.modeler.Primitives3D.Primitives3D.create_udp\" title=\"pyaedt.modeler.Primitives3D.Primitives3D.create_udp\"><code class=\"xref py py-obj docutils literal notranslate\"><span class=\"pre\">Primitives3D.create_udp</span></code></a>(udp_dll_name,\u00a0...[,\u00a0...])</p></td>\n<td><p>Create a user-defined primitive (UDP).</p></td>\n</tr>\n<tr class=\"row-even\"><td><p><a class=\"reference internal\" href=\"../pyaedt.modeler.Primitives3D.Primitives3D.delete/#pyaedt.modeler.Primitives3D.Primitives3D.delete\" title=\"pyaedt.modeler.Primitives3D.Primitives3D.delete\"><code class=\"xref py py-obj docutils literal notranslate\"><span class=\"pre\">Primitives3D.delete</span></code></a>([objects])</p></td>\n<td><p>Delete objects or groups.</p></td>\n</tr>\n<tr class=\"row-odd\"><td><p><a class=\"reference internal\" href=\"../pyaedt.modeler.Primitives3D.Primitives3D.delete_objects_containing/#pyaedt.modeler.Primitives3D.Primitives3D.delete_objects_containing\" title=\"pyaedt.modeler.Primitives3D.Primitives3D.delete_objects_containing\"><code class=\"xref py py-obj docutils literal notranslate\"><span class=\"pre\">Primitives3D.delete_objects_containing</span></code></a>(...)</p></td>\n<td><p>Delete all objects with a given prefix.</p></td>\n</tr>\n<tr class=\"row-even\"><td><p><a class=\"reference internal\" href=\"../pyaedt.modeler.Primitives3D.Primitives3D.does_object_exists/#pyaedt.modeler.Primitives3D.Primitives3D.does_object_exists\" title=\"pyaedt.modeler.Primitives3D.Primitives3D.does_object_exists\"><code class=\"xref py py-obj docutils literal notranslate\"><span class=\"pre\">Primitives3D.does_object_exists</span></code></a>(object)</p></td>\n<td><p>&quot;Check to see if an object exists.</p></td>\n</tr>\n<tr class=\"row-odd\"><td><p><a class=\"reference internal\" href=\"../pyaedt.modeler.Primitives3D.Primitives3D.find_closest_edges/#pyaedt.modeler.Primitives3D.Primitives3D.find_closest_edges\" title=\"pyaedt.modeler.Primitives3D.Primitives3D.find_closest_edges\"><code class=\"xref py py-obj docutils literal notranslate\"><span class=\"pre\">Primitives3D.find_closest_edges</span></code></a>(start_obj,\u00a0...)</p></td>\n<td><p>Retrieve the two closest edges that are not perpendicular for two objects.</p></td>\n</tr>\n<tr class=\"row-even\"><td><p><a class=\"reference internal\" href=\"../pyaedt.modeler.Primitives3D.Primitives3D.find_new_objects/#pyaedt.modeler.Primitives3D.Primitives3D.find_new_objects\" title=\"pyaedt.modeler.Primitives3D.Primitives3D.find_new_objects\"><code class=\"xref py py-obj docutils literal notranslate\"><span class=\"pre\">Primitives3D.find_new_objects</span></code></a>()</p></td>\n<td><p>Find any new objects in the modeler that were created by previous operations.</p></td>\n</tr>\n<tr class=\"row-odd\"><td><p><a class=\"reference internal\" href=\"../pyaedt.modeler.Primitives3D.Primitives3D.get_3d_component_object_list/#pyaedt.modeler.Primitives3D.Primitives3D.get_3d_component_object_list\" title=\"pyaedt.modeler.Primitives3D.Primitives3D.get_3d_component_object_list\"><code class=\"xref py py-obj docutils literal notranslate\"><span class=\"pre\">Primitives3D.get_3d_component_object_list</span></code></a>(...)</p></td>\n<td><p>Retrieve all objects belonging to a 3D component.</p></td>\n</tr>\n<tr class=\"row-even\"><td><p><a class=\"reference internal\" href=\"../pyaedt.modeler.Primitives3D.Primitives3D.get_bodynames_from_position/#pyaedt.modeler.Primitives3D.Primitives3D.get_bodynames_from_position\" title=\"pyaedt.modeler.Primitives3D.Primitives3D.get_bodynames_from_position\"><code class=\"xref py py-obj docutils literal notranslate\"><span class=\"pre\">Primitives3D.get_bodynames_from_position</span></code></a>(...)</p></td>\n<td><p>Retrieve the names of the objects that are in contact with a given point.</p></td>\n</tr>\n<tr class=\"row-odd\"><td><p><a class=\"reference internal\" href=\"../pyaedt.modeler.Primitives3D.Primitives3D.get_closest_edgeid_to_position/#pyaedt.modeler.Primitives3D.Primitives3D.get_closest_edgeid_to_position\" title=\"pyaedt.modeler.Primitives3D.Primitives3D.get_closest_edgeid_to_position\"><code class=\"xref py py-obj docutils literal notranslate\"><span class=\"pre\">Primitives3D.get_closest_edgeid_to_position</span></code></a>(...)</p></td>\n<td><p>Get the edge ID closest to a given position.</p></td>\n</tr>\n<tr class=\"row-even\"><td><p><a class=\"reference internal\" href=\"../pyaedt.modeler.Primitives3D.Primitives3D.get_edge_length/#pyaedt.modeler.Primitives3D.Primitives3D.get_edge_length\" title=\"pyaedt.modeler.Primitives3D.Primitives3D.get_edge_length\"><code class=\"xref py py-obj docutils literal notranslate\"><span class=\"pre\">Primitives3D.get_edge_length</span></code></a>(edgeID)</p></td>\n<td><p>Get the length of an edge.</p></td>\n</tr>\n<tr class=\"row-odd\"><td><p><a class=\"reference internal\" href=\"../pyaedt.modeler.Primitives3D.Primitives3D.get_edge_midpoint/#pyaedt.modeler.Primitives3D.Primitives3D.get_edge_midpoint\" title=\"pyaedt.modeler.Primitives3D.Primitives3D.get_edge_midpoint\"><code class=\"xref py py-obj docutils literal notranslate\"><span class=\"pre\">Primitives3D.get_edge_midpoint</span></code></a>(partID)</p></td>\n<td><p>Retrieve the midpoint coordinates of a given edge ID or edge name.</p></td>\n</tr>\n<tr class=\"row-even\"><td><p><a class=\"reference internal\" href=\"../pyaedt.modeler.Primitives3D.Primitives3D.get_edge_vertices/#pyaedt.modeler.Primitives3D.Primitives3D.get_edge_vertices\" title=\"pyaedt.modeler.Primitives3D.Primitives3D.get_edge_vertices\"><code class=\"xref py py-obj docutils literal notranslate\"><span class=\"pre\">Primitives3D.get_edge_vertices</span></code></a>(edgeID)</p></td>\n<td><p>Retrieve the vertex IDs of a given edge ID or edge name.</p></td>\n</tr>\n<tr class=\"row-odd\"><td><p><a class=\"reference internal\" href=\"../pyaedt.modeler.Primitives3D.Primitives3D.get_edgeid_from_position/#pyaedt.modeler.Primitives3D.Primitives3D.get_edgeid_from_position\" title=\"pyaedt.modeler.Primitives3D.Primitives3D.get_edgeid_from_position\"><code class=\"xref py py-obj docutils literal notranslate\"><span class=\"pre\">Primitives3D.get_edgeid_from_position</span></code></a>(position)</p></td>\n<td><p>Get an edge ID from a position.</p></td>\n</tr>\n<tr class=\"row-even\"><td><p><a class=\"reference internal\" href=\"../pyaedt.modeler.Primitives3D.Primitives3D.get_edgeids_from_vertexid/#pyaedt.modeler.Primitives3D.Primitives3D.get_edgeids_from_vertexid\" title=\"pyaedt.modeler.Primitives3D.Primitives3D.get_edgeids_from_vertexid\"><code class=\"xref py py-obj docutils literal notranslate\"><span class=\"pre\">Primitives3D.get_edgeids_from_vertexid</span></code></a>(...)</p></td>\n<td><p>Retrieve edge IDs for a vertex ID.</p></td>\n</tr>\n<tr class=\"row-odd\"><td><p><a class=\"reference internal\" href=\"../pyaedt.modeler.Primitives3D.Primitives3D.get_edges_for_circuit_port/#pyaedt.modeler.Primitives3D.Primitives3D.get_edges_for_circuit_port\" title=\"pyaedt.modeler.Primitives3D.Primitives3D.get_edges_for_circuit_port\"><code class=\"xref py py-obj docutils literal notranslate\"><span class=\"pre\">Primitives3D.get_edges_for_circuit_port</span></code></a>(face_id)</p></td>\n<td><p>Retrieve two edge IDs suitable for the circuit port.</p></td>\n</tr>\n<tr class=\"row-even\"><td><p><a class=\"reference internal\" href=\"../pyaedt.modeler.Primitives3D.Primitives3D.get_edges_for_circuit_port_from_sheet/#pyaedt.modeler.Primitives3D.Primitives3D.get_edges_for_circuit_port_from_sheet\" title=\"pyaedt.modeler.Primitives3D.Primitives3D.get_edges_for_circuit_port_from_sheet\"><code class=\"xref py py-obj docutils literal notranslate\"><span class=\"pre\">Primitives3D.get_edges_for_circuit_port_from_sheet</span></code></a>(sheet)</p></td>\n<td><p>Retrieve two edge IDs that are suitable for a circuit port from a sheet.</p></td>\n</tr>\n<tr class=\"row-odd\"><td><p><a class=\"reference internal\" href=\"../pyaedt.modeler.Primitives3D.Primitives3D.get_edges_on_bounding_box/#pyaedt.modeler.Primitives3D.Primitives3D.get_edges_on_bounding_box\" title=\"pyaedt.modeler.Primitives3D.Primitives3D.get_edges_on_bounding_box\"><code class=\"xref py py-obj docutils literal notranslate\"><span class=\"pre\">Primitives3D.get_edges_on_bounding_box</span></code></a>(sheets)</p></td>\n<td><p>Retrieve the edges of the sheets passed in the input that are lying on the bounding box.</p></td>\n</tr>\n<tr class=\"row-even\"><td><p><a class=\"reference internal\" href=\"../pyaedt.modeler.Primitives3D.Primitives3D.get_equivalent_parallel_edges/#pyaedt.modeler.Primitives3D.Primitives3D.get_equivalent_parallel_edges\" title=\"pyaedt.modeler.Primitives3D.Primitives3D.get_equivalent_parallel_edges\"><code class=\"xref py py-obj docutils literal notranslate\"><span class=\"pre\">Primitives3D.get_equivalent_parallel_edges</span></code></a>(...)</p></td>\n<td><p>Create two new edges that are parallel and equal to the smallest edge given a parallel couple of edges.</p></td>\n</tr>\n<tr class=\"row-odd\"><td><p><a class=\"reference internal\" href=\"../pyaedt.modeler.Primitives3D.Primitives3D.get_existing_polyline/#pyaedt.modeler.Primitives3D.Primitives3D.get_existing_polyline\" title=\"pyaedt.modeler.Primitives3D.Primitives3D.get_existing_polyline\"><code class=\"xref py py-obj docutils literal notranslate\"><span class=\"pre\">Primitives3D.get_existing_polyline</span></code></a>(object)</p></td>\n<td><p>Retrieve a polyline object to manipulate it.</p></td>\n</tr>\n<tr class=\"row-even\"><td><p><a class=\"reference internal\" href=\"../pyaedt.modeler.Primitives3D.Primitives3D.get_face_area/#pyaedt.modeler.Primitives3D.Primitives3D.get_face_area\" title=\"pyaedt.modeler.Primitives3D.Primitives3D.get_face_area\"><code class=\"xref py py-obj docutils literal notranslate\"><span class=\"pre\">Primitives3D.get_face_area</span></code></a>(face_id)</p></td>\n<td><p>Retrieve the area of a given face ID.</p></td>\n</tr>\n<tr class=\"row-odd\"><td><p><a class=\"reference internal\" href=\"../pyaedt.modeler.Primitives3D.Primitives3D.get_face_center/#pyaedt.modeler.Primitives3D.Primitives3D.get_face_center\" title=\"pyaedt.modeler.Primitives3D.Primitives3D.get_face_center\"><code class=\"xref py py-obj docutils literal notranslate\"><span class=\"pre\">Primitives3D.get_face_center</span></code></a>(face_id)</p></td>\n<td><p>Retrieve the center position for a given planar face ID.</p></td>\n</tr>\n<tr class=\"row-even\"><td><p><a class=\"reference internal\" href=\"../pyaedt.modeler.Primitives3D.Primitives3D.get_face_edges/#pyaedt.modeler.Primitives3D.Primitives3D.get_face_edges\" title=\"pyaedt.modeler.Primitives3D.Primitives3D.get_face_edges\"><code class=\"xref py py-obj docutils literal notranslate\"><span class=\"pre\">Primitives3D.get_face_edges</span></code></a>(partId)</p></td>\n<td><p>Retrieve the edge IDs of a given face name or face ID.</p></td>\n</tr>\n<tr class=\"row-odd\"><td><p><a class=\"reference internal\" href=\"../pyaedt.modeler.Primitives3D.Primitives3D.get_face_vertices/#pyaedt.modeler.Primitives3D.Primitives3D.get_face_vertices\" title=\"pyaedt.modeler.Primitives3D.Primitives3D.get_face_vertices\"><code class=\"xref py py-obj docutils literal notranslate\"><span class=\"pre\">Primitives3D.get_face_vertices</span></code></a>(face_id)</p></td>\n<td><p>Retrieve the vertex IDs of a given face ID or face name.</p></td>\n</tr>\n<tr class=\"row-even\"><td><p><a class=\"reference internal\" href=\"../pyaedt.modeler.Primitives3D.Primitives3D.get_faceid_from_position/#pyaedt.modeler.Primitives3D.Primitives3D.get_faceid_from_position\" title=\"pyaedt.modeler.Primitives3D.Primitives3D.get_faceid_from_position\"><code class=\"xref py py-obj docutils literal notranslate\"><span class=\"pre\">Primitives3D.get_faceid_from_position</span></code></a>(position)</p></td>\n<td><p>Retrieve a face ID from a position.</p></td>\n</tr>\n<tr class=\"row-odd\"><td><p><a class=\"reference internal\" href=\"../pyaedt.modeler.Primitives3D.Primitives3D.get_mid_points_on_dir/#pyaedt.modeler.Primitives3D.Primitives3D.get_mid_points_on_dir\" title=\"pyaedt.modeler.Primitives3D.Primitives3D.get_mid_points_on_dir\"><code class=\"xref py py-obj docutils literal notranslate\"><span class=\"pre\">Primitives3D.get_mid_points_on_dir</span></code></a>(sheet,\u00a0...)</p></td>\n<td><p>Retrieve midpoints on a given axis direction.</p></td>\n</tr>\n<tr class=\"row-even\"><td><p><a class=\"reference internal\" href=\"../pyaedt.modeler.Primitives3D.Primitives3D.get_model_bounding_box/#pyaedt.modeler.Primitives3D.Primitives3D.get_model_bounding_box\" title=\"pyaedt.modeler.Primitives3D.Primitives3D.get_model_bounding_box\"><code class=\"xref py py-obj docutils literal notranslate\"><span class=\"pre\">Primitives3D.get_model_bounding_box</span></code></a>()</p></td>\n<td><p>Retrieve the model's bounding box.</p></td>\n</tr>\n<tr class=\"row-odd\"><td><p><a class=\"reference internal\" href=\"../pyaedt.modeler.Primitives3D.Primitives3D.get_obj_id/#pyaedt.modeler.Primitives3D.Primitives3D.get_obj_id\" title=\"pyaedt.modeler.Primitives3D.Primitives3D.get_obj_id\"><code class=\"xref py py-obj docutils literal notranslate\"><span class=\"pre\">Primitives3D.get_obj_id</span></code></a>(objname)</p></td>\n<td><p>Return the object ID from an object name.</p></td>\n</tr>\n<tr class=\"row-even\"><td><p><a class=\"reference internal\" href=\"../pyaedt.modeler.Primitives3D.Primitives3D.get_object_edges/#pyaedt.modeler.Primitives3D.Primitives3D.get_object_edges\" title=\"pyaedt.modeler.Primitives3D.Primitives3D.get_object_edges\"><code class=\"xref py py-obj docutils literal notranslate\"><span class=\"pre\">Primitives3D.get_object_edges</span></code></a>(partId)</p></td>\n<td><p>Retrieve the edge IDs of a given object ID or object name.</p></td>\n</tr>\n<tr class=\"row-odd\"><td><p><a class=\"reference internal\" href=\"../pyaedt.modeler.Primitives3D.Primitives3D.get_object_faces/#pyaedt.modeler.Primitives3D.Primitives3D.get_object_faces\" title=\"pyaedt.modeler.Primitives3D.Primitives3D.get_object_faces\"><code class=\"xref py py-obj docutils literal notranslate\"><span class=\"pre\">Primitives3D.get_object_faces</span></code></a>(partId)</p></td>\n<td><p>Retrieve the face IDs of a given object ID or object name.</p></td>\n</tr>\n<tr class=\"row-even\"><td><p><a class=\"reference internal\" href=\"../pyaedt.modeler.Primitives3D.Primitives3D.get_object_from_name/#pyaedt.modeler.Primitives3D.Primitives3D.get_object_from_name\" title=\"pyaedt.modeler.Primitives3D.Primitives3D.get_object_from_name\"><code class=\"xref py py-obj docutils literal notranslate\"><span class=\"pre\">Primitives3D.get_object_from_name</span></code></a>(objname)</p></td>\n<td><p>Return the object from an object name.</p></td>\n</tr>\n<tr class=\"row-odd\"><td><p><a class=\"reference internal\" href=\"../pyaedt.modeler.Primitives3D.Primitives3D.get_object_vertices/#pyaedt.modeler.Primitives3D.Primitives3D.get_object_vertices\" title=\"pyaedt.modeler.Primitives3D.Primitives3D.get_object_vertices\"><code class=\"xref py py-obj docutils literal notranslate\"><span class=\"pre\">Primitives3D.get_object_vertices</span></code></a>(partID)</p></td>\n<td><p>Retrieve the vertex IDs of a given object name or object ID.</p></td>\n</tr>\n<tr class=\"row-even\"><td><p><a class=\"reference internal\" href=\"../pyaedt.modeler.Primitives3D.Primitives3D.get_objects_by_material/#pyaedt.modeler.Primitives3D.Primitives3D.get_objects_by_material\" title=\"pyaedt.modeler.Primitives3D.Primitives3D.get_objects_by_material\"><code class=\"xref py py-obj docutils literal notranslate\"><span class=\"pre\">Primitives3D.get_objects_by_material</span></code></a>(...)</p></td>\n<td><p>Retrieve a list of the IDs for objects of a specified material.</p></td>\n</tr>\n<tr class=\"row-odd\"><td><p><a class=\"reference internal\" href=\"../pyaedt.modeler.Primitives3D.Primitives3D.get_objects_w_string/#pyaedt.modeler.Primitives3D.Primitives3D.get_objects_w_string\" title=\"pyaedt.modeler.Primitives3D.Primitives3D.get_objects_w_string\"><code class=\"xref py py-obj docutils literal notranslate\"><span class=\"pre\">Primitives3D.get_objects_w_string</span></code></a>(stringname)</p></td>\n<td><p>Retrieve all objects with a given string in their names.</p></td>\n</tr>\n<tr class=\"row-even\"><td><p><a class=\"reference internal\" href=\"../pyaedt.modeler.Primitives3D.Primitives3D.get_vertex_position/#pyaedt.modeler.Primitives3D.Primitives3D.get_vertex_position\" title=\"pyaedt.modeler.Primitives3D.Primitives3D.get_vertex_position\"><code class=\"xref py py-obj docutils literal notranslate\"><span class=\"pre\">Primitives3D.get_vertex_position</span></code></a>(vertex_id)</p></td>\n<td><p>Retrieve a vector of vertex coordinates.</p></td>\n</tr>\n<tr class=\"row-odd\"><td><p><a class=\"reference internal\" href=\"../pyaedt.modeler.Primitives3D.Primitives3D.insert_3d_component/#pyaedt.modeler.Primitives3D.Primitives3D.insert_3d_component\" title=\"pyaedt.modeler.Primitives3D.Primitives3D.insert_3d_component\"><code class=\"xref py py-obj docutils literal notranslate\"><span class=\"pre\">Primitives3D.insert_3d_component</span></code></a>(compFile[,\u00a0...])</p></td>\n<td><p>Insert a new 3D component.</p></td>\n</tr>\n<tr class=\"row-even\"><td><p><a class=\"reference internal\" href=\"../pyaedt.modeler.Primitives3D.Primitives3D.refresh/#pyaedt.modeler.Primitives3D.Primitives3D.refresh\" title=\"pyaedt.modeler.Primitives3D.Primitives3D.refresh\"><code class=\"xref py py-obj docutils literal notranslate\"><span class=\"pre\">Primitives3D.refresh</span></code></a>()</p></td>\n<td><p>Refresh this object.</p></td>\n</tr>\n<tr class=\"row-odd\"><td><p><a class=\"reference internal\" href=\"../pyaedt.modeler.Primitives3D.Primitives3D.refresh_all_ids/#pyaedt.modeler.Primitives3D.Primitives3D.refresh_all_ids\" title=\"pyaedt.modeler.Primitives3D.Primitives3D.refresh_all_ids\"><code class=\"xref py py-obj docutils literal notranslate\"><span class=\"pre\">Primitives3D.refresh_all_ids</span></code></a>()</p></td>\n<td><p>Refresh all IDs.</p></td>\n</tr>\n<tr class=\"row-even\"><td><p><a class=\"reference internal\" href=\"../pyaedt.modeler.Primitives3D.Primitives3D.remove_point/#pyaedt.modeler.Primitives3D.Primitives3D.remove_point\" title=\"pyaedt.modeler.Primitives3D.Primitives3D.remove_point\"><code class=\"xref py py-obj docutils literal notranslate\"><span class=\"pre\">Primitives3D.remove_point</span></code></a>(name)</p></td>\n<td><p>Remove a point.</p></td>\n</tr>\n<tr class=\"row-odd\"><td><p><a class=\"reference internal\" href=\"../pyaedt.modeler.Primitives3D.Primitives3D.update_object/#pyaedt.modeler.Primitives3D.Primitives3D.update_object\" title=\"pyaedt.modeler.Primitives3D.Primitives3D.update_object\"><code class=\"xref py py-obj docutils literal notranslate\"><span class=\"pre\">Primitives3D.update_object</span></code></a>(obj)</p></td>\n<td><p>Update any <a class=\"reference internal\" href=\"../pyaedt.modeler.Object3d.Object3d/#pyaedt.modeler.Object3d.Object3d\" title=\"pyaedt.modeler.Object3d.Object3d\"><code class=\"xref py py-class docutils literal notranslate\"><span class=\"pre\">pyaedt.modeler.Object3d.Object3d</span></code></a> derivatives that have potentially been modified by a modeler operation.</p></td>\n</tr>\n<tr class=\"row-even\"><td><p><a class=\"reference internal\" href=\"../pyaedt.modeler.Primitives3D.Primitives3D.update_udp/#pyaedt.modeler.Primitives3D.Primitives3D.update_udp\" title=\"pyaedt.modeler.Primitives3D.Primitives3D.update_udp\"><code class=\"xref py py-obj docutils literal notranslate\"><span class=\"pre\">Primitives3D.update_udp</span></code></a>(object_name,\u00a0...)</p></td>\n<td><p>Update an existing geometrical object that was originally created using a user-defined primitive (UDP).</p></td>\n</tr>\n<tr class=\"row-odd\"><td><p><a class=\"reference internal\" href=\"../pyaedt.modeler.Primitives3D.Primitives3D.value_in_object_units/#pyaedt.modeler.Primitives3D.Primitives3D.value_in_object_units\" title=\"pyaedt.modeler.Primitives3D.Primitives3D.value_in_object_units\"><code class=\"xref py py-obj docutils literal notranslate\"><span class=\"pre\">Primitives3D.value_in_object_units</span></code></a>(value)</p></td>\n<td><p>Convert one or more strings for numerical lengths to floating point values.</p></td>\n</tr>\n</tbody>\n</table>\n<p class=\"rubric\">Attributes</p>\n<table class=\"autosummary longtable docutils align-default\">\n<tbody>\n<tr class=\"row-odd\"><td><p><a class=\"reference internal\" href=\"../pyaedt.modeler.Primitives3D.Primitives3D.defaultmaterial/#pyaedt.modeler.Primitives3D.Primitives3D.defaultmaterial\" title=\"pyaedt.modeler.Primitives3D.Primitives3D.defaultmaterial\"><code class=\"xref py py-obj docutils literal notranslate\"><span class=\"pre\">Primitives3D.defaultmaterial</span></code></a></p></td>\n<td><p>Default material.</p></td>\n</tr>\n<tr class=\"row-even\"><td><p><a class=\"reference internal\" href=\"../pyaedt.modeler.Primitives3D.Primitives3D.line_names/#pyaedt.modeler.Primitives3D.Primitives3D.line_names\" title=\"pyaedt.modeler.Primitives3D.Primitives3D.line_names\"><code class=\"xref py py-obj docutils literal notranslate\"><span class=\"pre\">Primitives3D.line_names</span></code></a></p></td>\n<td><p>List of the names of all line objects.</p></td>\n</tr>\n<tr class=\"row-odd\"><td><p><a class=\"reference internal\" href=\"../pyaedt.modeler.Primitives3D.Primitives3D.line_objects/#pyaedt.modeler.Primitives3D.Primitives3D.line_objects\" title=\"pyaedt.modeler.Primitives3D.Primitives3D.line_objects\"><code class=\"xref py py-obj docutils literal notranslate\"><span class=\"pre\">Primitives3D.line_objects</span></code></a></p></td>\n<td><p>List of all line objects.</p></td>\n</tr>\n<tr class=\"row-even\"><td><p><a class=\"reference internal\" href=\"../pyaedt.modeler.Primitives3D.Primitives3D.logger/#pyaedt.modeler.Primitives3D.Primitives3D.logger\" title=\"pyaedt.modeler.Primitives3D.Primitives3D.logger\"><code class=\"xref py py-obj docutils literal notranslate\"><span class=\"pre\">Primitives3D.logger</span></code></a></p></td>\n<td><p>Logger.</p></td>\n</tr>\n<tr class=\"row-odd\"><td><p><a class=\"reference internal\" href=\"../pyaedt.modeler.Primitives3D.Primitives3D.model_consistency_report/#pyaedt.modeler.Primitives3D.Primitives3D.model_consistency_report\" title=\"pyaedt.modeler.Primitives3D.Primitives3D.model_consistency_report\"><code class=\"xref py py-obj docutils literal notranslate\"><span class=\"pre\">Primitives3D.model_consistency_report</span></code></a></p></td>\n<td><p>Summary of detected inconsistencies between the AEDT modeler and PyAEDT structures.</p></td>\n</tr>\n<tr class=\"row-even\"><td><p><a class=\"reference internal\" href=\"../pyaedt.modeler.Primitives3D.Primitives3D.model_objects/#pyaedt.modeler.Primitives3D.Primitives3D.model_objects\" title=\"pyaedt.modeler.Primitives3D.Primitives3D.model_objects\"><code class=\"xref py py-obj docutils literal notranslate\"><span class=\"pre\">Primitives3D.model_objects</span></code></a></p></td>\n<td><p>List of the names of all model objects.</p></td>\n</tr>\n<tr class=\"row-odd\"><td><p><a class=\"reference internal\" href=\"../pyaedt.modeler.Primitives3D.Primitives3D.model_units/#pyaedt.modeler.Primitives3D.Primitives3D.model_units\" title=\"pyaedt.modeler.Primitives3D.Primitives3D.model_units\"><code class=\"xref py py-obj docutils literal notranslate\"><span class=\"pre\">Primitives3D.model_units</span></code></a></p></td>\n<td><p>Model units.</p></td>\n</tr>\n<tr class=\"row-even\"><td><p><a class=\"reference internal\" href=\"../pyaedt.modeler.Primitives3D.Primitives3D.modeler/#pyaedt.modeler.Primitives3D.Primitives3D.modeler\" title=\"pyaedt.modeler.Primitives3D.Primitives3D.modeler\"><code class=\"xref py py-obj docutils literal notranslate\"><span class=\"pre\">Primitives3D.modeler</span></code></a></p></td>\n<td><p>Modeler.</p></td>\n</tr>\n<tr class=\"row-odd\"><td><p><a class=\"reference internal\" href=\"../pyaedt.modeler.Primitives3D.Primitives3D.non_model_names/#pyaedt.modeler.Primitives3D.Primitives3D.non_model_names\" title=\"pyaedt.modeler.Primitives3D.Primitives3D.non_model_names\"><code class=\"xref py py-obj docutils literal notranslate\"><span class=\"pre\">Primitives3D.non_model_names</span></code></a></p></td>\n<td><p>List of names of all non-model objects.</p></td>\n</tr>\n<tr class=\"row-even\"><td><p><a class=\"reference internal\" href=\"../pyaedt.modeler.Primitives3D.Primitives3D.non_model_objects/#pyaedt.modeler.Primitives3D.Primitives3D.non_model_objects\" title=\"pyaedt.modeler.Primitives3D.Primitives3D.non_model_objects\"><code class=\"xref py py-obj docutils literal notranslate\"><span class=\"pre\">Primitives3D.non_model_objects</span></code></a></p></td>\n<td><p>List of objects of all non-model objects.</p></td>\n</tr>\n<tr class=\"row-odd\"><td><p><a class=\"reference internal\" href=\"../pyaedt.modeler.Primitives3D.Primitives3D.object_list/#pyaedt.modeler.Primitives3D.Primitives3D.object_list\" title=\"pyaedt.modeler.Primitives3D.Primitives3D.object_list\"><code class=\"xref py py-obj docutils literal notranslate\"><span class=\"pre\">Primitives3D.object_list</span></code></a></p></td>\n<td><p>List of all objects.</p></td>\n</tr>\n<tr class=\"row-even\"><td><p><a class=\"reference internal\" href=\"../pyaedt.modeler.Primitives3D.Primitives3D.object_names/#pyaedt.modeler.Primitives3D.Primitives3D.object_names\" title=\"pyaedt.modeler.Primitives3D.Primitives3D.object_names\"><code class=\"xref py py-obj docutils literal notranslate\"><span class=\"pre\">Primitives3D.object_names</span></code></a></p></td>\n<td><p>List of the names of all objects.</p></td>\n</tr>\n<tr class=\"row-odd\"><td><p><a class=\"reference internal\" href=\"../pyaedt.modeler.Primitives3D.Primitives3D.points/#pyaedt.modeler.Primitives3D.Primitives3D.points\" title=\"pyaedt.modeler.Primitives3D.Primitives3D.points\"><code class=\"xref py py-obj docutils literal notranslate\"><span class=\"pre\">Primitives3D.points</span></code></a></p></td>\n<td><p>List of points.</p></td>\n</tr>\n<tr class=\"row-even\"><td><p><a class=\"reference internal\" href=\"../pyaedt.modeler.Primitives3D.Primitives3D.points_by_name/#pyaedt.modeler.Primitives3D.Primitives3D.points_by_name\" title=\"pyaedt.modeler.Primitives3D.Primitives3D.points_by_name\"><code class=\"xref py py-obj docutils literal notranslate\"><span class=\"pre\">Primitives3D.points_by_name</span></code></a></p></td>\n<td><p>Dictionary containing all points where the keys are the name of the points.</p></td>\n</tr>\n<tr class=\"row-odd\"><td><p><a class=\"reference internal\" href=\"../pyaedt.modeler.Primitives3D.Primitives3D.sheet_names/#pyaedt.modeler.Primitives3D.Primitives3D.sheet_names\" title=\"pyaedt.modeler.Primitives3D.Primitives3D.sheet_names\"><code class=\"xref py py-obj docutils literal notranslate\"><span class=\"pre\">Primitives3D.sheet_names</span></code></a></p></td>\n<td><p>List of the names of all sheet objects.</p></td>\n</tr>\n<tr class=\"row-even\"><td><p><a class=\"reference internal\" href=\"../pyaedt.modeler.Primitives3D.Primitives3D.sheet_objects/#pyaedt.modeler.Primitives3D.Primitives3D.sheet_objects\" title=\"pyaedt.modeler.Primitives3D.Primitives3D.sheet_objects\"><code class=\"xref py py-obj docutils literal notranslate\"><span class=\"pre\">Primitives3D.sheet_objects</span></code></a></p></td>\n<td><p>List of all sheet objects.</p></td>\n</tr>\n<tr class=\"row-odd\"><td><p><a class=\"reference internal\" href=\"../pyaedt.modeler.Primitives3D.Primitives3D.solid_names/#pyaedt.modeler.Primitives3D.Primitives3D.solid_names\" title=\"pyaedt.modeler.Primitives3D.Primitives3D.solid_names\"><code class=\"xref py py-obj docutils literal notranslate\"><span class=\"pre\">Primitives3D.solid_names</span></code></a></p></td>\n<td><p>List of the names of all solid objects.</p></td>\n</tr>\n<tr class=\"row-even\"><td><p><a class=\"reference internal\" href=\"../pyaedt.modeler.Primitives3D.Primitives3D.solid_objects/#pyaedt.modeler.Primitives3D.Primitives3D.solid_objects\" title=\"pyaedt.modeler.Primitives3D.Primitives3D.solid_objects\"><code class=\"xref py py-obj docutils literal notranslate\"><span class=\"pre\">Primitives3D.solid_objects</span></code></a></p></td>\n<td><p>List of all solid objects.</p></td>\n</tr>\n<tr class=\"row-odd\"><td><p><a class=\"reference internal\" href=\"../pyaedt.modeler.Primitives3D.Primitives3D.unclassified_names/#pyaedt.modeler.Primitives3D.Primitives3D.unclassified_names\" title=\"pyaedt.modeler.Primitives3D.Primitives3D.unclassified_names\"><code class=\"xref py py-obj docutils literal notranslate\"><span class=\"pre\">Primitives3D.unclassified_names</span></code></a></p></td>\n<td><p>List of the names of all unclassified objects.</p></td>\n</tr>\n<tr class=\"row-even\"><td><p><a class=\"reference internal\" href=\"../pyaedt.modeler.Primitives3D.Primitives3D.unclassified_objects/#pyaedt.modeler.Primitives3D.Primitives3D.unclassified_objects\" title=\"pyaedt.modeler.Primitives3D.Primitives3D.unclassified_objects\"><code class=\"xref py py-obj docutils literal notranslate\"><span class=\"pre\">Primitives3D.unclassified_objects</span></code></a></p></td>\n<td><p>List of all unclassified objects.</p></td>\n</tr>\n<tr class=\"row-odd\"><td><p><a class=\"reference internal\" href=\"../pyaedt.modeler.Primitives3D.Primitives3D.user_defined_component_names/#pyaedt.modeler.Primitives3D.Primitives3D.user_defined_component_names\" title=\"pyaedt.modeler.Primitives3D.Primitives3D.user_defined_component_names\"><code class=\"xref py py-obj docutils literal notranslate\"><span class=\"pre\">Primitives3D.user_defined_component_names</span></code></a></p></td>\n<td><p>List of the names of all 3D component objects.</p></td>\n</tr>\n<tr class=\"row-even\"><td><p><a class=\"reference internal\" href=\"../pyaedt.modeler.Primitives3D.Primitives3D.version/#pyaedt.modeler.Primitives3D.Primitives3D.version\" title=\"pyaedt.modeler.Primitives3D.Primitives3D.version\"><code class=\"xref py py-obj docutils literal notranslate\"><span class=\"pre\">Primitives3D.version</span></code></a></p></td>\n<td><p>Version.</p></td>\n</tr>\n</tbody>\n</table>\n</dd></dl>\n\n</section>\n", "metatags": "<meta name=\"generator\" content=\"Docutils 0.19: https://docutils.sourceforge.io/\" />\n", "rellinks": [["genindex", "General Index", "I", "index"], ["py-modindex", "Python Module Index", "", "modules"], ["API/_autosummary/pyaedt.modeler.Primitives3D.Primitives3D.add_bird", "add_bird", "N", "next"], ["API/_autosummary/pyaedt.modeler.Primitives2D.Primitives2D.version", "version", "P", "previous"]], "sourcename": "API/_autosummary/pyaedt.modeler.Primitives3D.Primitives3D.rst.txt", "toc": "<ul>\n<li><a class=\"reference internal\" href=\"#\">pyaedt.modeler.Primitives3D.Primitives3D</a><ul>\n<li><a class=\"reference internal\" href=\"#pyaedt.modeler.Primitives3D.Primitives3D\"><code class=\"docutils literal notranslate\"><span class=\"pre\">Primitives3D</span></code></a></li>\n</ul>\n</li>\n</ul>\n", "display_toc": true, "page_source_suffix": ".rst", "current_page_name": "API/_autosummary/pyaedt.modeler.Primitives3D.Primitives3D", "sidebars": ["search-field.html", "sidebar-nav-bs.html"], "customsidebar": null, "favicon_url": null, "logo_url": null, "alabaster_version": "0.7.12", "theme_show_toc_level": 1, "theme_logo": {}}