{"parents": [{"link": "../../", "title": "API reference"}, {"link": "../../CoreEdb/", "title": "EDB editor"}, {"link": "../pyaedt.edb_core.padstack.EdbPadstacks/", "title": "pyaedt.edb_core.padstack.EdbPadstacks"}], "prev": {"link": "../pyaedt.edb_core.padstack.EdbPadstacks.duplicate_padstack/", "title": "duplicate_padstack"}, "next": {"link": "../pyaedt.edb_core.padstack.EdbPadstacks.get_padstack_instance_by_net_name/", "title": "get_padstack_instance_by_net_name"}, "title": "get_pad_parameters", "meta": {}, "body": "<section id=\"get-pad-parameters\">\n<h1>get_pad_parameters<a class=\"headerlink\" href=\"#get-pad-parameters\" title=\"Permalink to this heading\">#</a></h1>\n<dl class=\"py method\">\n<dt class=\"sig sig-object py\" id=\"pyaedt.edb_core.padstack.EdbPadstacks.get_pad_parameters\">\n<span class=\"sig-prename descclassname\"><span class=\"pre\">EdbPadstacks.</span></span><span class=\"sig-name descname\"><span class=\"pre\">get_pad_parameters</span></span><span class=\"sig-paren\">(</span><em class=\"sig-param\"><span class=\"n\"><span class=\"pre\">pin</span></span></em>, <em class=\"sig-param\"><span class=\"n\"><span class=\"pre\">layername</span></span></em>, <em class=\"sig-param\"><span class=\"n\"><span class=\"pre\">pad_type</span></span><span class=\"o\"><span class=\"pre\">=</span></span><span class=\"default_value\"><span class=\"pre\">0</span></span></em><span class=\"sig-paren\">)</span><a class=\"reference internal\" href=\"../../../_modules/pyaedt/edb_core/padstack/#EdbPadstacks.get_pad_parameters\"><span class=\"viewcode-link\"><span class=\"pre\">[source]</span></span></a><a class=\"headerlink\" href=\"#pyaedt.edb_core.padstack.EdbPadstacks.get_pad_parameters\" title=\"Permalink to this definition\">#</a></dt>\n<dd><p>Get Padstack Parameters from Pin or Padstack Definition.</p>\n<dl class=\"field-list\">\n<dt class=\"field-odd\">Parameters<span class=\"colon\">:</span></dt>\n<dd class=\"field-odd\"><dl>\n<dt><strong>pin</strong><span class=\"classifier\"><code class=\"xref py py-obj docutils literal notranslate\"><span class=\"pre\">Edb.Definition.PadstackDef</span></code> or <code class=\"xref py py-obj docutils literal notranslate\"><span class=\"pre\">Edb.Definition.PadstackInstance</span></code></span></dt><dd><p>Pin or PadstackDef on which get values.</p>\n</dd>\n<dt><strong>layername</strong><span class=\"classifier\"><a class=\"reference external\" href=\"https://docs.python.org/dev/library/stdtypes.html#str\" title=\"(in Python v3.12)\"><code class=\"docutils literal notranslate\"><span class=\"pre\">str</span></code></a></span></dt><dd><p>Layer on which get properties.</p>\n</dd>\n<dt><strong>pad_type</strong><span class=\"classifier\"><a class=\"reference external\" href=\"https://docs.python.org/dev/library/functions.html#int\" title=\"(in Python v3.12)\"><code class=\"docutils literal notranslate\"><span class=\"pre\">int</span></code></a></span></dt><dd><p>Pad Type.</p>\n</dd>\n</dl>\n</dd>\n<dt class=\"field-even\">Returns<span class=\"colon\">:</span></dt>\n<dd class=\"field-even\"><dl class=\"simple\">\n<dt><a class=\"reference external\" href=\"https://docs.python.org/dev/library/stdtypes.html#tuple\" title=\"(in Python v3.12)\"><code class=\"docutils literal notranslate\"><span class=\"pre\">tuple</span></code></a></dt><dd><p>Tuple of (GeometryType, ParameterList, OffsetX, OffsetY, Rot)</p>\n</dd>\n</dl>\n</dd>\n</dl>\n</dd></dl>\n\n</section>\n", "metatags": "<meta name=\"generator\" content=\"Docutils 0.19: https://docutils.sourceforge.io/\" />\n", "rellinks": [["genindex", "General Index", "I", "index"], ["py-modindex", "Python Module Index", "", "modules"], ["API/_autosummary/pyaedt.edb_core.padstack.EdbPadstacks.get_padstack_instance_by_net_name", "get_padstack_instance_by_net_name", "N", "next"], ["API/_autosummary/pyaedt.edb_core.padstack.EdbPadstacks.duplicate_padstack", "duplicate_padstack", "P", "previous"]], "sourcename": "API/_autosummary/pyaedt.edb_core.padstack.EdbPadstacks.get_pad_parameters.rst.txt", "toc": "<ul>\n<li><a class=\"reference internal\" href=\"#\">get_pad_parameters</a><ul>\n<li><a class=\"reference internal\" href=\"#pyaedt.edb_core.padstack.EdbPadstacks.get_pad_parameters\"><code class=\"docutils literal notranslate\"><span class=\"pre\">EdbPadstacks.get_pad_parameters()</span></code></a></li>\n</ul>\n</li>\n</ul>\n", "display_toc": true, "page_source_suffix": ".rst", "current_page_name": "API/_autosummary/pyaedt.edb_core.padstack.EdbPadstacks.get_pad_parameters", "sidebars": ["search-field.html", "sidebar-nav-bs.html"], "customsidebar": null, "favicon_url": null, "logo_url": null, "alabaster_version": "0.7.12", "theme_show_toc_level": 1, "theme_logo": {}}