{"parents": [{"link": "../../", "title": "API reference"}, {"link": "../../Application/", "title": "AEDT apps"}, {"link": "../pyaedt.Mechanical/", "title": "pyaedt.Mechanical"}], "prev": {"link": "../pyaedt.Mechanical.aedt_version_id/", "title": "aedt_version_id"}, "next": {"link": "../pyaedt.Mechanical.available_variations/", "title": "available_variations"}, "title": "analysis_setup", "meta": {}, "body": "<section id=\"analysis-setup\">\n<h1>analysis_setup<a class=\"headerlink\" href=\"#analysis-setup\" title=\"Permalink to this heading\">#</a></h1>\n<dl class=\"py property\">\n<dt class=\"sig sig-object py\" id=\"pyaedt.Mechanical.analysis_setup\">\n<em class=\"property\"><span class=\"pre\">property</span><span class=\"w\"> </span></em><span class=\"sig-prename descclassname\"><span class=\"pre\">Mechanical.</span></span><span class=\"sig-name descname\"><span class=\"pre\">analysis_setup</span></span><a class=\"headerlink\" href=\"#pyaedt.Mechanical.analysis_setup\" title=\"Permalink to this definition\">#</a></dt>\n<dd><p>Analysis setup.</p>\n<dl class=\"field-list simple\">\n<dt class=\"field-odd\">Returns<span class=\"colon\">:</span></dt>\n<dd class=\"field-odd\"><dl class=\"simple\">\n<dt><a class=\"reference external\" href=\"https://docs.python.org/dev/library/stdtypes.html#str\" title=\"(in Python v3.12)\"><code class=\"docutils literal notranslate\"><span class=\"pre\">str</span></code></a></dt><dd><p>Name of the active or first analysis setup.</p>\n</dd>\n</dl>\n</dd>\n</dl>\n<p class=\"rubric\">References</p>\n<div class=\"doctest highlight-default notranslate\"><div class=\"highlight\"><pre><span></span><span class=\"gp\">&gt;&gt;&gt; </span><span class=\"n\">oModule</span><span class=\"o\">.</span><span class=\"n\">GetAllSolutionSetups</span><span class=\"p\">()</span>\n</pre></div>\n</div>\n</dd></dl>\n\n</section>\n", "metatags": "<meta name=\"generator\" content=\"Docutils 0.19: https://docutils.sourceforge.io/\" />\n", "rellinks": [["genindex", "General Index", "I", "index"], ["py-modindex", "Python Module Index", "", "modules"], ["API/_autosummary/pyaedt.Mechanical.available_variations", "available_variations", "N", "next"], ["API/_autosummary/pyaedt.Mechanical.aedt_version_id", "aedt_version_id", "P", "previous"]], "sourcename": "API/_autosummary/pyaedt.Mechanical.analysis_setup.rst.txt", "toc": "<ul>\n<li><a class=\"reference internal\" href=\"#\">analysis_setup</a><ul>\n<li><a class=\"reference internal\" href=\"#pyaedt.Mechanical.analysis_setup\"><code class=\"docutils literal notranslate\"><span class=\"pre\">Mechanical.analysis_setup</span></code></a></li>\n</ul>\n</li>\n</ul>\n", "display_toc": true, "page_source_suffix": ".rst", "current_page_name": "API/_autosummary/pyaedt.Mechanical.analysis_setup", "sidebars": ["search-field.html", "sidebar-nav-bs.html"], "customsidebar": null, "favicon_url": null, "logo_url": null, "alabaster_version": "0.7.12", "theme_show_toc_level": 1, "theme_logo": {}}