{"parents": [{"link": "../../", "title": "API reference"}, {"link": "../../Application/", "title": "AEDT apps"}, {"link": "../pyaedt.Maxwell3d/", "title": "pyaedt.Maxwell3d"}], "prev": {"link": "../pyaedt.Maxwell3d.archive_project/", "title": "archive_project"}, "next": {"link": "../pyaedt.Maxwell3d.assign_current/", "title": "assign_current"}, "title": "assign_coil", "meta": {}, "body": "<section id=\"assign-coil\">\n<h1>assign_coil<a class=\"headerlink\" href=\"#assign-coil\" title=\"Permalink to this heading\">#</a></h1>\n<dl class=\"py method\">\n<dt class=\"sig sig-object py\" id=\"pyaedt.Maxwell3d.assign_coil\">\n<span class=\"sig-prename descclassname\"><span class=\"pre\">Maxwell3d.</span></span><span class=\"sig-name descname\"><span class=\"pre\">assign_coil</span></span><span class=\"sig-paren\">(</span><em class=\"sig-param\"><span class=\"n\"><span class=\"pre\">input_object</span></span></em>, <em class=\"sig-param\"><span class=\"n\"><span class=\"pre\">conductor_number</span></span><span class=\"o\"><span class=\"pre\">=</span></span><span class=\"default_value\"><span class=\"pre\">1</span></span></em>, <em class=\"sig-param\"><span class=\"n\"><span class=\"pre\">polarity</span></span><span class=\"o\"><span class=\"pre\">=</span></span><span class=\"default_value\"><span class=\"pre\">'Positive'</span></span></em>, <em class=\"sig-param\"><span class=\"n\"><span class=\"pre\">name</span></span><span class=\"o\"><span class=\"pre\">=</span></span><span class=\"default_value\"><span class=\"pre\">None</span></span></em><span class=\"sig-paren\">)</span><a class=\"headerlink\" href=\"#pyaedt.Maxwell3d.assign_coil\" title=\"Permalink to this definition\">#</a></dt>\n<dd><p>Assign coils to a list of objects or face IDs.</p>\n<dl class=\"field-list\">\n<dt class=\"field-odd\">Parameters<span class=\"colon\">:</span></dt>\n<dd class=\"field-odd\"><dl>\n<dt><strong>input_object</strong><span class=\"classifier\"><a class=\"reference external\" href=\"https://docs.python.org/dev/library/stdtypes.html#list\" title=\"(in Python v3.12)\"><code class=\"docutils literal notranslate\"><span class=\"pre\">list</span></code></a></span></dt><dd><p>List of objects or face IDs.</p>\n</dd>\n<dt><strong>conductor_number</strong><span class=\"classifier\"><a class=\"reference external\" href=\"https://docs.python.org/dev/library/functions.html#int\" title=\"(in Python v3.12)\"><code class=\"docutils literal notranslate\"><span class=\"pre\">int</span></code></a>, <code class=\"xref py py-obj docutils literal notranslate\"><span class=\"pre\">optional</span></code></span></dt><dd><p>Number of conductors. The default is <code class=\"docutils literal notranslate\"><span class=\"pre\">1</span></code>.</p>\n</dd>\n<dt><strong>polarity</strong><span class=\"classifier\"><a class=\"reference external\" href=\"https://docs.python.org/dev/library/stdtypes.html#str\" title=\"(in Python v3.12)\"><code class=\"docutils literal notranslate\"><span class=\"pre\">str</span></code></a>, <code class=\"xref py py-obj docutils literal notranslate\"><span class=\"pre\">optional</span></code></span></dt><dd><p>Type of the polarity. The default is <code class=\"docutils literal notranslate\"><span class=\"pre\">&quot;Positive&quot;</span></code>.</p>\n</dd>\n<dt><strong>name</strong><span class=\"classifier\"><a class=\"reference external\" href=\"https://docs.python.org/dev/library/stdtypes.html#str\" title=\"(in Python v3.12)\"><code class=\"docutils literal notranslate\"><span class=\"pre\">str</span></code></a>, <code class=\"xref py py-obj docutils literal notranslate\"><span class=\"pre\">optional</span></code></span></dt><dd><p>The default is <code class=\"docutils literal notranslate\"><span class=\"pre\">None</span></code>.</p>\n</dd>\n</dl>\n</dd>\n<dt class=\"field-even\">Returns<span class=\"colon\">:</span></dt>\n<dd class=\"field-even\"><dl class=\"simple\">\n<dt><code class=\"xref py py-obj docutils literal notranslate\"><span class=\"pre\">CoilObject</span></code></dt><dd><p>Coil object.</p>\n</dd>\n</dl>\n</dd>\n</dl>\n<p class=\"rubric\">References</p>\n<div class=\"doctest highlight-default notranslate\"><div class=\"highlight\"><pre><span></span><span class=\"gp\">&gt;&gt;&gt; </span><span class=\"n\">oModule</span><span class=\"o\">.</span><span class=\"n\">AssignCoil</span>\n</pre></div>\n</div>\n</dd></dl>\n\n</section>\n", "metatags": "<meta name=\"generator\" content=\"Docutils 0.19: https://docutils.sourceforge.io/\" />\n", "rellinks": [["genindex", "General Index", "I", "index"], ["py-modindex", "Python Module Index", "", "modules"], ["API/_autosummary/pyaedt.Maxwell3d.assign_current", "assign_current", "N", "next"], ["API/_autosummary/pyaedt.Maxwell3d.archive_project", "archive_project", "P", "previous"]], "sourcename": "API/_autosummary/pyaedt.Maxwell3d.assign_coil.rst.txt", "toc": "<ul>\n<li><a class=\"reference internal\" href=\"#\">assign_coil</a><ul>\n<li><a class=\"reference internal\" href=\"#pyaedt.Maxwell3d.assign_coil\"><code class=\"docutils literal notranslate\"><span class=\"pre\">Maxwell3d.assign_coil()</span></code></a></li>\n</ul>\n</li>\n</ul>\n", "display_toc": true, "page_source_suffix": ".rst", "current_page_name": "API/_autosummary/pyaedt.Maxwell3d.assign_coil", "sidebars": ["search-field.html", "sidebar-nav-bs.html"], "customsidebar": null, "favicon_url": null, "logo_url": null, "alabaster_version": "0.7.12", "theme_show_toc_level": 1, "theme_logo": {}}