{"parents": [{"link": "../../", "title": "API reference"}, {"link": "../../Primitives/", "title": "Modeler and  primitives"}, {"link": "../pyaedt.modeler.Object3d.UserDefinedComponent/", "title": "pyaedt.modeler.Object3d.UserDefinedComponent"}], "prev": {"link": "../pyaedt.modeler.Object3d.UserDefinedComponent.duplicate_around_axis/", "title": "duplicate_around_axis"}, "next": {"link": "../pyaedt.modeler.Object3d.UserDefinedComponent.move/", "title": "move"}, "title": "mirror", "meta": {}, "body": "<section id=\"mirror\">\n<h1>mirror<a class=\"headerlink\" href=\"#mirror\" title=\"Permalink to this heading\">#</a></h1>\n<dl class=\"py method\">\n<dt class=\"sig sig-object py\" id=\"pyaedt.modeler.Object3d.UserDefinedComponent.mirror\">\n<span class=\"sig-prename descclassname\"><span class=\"pre\">UserDefinedComponent.</span></span><span class=\"sig-name descname\"><span class=\"pre\">mirror</span></span><span class=\"sig-paren\">(</span><em class=\"sig-param\"><span class=\"n\"><span class=\"pre\">position</span></span></em>, <em class=\"sig-param\"><span class=\"n\"><span class=\"pre\">vector</span></span></em><span class=\"sig-paren\">)</span><a class=\"reference internal\" href=\"../../../_modules/pyaedt/modeler/Object3d/#UserDefinedComponent.mirror\"><span class=\"viewcode-link\"><span class=\"pre\">[source]</span></span></a><a class=\"headerlink\" href=\"#pyaedt.modeler.Object3d.UserDefinedComponent.mirror\" title=\"Permalink to this definition\">#</a></dt>\n<dd><p>Mirror a selection.</p>\n<dl class=\"field-list\">\n<dt class=\"field-odd\">Parameters<span class=\"colon\">:</span></dt>\n<dd class=\"field-odd\"><dl>\n<dt><strong>position</strong><span class=\"classifier\"><a class=\"reference external\" href=\"https://docs.python.org/dev/library/functions.html#int\" title=\"(in Python v3.12)\"><code class=\"docutils literal notranslate\"><span class=\"pre\">int</span></code></a> or <a class=\"reference external\" href=\"https://docs.python.org/dev/library/functions.html#float\" title=\"(in Python v3.12)\"><code class=\"docutils literal notranslate\"><span class=\"pre\">float</span></code></a></span></dt><dd><p>List of the <code class=\"docutils literal notranslate\"><span class=\"pre\">[x,</span> <span class=\"pre\">y,</span> <span class=\"pre\">z]</span></code> coordinates or\nthe Application.Position object for the selection.</p>\n</dd>\n<dt><strong>vector</strong><span class=\"classifier\"><a class=\"reference external\" href=\"https://docs.python.org/dev/library/functions.html#float\" title=\"(in Python v3.12)\"><code class=\"docutils literal notranslate\"><span class=\"pre\">float</span></code></a></span></dt><dd><p>List of the <code class=\"docutils literal notranslate\"><span class=\"pre\">[x1,</span> <span class=\"pre\">y1,</span> <span class=\"pre\">z1]</span></code> coordinates or\nthe Application.Position object for the vector.</p>\n</dd>\n</dl>\n</dd>\n<dt class=\"field-even\">Returns<span class=\"colon\">:</span></dt>\n<dd class=\"field-even\"><dl class=\"simple\">\n<dt><a class=\"reference internal\" href=\"../pyaedt.modeler.Object3d.UserDefinedComponent/#pyaedt.modeler.Object3d.UserDefinedComponent\" title=\"pyaedt.modeler.Object3d.UserDefinedComponent\"><code class=\"xref py py-obj docutils literal notranslate\"><span class=\"pre\">pyaedt.modeler.Object3d.UserDefinedComponent</span></code></a>, <a class=\"reference external\" href=\"https://docs.python.org/dev/library/stdtypes.html#bltin-boolean-values\" title=\"(in Python v3.12)\"><span class=\"xref std std-ref\">bool</span></a></dt><dd><p>3D object when successful, <code class=\"docutils literal notranslate\"><span class=\"pre\">False</span></code> when failed.</p>\n</dd>\n</dl>\n</dd>\n</dl>\n<p class=\"rubric\">References</p>\n<div class=\"doctest highlight-default notranslate\"><div class=\"highlight\"><pre><span></span><span class=\"gp\">&gt;&gt;&gt; </span><span class=\"n\">oEditor</span><span class=\"o\">.</span><span class=\"n\">Mirror</span>\n</pre></div>\n</div>\n</dd></dl>\n\n</section>\n", "metatags": "<meta name=\"generator\" content=\"Docutils 0.19: https://docutils.sourceforge.io/\" />\n", "rellinks": [["genindex", "General Index", "I", "index"], ["py-modindex", "Python Module Index", "", "modules"], ["API/_autosummary/pyaedt.modeler.Object3d.UserDefinedComponent.move", "move", "N", "next"], ["API/_autosummary/pyaedt.modeler.Object3d.UserDefinedComponent.duplicate_around_axis", "duplicate_around_axis", "P", "previous"]], "sourcename": "API/_autosummary/pyaedt.modeler.Object3d.UserDefinedComponent.mirror.rst.txt", "toc": "<ul>\n<li><a class=\"reference internal\" href=\"#\">mirror</a><ul>\n<li><a class=\"reference internal\" href=\"#pyaedt.modeler.Object3d.UserDefinedComponent.mirror\"><code class=\"docutils literal notranslate\"><span class=\"pre\">UserDefinedComponent.mirror()</span></code></a></li>\n</ul>\n</li>\n</ul>\n", "display_toc": true, "page_source_suffix": ".rst", "current_page_name": "API/_autosummary/pyaedt.modeler.Object3d.UserDefinedComponent.mirror", "sidebars": ["search-field.html", "sidebar-nav-bs.html"], "customsidebar": null, "favicon_url": null, "logo_url": null, "alabaster_version": "0.7.12", "theme_show_toc_level": 1, "theme_logo": {}}