{"parents": [{"link": "../../", "title": "API reference"}, {"link": "../../Setup/", "title": "Setup"}], "prev": {"link": "../pyaedt.modules.SolveSetup.Setup.p_app/", "title": "p_app"}, "next": {"link": "../pyaedt.modules.SolveSetup.Setup3DLayout.add_sweep/", "title": "add_sweep"}, "title": "pyaedt.modules.SolveSetup.Setup3DLayout", "meta": {}, "body": "<section id=\"pyaedt-modules-solvesetup-setup3dlayout\">\n<h1>pyaedt.modules.SolveSetup.Setup3DLayout<a class=\"headerlink\" href=\"#pyaedt-modules-solvesetup-setup3dlayout\" title=\"Permalink to this heading\">#</a></h1>\n<dl class=\"py class\">\n<dt class=\"sig sig-object py\" id=\"pyaedt.modules.SolveSetup.Setup3DLayout\">\n<em class=\"property\"><span class=\"pre\">class</span><span class=\"w\"> </span></em><span class=\"sig-prename descclassname\"><span class=\"pre\">pyaedt.modules.SolveSetup.</span></span><span class=\"sig-name descname\"><span class=\"pre\">Setup3DLayout</span></span><span class=\"sig-paren\">(</span><em class=\"sig-param\"><span class=\"n\"><span class=\"pre\">app</span></span></em>, <em class=\"sig-param\"><span class=\"n\"><span class=\"pre\">solutiontype</span></span></em>, <em class=\"sig-param\"><span class=\"n\"><span class=\"pre\">setupname</span></span><span class=\"o\"><span class=\"pre\">=</span></span><span class=\"default_value\"><span class=\"pre\">'MySetupAuto'</span></span></em>, <em class=\"sig-param\"><span class=\"n\"><span class=\"pre\">isnewsetup</span></span><span class=\"o\"><span class=\"pre\">=</span></span><span class=\"default_value\"><span class=\"pre\">True</span></span></em><span class=\"sig-paren\">)</span><a class=\"reference internal\" href=\"../../../_modules/pyaedt/modules/SolveSetup/#Setup3DLayout\"><span class=\"viewcode-link\"><span class=\"pre\">[source]</span></span></a><a class=\"headerlink\" href=\"#pyaedt.modules.SolveSetup.Setup3DLayout\" title=\"Permalink to this definition\">#</a></dt>\n<dd><p>Initializes, creates, and updates a 3D Layout setup.</p>\n<dl class=\"field-list\">\n<dt class=\"field-odd\">Parameters<span class=\"colon\">:</span></dt>\n<dd class=\"field-odd\"><dl>\n<dt><strong>app</strong><span class=\"classifier\"><code class=\"xref py py-class docutils literal notranslate\"><span class=\"pre\">pyaedt.application.Analysis3DLayout.FieldAnalysis3DLayout</span></code></span></dt><dd><p>Inherited app object.</p>\n</dd>\n<dt><strong>solutiontype</strong><span class=\"classifier\"><a class=\"reference external\" href=\"https://docs.python.org/dev/library/functions.html#int\" title=\"(in Python v3.12)\"><code class=\"docutils literal notranslate\"><span class=\"pre\">int</span></code></a> or <a class=\"reference external\" href=\"https://docs.python.org/dev/library/stdtypes.html#str\" title=\"(in Python v3.12)\"><code class=\"docutils literal notranslate\"><span class=\"pre\">str</span></code></a></span></dt><dd><p>Type of the setup.</p>\n</dd>\n<dt><strong>setupname</strong><span class=\"classifier\"><a class=\"reference external\" href=\"https://docs.python.org/dev/library/stdtypes.html#str\" title=\"(in Python v3.12)\"><code class=\"docutils literal notranslate\"><span class=\"pre\">str</span></code></a>, <code class=\"xref py py-obj docutils literal notranslate\"><span class=\"pre\">optional</span></code></span></dt><dd><p>Name of the setup. The default is <code class=\"docutils literal notranslate\"><span class=\"pre\">&quot;MySetupAuto&quot;</span></code>.</p>\n</dd>\n<dt><strong>isnewsetup</strong><span class=\"classifier\"><a class=\"reference external\" href=\"https://docs.python.org/dev/library/stdtypes.html#bltin-boolean-values\" title=\"(in Python v3.12)\"><span class=\"xref std std-ref\">bool</span></a>, <code class=\"xref py py-obj docutils literal notranslate\"><span class=\"pre\">optional</span></code></span></dt><dd><p>Whether to create the setup from a template. The default is <code class=\"docutils literal notranslate\"><span class=\"pre\">True.</span></code>\nIf <code class=\"docutils literal notranslate\"><span class=\"pre\">False</span></code>, access is to the existing setup.</p>\n</dd>\n</dl>\n</dd>\n</dl>\n<p class=\"rubric\">Methods</p>\n<table class=\"autosummary longtable docutils align-default\">\n<tbody>\n<tr class=\"row-odd\"><td><p><a class=\"reference internal\" href=\"../pyaedt.modules.SolveSetup.Setup3DLayout.add_sweep/#pyaedt.modules.SolveSetup.Setup3DLayout.add_sweep\" title=\"pyaedt.modules.SolveSetup.Setup3DLayout.add_sweep\"><code class=\"xref py py-obj docutils literal notranslate\"><span class=\"pre\">Setup3DLayout.add_sweep</span></code></a>([sweepname,\u00a0sweeptype])</p></td>\n<td><p>Add a frequency sweep.</p></td>\n</tr>\n<tr class=\"row-even\"><td><p><a class=\"reference internal\" href=\"../pyaedt.modules.SolveSetup.Setup3DLayout.create/#pyaedt.modules.SolveSetup.Setup3DLayout.create\" title=\"pyaedt.modules.SolveSetup.Setup3DLayout.create\"><code class=\"xref py py-obj docutils literal notranslate\"><span class=\"pre\">Setup3DLayout.create</span></code></a>()</p></td>\n<td><p>Add a new setup based on class settings in AEDT.</p></td>\n</tr>\n<tr class=\"row-odd\"><td><p><a class=\"reference internal\" href=\"../pyaedt.modules.SolveSetup.Setup3DLayout.disable/#pyaedt.modules.SolveSetup.Setup3DLayout.disable\" title=\"pyaedt.modules.SolveSetup.Setup3DLayout.disable\"><code class=\"xref py py-obj docutils literal notranslate\"><span class=\"pre\">Setup3DLayout.disable</span></code></a>()</p></td>\n<td><p>Disable a setup.</p></td>\n</tr>\n<tr class=\"row-even\"><td><p><a class=\"reference internal\" href=\"../pyaedt.modules.SolveSetup.Setup3DLayout.enable/#pyaedt.modules.SolveSetup.Setup3DLayout.enable\" title=\"pyaedt.modules.SolveSetup.Setup3DLayout.enable\"><code class=\"xref py py-obj docutils literal notranslate\"><span class=\"pre\">Setup3DLayout.enable</span></code></a>()</p></td>\n<td><p>Enable a setup.</p></td>\n</tr>\n<tr class=\"row-odd\"><td><p><a class=\"reference internal\" href=\"../pyaedt.modules.SolveSetup.Setup3DLayout.export_to_hfss/#pyaedt.modules.SolveSetup.Setup3DLayout.export_to_hfss\" title=\"pyaedt.modules.SolveSetup.Setup3DLayout.export_to_hfss\"><code class=\"xref py py-obj docutils literal notranslate\"><span class=\"pre\">Setup3DLayout.export_to_hfss</span></code></a>(file_fullname)</p></td>\n<td><p>Export the project to a file.</p></td>\n</tr>\n<tr class=\"row-even\"><td><p><a class=\"reference internal\" href=\"../pyaedt.modules.SolveSetup.Setup3DLayout.export_to_json/#pyaedt.modules.SolveSetup.Setup3DLayout.export_to_json\" title=\"pyaedt.modules.SolveSetup.Setup3DLayout.export_to_json\"><code class=\"xref py py-obj docutils literal notranslate\"><span class=\"pre\">Setup3DLayout.export_to_json</span></code></a>(file_path[,\u00a0...])</p></td>\n<td><p>Export all setup properties into a json file.</p></td>\n</tr>\n<tr class=\"row-odd\"><td><p><a class=\"reference internal\" href=\"../pyaedt.modules.SolveSetup.Setup3DLayout.import_from_json/#pyaedt.modules.SolveSetup.Setup3DLayout.import_from_json\" title=\"pyaedt.modules.SolveSetup.Setup3DLayout.import_from_json\"><code class=\"xref py py-obj docutils literal notranslate\"><span class=\"pre\">Setup3DLayout.import_from_json</span></code></a>(file_path)</p></td>\n<td><p>Import setup properties from a json file.</p></td>\n</tr>\n<tr class=\"row-even\"><td><p><a class=\"reference internal\" href=\"../pyaedt.modules.SolveSetup.Setup3DLayout.update/#pyaedt.modules.SolveSetup.Setup3DLayout.update\" title=\"pyaedt.modules.SolveSetup.Setup3DLayout.update\"><code class=\"xref py py-obj docutils literal notranslate\"><span class=\"pre\">Setup3DLayout.update</span></code></a>([update_dictionary])</p></td>\n<td><p>Update the setup based on the class arguments or a dictionary.</p></td>\n</tr>\n</tbody>\n</table>\n<p class=\"rubric\">Attributes</p>\n<table class=\"autosummary longtable docutils align-default\">\n<tbody>\n<tr class=\"row-odd\"><td><p><a class=\"reference internal\" href=\"../pyaedt.modules.SolveSetup.Setup3DLayout.available_properties/#pyaedt.modules.SolveSetup.Setup3DLayout.available_properties\" title=\"pyaedt.modules.SolveSetup.Setup3DLayout.available_properties\"><code class=\"xref py py-obj docutils literal notranslate\"><span class=\"pre\">Setup3DLayout.available_properties</span></code></a></p></td>\n<td><p>Available properties.</p></td>\n</tr>\n<tr class=\"row-even\"><td><p><a class=\"reference internal\" href=\"../pyaedt.modules.SolveSetup.Setup3DLayout.is_solved/#pyaedt.modules.SolveSetup.Setup3DLayout.is_solved\" title=\"pyaedt.modules.SolveSetup.Setup3DLayout.is_solved\"><code class=\"xref py py-obj docutils literal notranslate\"><span class=\"pre\">Setup3DLayout.is_solved</span></code></a></p></td>\n<td><p>Verify if solutions are available for a given setup.</p></td>\n</tr>\n<tr class=\"row-odd\"><td><p><a class=\"reference internal\" href=\"../pyaedt.modules.SolveSetup.Setup3DLayout.name/#pyaedt.modules.SolveSetup.Setup3DLayout.name\" title=\"pyaedt.modules.SolveSetup.Setup3DLayout.name\"><code class=\"xref py py-obj docutils literal notranslate\"><span class=\"pre\">Setup3DLayout.name</span></code></a></p></td>\n<td><p>Name.</p></td>\n</tr>\n<tr class=\"row-even\"><td><p><a class=\"reference internal\" href=\"../pyaedt.modules.SolveSetup.Setup3DLayout.omodule/#pyaedt.modules.SolveSetup.Setup3DLayout.omodule\" title=\"pyaedt.modules.SolveSetup.Setup3DLayout.omodule\"><code class=\"xref py py-obj docutils literal notranslate\"><span class=\"pre\">Setup3DLayout.omodule</span></code></a></p></td>\n<td><p>Analysis module.</p></td>\n</tr>\n<tr class=\"row-odd\"><td><p><a class=\"reference internal\" href=\"../pyaedt.modules.SolveSetup.Setup3DLayout.p_app/#pyaedt.modules.SolveSetup.Setup3DLayout.p_app\" title=\"pyaedt.modules.SolveSetup.Setup3DLayout.p_app\"><code class=\"xref py py-obj docutils literal notranslate\"><span class=\"pre\">Setup3DLayout.p_app</span></code></a></p></td>\n<td><p>Parent.</p></td>\n</tr>\n<tr class=\"row-even\"><td><p><a class=\"reference internal\" href=\"../pyaedt.modules.SolveSetup.Setup3DLayout.solver_type/#pyaedt.modules.SolveSetup.Setup3DLayout.solver_type\" title=\"pyaedt.modules.SolveSetup.Setup3DLayout.solver_type\"><code class=\"xref py py-obj docutils literal notranslate\"><span class=\"pre\">Setup3DLayout.solver_type</span></code></a></p></td>\n<td><p>Setup type.</p></td>\n</tr>\n</tbody>\n</table>\n</dd></dl>\n\n</section>\n", "metatags": "<meta name=\"generator\" content=\"Docutils 0.19: https://docutils.sourceforge.io/\" />\n", "rellinks": [["genindex", "General Index", "I", "index"], ["py-modindex", "Python Module Index", "", "modules"], ["API/_autosummary/pyaedt.modules.SolveSetup.Setup3DLayout.add_sweep", "add_sweep", "N", "next"], ["API/_autosummary/pyaedt.modules.SolveSetup.Setup.p_app", "p_app", "P", "previous"]], "sourcename": "API/_autosummary/pyaedt.modules.SolveSetup.Setup3DLayout.rst.txt", "toc": "<ul>\n<li><a class=\"reference internal\" href=\"#\">pyaedt.modules.SolveSetup.Setup3DLayout</a><ul>\n<li><a class=\"reference internal\" href=\"#pyaedt.modules.SolveSetup.Setup3DLayout\"><code class=\"docutils literal notranslate\"><span class=\"pre\">Setup3DLayout</span></code></a></li>\n</ul>\n</li>\n</ul>\n", "display_toc": true, "page_source_suffix": ".rst", "current_page_name": "API/_autosummary/pyaedt.modules.SolveSetup.Setup3DLayout", "sidebars": ["search-field.html", "sidebar-nav-bs.html"], "customsidebar": null, "favicon_url": null, "logo_url": null, "alabaster_version": "0.7.12", "theme_show_toc_level": 1, "theme_logo": {}}