{"parents": [{"link": "../../", "title": "API reference"}, {"link": "../../Primitives/", "title": "Modeler and  primitives"}, {"link": "../pyaedt.modeler.PrimitivesNexxim.NexximComponents/", "title": "pyaedt.modeler.PrimitivesNexxim.NexximComponents"}], "prev": {"link": "../pyaedt.modeler.PrimitivesNexxim.NexximComponents.set_sim_solution_on_hfss_subcircuit/", "title": "set_sim_solution_on_hfss_subcircuit"}, "next": {"link": "../pyaedt.modeler.PrimitivesNexxim.NexximComponents.design_libray/", "title": "design_libray"}, "title": "components_catalog", "meta": {}, "body": "<section id=\"components-catalog\">\n<h1>components_catalog<a class=\"headerlink\" href=\"#components-catalog\" title=\"Permalink to this heading\">#</a></h1>\n<dl class=\"py property\">\n<dt class=\"sig sig-object py\" id=\"pyaedt.modeler.PrimitivesNexxim.NexximComponents.components_catalog\">\n<em class=\"property\"><span class=\"pre\">property</span><span class=\"w\"> </span></em><span class=\"sig-prename descclassname\"><span class=\"pre\">NexximComponents.</span></span><span class=\"sig-name descname\"><span class=\"pre\">components_catalog</span></span><a class=\"headerlink\" href=\"#pyaedt.modeler.PrimitivesNexxim.NexximComponents.components_catalog\" title=\"Permalink to this definition\">#</a></dt>\n<dd><p>Return the syslib component catalog with all info.</p>\n<dl class=\"field-list simple\">\n<dt class=\"field-odd\">Returns<span class=\"colon\">:</span></dt>\n<dd class=\"field-odd\"><dl class=\"simple\">\n<dt><code class=\"xref py py-class docutils literal notranslate\"><span class=\"pre\">pyaedt.modeler.PrimitivesCircuit.ComponentCatalog</span></code></dt><dd></dd>\n</dl>\n</dd>\n</dl>\n</dd></dl>\n\n</section>\n", "metatags": "<meta name=\"generator\" content=\"Docutils 0.19: https://docutils.sourceforge.io/\" />\n", "rellinks": [["genindex", "General Index", "I", "index"], ["py-modindex", "Python Module Index", "", "modules"], ["API/_autosummary/pyaedt.modeler.PrimitivesNexxim.NexximComponents.design_libray", "design_libray", "N", "next"], ["API/_autosummary/pyaedt.modeler.PrimitivesNexxim.NexximComponents.set_sim_solution_on_hfss_subcircuit", "set_sim_solution_on_hfss_subcircuit", "P", "previous"]], "sourcename": "API/_autosummary/pyaedt.modeler.PrimitivesNexxim.NexximComponents.components_catalog.rst.txt", "toc": "<ul>\n<li><a class=\"reference internal\" href=\"#\">components_catalog</a><ul>\n<li><a class=\"reference internal\" href=\"#pyaedt.modeler.PrimitivesNexxim.NexximComponents.components_catalog\"><code class=\"docutils literal notranslate\"><span class=\"pre\">NexximComponents.components_catalog</span></code></a></li>\n</ul>\n</li>\n</ul>\n", "display_toc": true, "page_source_suffix": ".rst", "current_page_name": "API/_autosummary/pyaedt.modeler.PrimitivesNexxim.NexximComponents.components_catalog", "sidebars": ["search-field.html", "sidebar-nav-bs.html"], "customsidebar": null, "favicon_url": null, "logo_url": null, "alabaster_version": "0.7.12", "theme_show_toc_level": 1, "theme_logo": {}}