{"parents": [{"link": "../../", "title": "API reference"}, {"link": "../../Common/", "title": "Desktop and common classes"}, {"link": "../../MultiPartComponent/", "title": "Multi-part components"}, {"link": "../pyaedt.modeler.multiparts.Actor/", "title": "pyaedt.modeler.multiparts.Actor"}], "prev": {"link": "../pyaedt.modeler.multiparts.Actor.offset_z_name/", "title": "offset_z_name"}, "next": {"link": "../pyaedt.modeler.multiparts.Actor.pitch_name/", "title": "pitch_name"}, "title": "pitch", "meta": {}, "body": "<section id=\"pitch\">\n<h1>pitch<a class=\"headerlink\" href=\"#pitch\" title=\"Permalink to this heading\">#</a></h1>\n<dl class=\"py property\">\n<dt class=\"sig sig-object py\" id=\"pyaedt.modeler.multiparts.Actor.pitch\">\n<em class=\"property\"><span class=\"pre\">property</span><span class=\"w\"> </span></em><span class=\"sig-prename descclassname\"><span class=\"pre\">Actor.</span></span><span class=\"sig-name descname\"><span class=\"pre\">pitch</span></span><a class=\"headerlink\" href=\"#pyaedt.modeler.multiparts.Actor.pitch\" title=\"Permalink to this definition\">#</a></dt>\n<dd><p>Pitch variable value.</p>\n<dl class=\"field-list simple\">\n<dt class=\"field-odd\">Returns<span class=\"colon\">:</span></dt>\n<dd class=\"field-odd\"><dl class=\"simple\">\n<dt><a class=\"reference external\" href=\"https://docs.python.org/dev/library/stdtypes.html#str\" title=\"(in Python v3.12)\"><code class=\"docutils literal notranslate\"><span class=\"pre\">str</span></code></a></dt><dd><p>Value of the pitch variable.</p>\n</dd>\n</dl>\n</dd>\n</dl>\n</dd></dl>\n\n</section>\n", "metatags": "<meta name=\"generator\" content=\"Docutils 0.19: https://docutils.sourceforge.io/\" />\n", "rellinks": [["genindex", "General Index", "I", "index"], ["py-modindex", "Python Module Index", "", "modules"], ["API/_autosummary/pyaedt.modeler.multiparts.Actor.pitch_name", "pitch_name", "N", "next"], ["API/_autosummary/pyaedt.modeler.multiparts.Actor.offset_z_name", "offset_z_name", "P", "previous"]], "sourcename": "API/_autosummary/pyaedt.modeler.multiparts.Actor.pitch.rst.txt", "toc": "<ul>\n<li><a class=\"reference internal\" href=\"#\">pitch</a><ul>\n<li><a class=\"reference internal\" href=\"#pyaedt.modeler.multiparts.Actor.pitch\"><code class=\"docutils literal notranslate\"><span class=\"pre\">Actor.pitch</span></code></a></li>\n</ul>\n</li>\n</ul>\n", "display_toc": true, "page_source_suffix": ".rst", "current_page_name": "API/_autosummary/pyaedt.modeler.multiparts.Actor.pitch", "sidebars": ["search-field.html", "sidebar-nav-bs.html"], "customsidebar": null, "favicon_url": null, "logo_url": null, "alabaster_version": "0.7.12", "theme_show_toc_level": 1, "theme_logo": {}}