{"parents": [{"link": "../../", "title": "API reference"}, {"link": "../../Primitives/", "title": "Modeler and  primitives"}, {"link": "../pyaedt.modeler.Primitives2D.Primitives2D/", "title": "pyaedt.modeler.Primitives2D.Primitives2D"}], "prev": {"link": "../pyaedt.modeler.Primitives2D.Primitives2D.object_names/", "title": "object_names"}, "next": {"link": "../pyaedt.modeler.Primitives2D.Primitives2D.points/", "title": "points"}, "title": "plane2d", "meta": {}, "body": "<section id=\"plane2d\">\n<h1>plane2d<a class=\"headerlink\" href=\"#plane2d\" title=\"Permalink to this heading\">#</a></h1>\n<dl class=\"py property\">\n<dt class=\"sig sig-object py\" id=\"pyaedt.modeler.Primitives2D.Primitives2D.plane2d\">\n<em class=\"property\"><span class=\"pre\">property</span><span class=\"w\"> </span></em><span class=\"sig-prename descclassname\"><span class=\"pre\">Primitives2D.</span></span><span class=\"sig-name descname\"><span class=\"pre\">plane2d</span></span><a class=\"headerlink\" href=\"#pyaedt.modeler.Primitives2D.Primitives2D.plane2d\" title=\"Permalink to this definition\">#</a></dt>\n<dd><p>Create a 2D plane.</p>\n</dd></dl>\n\n</section>\n", "metatags": "<meta name=\"generator\" content=\"Docutils 0.19: https://docutils.sourceforge.io/\" />\n", "rellinks": [["genindex", "General Index", "I", "index"], ["py-modindex", "Python Module Index", "", "modules"], ["API/_autosummary/pyaedt.modeler.Primitives2D.Primitives2D.points", "points", "N", "next"], ["API/_autosummary/pyaedt.modeler.Primitives2D.Primitives2D.object_names", "object_names", "P", "previous"]], "sourcename": "API/_autosummary/pyaedt.modeler.Primitives2D.Primitives2D.plane2d.rst.txt", "toc": "<ul>\n<li><a class=\"reference internal\" href=\"#\">plane2d</a><ul>\n<li><a class=\"reference internal\" href=\"#pyaedt.modeler.Primitives2D.Primitives2D.plane2d\"><code class=\"docutils literal notranslate\"><span class=\"pre\">Primitives2D.plane2d</span></code></a></li>\n</ul>\n</li>\n</ul>\n", "display_toc": true, "page_source_suffix": ".rst", "current_page_name": "API/_autosummary/pyaedt.modeler.Primitives2D.Primitives2D.plane2d", "sidebars": ["search-field.html", "sidebar-nav-bs.html"], "customsidebar": null, "favicon_url": null, "logo_url": null, "alabaster_version": "0.7.12", "theme_show_toc_level": 1, "theme_logo": {}}