{"parents": [{"link": "../../", "title": "API reference"}, {"link": "../../Application/", "title": "AEDT apps"}, {"link": "../pyaedt.Rmxprt/", "title": "pyaedt.Rmxprt"}], "prev": {"link": "../pyaedt.Rmxprt.get_registry_key_string/", "title": "get_registry_key_string"}, "next": {"link": "../pyaedt.Rmxprt.get_setups/", "title": "get_setups"}, "title": "get_setup", "meta": {}, "body": "<section id=\"get-setup\">\n<h1>get_setup<a class=\"headerlink\" href=\"#get-setup\" title=\"Permalink to this heading\">#</a></h1>\n<dl class=\"py method\">\n<dt class=\"sig sig-object py\" id=\"pyaedt.Rmxprt.get_setup\">\n<span class=\"sig-prename descclassname\"><span class=\"pre\">Rmxprt.</span></span><span class=\"sig-name descname\"><span class=\"pre\">get_setup</span></span><span class=\"sig-paren\">(</span><em class=\"sig-param\"><span class=\"n\"><span class=\"pre\">setupname</span></span></em><span class=\"sig-paren\">)</span><a class=\"headerlink\" href=\"#pyaedt.Rmxprt.get_setup\" title=\"Permalink to this definition\">#</a></dt>\n<dd><p>Get the setup from the current design.</p>\n<dl class=\"field-list\">\n<dt class=\"field-odd\">Parameters<span class=\"colon\">:</span></dt>\n<dd class=\"field-odd\"><dl>\n<dt><strong>setupname</strong><span class=\"classifier\"><a class=\"reference external\" href=\"https://docs.python.org/dev/library/stdtypes.html#str\" title=\"(in Python v3.12)\"><code class=\"docutils literal notranslate\"><span class=\"pre\">str</span></code></a></span></dt><dd><p>Name of the setup.</p>\n</dd>\n</dl>\n</dd>\n<dt class=\"field-even\">Returns<span class=\"colon\">:</span></dt>\n<dd class=\"field-even\"><dl class=\"simple\">\n<dt><a class=\"reference internal\" href=\"../pyaedt.modules.SolveSetup.Setup/#pyaedt.modules.SolveSetup.Setup\" title=\"pyaedt.modules.SolveSetup.Setup\"><code class=\"xref py py-class docutils literal notranslate\"><span class=\"pre\">pyaedt.modules.SolveSetup.Setup</span></code></a></dt><dd></dd>\n</dl>\n</dd>\n</dl>\n</dd></dl>\n\n</section>\n", "metatags": "<meta name=\"generator\" content=\"Docutils 0.19: https://docutils.sourceforge.io/\" />\n", "rellinks": [["genindex", "General Index", "I", "index"], ["py-modindex", "Python Module Index", "", "modules"], ["API/_autosummary/pyaedt.Rmxprt.get_setups", "get_setups", "N", "next"], ["API/_autosummary/pyaedt.Rmxprt.get_registry_key_string", "get_registry_key_string", "P", "previous"]], "sourcename": "API/_autosummary/pyaedt.Rmxprt.get_setup.rst.txt", "toc": "<ul>\n<li><a class=\"reference internal\" href=\"#\">get_setup</a><ul>\n<li><a class=\"reference internal\" href=\"#pyaedt.Rmxprt.get_setup\"><code class=\"docutils literal notranslate\"><span class=\"pre\">Rmxprt.get_setup()</span></code></a></li>\n</ul>\n</li>\n</ul>\n", "display_toc": true, "page_source_suffix": ".rst", "current_page_name": "API/_autosummary/pyaedt.Rmxprt.get_setup", "sidebars": ["search-field.html", "sidebar-nav-bs.html"], "customsidebar": null, "favicon_url": null, "logo_url": null, "alabaster_version": "0.7.12", "theme_show_toc_level": 1, "theme_logo": {}}