{"parents": [{"link": "../../", "title": "API reference"}, {"link": "../../Primitives/", "title": "Modeler and  primitives"}, {"link": "../pyaedt.modeler.Object3d.UserDefinedComponent/", "title": "pyaedt.modeler.Object3d.UserDefinedComponent"}], "prev": {"link": "../pyaedt.modeler.Object3d.UserDefinedComponent.update_native/", "title": "update_native"}, "next": {"link": "../pyaedt.modeler.Object3d.UserDefinedComponent.is3dcomponent/", "title": "is3dcomponent"}, "title": "group_name", "meta": {}, "body": "<section id=\"group-name\">\n<h1>group_name<a class=\"headerlink\" href=\"#group-name\" title=\"Permalink to this heading\">#</a></h1>\n<dl class=\"py property\">\n<dt class=\"sig sig-object py\" id=\"pyaedt.modeler.Object3d.UserDefinedComponent.group_name\">\n<em class=\"property\"><span class=\"pre\">property</span><span class=\"w\"> </span></em><span class=\"sig-prename descclassname\"><span class=\"pre\">UserDefinedComponent.</span></span><span class=\"sig-name descname\"><span class=\"pre\">group_name</span></span><a class=\"headerlink\" href=\"#pyaedt.modeler.Object3d.UserDefinedComponent.group_name\" title=\"Permalink to this definition\">#</a></dt>\n<dd><p>Group the component belongs to.</p>\n<dl class=\"field-list simple\">\n<dt class=\"field-odd\">Returns<span class=\"colon\">:</span></dt>\n<dd class=\"field-odd\"><dl class=\"simple\">\n<dt><a class=\"reference external\" href=\"https://docs.python.org/dev/library/stdtypes.html#str\" title=\"(in Python v3.12)\"><code class=\"docutils literal notranslate\"><span class=\"pre\">str</span></code></a></dt><dd><p>Name of the group.</p>\n</dd>\n</dl>\n</dd>\n</dl>\n<p class=\"rubric\">References</p>\n<div class=\"doctest highlight-default notranslate\"><div class=\"highlight\"><pre><span></span><span class=\"gp\">&gt;&gt;&gt; </span><span class=\"n\">oEditor</span><span class=\"o\">.</span><span class=\"n\">GetPropertyValue</span>\n<span class=\"gp\">&gt;&gt;&gt; </span><span class=\"n\">oEditor</span><span class=\"o\">.</span><span class=\"n\">ChangeProperty</span>\n</pre></div>\n</div>\n</dd></dl>\n\n</section>\n", "metatags": "<meta name=\"generator\" content=\"Docutils 0.19: https://docutils.sourceforge.io/\" />\n", "rellinks": [["genindex", "General Index", "I", "index"], ["py-modindex", "Python Module Index", "", "modules"], ["API/_autosummary/pyaedt.modeler.Object3d.UserDefinedComponent.is3dcomponent", "is3dcomponent", "N", "next"], ["API/_autosummary/pyaedt.modeler.Object3d.UserDefinedComponent.update_native", "update_native", "P", "previous"]], "sourcename": "API/_autosummary/pyaedt.modeler.Object3d.UserDefinedComponent.group_name.rst.txt", "toc": "<ul>\n<li><a class=\"reference internal\" href=\"#\">group_name</a><ul>\n<li><a class=\"reference internal\" href=\"#pyaedt.modeler.Object3d.UserDefinedComponent.group_name\"><code class=\"docutils literal notranslate\"><span class=\"pre\">UserDefinedComponent.group_name</span></code></a></li>\n</ul>\n</li>\n</ul>\n", "display_toc": true, "page_source_suffix": ".rst", "current_page_name": "API/_autosummary/pyaedt.modeler.Object3d.UserDefinedComponent.group_name", "sidebars": ["search-field.html", "sidebar-nav-bs.html"], "customsidebar": null, "favicon_url": null, "logo_url": null, "alabaster_version": "0.7.12", "theme_show_toc_level": 1, "theme_logo": {}}