{"parents": [{"link": "../../", "title": "API reference"}, {"link": "../../Application/", "title": "AEDT apps"}, {"link": "../pyaedt.Circuit/", "title": "pyaedt.Circuit"}], "prev": {"link": "../pyaedt.Circuit.o_maxwell_parameters/", "title": "o_maxwell_parameters"}, "next": {"link": "../pyaedt.Circuit.o_symbol_manager/", "title": "o_symbol_manager"}, "title": "o_model_manager", "meta": {}, "body": "<section id=\"o-model-manager\">\n<h1>o_model_manager<a class=\"headerlink\" href=\"#o-model-manager\" title=\"Permalink to this heading\">#</a></h1>\n<dl class=\"py property\">\n<dt class=\"sig sig-object py\" id=\"pyaedt.Circuit.o_model_manager\">\n<em class=\"property\"><span class=\"pre\">property</span><span class=\"w\"> </span></em><span class=\"sig-prename descclassname\"><span class=\"pre\">Circuit.</span></span><span class=\"sig-name descname\"><span class=\"pre\">o_model_manager</span></span><a class=\"headerlink\" href=\"#pyaedt.Circuit.o_model_manager\" title=\"Permalink to this definition\">#</a></dt>\n<dd><p>Model manager object.</p>\n</dd></dl>\n\n</section>\n", "metatags": "<meta name=\"generator\" content=\"Docutils 0.19: https://docutils.sourceforge.io/\" />\n", "rellinks": [["genindex", "General Index", "I", "index"], ["py-modindex", "Python Module Index", "", "modules"], ["API/_autosummary/pyaedt.Circuit.o_symbol_manager", "o_symbol_manager", "N", "next"], ["API/_autosummary/pyaedt.Circuit.o_maxwell_parameters", "o_maxwell_parameters", "P", "previous"]], "sourcename": "API/_autosummary/pyaedt.Circuit.o_model_manager.rst.txt", "toc": "<ul>\n<li><a class=\"reference internal\" href=\"#\">o_model_manager</a><ul>\n<li><a class=\"reference internal\" href=\"#pyaedt.Circuit.o_model_manager\"><code class=\"docutils literal notranslate\"><span class=\"pre\">Circuit.o_model_manager</span></code></a></li>\n</ul>\n</li>\n</ul>\n", "display_toc": true, "page_source_suffix": ".rst", "current_page_name": "API/_autosummary/pyaedt.Circuit.o_model_manager", "sidebars": ["search-field.html", "sidebar-nav-bs.html"], "customsidebar": null, "favicon_url": null, "logo_url": null, "alabaster_version": "0.7.12", "theme_show_toc_level": 1, "theme_logo": {}}