{"parents": [{"link": "../../", "title": "API reference"}, {"link": "../../Application/", "title": "AEDT apps"}, {"link": "../pyaedt.Maxwell2d/", "title": "pyaedt.Maxwell2d"}], "prev": {"link": "../pyaedt.Maxwell2d.get_object_material_properties/", "title": "get_object_material_properties"}, "next": {"link": "../pyaedt.Maxwell2d.get_oo_object/", "title": "get_oo_object"}, "title": "get_oo_name", "meta": {}, "body": "<section id=\"get-oo-name\">\n<h1>get_oo_name<a class=\"headerlink\" href=\"#get-oo-name\" title=\"Permalink to this heading\">#</a></h1>\n<dl class=\"py method\">\n<dt class=\"sig sig-object py\" id=\"pyaedt.Maxwell2d.get_oo_name\">\n<span class=\"sig-prename descclassname\"><span class=\"pre\">Maxwell2d.</span></span><span class=\"sig-name descname\"><span class=\"pre\">get_oo_name</span></span><span class=\"sig-paren\">(</span><em class=\"sig-param\"><span class=\"n\"><span class=\"pre\">aedt_object</span></span></em>, <em class=\"sig-param\"><span class=\"n\"><span class=\"pre\">object_name</span></span><span class=\"o\"><span class=\"pre\">=</span></span><span class=\"default_value\"><span class=\"pre\">None</span></span></em><span class=\"sig-paren\">)</span><a class=\"headerlink\" href=\"#pyaedt.Maxwell2d.get_oo_name\" title=\"Permalink to this definition\">#</a></dt>\n<dd><p>Return the Object Oriented AEDT Properties names.</p>\n<dl class=\"field-list\">\n<dt class=\"field-odd\">Parameters<span class=\"colon\">:</span></dt>\n<dd class=\"field-odd\"><dl>\n<dt><strong>aedt_object</strong><span class=\"classifier\"><a class=\"reference external\" href=\"https://docs.python.org/dev/library/functions.html#object\" title=\"(in Python v3.12)\"><code class=\"xref py py-obj docutils literal notranslate\"><span class=\"pre\">object</span></code></a></span></dt><dd><p>AEDT Object on which search for property. It can be any oProperty (ex. oDesign).</p>\n</dd>\n<dt><strong>object_name</strong><span class=\"classifier\"><a class=\"reference external\" href=\"https://docs.python.org/dev/library/stdtypes.html#str\" title=\"(in Python v3.12)\"><code class=\"docutils literal notranslate\"><span class=\"pre\">str</span></code></a>, <code class=\"xref py py-obj docutils literal notranslate\"><span class=\"pre\">optional</span></code></span></dt><dd><p>Path to the object list. Example <cite>\u201cDesignNameBoundaries\u201d</cite>.</p>\n</dd>\n</dl>\n</dd>\n<dt class=\"field-even\">Returns<span class=\"colon\">:</span></dt>\n<dd class=\"field-even\"><dl class=\"simple\">\n<dt><a class=\"reference external\" href=\"https://docs.python.org/dev/library/stdtypes.html#list\" title=\"(in Python v3.12)\"><code class=\"docutils literal notranslate\"><span class=\"pre\">list</span></code></a></dt><dd><p>Values returned by method if any.</p>\n</dd>\n</dl>\n</dd>\n</dl>\n</dd></dl>\n\n</section>\n", "metatags": "<meta name=\"generator\" content=\"Docutils 0.19: https://docutils.sourceforge.io/\" />\n", "rellinks": [["genindex", "General Index", "I", "index"], ["py-modindex", "Python Module Index", "", "modules"], ["API/_autosummary/pyaedt.Maxwell2d.get_oo_object", "get_oo_object", "N", "next"], ["API/_autosummary/pyaedt.Maxwell2d.get_object_material_properties", "get_object_material_properties", "P", "previous"]], "sourcename": "API/_autosummary/pyaedt.Maxwell2d.get_oo_name.rst.txt", "toc": "<ul>\n<li><a class=\"reference internal\" href=\"#\">get_oo_name</a><ul>\n<li><a class=\"reference internal\" href=\"#pyaedt.Maxwell2d.get_oo_name\"><code class=\"docutils literal notranslate\"><span class=\"pre\">Maxwell2d.get_oo_name()</span></code></a></li>\n</ul>\n</li>\n</ul>\n", "display_toc": true, "page_source_suffix": ".rst", "current_page_name": "API/_autosummary/pyaedt.Maxwell2d.get_oo_name", "sidebars": ["search-field.html", "sidebar-nav-bs.html"], "customsidebar": null, "favicon_url": null, "logo_url": null, "alabaster_version": "0.7.12", "theme_show_toc_level": 1, "theme_logo": {}}