{"parents": [{"link": "../../", "title": "API reference"}, {"link": "../../Common/", "title": "Desktop and common classes"}, {"link": "../../Stackup3D/", "title": "Stackup 3D components"}, {"link": "../pyaedt.modeler.stackup_3d.Stackup3D/", "title": "pyaedt.modeler.stackup_3d.Stackup3D"}], "prev": {"link": "../pyaedt.modeler.stackup_3d.Stackup3D.add_padstack/", "title": "add_padstack"}, "next": {"link": "../pyaedt.modeler.stackup_3d.Stackup3D.resize/", "title": "resize"}, "title": "add_signal_layer", "meta": {}, "body": "<section id=\"add-signal-layer\">\n<h1>add_signal_layer<a class=\"headerlink\" href=\"#add-signal-layer\" title=\"Permalink to this heading\">#</a></h1>\n<dl class=\"py method\">\n<dt class=\"sig sig-object py\" id=\"pyaedt.modeler.stackup_3d.Stackup3D.add_signal_layer\">\n<span class=\"sig-prename descclassname\"><span class=\"pre\">Stackup3D.</span></span><span class=\"sig-name descname\"><span class=\"pre\">add_signal_layer</span></span><span class=\"sig-paren\">(</span><em class=\"sig-param\"><span class=\"n\"><span class=\"pre\">name</span></span></em>, <em class=\"sig-param\"><span class=\"n\"><span class=\"pre\">material</span></span><span class=\"o\"><span class=\"pre\">=</span></span><span class=\"default_value\"><span class=\"pre\">'copper'</span></span></em>, <em class=\"sig-param\"><span class=\"n\"><span class=\"pre\">thickness</span></span><span class=\"o\"><span class=\"pre\">=</span></span><span class=\"default_value\"><span class=\"pre\">0.035</span></span></em>, <em class=\"sig-param\"><span class=\"n\"><span class=\"pre\">fill_material</span></span><span class=\"o\"><span class=\"pre\">=</span></span><span class=\"default_value\"><span class=\"pre\">'FR4_epoxy'</span></span></em>, <em class=\"sig-param\"><span class=\"n\"><span class=\"pre\">frequency</span></span><span class=\"o\"><span class=\"pre\">=</span></span><span class=\"default_value\"><span class=\"pre\">None</span></span></em><span class=\"sig-paren\">)</span><a class=\"reference internal\" href=\"../../../_modules/pyaedt/modeler/stackup_3d/#Stackup3D.add_signal_layer\"><span class=\"viewcode-link\"><span class=\"pre\">[source]</span></span></a><a class=\"headerlink\" href=\"#pyaedt.modeler.stackup_3d.Stackup3D.add_signal_layer\" title=\"Permalink to this definition\">#</a></dt>\n<dd><p>Add a new ground layer to the stackup.\nA signal layer is positive. The layer is entirely filled with the fill material.\nAnything will be drawn material.</p>\n<dl class=\"field-list\">\n<dt class=\"field-odd\">Parameters<span class=\"colon\">:</span></dt>\n<dd class=\"field-odd\"><dl>\n<dt><strong>name</strong><span class=\"classifier\"><a class=\"reference external\" href=\"https://docs.python.org/dev/library/stdtypes.html#str\" title=\"(in Python v3.12)\"><code class=\"docutils literal notranslate\"><span class=\"pre\">str</span></code></a></span></dt><dd><p>Layer name.</p>\n</dd>\n<dt><strong>material</strong><span class=\"classifier\"><a class=\"reference external\" href=\"https://docs.python.org/dev/library/stdtypes.html#str\" title=\"(in Python v3.12)\"><code class=\"docutils literal notranslate\"><span class=\"pre\">str</span></code></a></span></dt><dd><p>Material name. Material will be parametrized.</p>\n</dd>\n<dt><strong>thickness</strong><span class=\"classifier\"><a class=\"reference external\" href=\"https://docs.python.org/dev/library/functions.html#float\" title=\"(in Python v3.12)\"><code class=\"docutils literal notranslate\"><span class=\"pre\">float</span></code></a>, <a class=\"reference external\" href=\"https://docs.python.org/dev/library/stdtypes.html#str\" title=\"(in Python v3.12)\"><code class=\"docutils literal notranslate\"><span class=\"pre\">str</span></code></a>, <a class=\"reference external\" href=\"https://docs.python.org/dev/library/constants.html#None\" title=\"(in Python v3.12)\"><code class=\"docutils literal notranslate\"><span class=\"pre\">None</span></code></a></span></dt><dd><p>Thickness value. Thickness will be parametrized.</p>\n</dd>\n<dt><strong>fill_material</strong><span class=\"classifier\"><a class=\"reference external\" href=\"https://docs.python.org/dev/library/stdtypes.html#str\" title=\"(in Python v3.12)\"><code class=\"docutils literal notranslate\"><span class=\"pre\">str</span></code></a></span></dt><dd><p>Fill Material name. Material will be parametrized.=</p>\n</dd>\n<dt><strong>material</strong><span class=\"classifier\"><a class=\"reference external\" href=\"https://docs.python.org/dev/library/stdtypes.html#str\" title=\"(in Python v3.12)\"><code class=\"docutils literal notranslate\"><span class=\"pre\">str</span></code></a>, <code class=\"xref py py-obj docutils literal notranslate\"><span class=\"pre\">optional</span></code></span></dt><dd><p>Material name. Material will be parametrized. Default value is <cite>\u201ccopper\u201d</cite>.</p>\n</dd>\n<dt><strong>thickness</strong><span class=\"classifier\"><a class=\"reference external\" href=\"https://docs.python.org/dev/library/functions.html#float\" title=\"(in Python v3.12)\"><code class=\"docutils literal notranslate\"><span class=\"pre\">float</span></code></a>, <code class=\"xref py py-obj docutils literal notranslate\"><span class=\"pre\">optional</span></code></span></dt><dd><p>Thickness value. Thickness will be parametrized. Default value is <cite>0.035</cite>.</p>\n</dd>\n<dt><strong>fill_material</strong><span class=\"classifier\"><a class=\"reference external\" href=\"https://docs.python.org/dev/library/stdtypes.html#str\" title=\"(in Python v3.12)\"><code class=\"docutils literal notranslate\"><span class=\"pre\">str</span></code></a>, <code class=\"xref py py-obj docutils literal notranslate\"><span class=\"pre\">optional</span></code></span></dt><dd><p>Fill material name. Material will be parametrized. Default value is <cite>\u201cFR4_epoxy\u201d</cite>.</p>\n</dd>\n<dt><strong>frequency</strong><span class=\"classifier\"><a class=\"reference external\" href=\"https://docs.python.org/dev/library/functions.html#float\" title=\"(in Python v3.12)\"><code class=\"docutils literal notranslate\"><span class=\"pre\">float</span></code></a>, <code class=\"xref py py-obj docutils literal notranslate\"><span class=\"pre\">optional</span></code></span></dt><dd><p>The layer frequency, it will be common to all geometric shapes on the layer. The default is None, so each\nshape must have their own frequency.</p>\n</dd>\n</dl>\n</dd>\n<dt class=\"field-even\">Returns<span class=\"colon\">:</span></dt>\n<dd class=\"field-even\"><dl class=\"simple\">\n<dt><a class=\"reference internal\" href=\"../pyaedt.modeler.stackup_3d.Layer3D/#pyaedt.modeler.stackup_3d.Layer3D\" title=\"pyaedt.modeler.stackup_3d.Layer3D\"><code class=\"xref py py-class docutils literal notranslate\"><span class=\"pre\">pyaedt.modeler.stackup_3d.Layer3D</span></code></a></dt><dd><p>Layer object.</p>\n</dd>\n</dl>\n</dd>\n</dl>\n<p class=\"rubric\">Examples</p>\n<div class=\"doctest highlight-default notranslate\"><div class=\"highlight\"><pre><span></span><span class=\"gp\">&gt;&gt;&gt; </span><span class=\"kn\">from</span> <span class=\"nn\">pyaedt</span> <span class=\"kn\">import</span> <span class=\"n\">Hfss</span>\n<span class=\"gp\">&gt;&gt;&gt; </span><span class=\"kn\">from</span> <span class=\"nn\">pyaedt.modeler.stackup_3d</span> <span class=\"kn\">import</span> <span class=\"n\">Stackup3D</span>\n<span class=\"gp\">&gt;&gt;&gt; </span><span class=\"n\">hfss</span> <span class=\"o\">=</span> <span class=\"n\">Hfss</span><span class=\"p\">()</span>\n<span class=\"gp\">&gt;&gt;&gt; </span><span class=\"n\">my_stackup</span> <span class=\"o\">=</span> <span class=\"n\">Stackup3D</span><span class=\"p\">(</span><span class=\"n\">hfss</span><span class=\"p\">,</span> <span class=\"mf\">2.5e9</span><span class=\"p\">)</span>\n<span class=\"gp\">&gt;&gt;&gt; </span><span class=\"n\">my_signal_layer</span> <span class=\"o\">=</span> <span class=\"n\">my_stackup</span><span class=\"o\">.</span><span class=\"n\">add_signal_layer</span><span class=\"p\">(</span><span class=\"s2\">&quot;signal_layer&quot;</span><span class=\"p\">)</span>\n</pre></div>\n</div>\n</dd></dl>\n\n</section>\n", "metatags": "<meta name=\"generator\" content=\"Docutils 0.19: https://docutils.sourceforge.io/\" />\n", "rellinks": [["genindex", "General Index", "I", "index"], ["py-modindex", "Python Module Index", "", "modules"], ["API/_autosummary/pyaedt.modeler.stackup_3d.Stackup3D.resize", "resize", "N", "next"], ["API/_autosummary/pyaedt.modeler.stackup_3d.Stackup3D.add_padstack", "add_padstack", "P", "previous"]], "sourcename": "API/_autosummary/pyaedt.modeler.stackup_3d.Stackup3D.add_signal_layer.rst.txt", "toc": "<ul>\n<li><a class=\"reference internal\" href=\"#\">add_signal_layer</a><ul>\n<li><a class=\"reference internal\" href=\"#pyaedt.modeler.stackup_3d.Stackup3D.add_signal_layer\"><code class=\"docutils literal notranslate\"><span class=\"pre\">Stackup3D.add_signal_layer()</span></code></a></li>\n</ul>\n</li>\n</ul>\n", "display_toc": true, "page_source_suffix": ".rst", "current_page_name": "API/_autosummary/pyaedt.modeler.stackup_3d.Stackup3D.add_signal_layer", "sidebars": ["search-field.html", "sidebar-nav-bs.html"], "customsidebar": null, "favicon_url": null, "logo_url": null, "alabaster_version": "0.7.12", "theme_show_toc_level": 1, "theme_logo": {}}