{"parents": [{"link": "../../", "title": "API reference"}, {"link": "../../Application/", "title": "AEDT apps"}, {"link": "../pyaedt.Maxwell3d/", "title": "pyaedt.Maxwell3d"}], "prev": {"link": "../pyaedt.Maxwell3d.design_datasets/", "title": "design_datasets"}, "next": {"link": "../pyaedt.Maxwell3d.design_list/", "title": "design_list"}, "title": "design_file", "meta": {}, "body": "<section id=\"design-file\">\n<h1>design_file<a class=\"headerlink\" href=\"#design-file\" title=\"Permalink to this heading\">#</a></h1>\n<dl class=\"py property\">\n<dt class=\"sig sig-object py\" id=\"pyaedt.Maxwell3d.design_file\">\n<em class=\"property\"><span class=\"pre\">property</span><span class=\"w\"> </span></em><span class=\"sig-prename descclassname\"><span class=\"pre\">Maxwell3d.</span></span><span class=\"sig-name descname\"><span class=\"pre\">design_file</span></span><a class=\"headerlink\" href=\"#pyaedt.Maxwell3d.design_file\" title=\"Permalink to this definition\">#</a></dt>\n<dd><p>Design file.</p>\n</dd></dl>\n\n</section>\n", "metatags": "<meta name=\"generator\" content=\"Docutils 0.19: https://docutils.sourceforge.io/\" />\n", "rellinks": [["genindex", "General Index", "I", "index"], ["py-modindex", "Python Module Index", "", "modules"], ["API/_autosummary/pyaedt.Maxwell3d.design_list", "design_list", "N", "next"], ["API/_autosummary/pyaedt.Maxwell3d.design_datasets", "design_datasets", "P", "previous"]], "sourcename": "API/_autosummary/pyaedt.Maxwell3d.design_file.rst.txt", "toc": "<ul>\n<li><a class=\"reference internal\" href=\"#\">design_file</a><ul>\n<li><a class=\"reference internal\" href=\"#pyaedt.Maxwell3d.design_file\"><code class=\"docutils literal notranslate\"><span class=\"pre\">Maxwell3d.design_file</span></code></a></li>\n</ul>\n</li>\n</ul>\n", "display_toc": true, "page_source_suffix": ".rst", "current_page_name": "API/_autosummary/pyaedt.Maxwell3d.design_file", "sidebars": ["search-field.html", "sidebar-nav-bs.html"], "customsidebar": null, "favicon_url": null, "logo_url": null, "alabaster_version": "0.7.12", "theme_show_toc_level": 1, "theme_logo": {}}