{"parents": [{"link": "../../", "title": "API reference"}, {"link": "../../Primitives/", "title": "Modeler and  primitives"}, {"link": "../pyaedt.modeler.Model2D.Modeler2D/", "title": "pyaedt.modeler.Model2D.Modeler2D"}], "prev": {"link": "../pyaedt.modeler.Model2D.Modeler2D.create_spiral_on_face/", "title": "create_spiral_on_face"}, "next": {"link": "../pyaedt.modeler.Model2D.Modeler2D.delete/", "title": "delete"}, "title": "create_udp", "meta": {}, "body": "<section id=\"create-udp\">\n<h1>create_udp<a class=\"headerlink\" href=\"#create-udp\" title=\"Permalink to this heading\">#</a></h1>\n<dl class=\"py method\">\n<dt class=\"sig sig-object py\" id=\"pyaedt.modeler.Model2D.Modeler2D.create_udp\">\n<span class=\"sig-prename descclassname\"><span class=\"pre\">Modeler2D.</span></span><span class=\"sig-name descname\"><span class=\"pre\">create_udp</span></span><span class=\"sig-paren\">(</span><em class=\"sig-param\"><span class=\"n\"><span class=\"pre\">udp_dll_name</span></span></em>, <em class=\"sig-param\"><span class=\"n\"><span class=\"pre\">udp_parameters_list</span></span></em>, <em class=\"sig-param\"><span class=\"n\"><span class=\"pre\">upd_library</span></span><span class=\"o\"><span class=\"pre\">=</span></span><span class=\"default_value\"><span class=\"pre\">'syslib'</span></span></em>, <em class=\"sig-param\"><span class=\"n\"><span class=\"pre\">name</span></span><span class=\"o\"><span class=\"pre\">=</span></span><span class=\"default_value\"><span class=\"pre\">None</span></span></em><span class=\"sig-paren\">)</span><a class=\"headerlink\" href=\"#pyaedt.modeler.Model2D.Modeler2D.create_udp\" title=\"Permalink to this definition\">#</a></dt>\n<dd><p>Create a user-defined primitive (UDP).</p>\n<dl class=\"field-list\">\n<dt class=\"field-odd\">Parameters<span class=\"colon\">:</span></dt>\n<dd class=\"field-odd\"><dl>\n<dt><strong>udp_dll_name</strong><span class=\"classifier\"><a class=\"reference external\" href=\"https://docs.python.org/dev/library/stdtypes.html#str\" title=\"(in Python v3.12)\"><code class=\"docutils literal notranslate\"><span class=\"pre\">str</span></code></a></span></dt><dd><p>Name of the UDP DLL or Python file. The default for the file format\nis <code class=\"docutils literal notranslate\"><span class=\"pre\">&quot;.dll&quot;</span></code>.</p>\n</dd>\n<dt><strong>udp_parameters_list</strong></dt><dd><p>List of the UDP parameters.</p>\n</dd>\n<dt><strong>upd_library</strong><span class=\"classifier\"><a class=\"reference external\" href=\"https://docs.python.org/dev/library/stdtypes.html#str\" title=\"(in Python v3.12)\"><code class=\"docutils literal notranslate\"><span class=\"pre\">str</span></code></a>, <code class=\"xref py py-obj docutils literal notranslate\"><span class=\"pre\">optional</span></code></span></dt><dd><p>Name of the UDP library. The default is <code class=\"docutils literal notranslate\"><span class=\"pre\">&quot;syslib&quot;</span></code>.</p>\n</dd>\n<dt><strong>name</strong><span class=\"classifier\"><a class=\"reference external\" href=\"https://docs.python.org/dev/library/stdtypes.html#str\" title=\"(in Python v3.12)\"><code class=\"docutils literal notranslate\"><span class=\"pre\">str</span></code></a>, <code class=\"xref py py-obj docutils literal notranslate\"><span class=\"pre\">optional</span></code></span></dt><dd><p>Name of the component. The default is <code class=\"docutils literal notranslate\"><span class=\"pre\">None</span></code>.</p>\n</dd>\n</dl>\n</dd>\n<dt class=\"field-even\">Returns<span class=\"colon\">:</span></dt>\n<dd class=\"field-even\"><dl class=\"simple\">\n<dt><a class=\"reference internal\" href=\"../pyaedt.modeler.Object3d.Object3d/#pyaedt.modeler.Object3d.Object3d\" title=\"pyaedt.modeler.Object3d.Object3d\"><code class=\"xref py py-class docutils literal notranslate\"><span class=\"pre\">pyaedt.modeler.Object3d.Object3d</span></code></a></dt><dd><p>UDP object created.</p>\n</dd>\n</dl>\n</dd>\n</dl>\n<p class=\"rubric\">References</p>\n<div class=\"doctest highlight-default notranslate\"><div class=\"highlight\"><pre><span></span><span class=\"gp\">&gt;&gt;&gt; </span><span class=\"n\">oEditor</span><span class=\"o\">.</span><span class=\"n\">CreateUserDefinedPart</span>\n</pre></div>\n</div>\n<p class=\"rubric\">Examples</p>\n<div class=\"doctest highlight-default notranslate\"><div class=\"highlight\"><pre><span></span><span class=\"gp\">&gt;&gt;&gt; </span><span class=\"n\">my_udp</span> <span class=\"o\">=</span> <span class=\"bp\">self</span><span class=\"o\">.</span><span class=\"n\">aedtapp</span><span class=\"o\">.</span><span class=\"n\">modeler</span><span class=\"o\">.</span><span class=\"n\">create_udp</span><span class=\"p\">(</span><span class=\"n\">udp_dll_name</span><span class=\"o\">=</span><span class=\"s2\">&quot;RMxprt/ClawPoleCore&quot;</span><span class=\"p\">,</span>\n<span class=\"gp\">... </span>                                         <span class=\"n\">udp_parameters_list</span><span class=\"o\">=</span><span class=\"n\">my_udpPairs</span><span class=\"p\">,</span>\n<span class=\"gp\">... </span>                                         <span class=\"n\">upd_library</span><span class=\"o\">=</span><span class=\"s2\">&quot;syslib&quot;</span><span class=\"p\">)</span>\n<span class=\"go\">&lt;class &#39;pyaedt.modeler.Object3d.Object3d&#39;&gt;</span>\n</pre></div>\n</div>\n</dd></dl>\n\n</section>\n", "metatags": "<meta name=\"generator\" content=\"Docutils 0.19: https://docutils.sourceforge.io/\" />\n", "rellinks": [["genindex", "General Index", "I", "index"], ["py-modindex", "Python Module Index", "", "modules"], ["API/_autosummary/pyaedt.modeler.Model2D.Modeler2D.delete", "delete", "N", "next"], ["API/_autosummary/pyaedt.modeler.Model2D.Modeler2D.create_spiral_on_face", "create_spiral_on_face", "P", "previous"]], "sourcename": "API/_autosummary/pyaedt.modeler.Model2D.Modeler2D.create_udp.rst.txt", "toc": "<ul>\n<li><a class=\"reference internal\" href=\"#\">create_udp</a><ul>\n<li><a class=\"reference internal\" href=\"#pyaedt.modeler.Model2D.Modeler2D.create_udp\"><code class=\"docutils literal notranslate\"><span class=\"pre\">Modeler2D.create_udp()</span></code></a></li>\n</ul>\n</li>\n</ul>\n", "display_toc": true, "page_source_suffix": ".rst", "current_page_name": "API/_autosummary/pyaedt.modeler.Model2D.Modeler2D.create_udp", "sidebars": ["search-field.html", "sidebar-nav-bs.html"], "customsidebar": null, "favicon_url": null, "logo_url": null, "alabaster_version": "0.7.12", "theme_show_toc_level": 1, "theme_logo": {}}