{"parents": [{"link": "../../", "title": "API reference"}, {"link": "../../Primitives/", "title": "Modeler and  primitives"}, {"link": "../pyaedt.modeler.Primitives3D.Primitives3D/", "title": "pyaedt.modeler.Primitives3D.Primitives3D"}], "prev": {"link": "../pyaedt.modeler.Primitives3D.Primitives3D.get_objects_by_material/", "title": "get_objects_by_material"}, "next": {"link": "../pyaedt.modeler.Primitives3D.Primitives3D.get_vertex_position/", "title": "get_vertex_position"}, "title": "get_objects_w_string", "meta": {}, "body": "<section id=\"get-objects-w-string\">\n<h1>get_objects_w_string<a class=\"headerlink\" href=\"#get-objects-w-string\" title=\"Permalink to this heading\">#</a></h1>\n<dl class=\"py method\">\n<dt class=\"sig sig-object py\" id=\"pyaedt.modeler.Primitives3D.Primitives3D.get_objects_w_string\">\n<span class=\"sig-prename descclassname\"><span class=\"pre\">Primitives3D.</span></span><span class=\"sig-name descname\"><span class=\"pre\">get_objects_w_string</span></span><span class=\"sig-paren\">(</span><em class=\"sig-param\"><span class=\"n\"><span class=\"pre\">stringname</span></span></em>, <em class=\"sig-param\"><span class=\"n\"><span class=\"pre\">case_sensitive</span></span><span class=\"o\"><span class=\"pre\">=</span></span><span class=\"default_value\"><span class=\"pre\">True</span></span></em><span class=\"sig-paren\">)</span><a class=\"headerlink\" href=\"#pyaedt.modeler.Primitives3D.Primitives3D.get_objects_w_string\" title=\"Permalink to this definition\">#</a></dt>\n<dd><p>Retrieve all objects with a given string in their names.</p>\n<dl class=\"field-list\">\n<dt class=\"field-odd\">Parameters<span class=\"colon\">:</span></dt>\n<dd class=\"field-odd\"><dl>\n<dt><strong>stringname</strong><span class=\"classifier\"><a class=\"reference external\" href=\"https://docs.python.org/dev/library/stdtypes.html#str\" title=\"(in Python v3.12)\"><code class=\"docutils literal notranslate\"><span class=\"pre\">str</span></code></a></span></dt><dd><p>String to search object names for.</p>\n</dd>\n<dt><strong>case_sensitive</strong><span class=\"classifier\"><a class=\"reference external\" href=\"https://docs.python.org/dev/library/stdtypes.html#bltin-boolean-values\" title=\"(in Python v3.12)\"><span class=\"xref std std-ref\">bool</span></a>, <code class=\"xref py py-obj docutils literal notranslate\"><span class=\"pre\">optional</span></code></span></dt><dd><p>Whether the string is case-sensitive. The default is <code class=\"docutils literal notranslate\"><span class=\"pre\">True</span></code>.</p>\n</dd>\n</dl>\n</dd>\n<dt class=\"field-even\">Returns<span class=\"colon\">:</span></dt>\n<dd class=\"field-even\"><dl class=\"simple\">\n<dt><a class=\"reference external\" href=\"https://docs.python.org/dev/library/stdtypes.html#list\" title=\"(in Python v3.12)\"><code class=\"docutils literal notranslate\"><span class=\"pre\">list</span></code></a></dt><dd><p>List of object names with the given string.</p>\n</dd>\n</dl>\n</dd>\n</dl>\n</dd></dl>\n\n</section>\n", "metatags": "<meta name=\"generator\" content=\"Docutils 0.19: https://docutils.sourceforge.io/\" />\n", "rellinks": [["genindex", "General Index", "I", "index"], ["py-modindex", "Python Module Index", "", "modules"], ["API/_autosummary/pyaedt.modeler.Primitives3D.Primitives3D.get_vertex_position", "get_vertex_position", "N", "next"], ["API/_autosummary/pyaedt.modeler.Primitives3D.Primitives3D.get_objects_by_material", "get_objects_by_material", "P", "previous"]], "sourcename": "API/_autosummary/pyaedt.modeler.Primitives3D.Primitives3D.get_objects_w_string.rst.txt", "toc": "<ul>\n<li><a class=\"reference internal\" href=\"#\">get_objects_w_string</a><ul>\n<li><a class=\"reference internal\" href=\"#pyaedt.modeler.Primitives3D.Primitives3D.get_objects_w_string\"><code class=\"docutils literal notranslate\"><span class=\"pre\">Primitives3D.get_objects_w_string()</span></code></a></li>\n</ul>\n</li>\n</ul>\n", "display_toc": true, "page_source_suffix": ".rst", "current_page_name": "API/_autosummary/pyaedt.modeler.Primitives3D.Primitives3D.get_objects_w_string", "sidebars": ["search-field.html", "sidebar-nav-bs.html"], "customsidebar": null, "favicon_url": null, "logo_url": null, "alabaster_version": "0.7.12", "theme_show_toc_level": 1, "theme_logo": {}}