{"parents": [{"link": "../../", "title": "API reference"}, {"link": "../../Primitives/", "title": "Modeler and  primitives"}], "prev": {"link": "../pyaedt.modeler.object3dlayout.Polygons3DLayout.top_edge_y/", "title": "top_edge_y"}, "next": {"link": "../pyaedt.modeler.object3dlayout.Circle3dLayout.change_property/", "title": "change_property"}, "title": "pyaedt.modeler.object3dlayout.Circle3dLayout", "meta": {}, "body": "<section id=\"pyaedt-modeler-object3dlayout-circle3dlayout\">\n<h1>pyaedt.modeler.object3dlayout.Circle3dLayout<a class=\"headerlink\" href=\"#pyaedt-modeler-object3dlayout-circle3dlayout\" title=\"Permalink to this heading\">#</a></h1>\n<dl class=\"py class\">\n<dt class=\"sig sig-object py\" id=\"pyaedt.modeler.object3dlayout.Circle3dLayout\">\n<em class=\"property\"><span class=\"pre\">class</span><span class=\"w\"> </span></em><span class=\"sig-prename descclassname\"><span class=\"pre\">pyaedt.modeler.object3dlayout.</span></span><span class=\"sig-name descname\"><span class=\"pre\">Circle3dLayout</span></span><span class=\"sig-paren\">(</span><em class=\"sig-param\"><span class=\"n\"><span class=\"pre\">primitives</span></span></em>, <em class=\"sig-param\"><span class=\"n\"><span class=\"pre\">name</span></span></em>, <em class=\"sig-param\"><span class=\"n\"><span class=\"pre\">is_void</span></span><span class=\"o\"><span class=\"pre\">=</span></span><span class=\"default_value\"><span class=\"pre\">False</span></span></em><span class=\"sig-paren\">)</span><a class=\"reference internal\" href=\"../../../_modules/pyaedt/modeler/object3dlayout/#Circle3dLayout\"><span class=\"viewcode-link\"><span class=\"pre\">[source]</span></span></a><a class=\"headerlink\" href=\"#pyaedt.modeler.object3dlayout.Circle3dLayout\" title=\"Permalink to this definition\">#</a></dt>\n<dd><p>Class for Hfss 3D Layout circles management.</p>\n<p class=\"rubric\">Methods</p>\n<table class=\"autosummary longtable docutils align-default\">\n<tbody>\n<tr class=\"row-odd\"><td><p><a class=\"reference internal\" href=\"../pyaedt.modeler.object3dlayout.Circle3dLayout.change_property/#pyaedt.modeler.object3dlayout.Circle3dLayout.change_property\" title=\"pyaedt.modeler.object3dlayout.Circle3dLayout.change_property\"><code class=\"xref py py-obj docutils literal notranslate\"><span class=\"pre\">Circle3dLayout.change_property</span></code></a>(property_val)</p></td>\n<td><p>Modify a property.</p></td>\n</tr>\n<tr class=\"row-even\"><td><p><a class=\"reference internal\" href=\"../pyaedt.modeler.object3dlayout.Circle3dLayout.create_clearance_on_component/#pyaedt.modeler.object3dlayout.Circle3dLayout.create_clearance_on_component\" title=\"pyaedt.modeler.object3dlayout.Circle3dLayout.create_clearance_on_component\"><code class=\"xref py py-obj docutils literal notranslate\"><span class=\"pre\">Circle3dLayout.create_clearance_on_component</span></code></a>([...])</p></td>\n<td><p>Create a Clearance on Soldermask layer by drawing a rectangle.</p></td>\n</tr>\n<tr class=\"row-odd\"><td><p><a class=\"reference internal\" href=\"../pyaedt.modeler.object3dlayout.Circle3dLayout.edge_by_point/#pyaedt.modeler.object3dlayout.Circle3dLayout.edge_by_point\" title=\"pyaedt.modeler.object3dlayout.Circle3dLayout.edge_by_point\"><code class=\"xref py py-obj docutils literal notranslate\"><span class=\"pre\">Circle3dLayout.edge_by_point</span></code></a>(point)</p></td>\n<td><p>Return the closest edge to specified point.</p></td>\n</tr>\n<tr class=\"row-even\"><td><p><a class=\"reference internal\" href=\"../pyaedt.modeler.object3dlayout.Circle3dLayout.get_property_value/#pyaedt.modeler.object3dlayout.Circle3dLayout.get_property_value\" title=\"pyaedt.modeler.object3dlayout.Circle3dLayout.get_property_value\"><code class=\"xref py py-obj docutils literal notranslate\"><span class=\"pre\">Circle3dLayout.get_property_value</span></code></a>(propertyname)</p></td>\n<td><p>Retrieve a property value.</p></td>\n</tr>\n<tr class=\"row-odd\"><td><p><a class=\"reference internal\" href=\"../pyaedt.modeler.object3dlayout.Circle3dLayout.set_property_value/#pyaedt.modeler.object3dlayout.Circle3dLayout.set_property_value\" title=\"pyaedt.modeler.object3dlayout.Circle3dLayout.set_property_value\"><code class=\"xref py py-obj docutils literal notranslate\"><span class=\"pre\">Circle3dLayout.set_property_value</span></code></a>(...)</p></td>\n<td><p>Set a property value.</p></td>\n</tr>\n</tbody>\n</table>\n<p class=\"rubric\">Attributes</p>\n<table class=\"autosummary longtable docutils align-default\">\n<tbody>\n<tr class=\"row-odd\"><td><p><a class=\"reference internal\" href=\"../pyaedt.modeler.object3dlayout.Circle3dLayout.absolute_angle/#pyaedt.modeler.object3dlayout.Circle3dLayout.absolute_angle\" title=\"pyaedt.modeler.object3dlayout.Circle3dLayout.absolute_angle\"><code class=\"xref py py-obj docutils literal notranslate\"><span class=\"pre\">Circle3dLayout.absolute_angle</span></code></a></p></td>\n<td><p>Get the absolute angle location for 2 pins components.</p></td>\n</tr>\n<tr class=\"row-even\"><td><p><a class=\"reference internal\" href=\"../pyaedt.modeler.object3dlayout.Circle3dLayout.angle/#pyaedt.modeler.object3dlayout.Circle3dLayout.angle\" title=\"pyaedt.modeler.object3dlayout.Circle3dLayout.angle\"><code class=\"xref py py-obj docutils literal notranslate\"><span class=\"pre\">Circle3dLayout.angle</span></code></a></p></td>\n<td><p>Get/Set the circle radius.</p></td>\n</tr>\n<tr class=\"row-odd\"><td><p><a class=\"reference internal\" href=\"../pyaedt.modeler.object3dlayout.Circle3dLayout.bottom_edge_x/#pyaedt.modeler.object3dlayout.Circle3dLayout.bottom_edge_x\" title=\"pyaedt.modeler.object3dlayout.Circle3dLayout.bottom_edge_x\"><code class=\"xref py py-obj docutils literal notranslate\"><span class=\"pre\">Circle3dLayout.bottom_edge_x</span></code></a></p></td>\n<td><p>Compute the lower edge in the layout on x direction.</p></td>\n</tr>\n<tr class=\"row-even\"><td><p><a class=\"reference internal\" href=\"../pyaedt.modeler.object3dlayout.Circle3dLayout.bottom_edge_y/#pyaedt.modeler.object3dlayout.Circle3dLayout.bottom_edge_y\" title=\"pyaedt.modeler.object3dlayout.Circle3dLayout.bottom_edge_y\"><code class=\"xref py py-obj docutils literal notranslate\"><span class=\"pre\">Circle3dLayout.bottom_edge_y</span></code></a></p></td>\n<td><p>Compute the lower edge in the layout on y direction.</p></td>\n</tr>\n<tr class=\"row-odd\"><td><p><a class=\"reference internal\" href=\"../pyaedt.modeler.object3dlayout.Circle3dLayout.bounding_box/#pyaedt.modeler.object3dlayout.Circle3dLayout.bounding_box\" title=\"pyaedt.modeler.object3dlayout.Circle3dLayout.bounding_box\"><code class=\"xref py py-obj docutils literal notranslate\"><span class=\"pre\">Circle3dLayout.bounding_box</span></code></a></p></td>\n<td><p>Get component bounding box.</p></td>\n</tr>\n<tr class=\"row-even\"><td><p><a class=\"reference internal\" href=\"../pyaedt.modeler.object3dlayout.Circle3dLayout.center/#pyaedt.modeler.object3dlayout.Circle3dLayout.center\" title=\"pyaedt.modeler.object3dlayout.Circle3dLayout.center\"><code class=\"xref py py-obj docutils literal notranslate\"><span class=\"pre\">Circle3dLayout.center</span></code></a></p></td>\n<td><p>Get/Set the circle center.</p></td>\n</tr>\n<tr class=\"row-odd\"><td><p><a class=\"reference internal\" href=\"../pyaedt.modeler.object3dlayout.Circle3dLayout.edges/#pyaedt.modeler.object3dlayout.Circle3dLayout.edges\" title=\"pyaedt.modeler.object3dlayout.Circle3dLayout.edges\"><code class=\"xref py py-obj docutils literal notranslate\"><span class=\"pre\">Circle3dLayout.edges</span></code></a></p></td>\n<td><p>Edges list.</p></td>\n</tr>\n<tr class=\"row-even\"><td><p><a class=\"reference internal\" href=\"../pyaedt.modeler.object3dlayout.Circle3dLayout.is_closed/#pyaedt.modeler.object3dlayout.Circle3dLayout.is_closed\" title=\"pyaedt.modeler.object3dlayout.Circle3dLayout.is_closed\"><code class=\"xref py py-obj docutils literal notranslate\"><span class=\"pre\">Circle3dLayout.is_closed</span></code></a></p></td>\n<td><p>Either if the Geometry is closed or not.</p></td>\n</tr>\n<tr class=\"row-odd\"><td><p><a class=\"reference internal\" href=\"../pyaedt.modeler.object3dlayout.Circle3dLayout.location/#pyaedt.modeler.object3dlayout.Circle3dLayout.location\" title=\"pyaedt.modeler.object3dlayout.Circle3dLayout.location\"><code class=\"xref py py-obj docutils literal notranslate\"><span class=\"pre\">Circle3dLayout.location</span></code></a></p></td>\n<td><p>Retrieve/Set the absolute location in model units.</p></td>\n</tr>\n<tr class=\"row-even\"><td><p><a class=\"reference internal\" href=\"../pyaedt.modeler.object3dlayout.Circle3dLayout.lock_position/#pyaedt.modeler.object3dlayout.Circle3dLayout.lock_position\" title=\"pyaedt.modeler.object3dlayout.Circle3dLayout.lock_position\"><code class=\"xref py py-obj docutils literal notranslate\"><span class=\"pre\">Circle3dLayout.lock_position</span></code></a></p></td>\n<td><p>Get/Set the lock position.</p></td>\n</tr>\n<tr class=\"row-odd\"><td><p><a class=\"reference internal\" href=\"../pyaedt.modeler.object3dlayout.Circle3dLayout.negative/#pyaedt.modeler.object3dlayout.Circle3dLayout.negative\" title=\"pyaedt.modeler.object3dlayout.Circle3dLayout.negative\"><code class=\"xref py py-obj docutils literal notranslate\"><span class=\"pre\">Circle3dLayout.negative</span></code></a></p></td>\n<td><p>Get/Set the negative.</p></td>\n</tr>\n<tr class=\"row-even\"><td><p><a class=\"reference internal\" href=\"../pyaedt.modeler.object3dlayout.Circle3dLayout.net_name/#pyaedt.modeler.object3dlayout.Circle3dLayout.net_name\" title=\"pyaedt.modeler.object3dlayout.Circle3dLayout.net_name\"><code class=\"xref py py-obj docutils literal notranslate\"><span class=\"pre\">Circle3dLayout.net_name</span></code></a></p></td>\n<td><p>Get/Set the net name.</p></td>\n</tr>\n<tr class=\"row-odd\"><td><p><a class=\"reference internal\" href=\"../pyaedt.modeler.object3dlayout.Circle3dLayout.object_units/#pyaedt.modeler.object3dlayout.Circle3dLayout.object_units\" title=\"pyaedt.modeler.object3dlayout.Circle3dLayout.object_units\"><code class=\"xref py py-obj docutils literal notranslate\"><span class=\"pre\">Circle3dLayout.object_units</span></code></a></p></td>\n<td><p>Object units.</p></td>\n</tr>\n<tr class=\"row-even\"><td><p><a class=\"reference internal\" href=\"../pyaedt.modeler.object3dlayout.Circle3dLayout.placement_layer/#pyaedt.modeler.object3dlayout.Circle3dLayout.placement_layer\" title=\"pyaedt.modeler.object3dlayout.Circle3dLayout.placement_layer\"><code class=\"xref py py-obj docutils literal notranslate\"><span class=\"pre\">Circle3dLayout.placement_layer</span></code></a></p></td>\n<td><p>Get/Set the placement layer of the object.</p></td>\n</tr>\n<tr class=\"row-odd\"><td><p><a class=\"reference internal\" href=\"../pyaedt.modeler.object3dlayout.Circle3dLayout.points/#pyaedt.modeler.object3dlayout.Circle3dLayout.points\" title=\"pyaedt.modeler.object3dlayout.Circle3dLayout.points\"><code class=\"xref py py-obj docutils literal notranslate\"><span class=\"pre\">Circle3dLayout.points</span></code></a></p></td>\n<td><p>Provide the polygon points.</p></td>\n</tr>\n<tr class=\"row-even\"><td><p><a class=\"reference internal\" href=\"../pyaedt.modeler.object3dlayout.Circle3dLayout.radius/#pyaedt.modeler.object3dlayout.Circle3dLayout.radius\" title=\"pyaedt.modeler.object3dlayout.Circle3dLayout.radius\"><code class=\"xref py py-obj docutils literal notranslate\"><span class=\"pre\">Circle3dLayout.radius</span></code></a></p></td>\n<td><p>Get/Set the circle radius.</p></td>\n</tr>\n<tr class=\"row-odd\"><td><p><a class=\"reference internal\" href=\"../pyaedt.modeler.object3dlayout.Circle3dLayout.top_edge_x/#pyaedt.modeler.object3dlayout.Circle3dLayout.top_edge_x\" title=\"pyaedt.modeler.object3dlayout.Circle3dLayout.top_edge_x\"><code class=\"xref py py-obj docutils literal notranslate\"><span class=\"pre\">Circle3dLayout.top_edge_x</span></code></a></p></td>\n<td><p>Compute the upper edge in the layout on x direction.</p></td>\n</tr>\n<tr class=\"row-even\"><td><p><a class=\"reference internal\" href=\"../pyaedt.modeler.object3dlayout.Circle3dLayout.top_edge_y/#pyaedt.modeler.object3dlayout.Circle3dLayout.top_edge_y\" title=\"pyaedt.modeler.object3dlayout.Circle3dLayout.top_edge_y\"><code class=\"xref py py-obj docutils literal notranslate\"><span class=\"pre\">Circle3dLayout.top_edge_y</span></code></a></p></td>\n<td><p>Compute the upper edge in the layout on y direction.</p></td>\n</tr>\n</tbody>\n</table>\n</dd></dl>\n\n</section>\n", "metatags": "<meta name=\"generator\" content=\"Docutils 0.19: https://docutils.sourceforge.io/\" />\n", "rellinks": [["genindex", "General Index", "I", "index"], ["py-modindex", "Python Module Index", "", "modules"], ["API/_autosummary/pyaedt.modeler.object3dlayout.Circle3dLayout.change_property", "change_property", "N", "next"], ["API/_autosummary/pyaedt.modeler.object3dlayout.Polygons3DLayout.top_edge_y", "top_edge_y", "P", "previous"]], "sourcename": "API/_autosummary/pyaedt.modeler.object3dlayout.Circle3dLayout.rst.txt", "toc": "<ul>\n<li><a class=\"reference internal\" href=\"#\">pyaedt.modeler.object3dlayout.Circle3dLayout</a><ul>\n<li><a class=\"reference internal\" href=\"#pyaedt.modeler.object3dlayout.Circle3dLayout\"><code class=\"docutils literal notranslate\"><span class=\"pre\">Circle3dLayout</span></code></a></li>\n</ul>\n</li>\n</ul>\n", "display_toc": true, "page_source_suffix": ".rst", "current_page_name": "API/_autosummary/pyaedt.modeler.object3dlayout.Circle3dLayout", "sidebars": ["search-field.html", "sidebar-nav-bs.html"], "customsidebar": null, "favicon_url": null, "logo_url": null, "alabaster_version": "0.7.12", "theme_show_toc_level": 1, "theme_logo": {}}