{"parents": [{"link": "../../", "title": "API reference"}, {"link": "../../Application/", "title": "AEDT apps"}, {"link": "../pyaedt.TwinBuilder/", "title": "pyaedt.TwinBuilder"}], "prev": {"link": "../pyaedt.TwinBuilder.edit_setup/", "title": "edit_setup"}, "next": {"link": "../pyaedt.TwinBuilder.export_convergence/", "title": "export_convergence"}, "title": "evaluate_expression", "meta": {}, "body": "<section id=\"evaluate-expression\">\n<h1>evaluate_expression<a class=\"headerlink\" href=\"#evaluate-expression\" title=\"Permalink to this heading\">#</a></h1>\n<dl class=\"py method\">\n<dt class=\"sig sig-object py\" id=\"pyaedt.TwinBuilder.evaluate_expression\">\n<span class=\"sig-prename descclassname\"><span class=\"pre\">TwinBuilder.</span></span><span class=\"sig-name descname\"><span class=\"pre\">evaluate_expression</span></span><span class=\"sig-paren\">(</span><em class=\"sig-param\"><span class=\"n\"><span class=\"pre\">expression_string</span></span></em><span class=\"sig-paren\">)</span><a class=\"headerlink\" href=\"#pyaedt.TwinBuilder.evaluate_expression\" title=\"Permalink to this definition\">#</a></dt>\n<dd><p>Evaluate a valid string expression and return the numerical value in SI units.</p>\n<dl class=\"field-list\">\n<dt class=\"field-odd\">Parameters<span class=\"colon\">:</span></dt>\n<dd class=\"field-odd\"><dl>\n<dt><strong>expression_string</strong><span class=\"classifier\"><a class=\"reference external\" href=\"https://docs.python.org/dev/library/stdtypes.html#str\" title=\"(in Python v3.12)\"><code class=\"docutils literal notranslate\"><span class=\"pre\">str</span></code></a></span></dt><dd><p>A valid string expression for a design property or project variable.\nFor example, <code class=\"docutils literal notranslate\"><span class=\"pre\">&quot;34mm*sqrt(2)&quot;</span></code> or <code class=\"docutils literal notranslate\"><span class=\"pre\">&quot;$G1*p2/34&quot;</span></code>.</p>\n</dd>\n</dl>\n</dd>\n<dt class=\"field-even\">Returns<span class=\"colon\">:</span></dt>\n<dd class=\"field-even\"><dl class=\"simple\">\n<dt><a class=\"reference external\" href=\"https://docs.python.org/dev/library/functions.html#float\" title=\"(in Python v3.12)\"><code class=\"docutils literal notranslate\"><span class=\"pre\">float</span></code></a></dt><dd><p>Evaluated value for the string expression.</p>\n</dd>\n</dl>\n</dd>\n</dl>\n</dd></dl>\n\n</section>\n", "metatags": "<meta name=\"generator\" content=\"Docutils 0.19: https://docutils.sourceforge.io/\" />\n", "rellinks": [["genindex", "General Index", "I", "index"], ["py-modindex", "Python Module Index", "", "modules"], ["API/_autosummary/pyaedt.TwinBuilder.export_convergence", "export_convergence", "N", "next"], ["API/_autosummary/pyaedt.TwinBuilder.edit_setup", "edit_setup", "P", "previous"]], "sourcename": "API/_autosummary/pyaedt.TwinBuilder.evaluate_expression.rst.txt", "toc": "<ul>\n<li><a class=\"reference internal\" href=\"#\">evaluate_expression</a><ul>\n<li><a class=\"reference internal\" href=\"#pyaedt.TwinBuilder.evaluate_expression\"><code class=\"docutils literal notranslate\"><span class=\"pre\">TwinBuilder.evaluate_expression()</span></code></a></li>\n</ul>\n</li>\n</ul>\n", "display_toc": true, "page_source_suffix": ".rst", "current_page_name": "API/_autosummary/pyaedt.TwinBuilder.evaluate_expression", "sidebars": ["search-field.html", "sidebar-nav-bs.html"], "customsidebar": null, "favicon_url": null, "logo_url": null, "alabaster_version": "0.7.12", "theme_show_toc_level": 1, "theme_logo": {}}