{"parents": [{"link": "../../", "title": "API reference"}, {"link": "../../CoreEdb/", "title": "EDB editor"}, {"link": "../pyaedt.edb_core.stackup.EdbStackup/", "title": "pyaedt.edb_core.stackup.EdbStackup"}], "prev": {"link": "../pyaedt.edb_core.stackup.EdbStackup.get_property_by_material_name/", "title": "get_property_by_material_name"}, "next": {"link": "../pyaedt.edb_core.stackup.EdbStackup.place_a3dcomp_3d_placement/", "title": "place_a3dcomp_3d_placement"}, "title": "material_name_to_id", "meta": {}, "body": "<section id=\"material-name-to-id\">\n<h1>material_name_to_id<a class=\"headerlink\" href=\"#material-name-to-id\" title=\"Permalink to this heading\">#</a></h1>\n<dl class=\"py method\">\n<dt class=\"sig sig-object py\" id=\"pyaedt.edb_core.stackup.EdbStackup.material_name_to_id\">\n<span class=\"sig-prename descclassname\"><span class=\"pre\">EdbStackup.</span></span><span class=\"sig-name descname\"><span class=\"pre\">material_name_to_id</span></span><span class=\"sig-paren\">(</span><em class=\"sig-param\"><span class=\"n\"><span class=\"pre\">property_name</span></span></em><span class=\"sig-paren\">)</span><a class=\"reference internal\" href=\"../../../_modules/pyaedt/edb_core/stackup/#EdbStackup.material_name_to_id\"><span class=\"viewcode-link\"><span class=\"pre\">[source]</span></span></a><a class=\"headerlink\" href=\"#pyaedt.edb_core.stackup.EdbStackup.material_name_to_id\" title=\"Permalink to this definition\">#</a></dt>\n<dd><p>Convert a material property name to a material property ID.</p>\n<dl class=\"field-list\">\n<dt class=\"field-odd\">Parameters<span class=\"colon\">:</span></dt>\n<dd class=\"field-odd\"><dl>\n<dt><strong>property_name</strong><span class=\"classifier\"><a class=\"reference external\" href=\"https://docs.python.org/dev/library/stdtypes.html#str\" title=\"(in Python v3.12)\"><code class=\"docutils literal notranslate\"><span class=\"pre\">str</span></code></a></span></dt><dd><p>Name of the material property.</p>\n</dd>\n</dl>\n</dd>\n<dt class=\"field-even\">Returns<span class=\"colon\">:</span></dt>\n<dd class=\"field-even\"><dl class=\"simple\">\n<dt><code class=\"xref py py-obj docutils literal notranslate\"><span class=\"pre\">ID</span></code> <code class=\"xref py py-obj docutils literal notranslate\"><span class=\"pre\">of</span></code> <code class=\"xref py py-obj docutils literal notranslate\"><span class=\"pre\">the</span></code> <code class=\"xref py py-obj docutils literal notranslate\"><span class=\"pre\">material</span></code> property.</dt><dd></dd>\n</dl>\n</dd>\n</dl>\n</dd></dl>\n\n</section>\n", "metatags": "<meta name=\"generator\" content=\"Docutils 0.19: https://docutils.sourceforge.io/\" />\n", "rellinks": [["genindex", "General Index", "I", "index"], ["py-modindex", "Python Module Index", "", "modules"], ["API/_autosummary/pyaedt.edb_core.stackup.EdbStackup.place_a3dcomp_3d_placement", "place_a3dcomp_3d_placement", "N", "next"], ["API/_autosummary/pyaedt.edb_core.stackup.EdbStackup.get_property_by_material_name", "get_property_by_material_name", "P", "previous"]], "sourcename": "API/_autosummary/pyaedt.edb_core.stackup.EdbStackup.material_name_to_id.rst.txt", "toc": "<ul>\n<li><a class=\"reference internal\" href=\"#\">material_name_to_id</a><ul>\n<li><a class=\"reference internal\" href=\"#pyaedt.edb_core.stackup.EdbStackup.material_name_to_id\"><code class=\"docutils literal notranslate\"><span class=\"pre\">EdbStackup.material_name_to_id()</span></code></a></li>\n</ul>\n</li>\n</ul>\n", "display_toc": true, "page_source_suffix": ".rst", "current_page_name": "API/_autosummary/pyaedt.edb_core.stackup.EdbStackup.material_name_to_id", "sidebars": ["search-field.html", "sidebar-nav-bs.html"], "customsidebar": null, "favicon_url": null, "logo_url": null, "alabaster_version": "0.7.12", "theme_show_toc_level": 1, "theme_logo": {}}