{"parents": [{"link": "../../", "title": "API reference"}, {"link": "../../Application/", "title": "AEDT apps"}, {"link": "../pyaedt.Circuit/", "title": "pyaedt.Circuit"}], "prev": {"link": "../pyaedt.Circuit.boundaries/", "title": "boundaries"}, "next": {"link": "../pyaedt.Circuit.design_datasets/", "title": "design_datasets"}, "title": "default_solution_type", "meta": {}, "body": "<section id=\"default-solution-type\">\n<h1>default_solution_type<a class=\"headerlink\" href=\"#default-solution-type\" title=\"Permalink to this heading\">#</a></h1>\n<dl class=\"py property\">\n<dt class=\"sig sig-object py\" id=\"pyaedt.Circuit.default_solution_type\">\n<em class=\"property\"><span class=\"pre\">property</span><span class=\"w\"> </span></em><span class=\"sig-prename descclassname\"><span class=\"pre\">Circuit.</span></span><span class=\"sig-name descname\"><span class=\"pre\">default_solution_type</span></span><a class=\"headerlink\" href=\"#pyaedt.Circuit.default_solution_type\" title=\"Permalink to this definition\">#</a></dt>\n<dd><p>Default solution type.</p>\n<dl class=\"field-list simple\">\n<dt class=\"field-odd\">Returns<span class=\"colon\">:</span></dt>\n<dd class=\"field-odd\"><dl class=\"simple\">\n<dt><a class=\"reference external\" href=\"https://docs.python.org/dev/library/stdtypes.html#str\" title=\"(in Python v3.12)\"><code class=\"docutils literal notranslate\"><span class=\"pre\">str</span></code></a></dt><dd><p>Default for the solution type.</p>\n</dd>\n</dl>\n</dd>\n</dl>\n</dd></dl>\n\n</section>\n", "metatags": "<meta name=\"generator\" content=\"Docutils 0.19: https://docutils.sourceforge.io/\" />\n", "rellinks": [["genindex", "General Index", "I", "index"], ["py-modindex", "Python Module Index", "", "modules"], ["API/_autosummary/pyaedt.Circuit.design_datasets", "design_datasets", "N", "next"], ["API/_autosummary/pyaedt.Circuit.boundaries", "boundaries", "P", "previous"]], "sourcename": "API/_autosummary/pyaedt.Circuit.default_solution_type.rst.txt", "toc": "<ul>\n<li><a class=\"reference internal\" href=\"#\">default_solution_type</a><ul>\n<li><a class=\"reference internal\" href=\"#pyaedt.Circuit.default_solution_type\"><code class=\"docutils literal notranslate\"><span class=\"pre\">Circuit.default_solution_type</span></code></a></li>\n</ul>\n</li>\n</ul>\n", "display_toc": true, "page_source_suffix": ".rst", "current_page_name": "API/_autosummary/pyaedt.Circuit.default_solution_type", "sidebars": ["search-field.html", "sidebar-nav-bs.html"], "customsidebar": null, "favicon_url": null, "logo_url": null, "alabaster_version": "0.7.12", "theme_show_toc_level": 1, "theme_logo": {}}