{"parents": [{"link": "../../", "title": "API reference"}, {"link": "../../Post/", "title": "Postprocessing"}, {"link": "../pyaedt.modules.PostProcessor.CircuitPostProcessor/", "title": "pyaedt.modules.PostProcessor.CircuitPostProcessor"}], "prev": {"link": "../pyaedt.modules.PostProcessor.CircuitPostProcessor.create_report_from_configuration/", "title": "create_report_from_configuration"}, "next": {"link": "../pyaedt.modules.PostProcessor.CircuitPostProcessor.delete_report/", "title": "delete_report"}, "title": "create_statistical_eye_plot", "meta": {}, "body": "<section id=\"create-statistical-eye-plot\">\n<h1>create_statistical_eye_plot<a class=\"headerlink\" href=\"#create-statistical-eye-plot\" title=\"Permalink to this heading\">#</a></h1>\n<dl class=\"py method\">\n<dt class=\"sig sig-object py\" id=\"pyaedt.modules.PostProcessor.CircuitPostProcessor.create_statistical_eye_plot\">\n<span class=\"sig-prename descclassname\"><span class=\"pre\">CircuitPostProcessor.</span></span><span class=\"sig-name descname\"><span class=\"pre\">create_statistical_eye_plot</span></span><span class=\"sig-paren\">(</span><em class=\"sig-param\"><span class=\"n\"><span class=\"pre\">setupname</span></span></em>, <em class=\"sig-param\"><span class=\"n\"><span class=\"pre\">probe_names</span></span></em>, <em class=\"sig-param\"><span class=\"n\"><span class=\"pre\">variation_list_w_value</span></span></em>, <em class=\"sig-param\"><span class=\"n\"><span class=\"pre\">ami_plot_type</span></span><span class=\"o\"><span class=\"pre\">=</span></span><span class=\"default_value\"><span class=\"pre\">'InitialEye'</span></span></em>, <em class=\"sig-param\"><span class=\"n\"><span class=\"pre\">plotname</span></span><span class=\"o\"><span class=\"pre\">=</span></span><span class=\"default_value\"><span class=\"pre\">None</span></span></em><span class=\"sig-paren\">)</span><a class=\"reference internal\" href=\"../../../_modules/pyaedt/modules/PostProcessor/#CircuitPostProcessor.create_statistical_eye_plot\"><span class=\"viewcode-link\"><span class=\"pre\">[source]</span></span></a><a class=\"headerlink\" href=\"#pyaedt.modules.PostProcessor.CircuitPostProcessor.create_statistical_eye_plot\" title=\"Permalink to this definition\">#</a></dt>\n<dd><p>Create a statistical QuickEye, VerifEye, and/or Statistical Eye plot.</p>\n<dl class=\"field-list\">\n<dt class=\"field-odd\">Parameters<span class=\"colon\">:</span></dt>\n<dd class=\"field-odd\"><dl>\n<dt><strong>setupname</strong><span class=\"classifier\"><a class=\"reference external\" href=\"https://docs.python.org/dev/library/stdtypes.html#str\" title=\"(in Python v3.12)\"><code class=\"docutils literal notranslate\"><span class=\"pre\">str</span></code></a></span></dt><dd><p>Name of the setup</p>\n</dd>\n<dt><strong>probe_names</strong><span class=\"classifier\"><a class=\"reference external\" href=\"https://docs.python.org/dev/library/stdtypes.html#str\" title=\"(in Python v3.12)\"><code class=\"docutils literal notranslate\"><span class=\"pre\">str</span></code></a> or <a class=\"reference external\" href=\"https://docs.python.org/dev/library/stdtypes.html#list\" title=\"(in Python v3.12)\"><code class=\"docutils literal notranslate\"><span class=\"pre\">list</span></code></a></span></dt><dd><p>Name of the probe to plot in the EYE diagram.</p>\n</dd>\n<dt><strong>variation_list_w_value</strong><span class=\"classifier\"><a class=\"reference external\" href=\"https://docs.python.org/dev/library/stdtypes.html#list\" title=\"(in Python v3.12)\"><code class=\"docutils literal notranslate\"><span class=\"pre\">list</span></code></a></span></dt><dd><p>List of variations with relative values.</p>\n</dd>\n<dt><strong>plotname</strong><span class=\"classifier\"><a class=\"reference external\" href=\"https://docs.python.org/dev/library/stdtypes.html#str\" title=\"(in Python v3.12)\"><code class=\"docutils literal notranslate\"><span class=\"pre\">str</span></code></a>, <code class=\"xref py py-obj docutils literal notranslate\"><span class=\"pre\">optional</span></code></span></dt><dd><p>The name of the plot.</p>\n</dd>\n</dl>\n</dd>\n<dt class=\"field-even\">Returns<span class=\"colon\">:</span></dt>\n<dd class=\"field-even\"><dl class=\"simple\">\n<dt><a class=\"reference external\" href=\"https://docs.python.org/dev/library/stdtypes.html#str\" title=\"(in Python v3.12)\"><code class=\"docutils literal notranslate\"><span class=\"pre\">str</span></code></a></dt><dd><p>The name of the plot.</p>\n</dd>\n</dl>\n</dd>\n</dl>\n<p class=\"rubric\">References</p>\n<div class=\"doctest highlight-default notranslate\"><div class=\"highlight\"><pre><span></span><span class=\"gp\">&gt;&gt;&gt; </span><span class=\"n\">oModule</span><span class=\"o\">.</span><span class=\"n\">CreateReport</span>\n</pre></div>\n</div>\n</dd></dl>\n\n</section>\n", "metatags": "<meta name=\"generator\" content=\"Docutils 0.19: https://docutils.sourceforge.io/\" />\n", "rellinks": [["genindex", "General Index", "I", "index"], ["py-modindex", "Python Module Index", "", "modules"], ["API/_autosummary/pyaedt.modules.PostProcessor.CircuitPostProcessor.delete_report", "delete_report", "N", "next"], ["API/_autosummary/pyaedt.modules.PostProcessor.CircuitPostProcessor.create_report_from_configuration", "create_report_from_configuration", "P", "previous"]], "sourcename": "API/_autosummary/pyaedt.modules.PostProcessor.CircuitPostProcessor.create_statistical_eye_plot.rst.txt", "toc": "<ul>\n<li><a class=\"reference internal\" href=\"#\">create_statistical_eye_plot</a><ul>\n<li><a class=\"reference internal\" href=\"#pyaedt.modules.PostProcessor.CircuitPostProcessor.create_statistical_eye_plot\"><code class=\"docutils literal notranslate\"><span class=\"pre\">CircuitPostProcessor.create_statistical_eye_plot()</span></code></a></li>\n</ul>\n</li>\n</ul>\n", "display_toc": true, "page_source_suffix": ".rst", "current_page_name": "API/_autosummary/pyaedt.modules.PostProcessor.CircuitPostProcessor.create_statistical_eye_plot", "sidebars": ["search-field.html", "sidebar-nav-bs.html"], "customsidebar": null, "favicon_url": null, "logo_url": null, "alabaster_version": "0.7.12", "theme_show_toc_level": 1, "theme_logo": {}}