{"parents": [{"link": "../../", "title": "API reference"}, {"link": "../../CoreEdb/", "title": "EDB editor"}, {"link": "../pyaedt.edb_core.stackup.LayerEdbClass/", "title": "pyaedt.edb_core.stackup.LayerEdbClass"}], "prev": {"link": "../pyaedt.edb_core.stackup.LayerEdbClass.thickness/", "title": "thickness"}, "next": {"link": "../pyaedt.edb_core.EDB_Data.EDBLayer/", "title": "pyaedt.edb_core.EDB_Data.EDBLayer"}, "title": "type", "meta": {}, "body": "<section id=\"type\">\n<h1>type<a class=\"headerlink\" href=\"#type\" title=\"Permalink to this heading\">#</a></h1>\n<dl class=\"py property\">\n<dt class=\"sig sig-object py\" id=\"pyaedt.edb_core.stackup.LayerEdbClass.type\">\n<em class=\"property\"><span class=\"pre\">property</span><span class=\"w\"> </span></em><span class=\"sig-prename descclassname\"><span class=\"pre\">LayerEdbClass.</span></span><span class=\"sig-name descname\"><span class=\"pre\">type</span></span><a class=\"headerlink\" href=\"#pyaedt.edb_core.stackup.LayerEdbClass.type\" title=\"Permalink to this definition\">#</a></dt>\n<dd><p>Retrieve type of the layer.</p>\n</dd></dl>\n\n</section>\n", "metatags": "<meta name=\"generator\" content=\"Docutils 0.19: https://docutils.sourceforge.io/\" />\n", "rellinks": [["genindex", "General Index", "I", "index"], ["py-modindex", "Python Module Index", "", "modules"], ["API/_autosummary/pyaedt.edb_core.EDB_Data.EDBLayer", "pyaedt.edb_core.EDB_Data.EDBLayer", "N", "next"], ["API/_autosummary/pyaedt.edb_core.stackup.LayerEdbClass.thickness", "thickness", "P", "previous"]], "sourcename": "API/_autosummary/pyaedt.edb_core.stackup.LayerEdbClass.type.rst.txt", "toc": "<ul>\n<li><a class=\"reference internal\" href=\"#\">type</a><ul>\n<li><a class=\"reference internal\" href=\"#pyaedt.edb_core.stackup.LayerEdbClass.type\"><code class=\"docutils literal notranslate\"><span class=\"pre\">LayerEdbClass.type</span></code></a></li>\n</ul>\n</li>\n</ul>\n", "display_toc": true, "page_source_suffix": ".rst", "current_page_name": "API/_autosummary/pyaedt.edb_core.stackup.LayerEdbClass.type", "sidebars": ["search-field.html", "sidebar-nav-bs.html"], "customsidebar": null, "favicon_url": null, "logo_url": null, "alabaster_version": "0.7.12", "theme_show_toc_level": 1, "theme_logo": {}}