{"parents": [{"link": "../../", "title": "API reference"}, {"link": "../../Application/", "title": "AEDT apps"}, {"link": "../pyaedt.Icepak/", "title": "pyaedt.Icepak"}], "prev": {"link": "../pyaedt.Icepak.flatten_3d_components/", "title": "flatten_3d_components"}, "next": {"link": "../pyaedt.Icepak.generate_temp_project_directory/", "title": "generate_temp_project_directory"}, "title": "generate_fluent_mesh", "meta": {}, "body": "<section id=\"generate-fluent-mesh\">\n<h1>generate_fluent_mesh<a class=\"headerlink\" href=\"#generate-fluent-mesh\" title=\"Permalink to this heading\">#</a></h1>\n<dl class=\"py method\">\n<dt class=\"sig sig-object py\" id=\"pyaedt.Icepak.generate_fluent_mesh\">\n<span class=\"sig-prename descclassname\"><span class=\"pre\">Icepak.</span></span><span class=\"sig-name descname\"><span class=\"pre\">generate_fluent_mesh</span></span><span class=\"sig-paren\">(</span><em class=\"sig-param\"><span class=\"n\"><span class=\"pre\">object_lists</span></span><span class=\"o\"><span class=\"pre\">=</span></span><span class=\"default_value\"><span class=\"pre\">None</span></span></em><span class=\"sig-paren\">)</span><a class=\"reference internal\" href=\"../../../_modules/pyaedt/icepak/#Icepak.generate_fluent_mesh\"><span class=\"viewcode-link\"><span class=\"pre\">[source]</span></span></a><a class=\"headerlink\" href=\"#pyaedt.Icepak.generate_fluent_mesh\" title=\"Permalink to this definition\">#</a></dt>\n<dd><p>Generate a Fluent mesh for a list of selected objects and assign the mesh automatically to the objects.</p>\n<dl class=\"field-list\">\n<dt class=\"field-odd\">Parameters<span class=\"colon\">:</span></dt>\n<dd class=\"field-odd\"><dl>\n<dt><strong>object_lists</strong><span class=\"classifier\"><a class=\"reference external\" href=\"https://docs.python.org/dev/library/stdtypes.html#list\" title=\"(in Python v3.12)\"><code class=\"docutils literal notranslate\"><span class=\"pre\">list</span></code></a>, <code class=\"xref py py-obj docutils literal notranslate\"><span class=\"pre\">optional</span></code></span></dt><dd><p>List of objects to compute the Fluent mesh on. The default is <code class=\"docutils literal notranslate\"><span class=\"pre\">None</span></code>, in which case\nall fluids objects are used to compute the mesh.</p>\n</dd>\n</dl>\n</dd>\n<dt class=\"field-even\">Returns<span class=\"colon\">:</span></dt>\n<dd class=\"field-even\"><dl class=\"simple\">\n<dt><code class=\"xref py py-class docutils literal notranslate\"><span class=\"pre\">pyaedt.modules.Mesh.MeshOperation</span></code></dt><dd></dd>\n</dl>\n</dd>\n</dl>\n</dd></dl>\n\n</section>\n", "metatags": "<meta name=\"generator\" content=\"Docutils 0.19: https://docutils.sourceforge.io/\" />\n", "rellinks": [["genindex", "General Index", "I", "index"], ["py-modindex", "Python Module Index", "", "modules"], ["API/_autosummary/pyaedt.Icepak.generate_temp_project_directory", "generate_temp_project_directory", "N", "next"], ["API/_autosummary/pyaedt.Icepak.flatten_3d_components", "flatten_3d_components", "P", "previous"]], "sourcename": "API/_autosummary/pyaedt.Icepak.generate_fluent_mesh.rst.txt", "toc": "<ul>\n<li><a class=\"reference internal\" href=\"#\">generate_fluent_mesh</a><ul>\n<li><a class=\"reference internal\" href=\"#pyaedt.Icepak.generate_fluent_mesh\"><code class=\"docutils literal notranslate\"><span class=\"pre\">Icepak.generate_fluent_mesh()</span></code></a></li>\n</ul>\n</li>\n</ul>\n", "display_toc": true, "page_source_suffix": ".rst", "current_page_name": "API/_autosummary/pyaedt.Icepak.generate_fluent_mesh", "sidebars": ["search-field.html", "sidebar-nav-bs.html"], "customsidebar": null, "favicon_url": null, "logo_url": null, "alabaster_version": "0.7.12", "theme_show_toc_level": 1, "theme_logo": {}}