{"parents": [{"link": "../../", "title": "API reference"}, {"link": "../../CoreEdb/", "title": "EDB editor"}, {"link": "../pyaedt.edb_core.stackup.EdbStackup/", "title": "pyaedt.edb_core.stackup.EdbStackup"}], "prev": {"link": "../pyaedt.edb_core.stackup.EdbStackup.place_a3dcomp_3d_placement/", "title": "place_a3dcomp_3d_placement"}, "next": {"link": "../pyaedt.edb_core.stackup.EdbStackup.place_in_layout_3d_placement/", "title": "place_in_layout_3d_placement"}, "title": "place_in_layout", "meta": {}, "body": "<section id=\"place-in-layout\">\n<h1>place_in_layout<a class=\"headerlink\" href=\"#place-in-layout\" title=\"Permalink to this heading\">#</a></h1>\n<dl class=\"py method\">\n<dt class=\"sig sig-object py\" id=\"pyaedt.edb_core.stackup.EdbStackup.place_in_layout\">\n<span class=\"sig-prename descclassname\"><span class=\"pre\">EdbStackup.</span></span><span class=\"sig-name descname\"><span class=\"pre\">place_in_layout</span></span><span class=\"sig-paren\">(</span><em class=\"sig-param\"><span class=\"n\"><span class=\"pre\">edb</span></span></em>, <em class=\"sig-param\"><span class=\"n\"><span class=\"pre\">angle</span></span><span class=\"o\"><span class=\"pre\">=</span></span><span class=\"default_value\"><span class=\"pre\">0.0</span></span></em>, <em class=\"sig-param\"><span class=\"n\"><span class=\"pre\">offset_x</span></span><span class=\"o\"><span class=\"pre\">=</span></span><span class=\"default_value\"><span class=\"pre\">0.0</span></span></em>, <em class=\"sig-param\"><span class=\"n\"><span class=\"pre\">offset_y</span></span><span class=\"o\"><span class=\"pre\">=</span></span><span class=\"default_value\"><span class=\"pre\">0.0</span></span></em>, <em class=\"sig-param\"><span class=\"n\"><span class=\"pre\">flipped_stackup</span></span><span class=\"o\"><span class=\"pre\">=</span></span><span class=\"default_value\"><span class=\"pre\">True</span></span></em>, <em class=\"sig-param\"><span class=\"n\"><span class=\"pre\">place_on_top</span></span><span class=\"o\"><span class=\"pre\">=</span></span><span class=\"default_value\"><span class=\"pre\">True</span></span></em><span class=\"sig-paren\">)</span><a class=\"reference internal\" href=\"../../../_modules/pyaedt/edb_core/stackup/#EdbStackup.place_in_layout\"><span class=\"viewcode-link\"><span class=\"pre\">[source]</span></span></a><a class=\"headerlink\" href=\"#pyaedt.edb_core.stackup.EdbStackup.place_in_layout\" title=\"Permalink to this definition\">#</a></dt>\n<dd><p>Place current Cell into another cell using layer placement method.\nFlip the current layer stackup of a layout if requested. Transform parameters currently not supported.</p>\n<dl class=\"field-list\">\n<dt class=\"field-odd\">Parameters<span class=\"colon\">:</span></dt>\n<dd class=\"field-odd\"><dl>\n<dt><strong>edb</strong><span class=\"classifier\"><code class=\"xref py py-obj docutils literal notranslate\"><span class=\"pre\">Edb</span></code></span></dt><dd><p>Cell on which to place the current layout. If None the Cell will be applied on an empty new Cell.</p>\n</dd>\n<dt><strong>angle</strong><span class=\"classifier\"><code class=\"xref py py-obj docutils literal notranslate\"><span class=\"pre\">double</span></code>, <code class=\"xref py py-obj docutils literal notranslate\"><span class=\"pre\">optional</span></code></span></dt><dd><p>The rotation angle applied on the design.</p>\n</dd>\n<dt><strong>offset_x</strong><span class=\"classifier\"><code class=\"xref py py-obj docutils literal notranslate\"><span class=\"pre\">double</span></code>, <code class=\"xref py py-obj docutils literal notranslate\"><span class=\"pre\">optional</span></code></span></dt><dd><p>The x offset value.</p>\n</dd>\n<dt><strong>offset_y</strong><span class=\"classifier\"><code class=\"xref py py-obj docutils literal notranslate\"><span class=\"pre\">double</span></code>, <code class=\"xref py py-obj docutils literal notranslate\"><span class=\"pre\">optional</span></code></span></dt><dd><p>The y offset value.</p>\n</dd>\n<dt><strong>flipped_stackup</strong><span class=\"classifier\"><a class=\"reference external\" href=\"https://docs.python.org/dev/library/stdtypes.html#bltin-boolean-values\" title=\"(in Python v3.12)\"><span class=\"xref std std-ref\">bool</span></a>, <code class=\"xref py py-obj docutils literal notranslate\"><span class=\"pre\">optional</span></code></span></dt><dd><p>Either if the current layout is inverted.\nIf <cite>True</cite> and place_on_top is <cite>True</cite> the stackup will be flipped before the merge.</p>\n</dd>\n<dt><strong>place_on_top</strong><span class=\"classifier\"><a class=\"reference external\" href=\"https://docs.python.org/dev/library/stdtypes.html#bltin-boolean-values\" title=\"(in Python v3.12)\"><span class=\"xref std std-ref\">bool</span></a>, <code class=\"xref py py-obj docutils literal notranslate\"><span class=\"pre\">optional</span></code></span></dt><dd><p>Either if place the current layout on Top or Bottom of destination Layout.</p>\n</dd>\n</dl>\n</dd>\n<dt class=\"field-even\">Returns<span class=\"colon\">:</span></dt>\n<dd class=\"field-even\"><dl class=\"simple\">\n<dt><a class=\"reference external\" href=\"https://docs.python.org/dev/library/stdtypes.html#bltin-boolean-values\" title=\"(in Python v3.12)\"><span class=\"xref std std-ref\">bool</span></a></dt><dd><p><code class=\"docutils literal notranslate\"><span class=\"pre\">True</span></code> when succeed <code class=\"docutils literal notranslate\"><span class=\"pre\">False</span></code> if not.</p>\n</dd>\n</dl>\n</dd>\n</dl>\n<p class=\"rubric\">Examples</p>\n<div class=\"doctest highlight-default notranslate\"><div class=\"highlight\"><pre><span></span><span class=\"gp\">&gt;&gt;&gt; </span><span class=\"n\">edb1</span> <span class=\"o\">=</span> <span class=\"n\">Edb</span><span class=\"p\">(</span><span class=\"n\">edbpath</span><span class=\"o\">=</span><span class=\"n\">targetfile1</span><span class=\"p\">,</span>  <span class=\"n\">edbversion</span><span class=\"o\">=</span><span class=\"s2\">&quot;2021.2&quot;</span><span class=\"p\">)</span>\n<span class=\"gp\">&gt;&gt;&gt; </span><span class=\"n\">edb2</span> <span class=\"o\">=</span> <span class=\"n\">Edb</span><span class=\"p\">(</span><span class=\"n\">edbpath</span><span class=\"o\">=</span><span class=\"n\">targetfile2</span><span class=\"p\">,</span> <span class=\"n\">edbversion</span><span class=\"o\">=</span><span class=\"s2\">&quot;2021.2&quot;</span><span class=\"p\">)</span>\n</pre></div>\n</div>\n<div class=\"doctest highlight-default notranslate\"><div class=\"highlight\"><pre><span></span><span class=\"gp\">&gt;&gt;&gt; </span><span class=\"n\">hosting_cmp</span> <span class=\"o\">=</span> <span class=\"n\">edb1</span><span class=\"o\">.</span><span class=\"n\">core_components</span><span class=\"o\">.</span><span class=\"n\">get_component_by_name</span><span class=\"p\">(</span><span class=\"s2\">&quot;U100&quot;</span><span class=\"p\">)</span>\n<span class=\"gp\">&gt;&gt;&gt; </span><span class=\"n\">mounted_cmp</span> <span class=\"o\">=</span> <span class=\"n\">edb2</span><span class=\"o\">.</span><span class=\"n\">core_components</span><span class=\"o\">.</span><span class=\"n\">get_component_by_name</span><span class=\"p\">(</span><span class=\"s2\">&quot;BGA&quot;</span><span class=\"p\">)</span>\n</pre></div>\n</div>\n<div class=\"doctest highlight-default notranslate\"><div class=\"highlight\"><pre><span></span><span class=\"gp\">&gt;&gt;&gt; </span><span class=\"n\">vector</span><span class=\"p\">,</span> <span class=\"n\">rotation</span><span class=\"p\">,</span> <span class=\"n\">solder_ball_height</span> <span class=\"o\">=</span> <span class=\"n\">edb1</span><span class=\"o\">.</span><span class=\"n\">core_components</span><span class=\"o\">.</span><span class=\"n\">get_component_placement_vector</span><span class=\"p\">(</span>\n<span class=\"gp\">... </span>                                                    <span class=\"n\">mounted_component</span><span class=\"o\">=</span><span class=\"n\">mounted_cmp</span><span class=\"p\">,</span>\n<span class=\"gp\">... </span>                                                    <span class=\"n\">hosting_component</span><span class=\"o\">=</span><span class=\"n\">hosting_cmp</span><span class=\"p\">,</span>\n<span class=\"gp\">... </span>                                                    <span class=\"n\">mounted_component_pin1</span><span class=\"o\">=</span><span class=\"s2\">&quot;A12&quot;</span><span class=\"p\">,</span>\n<span class=\"gp\">... </span>                                                    <span class=\"n\">mounted_component_pin2</span><span class=\"o\">=</span><span class=\"s2\">&quot;A14&quot;</span><span class=\"p\">,</span>\n<span class=\"gp\">... </span>                                                    <span class=\"n\">hosting_component_pin1</span><span class=\"o\">=</span><span class=\"s2\">&quot;A12&quot;</span><span class=\"p\">,</span>\n<span class=\"gp\">... </span>                                                    <span class=\"n\">hosting_component_pin2</span><span class=\"o\">=</span><span class=\"s2\">&quot;A14&quot;</span><span class=\"p\">)</span>\n<span class=\"gp\">&gt;&gt;&gt; </span><span class=\"n\">edb2</span><span class=\"o\">.</span><span class=\"n\">core_stackup</span><span class=\"o\">.</span><span class=\"n\">place_in_layout</span><span class=\"p\">(</span><span class=\"n\">edb1</span><span class=\"o\">.</span><span class=\"n\">active_cell</span><span class=\"p\">,</span> <span class=\"n\">angle</span><span class=\"o\">=</span><span class=\"mf\">0.0</span><span class=\"p\">,</span> <span class=\"n\">offset_x</span><span class=\"o\">=</span><span class=\"n\">vector</span><span class=\"p\">[</span><span class=\"mi\">0</span><span class=\"p\">],</span>\n<span class=\"gp\">... </span>                                  <span class=\"n\">offset_y</span><span class=\"o\">=</span><span class=\"n\">vector</span><span class=\"p\">[</span><span class=\"mi\">1</span><span class=\"p\">],</span> <span class=\"n\">flipped_stackup</span><span class=\"o\">=</span><span class=\"kc\">False</span><span class=\"p\">,</span> <span class=\"n\">place_on_top</span><span class=\"o\">=</span><span class=\"kc\">True</span><span class=\"p\">,</span>\n<span class=\"gp\">... </span>                                  <span class=\"p\">)</span>\n</pre></div>\n</div>\n</dd></dl>\n\n</section>\n", "metatags": "<meta name=\"generator\" content=\"Docutils 0.19: https://docutils.sourceforge.io/\" />\n", "rellinks": [["genindex", "General Index", "I", "index"], ["py-modindex", "Python Module Index", "", "modules"], ["API/_autosummary/pyaedt.edb_core.stackup.EdbStackup.place_in_layout_3d_placement", "place_in_layout_3d_placement", "N", "next"], ["API/_autosummary/pyaedt.edb_core.stackup.EdbStackup.place_a3dcomp_3d_placement", "place_a3dcomp_3d_placement", "P", "previous"]], "sourcename": "API/_autosummary/pyaedt.edb_core.stackup.EdbStackup.place_in_layout.rst.txt", "toc": "<ul>\n<li><a class=\"reference internal\" href=\"#\">place_in_layout</a><ul>\n<li><a class=\"reference internal\" href=\"#pyaedt.edb_core.stackup.EdbStackup.place_in_layout\"><code class=\"docutils literal notranslate\"><span class=\"pre\">EdbStackup.place_in_layout()</span></code></a></li>\n</ul>\n</li>\n</ul>\n", "display_toc": true, "page_source_suffix": ".rst", "current_page_name": "API/_autosummary/pyaedt.edb_core.stackup.EdbStackup.place_in_layout", "sidebars": ["search-field.html", "sidebar-nav-bs.html"], "customsidebar": null, "favicon_url": null, "logo_url": null, "alabaster_version": "0.7.12", "theme_show_toc_level": 1, "theme_logo": {}}