{"parents": [{"link": "../../", "title": "API reference"}, {"link": "../../Application/", "title": "AEDT apps"}, {"link": "../pyaedt.Maxwell2d/", "title": "pyaedt.Maxwell2d"}], "prev": {"link": "../pyaedt.Maxwell2d.temp_directory/", "title": "temp_directory"}, "next": {"link": "../pyaedt.Maxwell2d.userlib/", "title": "userlib"}, "title": "toolkit_directory", "meta": {}, "body": "<section id=\"toolkit-directory\">\n<h1>toolkit_directory<a class=\"headerlink\" href=\"#toolkit-directory\" title=\"Permalink to this heading\">#</a></h1>\n<dl class=\"py property\">\n<dt class=\"sig sig-object py\" id=\"pyaedt.Maxwell2d.toolkit_directory\">\n<em class=\"property\"><span class=\"pre\">property</span><span class=\"w\"> </span></em><span class=\"sig-prename descclassname\"><span class=\"pre\">Maxwell2d.</span></span><span class=\"sig-name descname\"><span class=\"pre\">toolkit_directory</span></span><a class=\"headerlink\" href=\"#pyaedt.Maxwell2d.toolkit_directory\" title=\"Permalink to this definition\">#</a></dt>\n<dd><p>Path to the toolkit directory.</p>\n<dl class=\"field-list simple\">\n<dt class=\"field-odd\">Returns<span class=\"colon\">:</span></dt>\n<dd class=\"field-odd\"><dl class=\"simple\">\n<dt><a class=\"reference external\" href=\"https://docs.python.org/dev/library/stdtypes.html#str\" title=\"(in Python v3.12)\"><code class=\"docutils literal notranslate\"><span class=\"pre\">str</span></code></a></dt><dd><p>Full absolute path for the <code class=\"docutils literal notranslate\"><span class=\"pre\">pyaedt</span></code> directory for this project.\nIf this directory does not exist, it is created.</p>\n</dd>\n</dl>\n</dd>\n</dl>\n</dd></dl>\n\n</section>\n", "metatags": "<meta name=\"generator\" content=\"Docutils 0.19: https://docutils.sourceforge.io/\" />\n", "rellinks": [["genindex", "General Index", "I", "index"], ["py-modindex", "Python Module Index", "", "modules"], ["API/_autosummary/pyaedt.Maxwell2d.userlib", "userlib", "N", "next"], ["API/_autosummary/pyaedt.Maxwell2d.temp_directory", "temp_directory", "P", "previous"]], "sourcename": "API/_autosummary/pyaedt.Maxwell2d.toolkit_directory.rst.txt", "toc": "<ul>\n<li><a class=\"reference internal\" href=\"#\">toolkit_directory</a><ul>\n<li><a class=\"reference internal\" href=\"#pyaedt.Maxwell2d.toolkit_directory\"><code class=\"docutils literal notranslate\"><span class=\"pre\">Maxwell2d.toolkit_directory</span></code></a></li>\n</ul>\n</li>\n</ul>\n", "display_toc": true, "page_source_suffix": ".rst", "current_page_name": "API/_autosummary/pyaedt.Maxwell2d.toolkit_directory", "sidebars": ["search-field.html", "sidebar-nav-bs.html"], "customsidebar": null, "favicon_url": null, "logo_url": null, "alabaster_version": "0.7.12", "theme_show_toc_level": 1, "theme_logo": {}}