{"parents": [{"link": "../../", "title": "API reference"}, {"link": "../../Primitives/", "title": "Modeler and  primitives"}, {"link": "../pyaedt.modeler.Primitives2D.Primitives2D/", "title": "pyaedt.modeler.Primitives2D.Primitives2D"}], "prev": {"link": "../pyaedt.modeler.Primitives2D.Primitives2D.value_in_object_units/", "title": "value_in_object_units"}, "next": {"link": "../pyaedt.modeler.Primitives2D.Primitives2D.line_names/", "title": "line_names"}, "title": "defaultmaterial", "meta": {}, "body": "<section id=\"defaultmaterial\">\n<h1>defaultmaterial<a class=\"headerlink\" href=\"#defaultmaterial\" title=\"Permalink to this heading\">#</a></h1>\n<dl class=\"py property\">\n<dt class=\"sig sig-object py\" id=\"pyaedt.modeler.Primitives2D.Primitives2D.defaultmaterial\">\n<em class=\"property\"><span class=\"pre\">property</span><span class=\"w\"> </span></em><span class=\"sig-prename descclassname\"><span class=\"pre\">Primitives2D.</span></span><span class=\"sig-name descname\"><span class=\"pre\">defaultmaterial</span></span><a class=\"headerlink\" href=\"#pyaedt.modeler.Primitives2D.Primitives2D.defaultmaterial\" title=\"Permalink to this definition\">#</a></dt>\n<dd><p>Default material.</p>\n</dd></dl>\n\n</section>\n", "metatags": "<meta name=\"generator\" content=\"Docutils 0.19: https://docutils.sourceforge.io/\" />\n", "rellinks": [["genindex", "General Index", "I", "index"], ["py-modindex", "Python Module Index", "", "modules"], ["API/_autosummary/pyaedt.modeler.Primitives2D.Primitives2D.line_names", "line_names", "N", "next"], ["API/_autosummary/pyaedt.modeler.Primitives2D.Primitives2D.value_in_object_units", "value_in_object_units", "P", "previous"]], "sourcename": "API/_autosummary/pyaedt.modeler.Primitives2D.Primitives2D.defaultmaterial.rst.txt", "toc": "<ul>\n<li><a class=\"reference internal\" href=\"#\">defaultmaterial</a><ul>\n<li><a class=\"reference internal\" href=\"#pyaedt.modeler.Primitives2D.Primitives2D.defaultmaterial\"><code class=\"docutils literal notranslate\"><span class=\"pre\">Primitives2D.defaultmaterial</span></code></a></li>\n</ul>\n</li>\n</ul>\n", "display_toc": true, "page_source_suffix": ".rst", "current_page_name": "API/_autosummary/pyaedt.modeler.Primitives2D.Primitives2D.defaultmaterial", "sidebars": ["search-field.html", "sidebar-nav-bs.html"], "customsidebar": null, "favicon_url": null, "logo_url": null, "alabaster_version": "0.7.12", "theme_show_toc_level": 1, "theme_logo": {}}