{"parents": [{"link": "../../", "title": "API reference"}, {"link": "../../Application/", "title": "AEDT apps"}, {"link": "../pyaedt.Hfss/", "title": "pyaedt.Hfss"}], "prev": {"link": "../pyaedt.Hfss.oradfield/", "title": "oradfield"}, "next": {"link": "../pyaedt.Hfss.osolution/", "title": "osolution"}, "title": "oreportsetup", "meta": {}, "body": "<section id=\"oreportsetup\">\n<h1>oreportsetup<a class=\"headerlink\" href=\"#oreportsetup\" title=\"Permalink to this heading\">#</a></h1>\n<dl class=\"py property\">\n<dt class=\"sig sig-object py\" id=\"pyaedt.Hfss.oreportsetup\">\n<em class=\"property\"><span class=\"pre\">property</span><span class=\"w\"> </span></em><span class=\"sig-prename descclassname\"><span class=\"pre\">Hfss.</span></span><span class=\"sig-name descname\"><span class=\"pre\">oreportsetup</span></span><a class=\"headerlink\" href=\"#pyaedt.Hfss.oreportsetup\" title=\"Permalink to this definition\">#</a></dt>\n<dd><p>Report setup.</p>\n<dl class=\"field-list simple\">\n<dt class=\"field-odd\">Returns<span class=\"colon\">:</span></dt>\n<dd class=\"field-odd\"><dl class=\"simple\">\n<dt><code class=\"xref py py-attr docutils literal notranslate\"><span class=\"pre\">pyaedt.modules.PostProcessor.PostProcessor.oreportsetup</span></code></dt><dd></dd>\n</dl>\n</dd>\n</dl>\n<p class=\"rubric\">References</p>\n<div class=\"doctest highlight-default notranslate\"><div class=\"highlight\"><pre><span></span><span class=\"gp\">&gt;&gt;&gt; </span><span class=\"n\">oDesign</span><span class=\"o\">.</span><span class=\"n\">GetModule</span><span class=\"p\">(</span><span class=\"s2\">&quot;ReportSetup&quot;</span><span class=\"p\">)</span>\n</pre></div>\n</div>\n</dd></dl>\n\n</section>\n", "metatags": "<meta name=\"generator\" content=\"Docutils 0.19: https://docutils.sourceforge.io/\" />\n", "rellinks": [["genindex", "General Index", "I", "index"], ["py-modindex", "Python Module Index", "", "modules"], ["API/_autosummary/pyaedt.Hfss.osolution", "osolution", "N", "next"], ["API/_autosummary/pyaedt.Hfss.oradfield", "oradfield", "P", "previous"]], "sourcename": "API/_autosummary/pyaedt.Hfss.oreportsetup.rst.txt", "toc": "<ul>\n<li><a class=\"reference internal\" href=\"#\">oreportsetup</a><ul>\n<li><a class=\"reference internal\" href=\"#pyaedt.Hfss.oreportsetup\"><code class=\"docutils literal notranslate\"><span class=\"pre\">Hfss.oreportsetup</span></code></a></li>\n</ul>\n</li>\n</ul>\n", "display_toc": true, "page_source_suffix": ".rst", "current_page_name": "API/_autosummary/pyaedt.Hfss.oreportsetup", "sidebars": ["search-field.html", "sidebar-nav-bs.html"], "customsidebar": null, "favicon_url": null, "logo_url": null, "alabaster_version": "0.7.12", "theme_show_toc_level": 1, "theme_logo": {}}