{"parents": [{"link": "../../", "title": "API reference"}, {"link": "../../Application/", "title": "AEDT apps"}, {"link": "../pyaedt.Q2d/", "title": "pyaedt.Q2d"}], "prev": {"link": "../pyaedt.Q2d.export_variables_to_csv/", "title": "export_variables_to_csv"}, "next": {"link": "../pyaedt.Q2d.flatten_3d_components/", "title": "flatten_3d_components"}, "title": "export_w_elements", "meta": {}, "body": "<section id=\"export-w-elements\">\n<h1>export_w_elements<a class=\"headerlink\" href=\"#export-w-elements\" title=\"Permalink to this heading\">#</a></h1>\n<dl class=\"py method\">\n<dt class=\"sig sig-object py\" id=\"pyaedt.Q2d.export_w_elements\">\n<span class=\"sig-prename descclassname\"><span class=\"pre\">Q2d.</span></span><span class=\"sig-name descname\"><span class=\"pre\">export_w_elements</span></span><span class=\"sig-paren\">(</span><em class=\"sig-param\"><span class=\"n\"><span class=\"pre\">analyze</span></span><span class=\"o\"><span class=\"pre\">=</span></span><span class=\"default_value\"><span class=\"pre\">False</span></span></em>, <em class=\"sig-param\"><span class=\"n\"><span class=\"pre\">export_folder</span></span><span class=\"o\"><span class=\"pre\">=</span></span><span class=\"default_value\"><span class=\"pre\">None</span></span></em><span class=\"sig-paren\">)</span><a class=\"reference internal\" href=\"../../../_modules/pyaedt/q3d/#Q2d.export_w_elements\"><span class=\"viewcode-link\"><span class=\"pre\">[source]</span></span></a><a class=\"headerlink\" href=\"#pyaedt.Q2d.export_w_elements\" title=\"Permalink to this definition\">#</a></dt>\n<dd><p>Export all W-elements to files.</p>\n<dl class=\"field-list\">\n<dt class=\"field-odd\">Parameters<span class=\"colon\">:</span></dt>\n<dd class=\"field-odd\"><dl>\n<dt><strong>analyze</strong><span class=\"classifier\"><a class=\"reference external\" href=\"https://docs.python.org/dev/library/stdtypes.html#bltin-boolean-values\" title=\"(in Python v3.12)\"><span class=\"xref std std-ref\">bool</span></a>, <code class=\"xref py py-obj docutils literal notranslate\"><span class=\"pre\">optional</span></code></span></dt><dd><p>Whether to analyze before export. Solutions must be present for the design.\nThe default is <code class=\"docutils literal notranslate\"><span class=\"pre\">False</span></code>.</p>\n</dd>\n<dt><strong>export_folder</strong><span class=\"classifier\"><a class=\"reference external\" href=\"https://docs.python.org/dev/library/stdtypes.html#str\" title=\"(in Python v3.12)\"><code class=\"docutils literal notranslate\"><span class=\"pre\">str</span></code></a>, <code class=\"xref py py-obj docutils literal notranslate\"><span class=\"pre\">optional</span></code></span></dt><dd><p>Full path to the folder to export files to. The default is <code class=\"docutils literal notranslate\"><span class=\"pre\">None</span></code>, in\nwhich case the working directory is used.</p>\n</dd>\n</dl>\n</dd>\n<dt class=\"field-even\">Returns<span class=\"colon\">:</span></dt>\n<dd class=\"field-even\"><dl class=\"simple\">\n<dt><a class=\"reference external\" href=\"https://docs.python.org/dev/library/stdtypes.html#list\" title=\"(in Python v3.12)\"><code class=\"docutils literal notranslate\"><span class=\"pre\">list</span></code></a></dt><dd><p>List of all exported files.</p>\n</dd>\n</dl>\n</dd>\n</dl>\n</dd></dl>\n\n</section>\n", "metatags": "<meta name=\"generator\" content=\"Docutils 0.19: https://docutils.sourceforge.io/\" />\n", "rellinks": [["genindex", "General Index", "I", "index"], ["py-modindex", "Python Module Index", "", "modules"], ["API/_autosummary/pyaedt.Q2d.flatten_3d_components", "flatten_3d_components", "N", "next"], ["API/_autosummary/pyaedt.Q2d.export_variables_to_csv", "export_variables_to_csv", "P", "previous"]], "sourcename": "API/_autosummary/pyaedt.Q2d.export_w_elements.rst.txt", "toc": "<ul>\n<li><a class=\"reference internal\" href=\"#\">export_w_elements</a><ul>\n<li><a class=\"reference internal\" href=\"#pyaedt.Q2d.export_w_elements\"><code class=\"docutils literal notranslate\"><span class=\"pre\">Q2d.export_w_elements()</span></code></a></li>\n</ul>\n</li>\n</ul>\n", "display_toc": true, "page_source_suffix": ".rst", "current_page_name": "API/_autosummary/pyaedt.Q2d.export_w_elements", "sidebars": ["search-field.html", "sidebar-nav-bs.html"], "customsidebar": null, "favicon_url": null, "logo_url": null, "alabaster_version": "0.7.12", "theme_show_toc_level": 1, "theme_logo": {}}