{"parents": [{"link": "../../", "title": "API reference"}, {"link": "../../CoreModules/", "title": "AEDT modules"}, {"link": "../../Boundaries/", "title": "Boundary objects"}, {"link": "../pyaedt.modules.Boundary.FarFieldSetup/", "title": "pyaedt.modules.Boundary.FarFieldSetup"}], "prev": {"link": "../pyaedt.modules.Boundary.FarFieldSetup.elevation_step/", "title": "elevation_step"}, "next": {"link": "../pyaedt.modules.Boundary.FarFieldSetup.local_coordinate_system/", "title": "local_coordinate_system"}, "title": "elevation_stop", "meta": {}, "body": "<section id=\"elevation-stop\">\n<h1>elevation_stop<a class=\"headerlink\" href=\"#elevation-stop\" title=\"Permalink to this heading\">#</a></h1>\n<dl class=\"py property\">\n<dt class=\"sig sig-object py\" id=\"pyaedt.modules.Boundary.FarFieldSetup.elevation_stop\">\n<em class=\"property\"><span class=\"pre\">property</span><span class=\"w\"> </span></em><span class=\"sig-prename descclassname\"><span class=\"pre\">FarFieldSetup.</span></span><span class=\"sig-name descname\"><span class=\"pre\">elevation_stop</span></span><a class=\"headerlink\" href=\"#pyaedt.modules.Boundary.FarFieldSetup.elevation_stop\" title=\"Permalink to this definition\">#</a></dt>\n<dd><p>Set/Get the Far Field Elevation Stop Angle if Definition is Set to <cite>Az Over El</cite> or <cite>El Over Az</cite>.</p>\n</dd></dl>\n\n</section>\n", "metatags": "<meta name=\"generator\" content=\"Docutils 0.19: https://docutils.sourceforge.io/\" />\n", "rellinks": [["genindex", "General Index", "I", "index"], ["py-modindex", "Python Module Index", "", "modules"], ["API/_autosummary/pyaedt.modules.Boundary.FarFieldSetup.local_coordinate_system", "local_coordinate_system", "N", "next"], ["API/_autosummary/pyaedt.modules.Boundary.FarFieldSetup.elevation_step", "elevation_step", "P", "previous"]], "sourcename": "API/_autosummary/pyaedt.modules.Boundary.FarFieldSetup.elevation_stop.rst.txt", "toc": "<ul>\n<li><a class=\"reference internal\" href=\"#\">elevation_stop</a><ul>\n<li><a class=\"reference internal\" href=\"#pyaedt.modules.Boundary.FarFieldSetup.elevation_stop\"><code class=\"docutils literal notranslate\"><span class=\"pre\">FarFieldSetup.elevation_stop</span></code></a></li>\n</ul>\n</li>\n</ul>\n", "display_toc": true, "page_source_suffix": ".rst", "current_page_name": "API/_autosummary/pyaedt.modules.Boundary.FarFieldSetup.elevation_stop", "sidebars": ["search-field.html", "sidebar-nav-bs.html"], "customsidebar": null, "favicon_url": null, "logo_url": null, "alabaster_version": "0.7.12", "theme_show_toc_level": 1, "theme_logo": {}}