{"parents": [{"link": "../../", "title": "API reference"}, {"link": "../../CoreEdb/", "title": "EDB editor"}, {"link": "../pyaedt.edb_core.components.Components/", "title": "pyaedt.edb_core.components.Components"}], "prev": {"link": "../pyaedt.edb_core.components.Components.get_component_by_name/", "title": "get_component_by_name"}, "next": {"link": "../pyaedt.edb_core.components.Components.get_component_net_connection_info/", "title": "get_component_net_connection_info"}, "title": "get_component_list", "meta": {}, "body": "<section id=\"get-component-list\">\n<h1>get_component_list<a class=\"headerlink\" href=\"#get-component-list\" title=\"Permalink to this heading\">#</a></h1>\n<dl class=\"py method\">\n<dt class=\"sig sig-object py\" id=\"pyaedt.edb_core.components.Components.get_component_list\">\n<span class=\"sig-prename descclassname\"><span class=\"pre\">Components.</span></span><span class=\"sig-name descname\"><span class=\"pre\">get_component_list</span></span><span class=\"sig-paren\">(</span><span class=\"sig-paren\">)</span><a class=\"reference internal\" href=\"../../../_modules/pyaedt/edb_core/components/#Components.get_component_list\"><span class=\"viewcode-link\"><span class=\"pre\">[source]</span></span></a><a class=\"headerlink\" href=\"#pyaedt.edb_core.components.Components.get_component_list\" title=\"Permalink to this definition\">#</a></dt>\n<dd><p>Retrieve conponent setup information.</p>\n<dl class=\"field-list simple\">\n<dt class=\"field-odd\">Returns<span class=\"colon\">:</span></dt>\n<dd class=\"field-odd\"><dl class=\"simple\">\n<dt><a class=\"reference external\" href=\"https://docs.python.org/dev/library/stdtypes.html#list\" title=\"(in Python v3.12)\"><code class=\"docutils literal notranslate\"><span class=\"pre\">list</span></code></a></dt><dd><p>List of component setup information.</p>\n</dd>\n</dl>\n</dd>\n</dl>\n</dd></dl>\n\n</section>\n", "metatags": "<meta name=\"generator\" content=\"Docutils 0.19: https://docutils.sourceforge.io/\" />\n", "rellinks": [["genindex", "General Index", "I", "index"], ["py-modindex", "Python Module Index", "", "modules"], ["API/_autosummary/pyaedt.edb_core.components.Components.get_component_net_connection_info", "get_component_net_connection_info", "N", "next"], ["API/_autosummary/pyaedt.edb_core.components.Components.get_component_by_name", "get_component_by_name", "P", "previous"]], "sourcename": "API/_autosummary/pyaedt.edb_core.components.Components.get_component_list.rst.txt", "toc": "<ul>\n<li><a class=\"reference internal\" href=\"#\">get_component_list</a><ul>\n<li><a class=\"reference internal\" href=\"#pyaedt.edb_core.components.Components.get_component_list\"><code class=\"docutils literal notranslate\"><span class=\"pre\">Components.get_component_list()</span></code></a></li>\n</ul>\n</li>\n</ul>\n", "display_toc": true, "page_source_suffix": ".rst", "current_page_name": "API/_autosummary/pyaedt.edb_core.components.Components.get_component_list", "sidebars": ["search-field.html", "sidebar-nav-bs.html"], "customsidebar": null, "favicon_url": null, "logo_url": null, "alabaster_version": "0.7.12", "theme_show_toc_level": 1, "theme_logo": {}}