{"parents": [{"link": "../../", "title": "API reference"}, {"link": "../../Application/", "title": "AEDT apps"}, {"link": "../pyaedt.Q2d/", "title": "pyaedt.Q2d"}], "prev": {"link": "../pyaedt.Q2d.assign_material/", "title": "assign_material"}, "next": {"link": "../pyaedt.Q2d.assign_single_signal_line/", "title": "assign_single_signal_line"}, "title": "assign_single_conductor", "meta": {}, "body": "<section id=\"assign-single-conductor\">\n<h1>assign_single_conductor<a class=\"headerlink\" href=\"#assign-single-conductor\" title=\"Permalink to this heading\">#</a></h1>\n<dl class=\"py method\">\n<dt class=\"sig sig-object py\" id=\"pyaedt.Q2d.assign_single_conductor\">\n<span class=\"sig-prename descclassname\"><span class=\"pre\">Q2d.</span></span><span class=\"sig-name descname\"><span class=\"pre\">assign_single_conductor</span></span><span class=\"sig-paren\">(</span><em class=\"sig-param\"><span class=\"n\"><span class=\"pre\">target_objects</span></span></em>, <em class=\"sig-param\"><span class=\"n\"><span class=\"pre\">name</span></span><span class=\"o\"><span class=\"pre\">=</span></span><span class=\"default_value\"><span class=\"pre\">''</span></span></em>, <em class=\"sig-param\"><span class=\"n\"><span class=\"pre\">conductor_type</span></span><span class=\"o\"><span class=\"pre\">=</span></span><span class=\"default_value\"><span class=\"pre\">'SignalLine'</span></span></em>, <em class=\"sig-param\"><span class=\"n\"><span class=\"pre\">solve_option</span></span><span class=\"o\"><span class=\"pre\">=</span></span><span class=\"default_value\"><span class=\"pre\">'SolveInside'</span></span></em>, <em class=\"sig-param\"><span class=\"n\"><span class=\"pre\">thickness</span></span><span class=\"o\"><span class=\"pre\">=</span></span><span class=\"default_value\"><span class=\"pre\">None</span></span></em>, <em class=\"sig-param\"><span class=\"n\"><span class=\"pre\">unit</span></span><span class=\"o\"><span class=\"pre\">=</span></span><span class=\"default_value\"><span class=\"pre\">'um'</span></span></em><span class=\"sig-paren\">)</span><a class=\"reference internal\" href=\"../../../_modules/pyaedt/q3d/#Q2d.assign_single_conductor\"><span class=\"viewcode-link\"><span class=\"pre\">[source]</span></span></a><a class=\"headerlink\" href=\"#pyaedt.Q2d.assign_single_conductor\" title=\"Permalink to this definition\">#</a></dt>\n<dd><p>Assign the conductor type to sheets.</p>\n<dl class=\"field-list\">\n<dt class=\"field-odd\">Parameters<span class=\"colon\">:</span></dt>\n<dd class=\"field-odd\"><dl>\n<dt><strong>target_objects</strong><span class=\"classifier\"><a class=\"reference external\" href=\"https://docs.python.org/dev/library/stdtypes.html#list\" title=\"(in Python v3.12)\"><code class=\"docutils literal notranslate\"><span class=\"pre\">list</span></code></a></span></dt><dd><p>List of Object3D.</p>\n</dd>\n<dt><strong>name</strong><span class=\"classifier\"><a class=\"reference external\" href=\"https://docs.python.org/dev/library/stdtypes.html#str\" title=\"(in Python v3.12)\"><code class=\"docutils literal notranslate\"><span class=\"pre\">str</span></code></a>, <code class=\"xref py py-obj docutils literal notranslate\"><span class=\"pre\">optional</span></code></span></dt><dd><p>Name of the conductor. The default is <code class=\"docutils literal notranslate\"><span class=\"pre\">&quot;&quot;</span></code>, in which case the default name is used.</p>\n</dd>\n<dt><strong>conductor_type</strong><span class=\"classifier\"><a class=\"reference external\" href=\"https://docs.python.org/dev/library/stdtypes.html#str\" title=\"(in Python v3.12)\"><code class=\"docutils literal notranslate\"><span class=\"pre\">str</span></code></a></span></dt><dd><p>Type of the conductor. Options are <code class=\"docutils literal notranslate\"><span class=\"pre\">&quot;SignalLine&quot;</span></code> and <code class=\"docutils literal notranslate\"><span class=\"pre\">&quot;ReferenceGround&quot;</span></code>. The default is\n<code class=\"docutils literal notranslate\"><span class=\"pre\">&quot;SignalLine&quot;</span></code>.</p>\n</dd>\n<dt><strong>solve_option</strong><span class=\"classifier\"><a class=\"reference external\" href=\"https://docs.python.org/dev/library/stdtypes.html#str\" title=\"(in Python v3.12)\"><code class=\"docutils literal notranslate\"><span class=\"pre\">str</span></code></a>, <code class=\"xref py py-obj docutils literal notranslate\"><span class=\"pre\">optional</span></code></span></dt><dd><p>Method for solving. Options are <code class=\"docutils literal notranslate\"><span class=\"pre\">&quot;SolveInside&quot;</span></code>, <code class=\"docutils literal notranslate\"><span class=\"pre\">&quot;SolveOnBoundary&quot;</span></code>, and <code class=\"docutils literal notranslate\"><span class=\"pre\">&quot;Automatic&quot;</span></code>.\nThe default is <code class=\"docutils literal notranslate\"><span class=\"pre\">&quot;SolveInside&quot;</span></code>.</p>\n</dd>\n<dt><strong>thickness</strong><span class=\"classifier\"><a class=\"reference external\" href=\"https://docs.python.org/dev/library/functions.html#float\" title=\"(in Python v3.12)\"><code class=\"docutils literal notranslate\"><span class=\"pre\">float</span></code></a>, <code class=\"xref py py-obj docutils literal notranslate\"><span class=\"pre\">optional</span></code></span></dt><dd><p>Conductor thickness. The default is <code class=\"docutils literal notranslate\"><span class=\"pre\">None</span></code>, in which case the conductor thickness is obtained by dividing\nthe conductor\u2019s area by its perimeter (A/p). If multiple conductors are selected, the average conductor\nthickness is used.</p>\n</dd>\n<dt><strong>unit</strong><span class=\"classifier\"><a class=\"reference external\" href=\"https://docs.python.org/dev/library/stdtypes.html#str\" title=\"(in Python v3.12)\"><code class=\"docutils literal notranslate\"><span class=\"pre\">str</span></code></a>, <code class=\"xref py py-obj docutils literal notranslate\"><span class=\"pre\">optional</span></code></span></dt><dd><p>Thickness unit. The default is <code class=\"docutils literal notranslate\"><span class=\"pre\">&quot;um&quot;</span></code>.</p>\n</dd>\n</dl>\n</dd>\n<dt class=\"field-even\">Returns<span class=\"colon\">:</span></dt>\n<dd class=\"field-even\"><dl class=\"simple\">\n<dt><a class=\"reference internal\" href=\"../pyaedt.modules.Boundary.BoundaryObject/#pyaedt.modules.Boundary.BoundaryObject\" title=\"pyaedt.modules.Boundary.BoundaryObject\"><code class=\"xref py py-class docutils literal notranslate\"><span class=\"pre\">pyaedt.modules.Boundary.BoundaryObject</span></code></a></dt><dd><p>Source object.</p>\n</dd>\n</dl>\n</dd>\n</dl>\n<p class=\"rubric\">References</p>\n<div class=\"doctest highlight-default notranslate\"><div class=\"highlight\"><pre><span></span><span class=\"gp\">&gt;&gt;&gt; </span><span class=\"n\">oModule</span><span class=\"o\">.</span><span class=\"n\">AssignSingleSignalLine</span>\n<span class=\"gp\">&gt;&gt;&gt; </span><span class=\"n\">oModule</span><span class=\"o\">.</span><span class=\"n\">AssignSingleReferenceGround</span>\n</pre></div>\n</div>\n</dd></dl>\n\n</section>\n", "metatags": "<meta name=\"generator\" content=\"Docutils 0.19: https://docutils.sourceforge.io/\" />\n", "rellinks": [["genindex", "General Index", "I", "index"], ["py-modindex", "Python Module Index", "", "modules"], ["API/_autosummary/pyaedt.Q2d.assign_single_signal_line", "assign_single_signal_line", "N", "next"], ["API/_autosummary/pyaedt.Q2d.assign_material", "assign_material", "P", "previous"]], "sourcename": "API/_autosummary/pyaedt.Q2d.assign_single_conductor.rst.txt", "toc": "<ul>\n<li><a class=\"reference internal\" href=\"#\">assign_single_conductor</a><ul>\n<li><a class=\"reference internal\" href=\"#pyaedt.Q2d.assign_single_conductor\"><code class=\"docutils literal notranslate\"><span class=\"pre\">Q2d.assign_single_conductor()</span></code></a></li>\n</ul>\n</li>\n</ul>\n", "display_toc": true, "page_source_suffix": ".rst", "current_page_name": "API/_autosummary/pyaedt.Q2d.assign_single_conductor", "sidebars": ["search-field.html", "sidebar-nav-bs.html"], "customsidebar": null, "favicon_url": null, "logo_url": null, "alabaster_version": "0.7.12", "theme_show_toc_level": 1, "theme_logo": {}}