{"parents": [{"link": "../../", "title": "API reference"}, {"link": "../../Common/", "title": "Desktop and common classes"}, {"link": "../../MultiPartComponent/", "title": "Multi-part components"}, {"link": "../pyaedt.modeler.multiparts.Actor/", "title": "pyaedt.modeler.multiparts.Actor"}], "prev": {"link": "../pyaedt.modeler.multiparts.Actor.index/", "title": "index"}, "next": {"link": "../pyaedt.modeler.multiparts.Actor.name/", "title": "name"}, "title": "modeler_units", "meta": {}, "body": "<section id=\"modeler-units\">\n<h1>modeler_units<a class=\"headerlink\" href=\"#modeler-units\" title=\"Permalink to this heading\">#</a></h1>\n<dl class=\"py attribute\">\n<dt class=\"sig sig-object py\" id=\"pyaedt.modeler.multiparts.Actor.modeler_units\">\n<span class=\"sig-prename descclassname\"><span class=\"pre\">Actor.</span></span><span class=\"sig-name descname\"><span class=\"pre\">modeler_units</span></span><em class=\"property\"><span class=\"w\"> </span><span class=\"p\"><span class=\"pre\">=</span></span><span class=\"w\"> </span><span class=\"pre\">'meter'</span></em><a class=\"headerlink\" href=\"#pyaedt.modeler.multiparts.Actor.modeler_units\" title=\"Permalink to this definition\">#</a></dt>\n<dd></dd></dl>\n\n</section>\n", "metatags": "<meta name=\"generator\" content=\"Docutils 0.19: https://docutils.sourceforge.io/\" />\n", "rellinks": [["genindex", "General Index", "I", "index"], ["py-modindex", "Python Module Index", "", "modules"], ["API/_autosummary/pyaedt.modeler.multiparts.Actor.name", "name", "N", "next"], ["API/_autosummary/pyaedt.modeler.multiparts.Actor.index", "index", "P", "previous"]], "sourcename": "API/_autosummary/pyaedt.modeler.multiparts.Actor.modeler_units.rst.txt", "toc": "<ul>\n<li><a class=\"reference internal\" href=\"#\">modeler_units</a><ul>\n<li><a class=\"reference internal\" href=\"#pyaedt.modeler.multiparts.Actor.modeler_units\"><code class=\"docutils literal notranslate\"><span class=\"pre\">Actor.modeler_units</span></code></a></li>\n</ul>\n</li>\n</ul>\n", "display_toc": true, "page_source_suffix": ".rst", "current_page_name": "API/_autosummary/pyaedt.modeler.multiparts.Actor.modeler_units", "sidebars": ["search-field.html", "sidebar-nav-bs.html"], "customsidebar": null, "favicon_url": null, "logo_url": null, "alabaster_version": "0.7.12", "theme_show_toc_level": 1, "theme_logo": {}}