{"parents": [{"link": "../../", "title": "API reference"}, {"link": "../../Post/", "title": "Postprocessing"}, {"link": "../pyaedt.modules.report_templates.FarField/", "title": "pyaedt.modules.report_templates.FarField"}], "prev": {"link": "../pyaedt.modules.report_templates.FarField.add_limit_line_from_equation/", "title": "add_limit_line_from_equation"}, "next": {"link": "../pyaedt.modules.report_templates.FarField.add_note/", "title": "add_note"}, "title": "add_limit_line_from_points", "meta": {}, "body": "<section id=\"add-limit-line-from-points\">\n<h1>add_limit_line_from_points<a class=\"headerlink\" href=\"#add-limit-line-from-points\" title=\"Permalink to this heading\">#</a></h1>\n<dl class=\"py method\">\n<dt class=\"sig sig-object py\" id=\"pyaedt.modules.report_templates.FarField.add_limit_line_from_points\">\n<span class=\"sig-prename descclassname\"><span class=\"pre\">FarField.</span></span><span class=\"sig-name descname\"><span class=\"pre\">add_limit_line_from_points</span></span><span class=\"sig-paren\">(</span><em class=\"sig-param\"><span class=\"n\"><span class=\"pre\">x_list</span></span></em>, <em class=\"sig-param\"><span class=\"n\"><span class=\"pre\">y_list</span></span></em>, <em class=\"sig-param\"><span class=\"n\"><span class=\"pre\">x_units</span></span><span class=\"o\"><span class=\"pre\">=</span></span><span class=\"default_value\"><span class=\"pre\">''</span></span></em>, <em class=\"sig-param\"><span class=\"n\"><span class=\"pre\">y_units</span></span><span class=\"o\"><span class=\"pre\">=</span></span><span class=\"default_value\"><span class=\"pre\">''</span></span></em>, <em class=\"sig-param\"><span class=\"n\"><span class=\"pre\">y_axis</span></span><span class=\"o\"><span class=\"pre\">=</span></span><span class=\"default_value\"><span class=\"pre\">'Y1'</span></span></em><span class=\"sig-paren\">)</span><a class=\"headerlink\" href=\"#pyaedt.modules.report_templates.FarField.add_limit_line_from_points\" title=\"Permalink to this definition\">#</a></dt>\n<dd><p>Add a Cartesian limit line from point lists. This method works only in graphical mode.</p>\n<dl class=\"field-list\">\n<dt class=\"field-odd\">Parameters<span class=\"colon\">:</span></dt>\n<dd class=\"field-odd\"><dl>\n<dt><strong>x_list</strong><span class=\"classifier\"><a class=\"reference external\" href=\"https://docs.python.org/dev/library/stdtypes.html#list\" title=\"(in Python v3.12)\"><code class=\"docutils literal notranslate\"><span class=\"pre\">list</span></code></a></span></dt><dd><p>List of float inputs.</p>\n</dd>\n<dt><strong>y_list</strong><span class=\"classifier\"><a class=\"reference external\" href=\"https://docs.python.org/dev/library/stdtypes.html#list\" title=\"(in Python v3.12)\"><code class=\"docutils literal notranslate\"><span class=\"pre\">list</span></code></a></span></dt><dd><p>List of float y values.</p>\n</dd>\n<dt><strong>x_units</strong><span class=\"classifier\"><a class=\"reference external\" href=\"https://docs.python.org/dev/library/stdtypes.html#str\" title=\"(in Python v3.12)\"><code class=\"docutils literal notranslate\"><span class=\"pre\">str</span></code></a>, <code class=\"xref py py-obj docutils literal notranslate\"><span class=\"pre\">optional</span></code></span></dt><dd><p>Units for the <code class=\"docutils literal notranslate\"><span class=\"pre\">x_list</span></code> parameter. The default is <code class=\"docutils literal notranslate\"><span class=\"pre\">&quot;&quot;</span></code>.</p>\n</dd>\n<dt><strong>y_units</strong><span class=\"classifier\"><a class=\"reference external\" href=\"https://docs.python.org/dev/library/stdtypes.html#str\" title=\"(in Python v3.12)\"><code class=\"docutils literal notranslate\"><span class=\"pre\">str</span></code></a>, <code class=\"xref py py-obj docutils literal notranslate\"><span class=\"pre\">optional</span></code></span></dt><dd><p>Units for the <code class=\"docutils literal notranslate\"><span class=\"pre\">y_list</span></code> parameter. The default is <code class=\"docutils literal notranslate\"><span class=\"pre\">&quot;&quot;</span></code>.</p>\n</dd>\n<dt><strong>y_axis</strong><span class=\"classifier\"><a class=\"reference external\" href=\"https://docs.python.org/dev/library/functions.html#int\" title=\"(in Python v3.12)\"><code class=\"docutils literal notranslate\"><span class=\"pre\">int</span></code></a>, <code class=\"xref py py-obj docutils literal notranslate\"><span class=\"pre\">optional</span></code></span></dt><dd><p>Y axis. The default is <cite>\u201cY1\u201d</cite>.</p>\n</dd>\n</dl>\n</dd>\n<dt class=\"field-even\">Returns<span class=\"colon\">:</span></dt>\n<dd class=\"field-even\"><dl class=\"simple\">\n<dt><a class=\"reference external\" href=\"https://docs.python.org/dev/library/stdtypes.html#bltin-boolean-values\" title=\"(in Python v3.12)\"><span class=\"xref std std-ref\">bool</span></a></dt><dd><p><code class=\"docutils literal notranslate\"><span class=\"pre\">True</span></code> when successful, <code class=\"docutils literal notranslate\"><span class=\"pre\">False</span></code> when failed.</p>\n</dd>\n</dl>\n</dd>\n</dl>\n</dd></dl>\n\n</section>\n", "metatags": "<meta name=\"generator\" content=\"Docutils 0.19: https://docutils.sourceforge.io/\" />\n", "rellinks": [["genindex", "General Index", "I", "index"], ["py-modindex", "Python Module Index", "", "modules"], ["API/_autosummary/pyaedt.modules.report_templates.FarField.add_note", "add_note", "N", "next"], ["API/_autosummary/pyaedt.modules.report_templates.FarField.add_limit_line_from_equation", "add_limit_line_from_equation", "P", "previous"]], "sourcename": "API/_autosummary/pyaedt.modules.report_templates.FarField.add_limit_line_from_points.rst.txt", "toc": "<ul>\n<li><a class=\"reference internal\" href=\"#\">add_limit_line_from_points</a><ul>\n<li><a class=\"reference internal\" href=\"#pyaedt.modules.report_templates.FarField.add_limit_line_from_points\"><code class=\"docutils literal notranslate\"><span class=\"pre\">FarField.add_limit_line_from_points()</span></code></a></li>\n</ul>\n</li>\n</ul>\n", "display_toc": true, "page_source_suffix": ".rst", "current_page_name": "API/_autosummary/pyaedt.modules.report_templates.FarField.add_limit_line_from_points", "sidebars": ["search-field.html", "sidebar-nav-bs.html"], "customsidebar": null, "favicon_url": null, "logo_url": null, "alabaster_version": "0.7.12", "theme_show_toc_level": 1, "theme_logo": {}}