{"parents": [{"link": "../../", "title": "API reference"}, {"link": "../../Application/", "title": "AEDT apps"}, {"link": "../pyaedt.Icepak/", "title": "pyaedt.Icepak"}], "prev": {"link": "../pyaedt.Icepak.assign_em_losses/", "title": "assign_em_losses"}, "next": {"link": "../pyaedt.Icepak.assign_material/", "title": "assign_material"}, "title": "assign_grille", "meta": {}, "body": "<section id=\"assign-grille\">\n<h1>assign_grille<a class=\"headerlink\" href=\"#assign-grille\" title=\"Permalink to this heading\">#</a></h1>\n<dl class=\"py method\">\n<dt class=\"sig sig-object py\" id=\"pyaedt.Icepak.assign_grille\">\n<span class=\"sig-prename descclassname\"><span class=\"pre\">Icepak.</span></span><span class=\"sig-name descname\"><span class=\"pre\">assign_grille</span></span><span class=\"sig-paren\">(</span><em class=\"sig-param\"><span class=\"n\"><span class=\"pre\">air_faces</span></span></em>, <em class=\"sig-param\"><span class=\"n\"><span class=\"pre\">free_loss_coeff</span></span><span class=\"o\"><span class=\"pre\">=</span></span><span class=\"default_value\"><span class=\"pre\">True</span></span></em>, <em class=\"sig-param\"><span class=\"n\"><span class=\"pre\">free_area_ratio</span></span><span class=\"o\"><span class=\"pre\">=</span></span><span class=\"default_value\"><span class=\"pre\">0.8</span></span></em>, <em class=\"sig-param\"><span class=\"n\"><span class=\"pre\">resistance_type</span></span><span class=\"o\"><span class=\"pre\">=</span></span><span class=\"default_value\"><span class=\"pre\">0</span></span></em>, <em class=\"sig-param\"><span class=\"n\"><span class=\"pre\">external_temp</span></span><span class=\"o\"><span class=\"pre\">=</span></span><span class=\"default_value\"><span class=\"pre\">'AmbientTemp'</span></span></em>, <em class=\"sig-param\"><span class=\"n\"><span class=\"pre\">expternal_pressure</span></span><span class=\"o\"><span class=\"pre\">=</span></span><span class=\"default_value\"><span class=\"pre\">'AmbientPressure'</span></span></em>, <em class=\"sig-param\"><span class=\"n\"><span class=\"pre\">x_curve</span></span><span class=\"o\"><span class=\"pre\">=</span></span><span class=\"default_value\"><span class=\"pre\">['0',</span> <span class=\"pre\">'1',</span> <span class=\"pre\">'2']</span></span></em>, <em class=\"sig-param\"><span class=\"n\"><span class=\"pre\">y_curve</span></span><span class=\"o\"><span class=\"pre\">=</span></span><span class=\"default_value\"><span class=\"pre\">['0',</span> <span class=\"pre\">'1',</span> <span class=\"pre\">'2']</span></span></em><span class=\"sig-paren\">)</span><a class=\"reference internal\" href=\"../../../_modules/pyaedt/icepak/#Icepak.assign_grille\"><span class=\"viewcode-link\"><span class=\"pre\">[source]</span></span></a><a class=\"headerlink\" href=\"#pyaedt.Icepak.assign_grille\" title=\"Permalink to this definition\">#</a></dt>\n<dd><p>Assign grille to a face or list of faces.</p>\n<dl class=\"field-list\">\n<dt class=\"field-odd\">Parameters<span class=\"colon\">:</span></dt>\n<dd class=\"field-odd\"><dl>\n<dt><strong>air_faces</strong><span class=\"classifier\"><a class=\"reference external\" href=\"https://docs.python.org/dev/library/stdtypes.html#str\" title=\"(in Python v3.12)\"><code class=\"docutils literal notranslate\"><span class=\"pre\">str</span></code></a>, <a class=\"reference external\" href=\"https://docs.python.org/dev/library/stdtypes.html#list\" title=\"(in Python v3.12)\"><code class=\"docutils literal notranslate\"><span class=\"pre\">list</span></code></a></span></dt><dd><p>List of face names.</p>\n</dd>\n<dt><strong>free_loss_coeff</strong><span class=\"classifier\"><a class=\"reference external\" href=\"https://docs.python.org/dev/library/stdtypes.html#bltin-boolean-values\" title=\"(in Python v3.12)\"><span class=\"xref std std-ref\">bool</span></a></span></dt><dd><p>Whether to use the free loss coefficient. The default is <code class=\"docutils literal notranslate\"><span class=\"pre\">True</span></code>. If <code class=\"docutils literal notranslate\"><span class=\"pre\">False</span></code>,\nthe free loss coefficient is not used.</p>\n</dd>\n<dt><strong>free_area_ratio</strong><span class=\"classifier\"><a class=\"reference external\" href=\"https://docs.python.org/dev/library/functions.html#float\" title=\"(in Python v3.12)\"><code class=\"docutils literal notranslate\"><span class=\"pre\">float</span></code></a>, <a class=\"reference external\" href=\"https://docs.python.org/dev/library/stdtypes.html#str\" title=\"(in Python v3.12)\"><code class=\"docutils literal notranslate\"><span class=\"pre\">str</span></code></a></span></dt><dd><p>Free loss coefficient value. The default is <code class=\"docutils literal notranslate\"><span class=\"pre\">0.8</span></code>.</p>\n</dd>\n<dt><strong>resistance_type</strong><span class=\"classifier\"><a class=\"reference external\" href=\"https://docs.python.org/dev/library/functions.html#int\" title=\"(in Python v3.12)\"><code class=\"docutils literal notranslate\"><span class=\"pre\">int</span></code></a>, <code class=\"xref py py-obj docutils literal notranslate\"><span class=\"pre\">optional</span></code></span></dt><dd><p>Type of the resistance. Options are:</p>\n<ul class=\"simple\">\n<li><p><code class=\"docutils literal notranslate\"><span class=\"pre\">0</span></code> for <code class=\"docutils literal notranslate\"><span class=\"pre\">&quot;Perforated</span> <span class=\"pre\">Thin</span> <span class=\"pre\">Vent&quot;</span></code></p></li>\n<li><p><code class=\"docutils literal notranslate\"><span class=\"pre\">1</span></code> for <code class=\"docutils literal notranslate\"><span class=\"pre\">&quot;Circular</span> <span class=\"pre\">Metal</span> <span class=\"pre\">Wire</span> <span class=\"pre\">Screen&quot;</span></code></p></li>\n<li><p><code class=\"docutils literal notranslate\"><span class=\"pre\">2</span></code> for <code class=\"docutils literal notranslate\"><span class=\"pre\">&quot;Two-Plane</span> <span class=\"pre\">Screen</span> <span class=\"pre\">Cyl.</span> <span class=\"pre\">Bars&quot;</span></code></p></li>\n</ul>\n<p>The default is <code class=\"docutils literal notranslate\"><span class=\"pre\">0</span></code> for <code class=\"docutils literal notranslate\"><span class=\"pre\">&quot;Perforated</span> <span class=\"pre\">Thin</span> <span class=\"pre\">Vent&quot;</span></code>.</p>\n</dd>\n<dt><strong>external_temp</strong><span class=\"classifier\"><a class=\"reference external\" href=\"https://docs.python.org/dev/library/stdtypes.html#str\" title=\"(in Python v3.12)\"><code class=\"docutils literal notranslate\"><span class=\"pre\">str</span></code></a>, <code class=\"xref py py-obj docutils literal notranslate\"><span class=\"pre\">optional</span></code></span></dt><dd><p>External temperature. The default is <code class=\"docutils literal notranslate\"><span class=\"pre\">&quot;AmbientTemp&quot;</span></code>.</p>\n</dd>\n<dt><strong>expternal_pressure</strong><span class=\"classifier\"><a class=\"reference external\" href=\"https://docs.python.org/dev/library/stdtypes.html#str\" title=\"(in Python v3.12)\"><code class=\"docutils literal notranslate\"><span class=\"pre\">str</span></code></a>, <code class=\"xref py py-obj docutils literal notranslate\"><span class=\"pre\">optional</span></code></span></dt><dd><p>External pressure. The default is <code class=\"docutils literal notranslate\"><span class=\"pre\">&quot;AmbientPressure&quot;</span></code>.</p>\n</dd>\n<dt><strong>x_curve</strong><span class=\"classifier\"><a class=\"reference external\" href=\"https://docs.python.org/dev/library/stdtypes.html#list\" title=\"(in Python v3.12)\"><code class=\"docutils literal notranslate\"><span class=\"pre\">list</span></code></a>, <code class=\"xref py py-obj docutils literal notranslate\"><span class=\"pre\">optional</span></code></span></dt><dd><p>List of X curves in m_per_sec. The default is <code class=\"docutils literal notranslate\"><span class=\"pre\">[&quot;0&quot;,</span> <span class=\"pre\">&quot;1&quot;,</span> <span class=\"pre\">&quot;2&quot;]</span></code>.</p>\n</dd>\n<dt><strong>y_curve</strong><span class=\"classifier\"><a class=\"reference external\" href=\"https://docs.python.org/dev/library/stdtypes.html#list\" title=\"(in Python v3.12)\"><code class=\"docutils literal notranslate\"><span class=\"pre\">list</span></code></a></span></dt><dd><p>List of Y curves in n_per_meter_q. The default is <code class=\"docutils literal notranslate\"><span class=\"pre\">[&quot;0&quot;,</span> <span class=\"pre\">&quot;1&quot;,</span> <span class=\"pre\">&quot;2&quot;]</span></code>.</p>\n</dd>\n</dl>\n</dd>\n<dt class=\"field-even\">Returns<span class=\"colon\">:</span></dt>\n<dd class=\"field-even\"><dl class=\"simple\">\n<dt><a class=\"reference internal\" href=\"../pyaedt.modules.Boundary.BoundaryObject/#pyaedt.modules.Boundary.BoundaryObject\" title=\"pyaedt.modules.Boundary.BoundaryObject\"><code class=\"xref py py-class docutils literal notranslate\"><span class=\"pre\">pyaedt.modules.Boundary.BoundaryObject</span></code></a></dt><dd><p>Boundary object when successful or <code class=\"docutils literal notranslate\"><span class=\"pre\">None</span></code> when failed.</p>\n</dd>\n</dl>\n</dd>\n</dl>\n<p class=\"rubric\">References</p>\n<div class=\"doctest highlight-default notranslate\"><div class=\"highlight\"><pre><span></span><span class=\"gp\">&gt;&gt;&gt; </span><span class=\"n\">oModule</span><span class=\"o\">.</span><span class=\"n\">AssignGrilleBoundary</span>\n</pre></div>\n</div>\n</dd></dl>\n\n</section>\n", "metatags": "<meta name=\"generator\" content=\"Docutils 0.19: https://docutils.sourceforge.io/\" />\n", "rellinks": [["genindex", "General Index", "I", "index"], ["py-modindex", "Python Module Index", "", "modules"], ["API/_autosummary/pyaedt.Icepak.assign_material", "assign_material", "N", "next"], ["API/_autosummary/pyaedt.Icepak.assign_em_losses", "assign_em_losses", "P", "previous"]], "sourcename": "API/_autosummary/pyaedt.Icepak.assign_grille.rst.txt", "toc": "<ul>\n<li><a class=\"reference internal\" href=\"#\">assign_grille</a><ul>\n<li><a class=\"reference internal\" href=\"#pyaedt.Icepak.assign_grille\"><code class=\"docutils literal notranslate\"><span class=\"pre\">Icepak.assign_grille()</span></code></a></li>\n</ul>\n</li>\n</ul>\n", "display_toc": true, "page_source_suffix": ".rst", "current_page_name": "API/_autosummary/pyaedt.Icepak.assign_grille", "sidebars": ["search-field.html", "sidebar-nav-bs.html"], "customsidebar": null, "favicon_url": null, "logo_url": null, "alabaster_version": "0.7.12", "theme_show_toc_level": 1, "theme_logo": {}}