{"parents": [{"link": "../../", "title": "API reference"}, {"link": "../../Common/", "title": "Desktop and common classes"}, {"link": "../../MultiPartComponent/", "title": "Multi-part components"}, {"link": "../pyaedt.modeler.actors.Person/", "title": "pyaedt.modeler.actors.Person"}], "prev": {"link": "../pyaedt.modeler.actors.Person.use_global_cs/", "title": "use_global_cs"}, "next": {"link": "../pyaedt.modeler.actors.Person.yaw_name/", "title": "yaw_name"}, "title": "yaw", "meta": {}, "body": "<section id=\"yaw\">\n<h1>yaw<a class=\"headerlink\" href=\"#yaw\" title=\"Permalink to this heading\">#</a></h1>\n<dl class=\"py property\">\n<dt class=\"sig sig-object py\" id=\"pyaedt.modeler.actors.Person.yaw\">\n<em class=\"property\"><span class=\"pre\">property</span><span class=\"w\"> </span></em><span class=\"sig-prename descclassname\"><span class=\"pre\">Person.</span></span><span class=\"sig-name descname\"><span class=\"pre\">yaw</span></span><a class=\"headerlink\" href=\"#pyaedt.modeler.actors.Person.yaw\" title=\"Permalink to this definition\">#</a></dt>\n<dd><p>Yaw variable value.</p>\n<dl class=\"field-list simple\">\n<dt class=\"field-odd\">Returns<span class=\"colon\">:</span></dt>\n<dd class=\"field-odd\"><dl class=\"simple\">\n<dt><a class=\"reference external\" href=\"https://docs.python.org/dev/library/stdtypes.html#str\" title=\"(in Python v3.12)\"><code class=\"docutils literal notranslate\"><span class=\"pre\">str</span></code></a></dt><dd><p>Value for the yaw variable.</p>\n</dd>\n</dl>\n</dd>\n</dl>\n</dd></dl>\n\n</section>\n", "metatags": "<meta name=\"generator\" content=\"Docutils 0.19: https://docutils.sourceforge.io/\" />\n", "rellinks": [["genindex", "General Index", "I", "index"], ["py-modindex", "Python Module Index", "", "modules"], ["API/_autosummary/pyaedt.modeler.actors.Person.yaw_name", "yaw_name", "N", "next"], ["API/_autosummary/pyaedt.modeler.actors.Person.use_global_cs", "use_global_cs", "P", "previous"]], "sourcename": "API/_autosummary/pyaedt.modeler.actors.Person.yaw.rst.txt", "toc": "<ul>\n<li><a class=\"reference internal\" href=\"#\">yaw</a><ul>\n<li><a class=\"reference internal\" href=\"#pyaedt.modeler.actors.Person.yaw\"><code class=\"docutils literal notranslate\"><span class=\"pre\">Person.yaw</span></code></a></li>\n</ul>\n</li>\n</ul>\n", "display_toc": true, "page_source_suffix": ".rst", "current_page_name": "API/_autosummary/pyaedt.modeler.actors.Person.yaw", "sidebars": ["search-field.html", "sidebar-nav-bs.html"], "customsidebar": null, "favicon_url": null, "logo_url": null, "alabaster_version": "0.7.12", "theme_show_toc_level": 1, "theme_logo": {}}