{"parents": [{"link": "../../", "title": "API reference"}, {"link": "../../CoreModules/", "title": "AEDT modules"}, {"link": "../../Boundaries/", "title": "Boundary objects"}, {"link": "../pyaedt.modules.Boundary.Matrix/", "title": "pyaedt.modules.Boundary.Matrix"}], "prev": {"link": "../pyaedt.modules.Boundary.Matrix.sources/", "title": "sources"}, "next": {"link": "../../Mesh/", "title": "Mesh operations"}, "title": "operations", "meta": {}, "body": "<section id=\"operations\">\n<h1>operations<a class=\"headerlink\" href=\"#operations\" title=\"Permalink to this heading\">#</a></h1>\n<dl class=\"py property\">\n<dt class=\"sig sig-object py\" id=\"pyaedt.modules.Boundary.Matrix.operations\">\n<em class=\"property\"><span class=\"pre\">property</span><span class=\"w\"> </span></em><span class=\"sig-prename descclassname\"><span class=\"pre\">Matrix.</span></span><span class=\"sig-name descname\"><span class=\"pre\">operations</span></span><a class=\"headerlink\" href=\"#pyaedt.modules.Boundary.Matrix.operations\" title=\"Permalink to this definition\">#</a></dt>\n<dd><p>List of matrix operations.</p>\n<dl class=\"field-list simple\">\n<dt class=\"field-odd\">Returns<span class=\"colon\">:</span></dt>\n<dd class=\"field-odd\"><dl class=\"simple\">\n<dt><code class=\"xref py py-obj docutils literal notranslate\"><span class=\"pre\">List</span></code></dt><dd></dd>\n</dl>\n</dd>\n</dl>\n</dd></dl>\n\n</section>\n", "metatags": "<meta name=\"generator\" content=\"Docutils 0.19: https://docutils.sourceforge.io/\" />\n", "rellinks": [["genindex", "General Index", "I", "index"], ["py-modindex", "Python Module Index", "", "modules"], ["API/Mesh", "Mesh operations", "N", "next"], ["API/_autosummary/pyaedt.modules.Boundary.Matrix.sources", "sources", "P", "previous"]], "sourcename": "API/_autosummary/pyaedt.modules.Boundary.Matrix.operations.rst.txt", "toc": "<ul>\n<li><a class=\"reference internal\" href=\"#\">operations</a><ul>\n<li><a class=\"reference internal\" href=\"#pyaedt.modules.Boundary.Matrix.operations\"><code class=\"docutils literal notranslate\"><span class=\"pre\">Matrix.operations</span></code></a></li>\n</ul>\n</li>\n</ul>\n", "display_toc": true, "page_source_suffix": ".rst", "current_page_name": "API/_autosummary/pyaedt.modules.Boundary.Matrix.operations", "sidebars": ["search-field.html", "sidebar-nav-bs.html"], "customsidebar": null, "favicon_url": null, "logo_url": null, "alabaster_version": "0.7.12", "theme_show_toc_level": 1, "theme_logo": {}}