{"parents": [{"link": "../../", "title": "API reference"}, {"link": "../../Application/", "title": "AEDT apps"}, {"link": "../pyaedt.Q2d/", "title": "pyaedt.Q2d"}], "prev": {"link": "../pyaedt.Q2d.design_file/", "title": "design_file"}, "next": {"link": "../pyaedt.Q2d.design_name/", "title": "design_name"}, "title": "design_list", "meta": {}, "body": "<section id=\"design-list\">\n<h1>design_list<a class=\"headerlink\" href=\"#design-list\" title=\"Permalink to this heading\">#</a></h1>\n<dl class=\"py property\">\n<dt class=\"sig sig-object py\" id=\"pyaedt.Q2d.design_list\">\n<em class=\"property\"><span class=\"pre\">property</span><span class=\"w\"> </span></em><span class=\"sig-prename descclassname\"><span class=\"pre\">Q2d.</span></span><span class=\"sig-name descname\"><span class=\"pre\">design_list</span></span><a class=\"headerlink\" href=\"#pyaedt.Q2d.design_list\" title=\"Permalink to this definition\">#</a></dt>\n<dd><p>Design list.</p>\n<dl class=\"field-list simple\">\n<dt class=\"field-odd\">Returns<span class=\"colon\">:</span></dt>\n<dd class=\"field-odd\"><dl class=\"simple\">\n<dt><a class=\"reference external\" href=\"https://docs.python.org/dev/library/stdtypes.html#list\" title=\"(in Python v3.12)\"><code class=\"docutils literal notranslate\"><span class=\"pre\">list</span></code></a></dt><dd><p>List of the designs.</p>\n</dd>\n</dl>\n</dd>\n</dl>\n<p class=\"rubric\">References</p>\n<div class=\"doctest highlight-default notranslate\"><div class=\"highlight\"><pre><span></span><span class=\"gp\">&gt;&gt;&gt; </span><span class=\"n\">oProject</span><span class=\"o\">.</span><span class=\"n\">GetTopDesignList</span><span class=\"p\">()</span>\n</pre></div>\n</div>\n</dd></dl>\n\n</section>\n", "metatags": "<meta name=\"generator\" content=\"Docutils 0.19: https://docutils.sourceforge.io/\" />\n", "rellinks": [["genindex", "General Index", "I", "index"], ["py-modindex", "Python Module Index", "", "modules"], ["API/_autosummary/pyaedt.Q2d.design_name", "design_name", "N", "next"], ["API/_autosummary/pyaedt.Q2d.design_file", "design_file", "P", "previous"]], "sourcename": "API/_autosummary/pyaedt.Q2d.design_list.rst.txt", "toc": "<ul>\n<li><a class=\"reference internal\" href=\"#\">design_list</a><ul>\n<li><a class=\"reference internal\" href=\"#pyaedt.Q2d.design_list\"><code class=\"docutils literal notranslate\"><span class=\"pre\">Q2d.design_list</span></code></a></li>\n</ul>\n</li>\n</ul>\n", "display_toc": true, "page_source_suffix": ".rst", "current_page_name": "API/_autosummary/pyaedt.Q2d.design_list", "sidebars": ["search-field.html", "sidebar-nav-bs.html"], "customsidebar": null, "favicon_url": null, "logo_url": null, "alabaster_version": "0.7.12", "theme_show_toc_level": 1, "theme_logo": {}}