{"parents": [{"link": "../../", "title": "API reference"}, {"link": "../../Application/", "title": "AEDT apps"}, {"link": "../pyaedt.Q2d/", "title": "pyaedt.Q2d"}], "prev": {"link": "../pyaedt.Q2d.o_symbol_manager/", "title": "o_symbol_manager"}, "next": {"link": "../pyaedt.Q2d.oboundary/", "title": "oboundary"}, "title": "oanalysis", "meta": {}, "body": "<section id=\"oanalysis\">\n<h1>oanalysis<a class=\"headerlink\" href=\"#oanalysis\" title=\"Permalink to this heading\">#</a></h1>\n<dl class=\"py property\">\n<dt class=\"sig sig-object py\" id=\"pyaedt.Q2d.oanalysis\">\n<em class=\"property\"><span class=\"pre\">property</span><span class=\"w\"> </span></em><span class=\"sig-prename descclassname\"><span class=\"pre\">Q2d.</span></span><span class=\"sig-name descname\"><span class=\"pre\">oanalysis</span></span><a class=\"headerlink\" href=\"#pyaedt.Q2d.oanalysis\" title=\"Permalink to this definition\">#</a></dt>\n<dd><p>Analysis AEDT Module.</p>\n<p class=\"rubric\">References</p>\n<div class=\"doctest highlight-default notranslate\"><div class=\"highlight\"><pre><span></span><span class=\"gp\">&gt;&gt;&gt; </span><span class=\"n\">oDesign</span><span class=\"o\">.</span><span class=\"n\">GetModule</span><span class=\"p\">(</span><span class=\"s2\">&quot;SolveSetups&quot;</span><span class=\"p\">)</span>\n<span class=\"gp\">&gt;&gt;&gt; </span><span class=\"n\">oDesign</span><span class=\"o\">.</span><span class=\"n\">GetModule</span><span class=\"p\">(</span><span class=\"s2\">&quot;SimSetup&quot;</span><span class=\"p\">)</span>\n<span class=\"gp\">&gt;&gt;&gt; </span><span class=\"n\">oDesign</span><span class=\"o\">.</span><span class=\"n\">GetModule</span><span class=\"p\">(</span><span class=\"s2\">&quot;AnalysisSetup&quot;</span><span class=\"p\">)</span>\n</pre></div>\n</div>\n</dd></dl>\n\n</section>\n", "metatags": "<meta name=\"generator\" content=\"Docutils 0.19: https://docutils.sourceforge.io/\" />\n", "rellinks": [["genindex", "General Index", "I", "index"], ["py-modindex", "Python Module Index", "", "modules"], ["API/_autosummary/pyaedt.Q2d.oboundary", "oboundary", "N", "next"], ["API/_autosummary/pyaedt.Q2d.o_symbol_manager", "o_symbol_manager", "P", "previous"]], "sourcename": "API/_autosummary/pyaedt.Q2d.oanalysis.rst.txt", "toc": "<ul>\n<li><a class=\"reference internal\" href=\"#\">oanalysis</a><ul>\n<li><a class=\"reference internal\" href=\"#pyaedt.Q2d.oanalysis\"><code class=\"docutils literal notranslate\"><span class=\"pre\">Q2d.oanalysis</span></code></a></li>\n</ul>\n</li>\n</ul>\n", "display_toc": true, "page_source_suffix": ".rst", "current_page_name": "API/_autosummary/pyaedt.Q2d.oanalysis", "sidebars": ["search-field.html", "sidebar-nav-bs.html"], "customsidebar": null, "favicon_url": null, "logo_url": null, "alabaster_version": "0.7.12", "theme_show_toc_level": 1, "theme_logo": {}}