{"parents": [{"link": "../../", "title": "API reference"}, {"link": "../../Application/", "title": "AEDT apps"}, {"link": "../pyaedt.Hfss/", "title": "pyaedt.Hfss"}], "prev": {"link": "../pyaedt.Hfss.assignmaterial_from_sherlock_files/", "title": "assignmaterial_from_sherlock_files"}, "next": {"link": "../pyaedt.Hfss.autosave_disable/", "title": "autosave_disable"}, "title": "auto_assign_lattice_pairs", "meta": {}, "body": "<section id=\"auto-assign-lattice-pairs\">\n<h1>auto_assign_lattice_pairs<a class=\"headerlink\" href=\"#auto-assign-lattice-pairs\" title=\"Permalink to this heading\">#</a></h1>\n<dl class=\"py method\">\n<dt class=\"sig sig-object py\" id=\"pyaedt.Hfss.auto_assign_lattice_pairs\">\n<span class=\"sig-prename descclassname\"><span class=\"pre\">Hfss.</span></span><span class=\"sig-name descname\"><span class=\"pre\">auto_assign_lattice_pairs</span></span><span class=\"sig-paren\">(</span><em class=\"sig-param\"><span class=\"n\"><span class=\"pre\">object_to_assign</span></span></em>, <em class=\"sig-param\"><span class=\"n\"><span class=\"pre\">coordinate_system</span></span><span class=\"o\"><span class=\"pre\">=</span></span><span class=\"default_value\"><span class=\"pre\">'Global'</span></span></em>, <em class=\"sig-param\"><span class=\"n\"><span class=\"pre\">coordinate_plane</span></span><span class=\"o\"><span class=\"pre\">=</span></span><span class=\"default_value\"><span class=\"pre\">'XY'</span></span></em><span class=\"sig-paren\">)</span><a class=\"reference internal\" href=\"../../../_modules/pyaedt/hfss/#Hfss.auto_assign_lattice_pairs\"><span class=\"viewcode-link\"><span class=\"pre\">[source]</span></span></a><a class=\"headerlink\" href=\"#pyaedt.Hfss.auto_assign_lattice_pairs\" title=\"Permalink to this definition\">#</a></dt>\n<dd><p>Assign lattice pairs to a geometry automatically.</p>\n<dl class=\"field-list\">\n<dt class=\"field-odd\">Parameters<span class=\"colon\">:</span></dt>\n<dd class=\"field-odd\"><dl>\n<dt><strong>object_to_assign</strong><span class=\"classifier\"><a class=\"reference external\" href=\"https://docs.python.org/dev/library/stdtypes.html#str\" title=\"(in Python v3.12)\"><code class=\"docutils literal notranslate\"><span class=\"pre\">str</span></code></a>, <code class=\"xref py py-obj docutils literal notranslate\"><span class=\"pre\">Object3d</span></code></span></dt><dd><p>Object to assign a lattice to.</p>\n</dd>\n<dt><strong>coordinate_system</strong><span class=\"classifier\"><a class=\"reference external\" href=\"https://docs.python.org/dev/library/stdtypes.html#str\" title=\"(in Python v3.12)\"><code class=\"docutils literal notranslate\"><span class=\"pre\">str</span></code></a>, <code class=\"xref py py-obj docutils literal notranslate\"><span class=\"pre\">optional</span></code></span></dt><dd><p>Coordinate system to look for the lattice on.</p>\n</dd>\n<dt><strong>coordinate_plane</strong><span class=\"classifier\"><a class=\"reference external\" href=\"https://docs.python.org/dev/library/stdtypes.html#str\" title=\"(in Python v3.12)\"><code class=\"docutils literal notranslate\"><span class=\"pre\">str</span></code></a>, <code class=\"xref py py-obj docutils literal notranslate\"><span class=\"pre\">optional</span></code></span></dt><dd><p>Plane to look for the lattice on. Options are <code class=\"docutils literal notranslate\"><span class=\"pre\">&quot;XY&quot;</span></code>, <code class=\"docutils literal notranslate\"><span class=\"pre\">&quot;XZ&quot;</span></code>, and\n<code class=\"docutils literal notranslate\"><span class=\"pre\">&quot;YZ&quot;</span></code>. The default is <code class=\"docutils literal notranslate\"><span class=\"pre\">&quot;XY&quot;</span></code>.</p>\n</dd>\n</dl>\n</dd>\n<dt class=\"field-even\">Returns<span class=\"colon\">:</span></dt>\n<dd class=\"field-even\"><dl class=\"simple\">\n<dt><a class=\"reference external\" href=\"https://docs.python.org/dev/library/stdtypes.html#list\" title=\"(in Python v3.12)\"><code class=\"docutils literal notranslate\"><span class=\"pre\">list</span></code></a> <code class=\"xref py py-obj docutils literal notranslate\"><span class=\"pre\">of</span></code> <a class=\"reference external\" href=\"https://docs.python.org/dev/library/stdtypes.html#str\" title=\"(in Python v3.12)\"><code class=\"docutils literal notranslate\"><span class=\"pre\">str</span></code></a></dt><dd><p>List of created pair names.</p>\n</dd>\n</dl>\n</dd>\n</dl>\n<p class=\"rubric\">References</p>\n<div class=\"doctest highlight-default notranslate\"><div class=\"highlight\"><pre><span></span><span class=\"gp\">&gt;&gt;&gt; </span><span class=\"n\">oModule</span><span class=\"o\">.</span><span class=\"n\">AutoIdentifyLatticePair</span>\n</pre></div>\n</div>\n</dd></dl>\n\n</section>\n", "metatags": "<meta name=\"generator\" content=\"Docutils 0.19: https://docutils.sourceforge.io/\" />\n", "rellinks": [["genindex", "General Index", "I", "index"], ["py-modindex", "Python Module Index", "", "modules"], ["API/_autosummary/pyaedt.Hfss.autosave_disable", "autosave_disable", "N", "next"], ["API/_autosummary/pyaedt.Hfss.assignmaterial_from_sherlock_files", "assignmaterial_from_sherlock_files", "P", "previous"]], "sourcename": "API/_autosummary/pyaedt.Hfss.auto_assign_lattice_pairs.rst.txt", "toc": "<ul>\n<li><a class=\"reference internal\" href=\"#\">auto_assign_lattice_pairs</a><ul>\n<li><a class=\"reference internal\" href=\"#pyaedt.Hfss.auto_assign_lattice_pairs\"><code class=\"docutils literal notranslate\"><span class=\"pre\">Hfss.auto_assign_lattice_pairs()</span></code></a></li>\n</ul>\n</li>\n</ul>\n", "display_toc": true, "page_source_suffix": ".rst", "current_page_name": "API/_autosummary/pyaedt.Hfss.auto_assign_lattice_pairs", "sidebars": ["search-field.html", "sidebar-nav-bs.html"], "customsidebar": null, "favicon_url": null, "logo_url": null, "alabaster_version": "0.7.12", "theme_show_toc_level": 1, "theme_logo": {}}