{"parents": [{"link": "../../", "title": "API reference"}, {"link": "../../Application/", "title": "AEDT apps"}, {"link": "../pyaedt.Hfss/", "title": "pyaedt.Hfss"}], "prev": {"link": "../pyaedt.Hfss.analysis_setup/", "title": "analysis_setup"}, "next": {"link": "../pyaedt.Hfss.boundaries/", "title": "boundaries"}, "title": "available_variations", "meta": {}, "body": "<section id=\"available-variations\">\n<h1>available_variations<a class=\"headerlink\" href=\"#available-variations\" title=\"Permalink to this heading\">#</a></h1>\n<dl class=\"py property\">\n<dt class=\"sig sig-object py\" id=\"pyaedt.Hfss.available_variations\">\n<em class=\"property\"><span class=\"pre\">property</span><span class=\"w\"> </span></em><span class=\"sig-prename descclassname\"><span class=\"pre\">Hfss.</span></span><span class=\"sig-name descname\"><span class=\"pre\">available_variations</span></span><a class=\"headerlink\" href=\"#pyaedt.Hfss.available_variations\" title=\"Permalink to this definition\">#</a></dt>\n<dd><p>Available variation object.</p>\n<dl class=\"field-list simple\">\n<dt class=\"field-odd\">Returns<span class=\"colon\">:</span></dt>\n<dd class=\"field-odd\"><dl class=\"simple\">\n<dt><code class=\"xref py py-class docutils literal notranslate\"><span class=\"pre\">pyaedt.application.Analysis.Analysis.AvailableVariations</span></code></dt><dd><p>Available variation object.</p>\n</dd>\n</dl>\n</dd>\n</dl>\n</dd></dl>\n\n</section>\n", "metatags": "<meta name=\"generator\" content=\"Docutils 0.19: https://docutils.sourceforge.io/\" />\n", "rellinks": [["genindex", "General Index", "I", "index"], ["py-modindex", "Python Module Index", "", "modules"], ["API/_autosummary/pyaedt.Hfss.boundaries", "boundaries", "N", "next"], ["API/_autosummary/pyaedt.Hfss.analysis_setup", "analysis_setup", "P", "previous"]], "sourcename": "API/_autosummary/pyaedt.Hfss.available_variations.rst.txt", "toc": "<ul>\n<li><a class=\"reference internal\" href=\"#\">available_variations</a><ul>\n<li><a class=\"reference internal\" href=\"#pyaedt.Hfss.available_variations\"><code class=\"docutils literal notranslate\"><span class=\"pre\">Hfss.available_variations</span></code></a></li>\n</ul>\n</li>\n</ul>\n", "display_toc": true, "page_source_suffix": ".rst", "current_page_name": "API/_autosummary/pyaedt.Hfss.available_variations", "sidebars": ["search-field.html", "sidebar-nav-bs.html"], "customsidebar": null, "favicon_url": null, "logo_url": null, "alabaster_version": "0.7.12", "theme_show_toc_level": 1, "theme_logo": {}}