{"parents": [{"link": "../../", "title": "API reference"}, {"link": "../../Post/", "title": "Postprocessing"}, {"link": "../pyaedt.modules.AdvancedPostProcessing.PostProcessor/", "title": "pyaedt.modules.AdvancedPostProcessing.PostProcessor"}], "prev": {"link": "../pyaedt.modules.AdvancedPostProcessing.PostProcessor.export_field_plot/", "title": "export_field_plot"}, "next": {"link": "../pyaedt.modules.AdvancedPostProcessing.PostProcessor.export_model_obj/", "title": "export_model_obj"}, "title": "export_mesh_obj", "meta": {}, "body": "<section id=\"export-mesh-obj\">\n<h1>export_mesh_obj<a class=\"headerlink\" href=\"#export-mesh-obj\" title=\"Permalink to this heading\">#</a></h1>\n<dl class=\"py method\">\n<dt class=\"sig sig-object py\" id=\"pyaedt.modules.AdvancedPostProcessing.PostProcessor.export_mesh_obj\">\n<span class=\"sig-prename descclassname\"><span class=\"pre\">PostProcessor.</span></span><span class=\"sig-name descname\"><span class=\"pre\">export_mesh_obj</span></span><span class=\"sig-paren\">(</span><em class=\"sig-param\"><span class=\"n\"><span class=\"pre\">setup_name</span></span><span class=\"o\"><span class=\"pre\">=</span></span><span class=\"default_value\"><span class=\"pre\">None</span></span></em>, <em class=\"sig-param\"><span class=\"n\"><span class=\"pre\">intrinsic_dict</span></span><span class=\"o\"><span class=\"pre\">=</span></span><span class=\"default_value\"><span class=\"pre\">{}</span></span></em><span class=\"sig-paren\">)</span><a class=\"reference internal\" href=\"../../../_modules/pyaedt/modules/PostProcessor/#PostProcessor.export_mesh_obj\"><span class=\"viewcode-link\"><span class=\"pre\">[source]</span></span></a><a class=\"headerlink\" href=\"#pyaedt.modules.AdvancedPostProcessing.PostProcessor.export_mesh_obj\" title=\"Permalink to this definition\">#</a></dt>\n<dd><p>Export the mesh.</p>\n<dl class=\"field-list\">\n<dt class=\"field-odd\">Parameters<span class=\"colon\">:</span></dt>\n<dd class=\"field-odd\"><dl>\n<dt><strong>setup_name</strong><span class=\"classifier\"><a class=\"reference external\" href=\"https://docs.python.org/dev/library/stdtypes.html#str\" title=\"(in Python v3.12)\"><code class=\"docutils literal notranslate\"><span class=\"pre\">str</span></code></a>, <code class=\"xref py py-obj docutils literal notranslate\"><span class=\"pre\">optional</span></code></span></dt><dd><p>Name of the setup. The default is <code class=\"docutils literal notranslate\"><span class=\"pre\">None</span></code>.</p>\n</dd>\n<dt><strong>intrinsic_dict</strong><span class=\"classifier\"><a class=\"reference external\" href=\"https://docs.python.org/dev/library/stdtypes.html#dict\" title=\"(in Python v3.12)\"><code class=\"docutils literal notranslate\"><span class=\"pre\">dict</span></code></a>, optipnal.</span></dt><dd><p>Intrinsic dictionary that is needed for the export.\nThe default is <code class=\"docutils literal notranslate\"><span class=\"pre\">{}</span></code>.</p>\n</dd>\n</dl>\n</dd>\n<dt class=\"field-even\">Returns<span class=\"colon\">:</span></dt>\n<dd class=\"field-even\"></dd>\n</dl>\n</dd></dl>\n\n</section>\n", "metatags": "<meta name=\"generator\" content=\"Docutils 0.19: https://docutils.sourceforge.io/\" />\n", "rellinks": [["genindex", "General Index", "I", "index"], ["py-modindex", "Python Module Index", "", "modules"], ["API/_autosummary/pyaedt.modules.AdvancedPostProcessing.PostProcessor.export_model_obj", "export_model_obj", "N", "next"], ["API/_autosummary/pyaedt.modules.AdvancedPostProcessing.PostProcessor.export_field_plot", "export_field_plot", "P", "previous"]], "sourcename": "API/_autosummary/pyaedt.modules.AdvancedPostProcessing.PostProcessor.export_mesh_obj.rst.txt", "toc": "<ul>\n<li><a class=\"reference internal\" href=\"#\">export_mesh_obj</a><ul>\n<li><a class=\"reference internal\" href=\"#pyaedt.modules.AdvancedPostProcessing.PostProcessor.export_mesh_obj\"><code class=\"docutils literal notranslate\"><span class=\"pre\">PostProcessor.export_mesh_obj()</span></code></a></li>\n</ul>\n</li>\n</ul>\n", "display_toc": true, "page_source_suffix": ".rst", "current_page_name": "API/_autosummary/pyaedt.modules.AdvancedPostProcessing.PostProcessor.export_mesh_obj", "sidebars": ["search-field.html", "sidebar-nav-bs.html"], "customsidebar": null, "favicon_url": null, "logo_url": null, "alabaster_version": "0.7.12", "theme_show_toc_level": 1, "theme_logo": {}}