{"parents": [{"link": "../../", "title": "API reference"}, {"link": "../../Post/", "title": "Postprocessing"}], "prev": {"link": "../pyaedt.modules.report_templates.Trace.set_trace_properties/", "title": "set_trace_properties"}, "next": {"link": "../pyaedt.modules.report_templates.LimitLine.set_line_properties/", "title": "set_line_properties"}, "title": "pyaedt.modules.report_templates.LimitLine", "meta": {}, "body": "<section id=\"pyaedt-modules-report-templates-limitline\">\n<h1>pyaedt.modules.report_templates.LimitLine<a class=\"headerlink\" href=\"#pyaedt-modules-report-templates-limitline\" title=\"Permalink to this heading\">#</a></h1>\n<dl class=\"py class\">\n<dt class=\"sig sig-object py\" id=\"pyaedt.modules.report_templates.LimitLine\">\n<em class=\"property\"><span class=\"pre\">class</span><span class=\"w\"> </span></em><span class=\"sig-prename descclassname\"><span class=\"pre\">pyaedt.modules.report_templates.</span></span><span class=\"sig-name descname\"><span class=\"pre\">LimitLine</span></span><span class=\"sig-paren\">(</span><em class=\"sig-param\"><span class=\"n\"><span class=\"pre\">report_setup</span></span></em>, <em class=\"sig-param\"><span class=\"n\"><span class=\"pre\">trace_name</span></span></em><span class=\"sig-paren\">)</span><a class=\"reference internal\" href=\"../../../_modules/pyaedt/modules/report_templates/#LimitLine\"><span class=\"viewcode-link\"><span class=\"pre\">[source]</span></span></a><a class=\"headerlink\" href=\"#pyaedt.modules.report_templates.LimitLine\" title=\"Permalink to this definition\">#</a></dt>\n<dd><p>Line Limit Management Class.</p>\n<p class=\"rubric\">Methods</p>\n<table class=\"autosummary longtable docutils align-default\">\n<tbody>\n<tr class=\"row-odd\"><td><p><a class=\"reference internal\" href=\"../pyaedt.modules.report_templates.LimitLine.set_line_properties/#pyaedt.modules.report_templates.LimitLine.set_line_properties\" title=\"pyaedt.modules.report_templates.LimitLine.set_line_properties\"><code class=\"xref py py-obj docutils literal notranslate\"><span class=\"pre\">LimitLine.set_line_properties</span></code></a>([style,\u00a0...])</p></td>\n<td><p>Set trace properties.</p></td>\n</tr>\n</tbody>\n</table>\n</dd></dl>\n\n</section>\n", "metatags": "<meta name=\"generator\" content=\"Docutils 0.19: https://docutils.sourceforge.io/\" />\n", "rellinks": [["genindex", "General Index", "I", "index"], ["py-modindex", "Python Module Index", "", "modules"], ["API/_autosummary/pyaedt.modules.report_templates.LimitLine.set_line_properties", "set_line_properties", "N", "next"], ["API/_autosummary/pyaedt.modules.report_templates.Trace.set_trace_properties", "set_trace_properties", "P", "previous"]], "sourcename": "API/_autosummary/pyaedt.modules.report_templates.LimitLine.rst.txt", "toc": "<ul>\n<li><a class=\"reference internal\" href=\"#\">pyaedt.modules.report_templates.LimitLine</a><ul>\n<li><a class=\"reference internal\" href=\"#pyaedt.modules.report_templates.LimitLine\"><code class=\"docutils literal notranslate\"><span class=\"pre\">LimitLine</span></code></a></li>\n</ul>\n</li>\n</ul>\n", "display_toc": true, "page_source_suffix": ".rst", "current_page_name": "API/_autosummary/pyaedt.modules.report_templates.LimitLine", "sidebars": ["search-field.html", "sidebar-nav-bs.html"], "customsidebar": null, "favicon_url": null, "logo_url": null, "alabaster_version": "0.7.12", "theme_show_toc_level": 1, "theme_logo": {}}