{"parents": [{"link": "../../", "title": "API reference"}, {"link": "../../MaterialManagement/", "title": "Material and stackup"}, {"link": "../pyaedt.modules.MaterialLib.Materials/", "title": "pyaedt.modules.MaterialLib.Materials"}], "prev": {"link": "../pyaedt.modules.MaterialLib.Materials.dielectrics/", "title": "dielectrics"}, "next": {"link": "../pyaedt.modules.MaterialLib.Materials.liquids/", "title": "liquids"}, "title": "gases", "meta": {}, "body": "<section id=\"gases\">\n<h1>gases<a class=\"headerlink\" href=\"#gases\" title=\"Permalink to this heading\">#</a></h1>\n<dl class=\"py property\">\n<dt class=\"sig sig-object py\" id=\"pyaedt.modules.MaterialLib.Materials.gases\">\n<em class=\"property\"><span class=\"pre\">property</span><span class=\"w\"> </span></em><span class=\"sig-prename descclassname\"><span class=\"pre\">Materials.</span></span><span class=\"sig-name descname\"><span class=\"pre\">gases</span></span><a class=\"headerlink\" href=\"#pyaedt.modules.MaterialLib.Materials.gases\" title=\"Permalink to this definition\">#</a></dt>\n<dd><p>Return the gas materials. A gas is a fluid with density lower than 100Kg/m3.</p>\n<dl class=\"field-list simple\">\n<dt class=\"field-odd\">Returns<span class=\"colon\">:</span></dt>\n<dd class=\"field-odd\"><dl class=\"simple\">\n<dt><a class=\"reference external\" href=\"https://docs.python.org/dev/library/stdtypes.html#list\" title=\"(in Python v3.12)\"><code class=\"docutils literal notranslate\"><span class=\"pre\">list</span></code></a></dt><dd><p>List of all Gas materials.</p>\n</dd>\n</dl>\n</dd>\n</dl>\n</dd></dl>\n\n</section>\n", "metatags": "<meta name=\"generator\" content=\"Docutils 0.19: https://docutils.sourceforge.io/\" />\n", "rellinks": [["genindex", "General Index", "I", "index"], ["py-modindex", "Python Module Index", "", "modules"], ["API/_autosummary/pyaedt.modules.MaterialLib.Materials.liquids", "liquids", "N", "next"], ["API/_autosummary/pyaedt.modules.MaterialLib.Materials.dielectrics", "dielectrics", "P", "previous"]], "sourcename": "API/_autosummary/pyaedt.modules.MaterialLib.Materials.gases.rst.txt", "toc": "<ul>\n<li><a class=\"reference internal\" href=\"#\">gases</a><ul>\n<li><a class=\"reference internal\" href=\"#pyaedt.modules.MaterialLib.Materials.gases\"><code class=\"docutils literal notranslate\"><span class=\"pre\">Materials.gases</span></code></a></li>\n</ul>\n</li>\n</ul>\n", "display_toc": true, "page_source_suffix": ".rst", "current_page_name": "API/_autosummary/pyaedt.modules.MaterialLib.Materials.gases", "sidebars": ["search-field.html", "sidebar-nav-bs.html"], "customsidebar": null, "favicon_url": null, "logo_url": null, "alabaster_version": "0.7.12", "theme_show_toc_level": 1, "theme_logo": {}}