{"parents": [{"link": "../../", "title": "API reference"}, {"link": "../../Setup/", "title": "Setup"}, {"link": "../pyaedt.modules.SetupTemplates.SweepHFSS3DLayout/", "title": "pyaedt.modules.SetupTemplates.SweepHFSS3DLayout"}], "prev": {"link": "../pyaedt.modules.SetupTemplates.SweepHFSS3DLayout.update/", "title": "update"}, "next": {"link": "../pyaedt.modules.SetupTemplates.SweepHFSS3DLayout.is_solved/", "title": "is_solved"}, "title": "combined_name", "meta": {}, "body": "<section id=\"combined-name\">\n<h1>combined_name<a class=\"headerlink\" href=\"#combined-name\" title=\"Permalink to this heading\">#</a></h1>\n<dl class=\"py property\">\n<dt class=\"sig sig-object py\" id=\"pyaedt.modules.SetupTemplates.SweepHFSS3DLayout.combined_name\">\n<em class=\"property\"><span class=\"pre\">property</span><span class=\"w\"> </span></em><span class=\"sig-prename descclassname\"><span class=\"pre\">SweepHFSS3DLayout.</span></span><span class=\"sig-name descname\"><span class=\"pre\">combined_name</span></span><a class=\"headerlink\" href=\"#pyaedt.modules.SetupTemplates.SweepHFSS3DLayout.combined_name\" title=\"Permalink to this definition\">#</a></dt>\n<dd><p>Compute the setupname : sweepname string.</p>\n<dl class=\"field-list simple\">\n<dt class=\"field-odd\">Returns<span class=\"colon\">:</span></dt>\n<dd class=\"field-odd\"><dl class=\"simple\">\n<dt><a class=\"reference external\" href=\"https://docs.python.org/dev/library/stdtypes.html#str\" title=\"(in Python v3.12)\"><code class=\"docutils literal notranslate\"><span class=\"pre\">str</span></code></a></dt><dd></dd>\n</dl>\n</dd>\n</dl>\n</dd></dl>\n\n</section>\n", "metatags": "<meta name=\"generator\" content=\"Docutils 0.19: https://docutils.sourceforge.io/\" />\n", "rellinks": [["genindex", "General Index", "I", "index"], ["py-modindex", "Python Module Index", "", "modules"], ["API/_autosummary/pyaedt.modules.SetupTemplates.SweepHFSS3DLayout.is_solved", "is_solved", "N", "next"], ["API/_autosummary/pyaedt.modules.SetupTemplates.SweepHFSS3DLayout.update", "update", "P", "previous"]], "sourcename": "API/_autosummary/pyaedt.modules.SetupTemplates.SweepHFSS3DLayout.combined_name.rst.txt", "toc": "<ul>\n<li><a class=\"reference internal\" href=\"#\">combined_name</a><ul>\n<li><a class=\"reference internal\" href=\"#pyaedt.modules.SetupTemplates.SweepHFSS3DLayout.combined_name\"><code class=\"docutils literal notranslate\"><span class=\"pre\">SweepHFSS3DLayout.combined_name</span></code></a></li>\n</ul>\n</li>\n</ul>\n", "display_toc": true, "page_source_suffix": ".rst", "current_page_name": "API/_autosummary/pyaedt.modules.SetupTemplates.SweepHFSS3DLayout.combined_name", "sidebars": ["search-field.html", "sidebar-nav-bs.html"], "customsidebar": null, "favicon_url": null, "logo_url": null, "alabaster_version": "0.7.12", "theme_show_toc_level": 1, "theme_logo": {}}