{"parents": [{"link": "../../", "title": "API reference"}, {"link": "../../Primitives/", "title": "Modeler and  primitives"}, {"link": "../pyaedt.modeler.Primitives3D.Primitives3D/", "title": "pyaedt.modeler.Primitives3D.Primitives3D"}], "prev": {"link": "../pyaedt.modeler.Primitives3D.Primitives3D.unclassified_objects/", "title": "unclassified_objects"}, "next": {"link": "../pyaedt.modeler.Primitives3D.Primitives3D.version/", "title": "version"}, "title": "user_defined_component_names", "meta": {}, "body": "<section id=\"user-defined-component-names\">\n<h1>user_defined_component_names<a class=\"headerlink\" href=\"#user-defined-component-names\" title=\"Permalink to this heading\">#</a></h1>\n<dl class=\"py property\">\n<dt class=\"sig sig-object py\" id=\"pyaedt.modeler.Primitives3D.Primitives3D.user_defined_component_names\">\n<em class=\"property\"><span class=\"pre\">property</span><span class=\"w\"> </span></em><span class=\"sig-prename descclassname\"><span class=\"pre\">Primitives3D.</span></span><span class=\"sig-name descname\"><span class=\"pre\">user_defined_component_names</span></span><a class=\"headerlink\" href=\"#pyaedt.modeler.Primitives3D.Primitives3D.user_defined_component_names\" title=\"Permalink to this definition\">#</a></dt>\n<dd><p>List of the names of all 3D component objects.</p>\n<p class=\"rubric\">References</p>\n<div class=\"doctest highlight-default notranslate\"><div class=\"highlight\"><pre><span></span><span class=\"gp\">&gt;&gt;&gt; </span><span class=\"n\">oEditor</span><span class=\"o\">.</span><span class=\"n\">Get3DComponentDefinitionNames</span>\n<span class=\"gp\">&gt;&gt;&gt; </span><span class=\"n\">oEditor</span><span class=\"o\">.</span><span class=\"n\">Get3DComponentInstanceNames</span>\n</pre></div>\n</div>\n</dd></dl>\n\n</section>\n", "metatags": "<meta name=\"generator\" content=\"Docutils 0.19: https://docutils.sourceforge.io/\" />\n", "rellinks": [["genindex", "General Index", "I", "index"], ["py-modindex", "Python Module Index", "", "modules"], ["API/_autosummary/pyaedt.modeler.Primitives3D.Primitives3D.version", "version", "N", "next"], ["API/_autosummary/pyaedt.modeler.Primitives3D.Primitives3D.unclassified_objects", "unclassified_objects", "P", "previous"]], "sourcename": "API/_autosummary/pyaedt.modeler.Primitives3D.Primitives3D.user_defined_component_names.rst.txt", "toc": "<ul>\n<li><a class=\"reference internal\" href=\"#\">user_defined_component_names</a><ul>\n<li><a class=\"reference internal\" href=\"#pyaedt.modeler.Primitives3D.Primitives3D.user_defined_component_names\"><code class=\"docutils literal notranslate\"><span class=\"pre\">Primitives3D.user_defined_component_names</span></code></a></li>\n</ul>\n</li>\n</ul>\n", "display_toc": true, "page_source_suffix": ".rst", "current_page_name": "API/_autosummary/pyaedt.modeler.Primitives3D.Primitives3D.user_defined_component_names", "sidebars": ["search-field.html", "sidebar-nav-bs.html"], "customsidebar": null, "favicon_url": null, "logo_url": null, "alabaster_version": "0.7.12", "theme_show_toc_level": 1, "theme_logo": {}}