{"parents": [{"link": "../../", "title": "API reference"}, {"link": "../../CoreEdb/", "title": "EDB editor"}, {"link": "../pyaedt.edb_core.siwave.EdbSiwave/", "title": "pyaedt.edb_core.siwave.EdbSiwave"}], "prev": {"link": "../pyaedt.edb_core.siwave.EdbSiwave.create_rlc_component/", "title": "create_rlc_component"}, "next": {"link": "../pyaedt.edb_core.siwave.EdbSiwave.create_voltage_source_on_pin/", "title": "create_voltage_source_on_pin"}, "title": "create_voltage_source_on_net", "meta": {}, "body": "<section id=\"create-voltage-source-on-net\">\n<h1>create_voltage_source_on_net<a class=\"headerlink\" href=\"#create-voltage-source-on-net\" title=\"Permalink to this heading\">#</a></h1>\n<dl class=\"py method\">\n<dt class=\"sig sig-object py\" id=\"pyaedt.edb_core.siwave.EdbSiwave.create_voltage_source_on_net\">\n<span class=\"sig-prename descclassname\"><span class=\"pre\">EdbSiwave.</span></span><span class=\"sig-name descname\"><span class=\"pre\">create_voltage_source_on_net</span></span><span class=\"sig-paren\">(</span><em class=\"sig-param\"><span class=\"n\"><span class=\"pre\">positive_component_name</span></span></em>, <em class=\"sig-param\"><span class=\"n\"><span class=\"pre\">positive_net_name</span></span></em>, <em class=\"sig-param\"><span class=\"n\"><span class=\"pre\">negative_component_name</span></span><span class=\"o\"><span class=\"pre\">=</span></span><span class=\"default_value\"><span class=\"pre\">None</span></span></em>, <em class=\"sig-param\"><span class=\"n\"><span class=\"pre\">negative_net_name</span></span><span class=\"o\"><span class=\"pre\">=</span></span><span class=\"default_value\"><span class=\"pre\">None</span></span></em>, <em class=\"sig-param\"><span class=\"n\"><span class=\"pre\">voltage_value</span></span><span class=\"o\"><span class=\"pre\">=</span></span><span class=\"default_value\"><span class=\"pre\">3.3</span></span></em>, <em class=\"sig-param\"><span class=\"n\"><span class=\"pre\">phase_value</span></span><span class=\"o\"><span class=\"pre\">=</span></span><span class=\"default_value\"><span class=\"pre\">0</span></span></em>, <em class=\"sig-param\"><span class=\"n\"><span class=\"pre\">source_name</span></span><span class=\"o\"><span class=\"pre\">=</span></span><span class=\"default_value\"><span class=\"pre\">''</span></span></em><span class=\"sig-paren\">)</span><a class=\"reference internal\" href=\"../../../_modules/pyaedt/edb_core/siwave/#EdbSiwave.create_voltage_source_on_net\"><span class=\"viewcode-link\"><span class=\"pre\">[source]</span></span></a><a class=\"headerlink\" href=\"#pyaedt.edb_core.siwave.EdbSiwave.create_voltage_source_on_net\" title=\"Permalink to this definition\">#</a></dt>\n<dd><p>Create a voltage source.</p>\n<dl class=\"field-list\">\n<dt class=\"field-odd\">Parameters<span class=\"colon\">:</span></dt>\n<dd class=\"field-odd\"><dl>\n<dt><strong>positive_component_name</strong><span class=\"classifier\"><a class=\"reference external\" href=\"https://docs.python.org/dev/library/stdtypes.html#str\" title=\"(in Python v3.12)\"><code class=\"docutils literal notranslate\"><span class=\"pre\">str</span></code></a></span></dt><dd><p>Name of the positive component.</p>\n</dd>\n<dt><strong>positive_net_name</strong><span class=\"classifier\"><a class=\"reference external\" href=\"https://docs.python.org/dev/library/stdtypes.html#str\" title=\"(in Python v3.12)\"><code class=\"docutils literal notranslate\"><span class=\"pre\">str</span></code></a></span></dt><dd><p>Name of the positive net.</p>\n</dd>\n<dt><strong>negative_component_name</strong><span class=\"classifier\"><a class=\"reference external\" href=\"https://docs.python.org/dev/library/stdtypes.html#str\" title=\"(in Python v3.12)\"><code class=\"docutils literal notranslate\"><span class=\"pre\">str</span></code></a>, <code class=\"xref py py-obj docutils literal notranslate\"><span class=\"pre\">optional</span></code></span></dt><dd><p>Name of the negative component. The default is <code class=\"docutils literal notranslate\"><span class=\"pre\">None</span></code>, in which case the name of\nthe positive net is assigned.</p>\n</dd>\n<dt><strong>negative_net_name</strong><span class=\"classifier\"><a class=\"reference external\" href=\"https://docs.python.org/dev/library/stdtypes.html#str\" title=\"(in Python v3.12)\"><code class=\"docutils literal notranslate\"><span class=\"pre\">str</span></code></a>, <code class=\"xref py py-obj docutils literal notranslate\"><span class=\"pre\">optional</span></code></span></dt><dd><p>Name of the negative net name. The default is <code class=\"docutils literal notranslate\"><span class=\"pre\">None</span></code> which will look for GND Nets.</p>\n</dd>\n<dt><strong>voltage_value</strong><span class=\"classifier\"><a class=\"reference external\" href=\"https://docs.python.org/dev/library/functions.html#float\" title=\"(in Python v3.12)\"><code class=\"docutils literal notranslate\"><span class=\"pre\">float</span></code></a>, <code class=\"xref py py-obj docutils literal notranslate\"><span class=\"pre\">optional</span></code></span></dt><dd><p>Value for the voltage. The default is <code class=\"docutils literal notranslate\"><span class=\"pre\">3.3</span></code>.</p>\n</dd>\n<dt><strong>phase_value</strong><span class=\"classifier\"><code class=\"xref py py-obj docutils literal notranslate\"><span class=\"pre\">optional</span></code></span></dt><dd><p>Value for the phase. The default is <code class=\"docutils literal notranslate\"><span class=\"pre\">0</span></code>.</p>\n</dd>\n<dt><strong>source_name</strong><span class=\"classifier\"><a class=\"reference external\" href=\"https://docs.python.org/dev/library/stdtypes.html#str\" title=\"(in Python v3.12)\"><code class=\"docutils literal notranslate\"><span class=\"pre\">str</span></code></a>, <code class=\"xref py py-obj docutils literal notranslate\"><span class=\"pre\">optional</span></code></span></dt><dd><p>Name of the source. The default is <code class=\"docutils literal notranslate\"><span class=\"pre\">&quot;&quot;</span></code>.</p>\n</dd>\n</dl>\n</dd>\n<dt class=\"field-even\">Returns<span class=\"colon\">:</span></dt>\n<dd class=\"field-even\"><dl class=\"simple\">\n<dt><a class=\"reference external\" href=\"https://docs.python.org/dev/library/stdtypes.html#str\" title=\"(in Python v3.12)\"><code class=\"docutils literal notranslate\"><span class=\"pre\">str</span></code></a></dt><dd><p>The name of the source.</p>\n</dd>\n</dl>\n</dd>\n</dl>\n<p class=\"rubric\">Examples</p>\n<div class=\"doctest highlight-default notranslate\"><div class=\"highlight\"><pre><span></span><span class=\"gp\">&gt;&gt;&gt; </span><span class=\"kn\">from</span> <span class=\"nn\">pyaedt</span> <span class=\"kn\">import</span> <span class=\"n\">Edb</span>\n<span class=\"gp\">&gt;&gt;&gt; </span><span class=\"n\">edbapp</span> <span class=\"o\">=</span> <span class=\"n\">Edb</span><span class=\"p\">(</span><span class=\"s2\">&quot;myaedbfolder&quot;</span><span class=\"p\">,</span> <span class=\"s2\">&quot;project name&quot;</span><span class=\"p\">,</span> <span class=\"s2\">&quot;release version&quot;</span><span class=\"p\">)</span>\n<span class=\"gp\">&gt;&gt;&gt; </span><span class=\"n\">edb</span><span class=\"o\">.</span><span class=\"n\">core_siwave</span><span class=\"o\">.</span><span class=\"n\">create_voltage_source_on_net</span><span class=\"p\">(</span><span class=\"s2\">&quot;U2A5&quot;</span><span class=\"p\">,</span><span class=\"s2\">&quot;V1P5_S3&quot;</span><span class=\"p\">,</span><span class=\"s2\">&quot;U2A5&quot;</span><span class=\"p\">,</span><span class=\"s2\">&quot;GND&quot;</span><span class=\"p\">,</span><span class=\"mf\">3.3</span><span class=\"p\">,</span><span class=\"mi\">0</span><span class=\"p\">,</span><span class=\"s2\">&quot;source_name&quot;</span><span class=\"p\">)</span>\n</pre></div>\n</div>\n</dd></dl>\n\n</section>\n", "metatags": "<meta name=\"generator\" content=\"Docutils 0.19: https://docutils.sourceforge.io/\" />\n", "rellinks": [["genindex", "General Index", "I", "index"], ["py-modindex", "Python Module Index", "", "modules"], ["API/_autosummary/pyaedt.edb_core.siwave.EdbSiwave.create_voltage_source_on_pin", "create_voltage_source_on_pin", "N", "next"], ["API/_autosummary/pyaedt.edb_core.siwave.EdbSiwave.create_rlc_component", "create_rlc_component", "P", "previous"]], "sourcename": "API/_autosummary/pyaedt.edb_core.siwave.EdbSiwave.create_voltage_source_on_net.rst.txt", "toc": "<ul>\n<li><a class=\"reference internal\" href=\"#\">create_voltage_source_on_net</a><ul>\n<li><a class=\"reference internal\" href=\"#pyaedt.edb_core.siwave.EdbSiwave.create_voltage_source_on_net\"><code class=\"docutils literal notranslate\"><span class=\"pre\">EdbSiwave.create_voltage_source_on_net()</span></code></a></li>\n</ul>\n</li>\n</ul>\n", "display_toc": true, "page_source_suffix": ".rst", "current_page_name": "API/_autosummary/pyaedt.edb_core.siwave.EdbSiwave.create_voltage_source_on_net", "sidebars": ["search-field.html", "sidebar-nav-bs.html"], "customsidebar": null, "favicon_url": null, "logo_url": null, "alabaster_version": "0.7.12", "theme_show_toc_level": 1, "theme_logo": {}}