{"parents": [{"link": "../../", "title": "API reference"}, {"link": "../../Application/", "title": "AEDT apps"}, {"link": "../pyaedt.Icepak/", "title": "pyaedt.Icepak"}], "prev": {"link": "../pyaedt.Icepak.create_source_power/", "title": "create_source_power"}, "next": {"link": "../pyaedt.Icepak.dataset_exists/", "title": "dataset_exists"}, "title": "create_temp_point_monitor", "meta": {}, "body": "<section id=\"create-temp-point-monitor\">\n<h1>create_temp_point_monitor<a class=\"headerlink\" href=\"#create-temp-point-monitor\" title=\"Permalink to this heading\">#</a></h1>\n<dl class=\"py method\">\n<dt class=\"sig sig-object py\" id=\"pyaedt.Icepak.create_temp_point_monitor\">\n<span class=\"sig-prename descclassname\"><span class=\"pre\">Icepak.</span></span><span class=\"sig-name descname\"><span class=\"pre\">create_temp_point_monitor</span></span><span class=\"sig-paren\">(</span><em class=\"sig-param\"><span class=\"n\"><span class=\"pre\">point_name</span></span></em>, <em class=\"sig-param\"><span class=\"n\"><span class=\"pre\">point_coord</span></span><span class=\"o\"><span class=\"pre\">=</span></span><span class=\"default_value\"><span class=\"pre\">[0,</span> <span class=\"pre\">0,</span> <span class=\"pre\">0]</span></span></em><span class=\"sig-paren\">)</span><a class=\"reference internal\" href=\"../../../_modules/pyaedt/icepak/#Icepak.create_temp_point_monitor\"><span class=\"viewcode-link\"><span class=\"pre\">[source]</span></span></a><a class=\"headerlink\" href=\"#pyaedt.Icepak.create_temp_point_monitor\" title=\"Permalink to this definition\">#</a></dt>\n<dd><p>Create a temperature monitor for the simulation.</p>\n<dl class=\"field-list\">\n<dt class=\"field-odd\">Parameters<span class=\"colon\">:</span></dt>\n<dd class=\"field-odd\"><dl>\n<dt><strong>point_name</strong><span class=\"classifier\"><a class=\"reference external\" href=\"https://docs.python.org/dev/library/stdtypes.html#str\" title=\"(in Python v3.12)\"><code class=\"docutils literal notranslate\"><span class=\"pre\">str</span></code></a></span></dt><dd><p>Name of the temperature monitor.</p>\n</dd>\n<dt><strong>point_coord</strong><span class=\"classifier\"><a class=\"reference external\" href=\"https://docs.python.org/dev/library/stdtypes.html#list\" title=\"(in Python v3.12)\"><code class=\"docutils literal notranslate\"><span class=\"pre\">list</span></code></a>, <code class=\"xref py py-obj docutils literal notranslate\"><span class=\"pre\">optional</span></code></span></dt><dd><p>List of <code class=\"docutils literal notranslate\"><span class=\"pre\">[x,</span> <span class=\"pre\">y,</span> <span class=\"pre\">z}&quot;&quot;</span> <span class=\"pre\">coordinates</span> <span class=\"pre\">for</span> <span class=\"pre\">the</span> <span class=\"pre\">temperature</span> <span class=\"pre\">monitor.</span>\n<span class=\"pre\">The</span> <span class=\"pre\">default</span> <span class=\"pre\">is</span> <span class=\"pre\">``[0,</span> <span class=\"pre\">0,</span> <span class=\"pre\">0]</span></code>.</p>\n</dd>\n</dl>\n</dd>\n<dt class=\"field-even\">Returns<span class=\"colon\">:</span></dt>\n<dd class=\"field-even\"><dl class=\"simple\">\n<dt><a class=\"reference external\" href=\"https://docs.python.org/dev/library/stdtypes.html#bltin-boolean-values\" title=\"(in Python v3.12)\"><span class=\"xref std std-ref\">bool</span></a></dt><dd><p><code class=\"docutils literal notranslate\"><span class=\"pre\">True</span></code> when successful, <code class=\"docutils literal notranslate\"><span class=\"pre\">False</span></code> when failed.</p>\n</dd>\n</dl>\n</dd>\n</dl>\n<p class=\"rubric\">References</p>\n<div class=\"doctest highlight-default notranslate\"><div class=\"highlight\"><pre><span></span><span class=\"gp\">&gt;&gt;&gt; </span><span class=\"n\">oModule</span><span class=\"o\">.</span><span class=\"n\">AssignPointMonitor</span>\n</pre></div>\n</div>\n</dd></dl>\n\n</section>\n", "metatags": "<meta name=\"generator\" content=\"Docutils 0.19: https://docutils.sourceforge.io/\" />\n", "rellinks": [["genindex", "General Index", "I", "index"], ["py-modindex", "Python Module Index", "", "modules"], ["API/_autosummary/pyaedt.Icepak.dataset_exists", "dataset_exists", "N", "next"], ["API/_autosummary/pyaedt.Icepak.create_source_power", "create_source_power", "P", "previous"]], "sourcename": "API/_autosummary/pyaedt.Icepak.create_temp_point_monitor.rst.txt", "toc": "<ul>\n<li><a class=\"reference internal\" href=\"#\">create_temp_point_monitor</a><ul>\n<li><a class=\"reference internal\" href=\"#pyaedt.Icepak.create_temp_point_monitor\"><code class=\"docutils literal notranslate\"><span class=\"pre\">Icepak.create_temp_point_monitor()</span></code></a></li>\n</ul>\n</li>\n</ul>\n", "display_toc": true, "page_source_suffix": ".rst", "current_page_name": "API/_autosummary/pyaedt.Icepak.create_temp_point_monitor", "sidebars": ["search-field.html", "sidebar-nav-bs.html"], "customsidebar": null, "favicon_url": null, "logo_url": null, "alabaster_version": "0.7.12", "theme_show_toc_level": 1, "theme_logo": {}}