{"parents": [{"link": "../../", "title": "API reference"}, {"link": "../../Application/", "title": "AEDT apps"}, {"link": "../pyaedt.Hfss/", "title": "pyaedt.Hfss"}], "prev": {"link": "../pyaedt.Hfss.plot/", "title": "plot"}, "next": {"link": "../pyaedt.Hfss.read_only_variable/", "title": "read_only_variable"}, "title": "read_design_data", "meta": {}, "body": "<section id=\"read-design-data\">\n<h1>read_design_data<a class=\"headerlink\" href=\"#read-design-data\" title=\"Permalink to this heading\">#</a></h1>\n<dl class=\"py method\">\n<dt class=\"sig sig-object py\" id=\"pyaedt.Hfss.read_design_data\">\n<span class=\"sig-prename descclassname\"><span class=\"pre\">Hfss.</span></span><span class=\"sig-name descname\"><span class=\"pre\">read_design_data</span></span><span class=\"sig-paren\">(</span><span class=\"sig-paren\">)</span><a class=\"headerlink\" href=\"#pyaedt.Hfss.read_design_data\" title=\"Permalink to this definition\">#</a></dt>\n<dd><p>Read back the design data as a dictionary.</p>\n<dl class=\"field-list simple\">\n<dt class=\"field-odd\">Returns<span class=\"colon\">:</span></dt>\n<dd class=\"field-odd\"><dl class=\"simple\">\n<dt><a class=\"reference external\" href=\"https://docs.python.org/dev/library/stdtypes.html#dict\" title=\"(in Python v3.12)\"><code class=\"docutils literal notranslate\"><span class=\"pre\">dict</span></code></a></dt><dd><p>Dictionary of the design data.</p>\n</dd>\n</dl>\n</dd>\n</dl>\n</dd></dl>\n\n</section>\n", "metatags": "<meta name=\"generator\" content=\"Docutils 0.19: https://docutils.sourceforge.io/\" />\n", "rellinks": [["genindex", "General Index", "I", "index"], ["py-modindex", "Python Module Index", "", "modules"], ["API/_autosummary/pyaedt.Hfss.read_only_variable", "read_only_variable", "N", "next"], ["API/_autosummary/pyaedt.Hfss.plot", "plot", "P", "previous"]], "sourcename": "API/_autosummary/pyaedt.Hfss.read_design_data.rst.txt", "toc": "<ul>\n<li><a class=\"reference internal\" href=\"#\">read_design_data</a><ul>\n<li><a class=\"reference internal\" href=\"#pyaedt.Hfss.read_design_data\"><code class=\"docutils literal notranslate\"><span class=\"pre\">Hfss.read_design_data()</span></code></a></li>\n</ul>\n</li>\n</ul>\n", "display_toc": true, "page_source_suffix": ".rst", "current_page_name": "API/_autosummary/pyaedt.Hfss.read_design_data", "sidebars": ["search-field.html", "sidebar-nav-bs.html"], "customsidebar": null, "favicon_url": null, "logo_url": null, "alabaster_version": "0.7.12", "theme_show_toc_level": 1, "theme_logo": {}}