{"parents": [{"link": "../../", "title": "API reference"}, {"link": "../../Primitives/", "title": "Modeler and  primitives"}, {"link": "../pyaedt.modeler.Model2D.Modeler2D/", "title": "pyaedt.modeler.Model2D.Modeler2D"}], "prev": {"link": "../pyaedt.modeler.Model2D.Modeler2D.radial_split_2D/", "title": "radial_split_2D"}, "next": {"link": "../pyaedt.modeler.Model2D.Modeler2D.refresh_all_ids/", "title": "refresh_all_ids"}, "title": "refresh", "meta": {}, "body": "<section id=\"refresh\">\n<h1>refresh<a class=\"headerlink\" href=\"#refresh\" title=\"Permalink to this heading\">#</a></h1>\n<dl class=\"py method\">\n<dt class=\"sig sig-object py\" id=\"pyaedt.modeler.Model2D.Modeler2D.refresh\">\n<span class=\"sig-prename descclassname\"><span class=\"pre\">Modeler2D.</span></span><span class=\"sig-name descname\"><span class=\"pre\">refresh</span></span><span class=\"sig-paren\">(</span><span class=\"sig-paren\">)</span><a class=\"headerlink\" href=\"#pyaedt.modeler.Model2D.Modeler2D.refresh\" title=\"Permalink to this definition\">#</a></dt>\n<dd><p>Refresh this object.</p>\n</dd></dl>\n\n</section>\n", "metatags": "<meta name=\"generator\" content=\"Docutils 0.19: https://docutils.sourceforge.io/\" />\n", "rellinks": [["genindex", "General Index", "I", "index"], ["py-modindex", "Python Module Index", "", "modules"], ["API/_autosummary/pyaedt.modeler.Model2D.Modeler2D.refresh_all_ids", "refresh_all_ids", "N", "next"], ["API/_autosummary/pyaedt.modeler.Model2D.Modeler2D.radial_split_2D", "radial_split_2D", "P", "previous"]], "sourcename": "API/_autosummary/pyaedt.modeler.Model2D.Modeler2D.refresh.rst.txt", "toc": "<ul>\n<li><a class=\"reference internal\" href=\"#\">refresh</a><ul>\n<li><a class=\"reference internal\" href=\"#pyaedt.modeler.Model2D.Modeler2D.refresh\"><code class=\"docutils literal notranslate\"><span class=\"pre\">Modeler2D.refresh()</span></code></a></li>\n</ul>\n</li>\n</ul>\n", "display_toc": true, "page_source_suffix": ".rst", "current_page_name": "API/_autosummary/pyaedt.modeler.Model2D.Modeler2D.refresh", "sidebars": ["search-field.html", "sidebar-nav-bs.html"], "customsidebar": null, "favicon_url": null, "logo_url": null, "alabaster_version": "0.7.12", "theme_show_toc_level": 1, "theme_logo": {}}