{"parents": [{"link": "../../", "title": "API reference"}, {"link": "../../Application/", "title": "AEDT apps"}, {"link": "../pyaedt.Hfss3dLayout/", "title": "pyaedt.Hfss3dLayout"}], "prev": {"link": "../pyaedt.Hfss3dLayout.create_pin_port/", "title": "create_pin_port"}, "next": {"link": "../pyaedt.Hfss3dLayout.create_scattering/", "title": "create_scattering"}, "title": "create_ports_on_component_by_nets", "meta": {}, "body": "<section id=\"create-ports-on-component-by-nets\">\n<h1>create_ports_on_component_by_nets<a class=\"headerlink\" href=\"#create-ports-on-component-by-nets\" title=\"Permalink to this heading\">#</a></h1>\n<dl class=\"py method\">\n<dt class=\"sig sig-object py\" id=\"pyaedt.Hfss3dLayout.create_ports_on_component_by_nets\">\n<span class=\"sig-prename descclassname\"><span class=\"pre\">Hfss3dLayout.</span></span><span class=\"sig-name descname\"><span class=\"pre\">create_ports_on_component_by_nets</span></span><span class=\"sig-paren\">(</span><em class=\"sig-param\"><span class=\"n\"><span class=\"pre\">component_name</span></span></em>, <em class=\"sig-param\"><span class=\"n\"><span class=\"pre\">nets</span></span></em><span class=\"sig-paren\">)</span><a class=\"reference internal\" href=\"../../../_modules/pyaedt/hfss3dlayout/#Hfss3dLayout.create_ports_on_component_by_nets\"><span class=\"viewcode-link\"><span class=\"pre\">[source]</span></span></a><a class=\"headerlink\" href=\"#pyaedt.Hfss3dLayout.create_ports_on_component_by_nets\" title=\"Permalink to this definition\">#</a></dt>\n<dd><p>Create the ports on a component for a list of nets.</p>\n<dl class=\"field-list\">\n<dt class=\"field-odd\">Parameters<span class=\"colon\">:</span></dt>\n<dd class=\"field-odd\"><dl>\n<dt><strong>component_name</strong><span class=\"classifier\"><a class=\"reference external\" href=\"https://docs.python.org/dev/library/stdtypes.html#str\" title=\"(in Python v3.12)\"><code class=\"docutils literal notranslate\"><span class=\"pre\">str</span></code></a></span></dt><dd><p>Component name.</p>\n</dd>\n<dt><strong>nets</strong><span class=\"classifier\"><a class=\"reference external\" href=\"https://docs.python.org/dev/library/stdtypes.html#str\" title=\"(in Python v3.12)\"><code class=\"docutils literal notranslate\"><span class=\"pre\">str</span></code></a>, <a class=\"reference external\" href=\"https://docs.python.org/dev/library/stdtypes.html#list\" title=\"(in Python v3.12)\"><code class=\"docutils literal notranslate\"><span class=\"pre\">list</span></code></a></span></dt><dd><p>Nets to include.</p>\n</dd>\n</dl>\n</dd>\n<dt class=\"field-even\">Returns<span class=\"colon\">:</span></dt>\n<dd class=\"field-even\"><dl class=\"simple\">\n<dt><a class=\"reference external\" href=\"https://docs.python.org/dev/library/stdtypes.html#list\" title=\"(in Python v3.12)\"><code class=\"docutils literal notranslate\"><span class=\"pre\">list</span></code></a> <code class=\"xref py py-obj docutils literal notranslate\"><span class=\"pre\">of</span></code> <a class=\"reference internal\" href=\"../pyaedt.modules.Boundary.BoundaryObject3dLayout/#pyaedt.modules.Boundary.BoundaryObject3dLayout\" title=\"pyaedt.modules.Boundary.BoundaryObject3dLayout\"><code class=\"xref py py-class docutils literal notranslate\"><span class=\"pre\">pyaedt.modules.Boundary.BoundaryObject3dLayout</span></code></a></dt><dd><p>Port Objects when successful.</p>\n</dd>\n</dl>\n</dd>\n</dl>\n<p class=\"rubric\">References</p>\n<div class=\"doctest highlight-default notranslate\"><div class=\"highlight\"><pre><span></span><span class=\"gp\">&gt;&gt;&gt; </span><span class=\"n\">oEditor</span><span class=\"o\">.</span><span class=\"n\">CreateEdgePort</span>\n</pre></div>\n</div>\n</dd></dl>\n\n</section>\n", "metatags": "<meta name=\"generator\" content=\"Docutils 0.19: https://docutils.sourceforge.io/\" />\n", "rellinks": [["genindex", "General Index", "I", "index"], ["py-modindex", "Python Module Index", "", "modules"], ["API/_autosummary/pyaedt.Hfss3dLayout.create_scattering", "create_scattering", "N", "next"], ["API/_autosummary/pyaedt.Hfss3dLayout.create_pin_port", "create_pin_port", "P", "previous"]], "sourcename": "API/_autosummary/pyaedt.Hfss3dLayout.create_ports_on_component_by_nets.rst.txt", "toc": "<ul>\n<li><a class=\"reference internal\" href=\"#\">create_ports_on_component_by_nets</a><ul>\n<li><a class=\"reference internal\" href=\"#pyaedt.Hfss3dLayout.create_ports_on_component_by_nets\"><code class=\"docutils literal notranslate\"><span class=\"pre\">Hfss3dLayout.create_ports_on_component_by_nets()</span></code></a></li>\n</ul>\n</li>\n</ul>\n", "display_toc": true, "page_source_suffix": ".rst", "current_page_name": "API/_autosummary/pyaedt.Hfss3dLayout.create_ports_on_component_by_nets", "sidebars": ["search-field.html", "sidebar-nav-bs.html"], "customsidebar": null, "favicon_url": null, "logo_url": null, "alabaster_version": "0.7.12", "theme_show_toc_level": 1, "theme_logo": {}}