{"parents": [{"link": "../../", "title": "API reference"}, {"link": "../../Post/", "title": "Postprocessing"}, {"link": "../pyaedt.modules.AdvancedPostProcessing.PostProcessor/", "title": "pyaedt.modules.AdvancedPostProcessing.PostProcessor"}], "prev": {"link": "../pyaedt.modules.AdvancedPostProcessing.PostProcessor.plot_scene/", "title": "plot_scene"}, "next": {"link": "../pyaedt.modules.AdvancedPostProcessing.PostProcessor.rename_report/", "title": "rename_report"}, "title": "power_budget", "meta": {}, "body": "<section id=\"power-budget\">\n<h1>power_budget<a class=\"headerlink\" href=\"#power-budget\" title=\"Permalink to this heading\">#</a></h1>\n<dl class=\"py method\">\n<dt class=\"sig sig-object py\" id=\"pyaedt.modules.AdvancedPostProcessing.PostProcessor.power_budget\">\n<span class=\"sig-prename descclassname\"><span class=\"pre\">PostProcessor.</span></span><span class=\"sig-name descname\"><span class=\"pre\">power_budget</span></span><span class=\"sig-paren\">(</span><em class=\"sig-param\"><span class=\"n\"><span class=\"pre\">units</span></span><span class=\"o\"><span class=\"pre\">=</span></span><span class=\"default_value\"><span class=\"pre\">'W'</span></span></em>, <em class=\"sig-param\"><span class=\"n\"><span class=\"pre\">temperature</span></span><span class=\"o\"><span class=\"pre\">=</span></span><span class=\"default_value\"><span class=\"pre\">22</span></span></em><span class=\"sig-paren\">)</span><a class=\"reference internal\" href=\"../../../_modules/pyaedt/modules/PostProcessor/#PostProcessor.power_budget\"><span class=\"viewcode-link\"><span class=\"pre\">[source]</span></span></a><a class=\"headerlink\" href=\"#pyaedt.modules.AdvancedPostProcessing.PostProcessor.power_budget\" title=\"Permalink to this definition\">#</a></dt>\n<dd><p>Power budget calculation.</p>\n<dl class=\"field-list\">\n<dt class=\"field-odd\">Parameters<span class=\"colon\">:</span></dt>\n<dd class=\"field-odd\"><dl>\n<dt><strong>units</strong><span class=\"classifier\"><a class=\"reference external\" href=\"https://docs.python.org/dev/library/stdtypes.html#str\" title=\"(in Python v3.12)\"><code class=\"docutils literal notranslate\"><span class=\"pre\">str</span></code></a></span></dt><dd><p>Output power units.</p>\n</dd>\n<dt><strong>temperature</strong><span class=\"classifier\"><a class=\"reference external\" href=\"https://docs.python.org/dev/library/functions.html#float\" title=\"(in Python v3.12)\"><code class=\"docutils literal notranslate\"><span class=\"pre\">float</span></code></a></span></dt><dd><p>Temperature to calculate the power.</p>\n</dd>\n</dl>\n</dd>\n<dt class=\"field-even\">Returns<span class=\"colon\">:</span></dt>\n<dd class=\"field-even\"><dl class=\"simple\">\n<dt><a class=\"reference external\" href=\"https://docs.python.org/dev/library/stdtypes.html#dict\" title=\"(in Python v3.12)\"><code class=\"docutils literal notranslate\"><span class=\"pre\">dict</span></code></a>, <a class=\"reference external\" href=\"https://docs.python.org/dev/library/functions.html#float\" title=\"(in Python v3.12)\"><code class=\"docutils literal notranslate\"><span class=\"pre\">float</span></code></a></dt><dd><p>Dictionary with the power introduced on each boundary and total power.</p>\n</dd>\n</dl>\n</dd>\n</dl>\n<p class=\"rubric\">References</p>\n<div class=\"doctest highlight-default notranslate\"><div class=\"highlight\"><pre><span></span><span class=\"gp\">&gt;&gt;&gt; </span><span class=\"n\">oEditor</span><span class=\"o\">.</span><span class=\"n\">ChangeProperty</span>\n</pre></div>\n</div>\n</dd></dl>\n\n</section>\n", "metatags": "<meta name=\"generator\" content=\"Docutils 0.19: https://docutils.sourceforge.io/\" />\n", "rellinks": [["genindex", "General Index", "I", "index"], ["py-modindex", "Python Module Index", "", "modules"], ["API/_autosummary/pyaedt.modules.AdvancedPostProcessing.PostProcessor.rename_report", "rename_report", "N", "next"], ["API/_autosummary/pyaedt.modules.AdvancedPostProcessing.PostProcessor.plot_scene", "plot_scene", "P", "previous"]], "sourcename": "API/_autosummary/pyaedt.modules.AdvancedPostProcessing.PostProcessor.power_budget.rst.txt", "toc": "<ul>\n<li><a class=\"reference internal\" href=\"#\">power_budget</a><ul>\n<li><a class=\"reference internal\" href=\"#pyaedt.modules.AdvancedPostProcessing.PostProcessor.power_budget\"><code class=\"docutils literal notranslate\"><span class=\"pre\">PostProcessor.power_budget()</span></code></a></li>\n</ul>\n</li>\n</ul>\n", "display_toc": true, "page_source_suffix": ".rst", "current_page_name": "API/_autosummary/pyaedt.modules.AdvancedPostProcessing.PostProcessor.power_budget", "sidebars": ["search-field.html", "sidebar-nav-bs.html"], "customsidebar": null, "favicon_url": null, "logo_url": null, "alabaster_version": "0.7.12", "theme_show_toc_level": 1, "theme_logo": {}}