{"parents": [{"link": "../../", "title": "API reference"}, {"link": "../../Primitives/", "title": "Modeler and  primitives"}, {"link": "../pyaedt.modeler.Object3d.FacePrimitive/", "title": "pyaedt.modeler.Object3d.FacePrimitive"}], "prev": {"link": "../pyaedt.modeler.Object3d.FacePrimitive.create_object/", "title": "create_object"}, "next": {"link": "../pyaedt.modeler.Object3d.FacePrimitive.move_with_offset/", "title": "move_with_offset"}, "title": "is_on_bounding", "meta": {}, "body": "<section id=\"is-on-bounding\">\n<h1>is_on_bounding<a class=\"headerlink\" href=\"#is-on-bounding\" title=\"Permalink to this heading\">#</a></h1>\n<dl class=\"py method\">\n<dt class=\"sig sig-object py\" id=\"pyaedt.modeler.Object3d.FacePrimitive.is_on_bounding\">\n<span class=\"sig-prename descclassname\"><span class=\"pre\">FacePrimitive.</span></span><span class=\"sig-name descname\"><span class=\"pre\">is_on_bounding</span></span><span class=\"sig-paren\">(</span><em class=\"sig-param\"><span class=\"n\"><span class=\"pre\">tol</span></span><span class=\"o\"><span class=\"pre\">=</span></span><span class=\"default_value\"><span class=\"pre\">1e-09</span></span></em><span class=\"sig-paren\">)</span><a class=\"reference internal\" href=\"../../../_modules/pyaedt/modeler/Object3d/#FacePrimitive.is_on_bounding\"><span class=\"viewcode-link\"><span class=\"pre\">[source]</span></span></a><a class=\"headerlink\" href=\"#pyaedt.modeler.Object3d.FacePrimitive.is_on_bounding\" title=\"Permalink to this definition\">#</a></dt>\n<dd><p>Check if the face is on bounding box or Not.</p>\n<dl class=\"field-list\">\n<dt class=\"field-odd\">Parameters<span class=\"colon\">:</span></dt>\n<dd class=\"field-odd\"><dl>\n<dt><strong>tolerance</strong><span class=\"classifier\"><a class=\"reference external\" href=\"https://docs.python.org/dev/library/functions.html#float\" title=\"(in Python v3.12)\"><code class=\"docutils literal notranslate\"><span class=\"pre\">float</span></code></a>, <code class=\"xref py py-obj docutils literal notranslate\"><span class=\"pre\">optional</span></code></span></dt><dd><p>Tolerance of check between face center and bounding box.</p>\n</dd>\n</dl>\n</dd>\n<dt class=\"field-even\">Returns<span class=\"colon\">:</span></dt>\n<dd class=\"field-even\"><dl class=\"simple\">\n<dt><a class=\"reference external\" href=\"https://docs.python.org/dev/library/stdtypes.html#bltin-boolean-values\" title=\"(in Python v3.12)\"><span class=\"xref std std-ref\">bool</span></a></dt><dd><p><cite>True</cite> if the face is on bounding box. <cite>False</cite> otherwise.</p>\n</dd>\n</dl>\n</dd>\n</dl>\n</dd></dl>\n\n</section>\n", "metatags": "<meta name=\"generator\" content=\"Docutils 0.19: https://docutils.sourceforge.io/\" />\n", "rellinks": [["genindex", "General Index", "I", "index"], ["py-modindex", "Python Module Index", "", "modules"], ["API/_autosummary/pyaedt.modeler.Object3d.FacePrimitive.move_with_offset", "move_with_offset", "N", "next"], ["API/_autosummary/pyaedt.modeler.Object3d.FacePrimitive.create_object", "create_object", "P", "previous"]], "sourcename": "API/_autosummary/pyaedt.modeler.Object3d.FacePrimitive.is_on_bounding.rst.txt", "toc": "<ul>\n<li><a class=\"reference internal\" href=\"#\">is_on_bounding</a><ul>\n<li><a class=\"reference internal\" href=\"#pyaedt.modeler.Object3d.FacePrimitive.is_on_bounding\"><code class=\"docutils literal notranslate\"><span class=\"pre\">FacePrimitive.is_on_bounding()</span></code></a></li>\n</ul>\n</li>\n</ul>\n", "display_toc": true, "page_source_suffix": ".rst", "current_page_name": "API/_autosummary/pyaedt.modeler.Object3d.FacePrimitive.is_on_bounding", "sidebars": ["search-field.html", "sidebar-nav-bs.html"], "customsidebar": null, "favicon_url": null, "logo_url": null, "alabaster_version": "0.7.12", "theme_show_toc_level": 1, "theme_logo": {}}