{"parents": [{"link": "../../", "title": "API reference"}, {"link": "../../Primitives/", "title": "Modeler and  primitives"}, {"link": "../pyaedt.modeler.Object3d.Object3d/", "title": "pyaedt.modeler.Object3d.Object3d"}], "prev": {"link": "../pyaedt.modeler.Object3d.Object3d.unite/", "title": "unite"}, "next": {"link": "../pyaedt.modeler.Object3d.Object3d.bottom_edge_x/", "title": "bottom_edge_x"}, "title": "wrap_sheet", "meta": {}, "body": "<section id=\"wrap-sheet\">\n<h1>wrap_sheet<a class=\"headerlink\" href=\"#wrap-sheet\" title=\"Permalink to this heading\">#</a></h1>\n<dl class=\"py method\">\n<dt class=\"sig sig-object py\" id=\"pyaedt.modeler.Object3d.Object3d.wrap_sheet\">\n<span class=\"sig-prename descclassname\"><span class=\"pre\">Object3d.</span></span><span class=\"sig-name descname\"><span class=\"pre\">wrap_sheet</span></span><span class=\"sig-paren\">(</span><em class=\"sig-param\"><span class=\"n\"><span class=\"pre\">object_name</span></span></em>, <em class=\"sig-param\"><span class=\"n\"><span class=\"pre\">imprinted</span></span><span class=\"o\"><span class=\"pre\">=</span></span><span class=\"default_value\"><span class=\"pre\">False</span></span></em><span class=\"sig-paren\">)</span><a class=\"reference internal\" href=\"../../../_modules/pyaedt/modeler/Object3d/#Object3d.wrap_sheet\"><span class=\"viewcode-link\"><span class=\"pre\">[source]</span></span></a><a class=\"headerlink\" href=\"#pyaedt.modeler.Object3d.Object3d.wrap_sheet\" title=\"Permalink to this definition\">#</a></dt>\n<dd><p>Execute the sheet wrapping around an object. This object can be either the sheet or the object.\nIf wrapping produces an unclassified operation it will be reverted.</p>\n<dl class=\"field-list\">\n<dt class=\"field-odd\">Parameters<span class=\"colon\">:</span></dt>\n<dd class=\"field-odd\"><dl>\n<dt><strong>object_name</strong><span class=\"classifier\"><a class=\"reference external\" href=\"https://docs.python.org/dev/library/stdtypes.html#str\" title=\"(in Python v3.12)\"><code class=\"docutils literal notranslate\"><span class=\"pre\">str</span></code></a>, <a class=\"reference internal\" href=\"../pyaedt.modeler.Object3d.Object3d/#pyaedt.modeler.Object3d.Object3d\" title=\"pyaedt.modeler.Object3d.Object3d\"><code class=\"xref py py-class docutils literal notranslate\"><span class=\"pre\">pyaedt.modeler.Object3d.Object3d</span></code></a></span></dt><dd><p>Object name or solid object or sheet name.</p>\n</dd>\n<dt><strong>imprinted</strong><span class=\"classifier\"><a class=\"reference external\" href=\"https://docs.python.org/dev/library/stdtypes.html#bltin-boolean-values\" title=\"(in Python v3.12)\"><span class=\"xref std std-ref\">bool</span></a>, <code class=\"xref py py-obj docutils literal notranslate\"><span class=\"pre\">optional</span></code></span></dt><dd><p>Either if imprint or not over the sheet. Default is <cite>False</cite>.</p>\n</dd>\n</dl>\n</dd>\n<dt class=\"field-even\">Returns<span class=\"colon\">:</span></dt>\n<dd class=\"field-even\"><dl class=\"simple\">\n<dt><a class=\"reference external\" href=\"https://docs.python.org/dev/library/stdtypes.html#bltin-boolean-values\" title=\"(in Python v3.12)\"><span class=\"xref std std-ref\">bool</span></a></dt><dd><p>Command execution status.</p>\n</dd>\n</dl>\n</dd>\n</dl>\n</dd></dl>\n\n</section>\n", "metatags": "<meta name=\"generator\" content=\"Docutils 0.19: https://docutils.sourceforge.io/\" />\n", "rellinks": [["genindex", "General Index", "I", "index"], ["py-modindex", "Python Module Index", "", "modules"], ["API/_autosummary/pyaedt.modeler.Object3d.Object3d.bottom_edge_x", "bottom_edge_x", "N", "next"], ["API/_autosummary/pyaedt.modeler.Object3d.Object3d.unite", "unite", "P", "previous"]], "sourcename": "API/_autosummary/pyaedt.modeler.Object3d.Object3d.wrap_sheet.rst.txt", "toc": "<ul>\n<li><a class=\"reference internal\" href=\"#\">wrap_sheet</a><ul>\n<li><a class=\"reference internal\" href=\"#pyaedt.modeler.Object3d.Object3d.wrap_sheet\"><code class=\"docutils literal notranslate\"><span class=\"pre\">Object3d.wrap_sheet()</span></code></a></li>\n</ul>\n</li>\n</ul>\n", "display_toc": true, "page_source_suffix": ".rst", "current_page_name": "API/_autosummary/pyaedt.modeler.Object3d.Object3d.wrap_sheet", "sidebars": ["search-field.html", "sidebar-nav-bs.html"], "customsidebar": null, "favicon_url": null, "logo_url": null, "alabaster_version": "0.7.12", "theme_show_toc_level": 1, "theme_logo": {}}