{"parents": [{"link": "../../", "title": "API reference"}, {"link": "../../Application/", "title": "AEDT apps"}, {"link": "../pyaedt.Icepak/", "title": "pyaedt.Icepak"}], "prev": {"link": "../pyaedt.Icepak.layouteditor/", "title": "layouteditor"}, "next": {"link": "../pyaedt.Icepak.lock_file/", "title": "lock_file"}, "title": "library_list", "meta": {}, "body": "<section id=\"library-list\">\n<h1>library_list<a class=\"headerlink\" href=\"#library-list\" title=\"Permalink to this heading\">#</a></h1>\n<dl class=\"py property\">\n<dt class=\"sig sig-object py\" id=\"pyaedt.Icepak.library_list\">\n<em class=\"property\"><span class=\"pre\">property</span><span class=\"w\"> </span></em><span class=\"sig-prename descclassname\"><span class=\"pre\">Icepak.</span></span><span class=\"sig-name descname\"><span class=\"pre\">library_list</span></span><a class=\"headerlink\" href=\"#pyaedt.Icepak.library_list\" title=\"Permalink to this definition\">#</a></dt>\n<dd><p>Library list.</p>\n<dl class=\"field-list simple\">\n<dt class=\"field-odd\">Returns<span class=\"colon\">:</span></dt>\n<dd class=\"field-odd\"><dl class=\"simple\">\n<dt><a class=\"reference external\" href=\"https://docs.python.org/dev/library/stdtypes.html#list\" title=\"(in Python v3.12)\"><code class=\"docutils literal notranslate\"><span class=\"pre\">list</span></code></a></dt><dd><p>List of libraries: <code class=\"docutils literal notranslate\"><span class=\"pre\">[syslib,</span> <span class=\"pre\">userlib,</span> <span class=\"pre\">personallib]</span></code>.</p>\n</dd>\n</dl>\n</dd>\n</dl>\n</dd></dl>\n\n</section>\n", "metatags": "<meta name=\"generator\" content=\"Docutils 0.19: https://docutils.sourceforge.io/\" />\n", "rellinks": [["genindex", "General Index", "I", "index"], ["py-modindex", "Python Module Index", "", "modules"], ["API/_autosummary/pyaedt.Icepak.lock_file", "lock_file", "N", "next"], ["API/_autosummary/pyaedt.Icepak.layouteditor", "layouteditor", "P", "previous"]], "sourcename": "API/_autosummary/pyaedt.Icepak.library_list.rst.txt", "toc": "<ul>\n<li><a class=\"reference internal\" href=\"#\">library_list</a><ul>\n<li><a class=\"reference internal\" href=\"#pyaedt.Icepak.library_list\"><code class=\"docutils literal notranslate\"><span class=\"pre\">Icepak.library_list</span></code></a></li>\n</ul>\n</li>\n</ul>\n", "display_toc": true, "page_source_suffix": ".rst", "current_page_name": "API/_autosummary/pyaedt.Icepak.library_list", "sidebars": ["search-field.html", "sidebar-nav-bs.html"], "customsidebar": null, "favicon_url": null, "logo_url": null, "alabaster_version": "0.7.12", "theme_show_toc_level": 1, "theme_logo": {}}