{"parents": [{"link": "../../", "title": "API reference"}, {"link": "../../MaterialManagement/", "title": "Material and stackup"}, {"link": "../pyaedt.modules.LayerStackup.Layers/", "title": "pyaedt.modules.LayerStackup.Layers"}], "prev": {"link": "../pyaedt.modules.LayerStackup.Layers.change_stackup_type/", "title": "change_stackup_type"}, "next": {"link": "../pyaedt.modules.LayerStackup.Layers.all_diel_layers/", "title": "all_diel_layers"}, "title": "layer_id", "meta": {}, "body": "<section id=\"layer-id\">\n<h1>layer_id<a class=\"headerlink\" href=\"#layer-id\" title=\"Permalink to this heading\">#</a></h1>\n<dl class=\"py method\">\n<dt class=\"sig sig-object py\" id=\"pyaedt.modules.LayerStackup.Layers.layer_id\">\n<span class=\"sig-prename descclassname\"><span class=\"pre\">Layers.</span></span><span class=\"sig-name descname\"><span class=\"pre\">layer_id</span></span><span class=\"sig-paren\">(</span><em class=\"sig-param\"><span class=\"n\"><span class=\"pre\">name</span></span></em><span class=\"sig-paren\">)</span><a class=\"reference internal\" href=\"../../../_modules/pyaedt/modules/LayerStackup/#Layers.layer_id\"><span class=\"viewcode-link\"><span class=\"pre\">[source]</span></span></a><a class=\"headerlink\" href=\"#pyaedt.modules.LayerStackup.Layers.layer_id\" title=\"Permalink to this definition\">#</a></dt>\n<dd><p>Retrieve a layer ID.</p>\n<dl class=\"field-list\">\n<dt class=\"field-odd\">Parameters<span class=\"colon\">:</span></dt>\n<dd class=\"field-odd\"><dl>\n<dt><strong>name</strong><span class=\"classifier\"><a class=\"reference external\" href=\"https://docs.python.org/dev/library/stdtypes.html#str\" title=\"(in Python v3.12)\"><code class=\"docutils literal notranslate\"><span class=\"pre\">str</span></code></a></span></dt><dd><p>Name of the layer.</p>\n</dd>\n</dl>\n</dd>\n<dt class=\"field-even\">Returns<span class=\"colon\">:</span></dt>\n<dd class=\"field-even\"><dl class=\"simple\">\n<dt><a class=\"reference internal\" href=\"../pyaedt.modules.LayerStackup.Layer/#pyaedt.modules.LayerStackup.Layer\" title=\"pyaedt.modules.LayerStackup.Layer\"><code class=\"xref py py-class docutils literal notranslate\"><span class=\"pre\">pyaedt.modules.LayerStackup.Layer</span></code></a></dt><dd><p>Layer objecy if the layer name exists.</p>\n</dd>\n</dl>\n</dd>\n</dl>\n</dd></dl>\n\n</section>\n", "metatags": "<meta name=\"generator\" content=\"Docutils 0.19: https://docutils.sourceforge.io/\" />\n", "rellinks": [["genindex", "General Index", "I", "index"], ["py-modindex", "Python Module Index", "", "modules"], ["API/_autosummary/pyaedt.modules.LayerStackup.Layers.all_diel_layers", "all_diel_layers", "N", "next"], ["API/_autosummary/pyaedt.modules.LayerStackup.Layers.change_stackup_type", "change_stackup_type", "P", "previous"]], "sourcename": "API/_autosummary/pyaedt.modules.LayerStackup.Layers.layer_id.rst.txt", "toc": "<ul>\n<li><a class=\"reference internal\" href=\"#\">layer_id</a><ul>\n<li><a class=\"reference internal\" href=\"#pyaedt.modules.LayerStackup.Layers.layer_id\"><code class=\"docutils literal notranslate\"><span class=\"pre\">Layers.layer_id()</span></code></a></li>\n</ul>\n</li>\n</ul>\n", "display_toc": true, "page_source_suffix": ".rst", "current_page_name": "API/_autosummary/pyaedt.modules.LayerStackup.Layers.layer_id", "sidebars": ["search-field.html", "sidebar-nav-bs.html"], "customsidebar": null, "favicon_url": null, "logo_url": null, "alabaster_version": "0.7.12", "theme_show_toc_level": 1, "theme_logo": {}}