{"parents": [{"link": "../../", "title": "API reference"}, {"link": "../../Primitives/", "title": "Modeler and  primitives"}, {"link": "../pyaedt.modeler.Primitives3D.Primitives3D/", "title": "pyaedt.modeler.Primitives3D.Primitives3D"}], "prev": {"link": "../pyaedt.modeler.Primitives3D.Primitives3D.modeler/", "title": "modeler"}, "next": {"link": "../pyaedt.modeler.Primitives3D.Primitives3D.non_model_objects/", "title": "non_model_objects"}, "title": "non_model_names", "meta": {}, "body": "<section id=\"non-model-names\">\n<h1>non_model_names<a class=\"headerlink\" href=\"#non-model-names\" title=\"Permalink to this heading\">#</a></h1>\n<dl class=\"py property\">\n<dt class=\"sig sig-object py\" id=\"pyaedt.modeler.Primitives3D.Primitives3D.non_model_names\">\n<em class=\"property\"><span class=\"pre\">property</span><span class=\"w\"> </span></em><span class=\"sig-prename descclassname\"><span class=\"pre\">Primitives3D.</span></span><span class=\"sig-name descname\"><span class=\"pre\">non_model_names</span></span><a class=\"headerlink\" href=\"#pyaedt.modeler.Primitives3D.Primitives3D.non_model_names\" title=\"Permalink to this definition\">#</a></dt>\n<dd><p>List of names of all non-model objects.</p>\n</dd></dl>\n\n</section>\n", "metatags": "<meta name=\"generator\" content=\"Docutils 0.19: https://docutils.sourceforge.io/\" />\n", "rellinks": [["genindex", "General Index", "I", "index"], ["py-modindex", "Python Module Index", "", "modules"], ["API/_autosummary/pyaedt.modeler.Primitives3D.Primitives3D.non_model_objects", "non_model_objects", "N", "next"], ["API/_autosummary/pyaedt.modeler.Primitives3D.Primitives3D.modeler", "modeler", "P", "previous"]], "sourcename": "API/_autosummary/pyaedt.modeler.Primitives3D.Primitives3D.non_model_names.rst.txt", "toc": "<ul>\n<li><a class=\"reference internal\" href=\"#\">non_model_names</a><ul>\n<li><a class=\"reference internal\" href=\"#pyaedt.modeler.Primitives3D.Primitives3D.non_model_names\"><code class=\"docutils literal notranslate\"><span class=\"pre\">Primitives3D.non_model_names</span></code></a></li>\n</ul>\n</li>\n</ul>\n", "display_toc": true, "page_source_suffix": ".rst", "current_page_name": "API/_autosummary/pyaedt.modeler.Primitives3D.Primitives3D.non_model_names", "sidebars": ["search-field.html", "sidebar-nav-bs.html"], "customsidebar": null, "favicon_url": null, "logo_url": null, "alabaster_version": "0.7.12", "theme_show_toc_level": 1, "theme_logo": {}}