{"parents": [{"link": "../../", "title": "API reference"}, {"link": "../../Application/", "title": "AEDT apps"}], "prev": {"link": "../pyaedt.Rmxprt.working_directory/", "title": "working_directory"}, "next": {"link": "../pyaedt.Circuit.activate_variable_optimization/", "title": "activate_variable_optimization"}, "title": "pyaedt.Circuit", "meta": {}, "body": "<section id=\"pyaedt-circuit\">\n<h1>pyaedt.Circuit<a class=\"headerlink\" href=\"#pyaedt-circuit\" title=\"Permalink to this heading\">#</a></h1>\n<dl class=\"py class\">\n<dt class=\"sig sig-object py\" id=\"pyaedt.Circuit\">\n<em class=\"property\"><span class=\"pre\">class</span><span class=\"w\"> </span></em><span class=\"sig-prename descclassname\"><span class=\"pre\">pyaedt.</span></span><span class=\"sig-name descname\"><span class=\"pre\">Circuit</span></span><span class=\"sig-paren\">(</span><em class=\"sig-param\"><span class=\"n\"><span class=\"pre\">projectname</span></span><span class=\"o\"><span class=\"pre\">=</span></span><span class=\"default_value\"><span class=\"pre\">None</span></span></em>, <em class=\"sig-param\"><span class=\"n\"><span class=\"pre\">designname</span></span><span class=\"o\"><span class=\"pre\">=</span></span><span class=\"default_value\"><span class=\"pre\">None</span></span></em>, <em class=\"sig-param\"><span class=\"n\"><span class=\"pre\">solution_type</span></span><span class=\"o\"><span class=\"pre\">=</span></span><span class=\"default_value\"><span class=\"pre\">None</span></span></em>, <em class=\"sig-param\"><span class=\"n\"><span class=\"pre\">setup_name</span></span><span class=\"o\"><span class=\"pre\">=</span></span><span class=\"default_value\"><span class=\"pre\">None</span></span></em>, <em class=\"sig-param\"><span class=\"n\"><span class=\"pre\">specified_version</span></span><span class=\"o\"><span class=\"pre\">=</span></span><span class=\"default_value\"><span class=\"pre\">None</span></span></em>, <em class=\"sig-param\"><span class=\"n\"><span class=\"pre\">non_graphical</span></span><span class=\"o\"><span class=\"pre\">=</span></span><span class=\"default_value\"><span class=\"pre\">False</span></span></em>, <em class=\"sig-param\"><span class=\"n\"><span class=\"pre\">new_desktop_session</span></span><span class=\"o\"><span class=\"pre\">=</span></span><span class=\"default_value\"><span class=\"pre\">False</span></span></em>, <em class=\"sig-param\"><span class=\"n\"><span class=\"pre\">close_on_exit</span></span><span class=\"o\"><span class=\"pre\">=</span></span><span class=\"default_value\"><span class=\"pre\">False</span></span></em>, <em class=\"sig-param\"><span class=\"n\"><span class=\"pre\">student_version</span></span><span class=\"o\"><span class=\"pre\">=</span></span><span class=\"default_value\"><span class=\"pre\">False</span></span></em>, <em class=\"sig-param\"><span class=\"n\"><span class=\"pre\">machine</span></span><span class=\"o\"><span class=\"pre\">=</span></span><span class=\"default_value\"><span class=\"pre\">''</span></span></em>, <em class=\"sig-param\"><span class=\"n\"><span class=\"pre\">port</span></span><span class=\"o\"><span class=\"pre\">=</span></span><span class=\"default_value\"><span class=\"pre\">0</span></span></em>, <em class=\"sig-param\"><span class=\"n\"><span class=\"pre\">aedt_process_id</span></span><span class=\"o\"><span class=\"pre\">=</span></span><span class=\"default_value\"><span class=\"pre\">None</span></span></em><span class=\"sig-paren\">)</span><a class=\"reference internal\" href=\"../../../_modules/pyaedt/circuit/#Circuit\"><span class=\"viewcode-link\"><span class=\"pre\">[source]</span></span></a><a class=\"headerlink\" href=\"#pyaedt.Circuit\" title=\"Permalink to this definition\">#</a></dt>\n<dd><p>Provides the Circuit application interface.</p>\n<dl class=\"field-list\">\n<dt class=\"field-odd\">Parameters<span class=\"colon\">:</span></dt>\n<dd class=\"field-odd\"><dl>\n<dt><strong>projectname</strong><span class=\"classifier\"><a class=\"reference external\" href=\"https://docs.python.org/dev/library/stdtypes.html#str\" title=\"(in Python v3.12)\"><code class=\"docutils literal notranslate\"><span class=\"pre\">str</span></code></a>, <code class=\"xref py py-obj docutils literal notranslate\"><span class=\"pre\">optional</span></code></span></dt><dd><p>Name of the project to select or the full path to the project\nor AEDTZ archive to open.  The default is <code class=\"docutils literal notranslate\"><span class=\"pre\">None</span></code>, in which\ncase an attempt is made to get an active project. If no\nprojects are present, an empty project is created.</p>\n</dd>\n<dt><strong>designname</strong><span class=\"classifier\"><a class=\"reference external\" href=\"https://docs.python.org/dev/library/stdtypes.html#str\" title=\"(in Python v3.12)\"><code class=\"docutils literal notranslate\"><span class=\"pre\">str</span></code></a>, <code class=\"xref py py-obj docutils literal notranslate\"><span class=\"pre\">optional</span></code></span></dt><dd><p>Name of the design to select. The default is <code class=\"docutils literal notranslate\"><span class=\"pre\">None</span></code>, in\nwhich case an attempt is made to get an active design. If no\ndesigns are present, an empty design is created.</p>\n</dd>\n<dt><strong>solution_type</strong><span class=\"classifier\"><a class=\"reference external\" href=\"https://docs.python.org/dev/library/stdtypes.html#str\" title=\"(in Python v3.12)\"><code class=\"docutils literal notranslate\"><span class=\"pre\">str</span></code></a>, <code class=\"xref py py-obj docutils literal notranslate\"><span class=\"pre\">optional</span></code></span></dt><dd><p>Solution type to apply to the design. The default is\n<code class=\"docutils literal notranslate\"><span class=\"pre\">None</span></code>, in which case the default type is applied.</p>\n</dd>\n<dt><strong>setup_name</strong><span class=\"classifier\"><a class=\"reference external\" href=\"https://docs.python.org/dev/library/stdtypes.html#str\" title=\"(in Python v3.12)\"><code class=\"docutils literal notranslate\"><span class=\"pre\">str</span></code></a>, <code class=\"xref py py-obj docutils literal notranslate\"><span class=\"pre\">optional</span></code></span></dt><dd><p>Name of the setup to use as the nominal. The default is\n<code class=\"docutils literal notranslate\"><span class=\"pre\">None</span></code>, in which case the active setup is used or\nnothing is used.</p>\n</dd>\n<dt><strong>specified_version</strong><span class=\"classifier\"><a class=\"reference external\" href=\"https://docs.python.org/dev/library/stdtypes.html#str\" title=\"(in Python v3.12)\"><code class=\"docutils literal notranslate\"><span class=\"pre\">str</span></code></a>, <code class=\"xref py py-obj docutils literal notranslate\"><span class=\"pre\">optional</span></code></span></dt><dd><p>Version of AEDT to use. The default is <code class=\"docutils literal notranslate\"><span class=\"pre\">None</span></code>, in which case\nthe active version or latest installed version is  used.\nThis parameter is ignored when Script is launched within AEDT.</p>\n</dd>\n<dt><strong>non_graphical</strong><span class=\"classifier\"><a class=\"reference external\" href=\"https://docs.python.org/dev/library/stdtypes.html#bltin-boolean-values\" title=\"(in Python v3.12)\"><span class=\"xref std std-ref\">bool</span></a>, <code class=\"xref py py-obj docutils literal notranslate\"><span class=\"pre\">optional</span></code></span></dt><dd><p>Whether to run AEDT in non-graphical mode. The default\nis <code class=\"docutils literal notranslate\"><span class=\"pre\">False</span></code>, in which case AEDT is launched in graphical mode.\nThis parameter is ignored when a script is launched within AEDT.</p>\n</dd>\n<dt><strong>new_desktop_session</strong><span class=\"classifier\"><a class=\"reference external\" href=\"https://docs.python.org/dev/library/stdtypes.html#bltin-boolean-values\" title=\"(in Python v3.12)\"><span class=\"xref std std-ref\">bool</span></a>, <code class=\"xref py py-obj docutils literal notranslate\"><span class=\"pre\">optional</span></code></span></dt><dd><p>Whether to launch an instance of AEDT in a new thread, even if\nanother instance of the <code class=\"docutils literal notranslate\"><span class=\"pre\">specified_version</span></code> is active on the\nmachine.  The default is <code class=\"docutils literal notranslate\"><span class=\"pre\">True</span></code>. This parameter is ignored when\na script is launched within AEDT.</p>\n</dd>\n<dt><strong>close_on_exit</strong><span class=\"classifier\"><a class=\"reference external\" href=\"https://docs.python.org/dev/library/stdtypes.html#bltin-boolean-values\" title=\"(in Python v3.12)\"><span class=\"xref std std-ref\">bool</span></a>, <code class=\"xref py py-obj docutils literal notranslate\"><span class=\"pre\">optional</span></code></span></dt><dd><p>Whether to release AEDT on exit. The default is <code class=\"docutils literal notranslate\"><span class=\"pre\">False</span></code>.</p>\n</dd>\n<dt><strong>student_version</strong><span class=\"classifier\"><a class=\"reference external\" href=\"https://docs.python.org/dev/library/stdtypes.html#bltin-boolean-values\" title=\"(in Python v3.12)\"><span class=\"xref std std-ref\">bool</span></a>, <code class=\"xref py py-obj docutils literal notranslate\"><span class=\"pre\">optional</span></code></span></dt><dd><p>Whether to open the AEDT student version. The default is <code class=\"docutils literal notranslate\"><span class=\"pre\">False</span></code>.\nThis parameter is ignored when Script is launched within AEDT.</p>\n</dd>\n<dt><strong>machine</strong><span class=\"classifier\"><a class=\"reference external\" href=\"https://docs.python.org/dev/library/stdtypes.html#str\" title=\"(in Python v3.12)\"><code class=\"docutils literal notranslate\"><span class=\"pre\">str</span></code></a>, <code class=\"xref py py-obj docutils literal notranslate\"><span class=\"pre\">optional</span></code></span></dt><dd><p>Machine name to which connect the oDesktop Session. Works only in 2022 R2\nor later. The remote server must be up and running with the command\n<cite>\u201cansysedt.exe -grpcsrv portnum\u201d</cite>. If a machine is <cite>\u201clocalhost\u201d</cite>, the\nserver also starts if not present.</p>\n</dd>\n<dt><strong>port</strong><span class=\"classifier\"><a class=\"reference external\" href=\"https://docs.python.org/dev/library/functions.html#int\" title=\"(in Python v3.12)\"><code class=\"docutils literal notranslate\"><span class=\"pre\">int</span></code></a>, <code class=\"xref py py-obj docutils literal notranslate\"><span class=\"pre\">optional</span></code></span></dt><dd><p>Port number on which to start the oDesktop communication on an already existing server.\nThis parameter is ignored when creating a new server. It works only in 2022 R2 or\nlater. The remote server must be up and running with the command\n<cite>\u201cansysedt.exe -grpcsrv portnum\u201d</cite>.</p>\n</dd>\n<dt><strong>aedt_process_id</strong><span class=\"classifier\"><a class=\"reference external\" href=\"https://docs.python.org/dev/library/functions.html#int\" title=\"(in Python v3.12)\"><code class=\"docutils literal notranslate\"><span class=\"pre\">int</span></code></a>, <code class=\"xref py py-obj docutils literal notranslate\"><span class=\"pre\">optional</span></code></span></dt><dd><p>Process ID for the instance of AEDT to point PyAEDT at. The default is\n<code class=\"docutils literal notranslate\"><span class=\"pre\">None</span></code>. This parameter is only used when <code class=\"docutils literal notranslate\"><span class=\"pre\">new_desktop_session</span> <span class=\"pre\">=</span> <span class=\"pre\">False</span></code>.</p>\n</dd>\n</dl>\n</dd>\n</dl>\n<p class=\"rubric\">Examples</p>\n<p>Create an instance of Circuit and connect to an existing HFSS\ndesign or create a new HFSS design if one does not exist.</p>\n<div class=\"doctest highlight-default notranslate\"><div class=\"highlight\"><pre><span></span><span class=\"gp\">&gt;&gt;&gt; </span><span class=\"kn\">from</span> <span class=\"nn\">pyaedt</span> <span class=\"kn\">import</span> <span class=\"n\">Circuit</span>\n<span class=\"gp\">&gt;&gt;&gt; </span><span class=\"n\">aedtapp</span> <span class=\"o\">=</span> <span class=\"n\">Circuit</span><span class=\"p\">()</span>\n</pre></div>\n</div>\n<p>Create an instance of Circuit and link to a project named\n<code class=\"docutils literal notranslate\"><span class=\"pre\">&quot;projectname&quot;</span></code>. If this project does not exist, create one with\nthis name.</p>\n<div class=\"doctest highlight-default notranslate\"><div class=\"highlight\"><pre><span></span><span class=\"gp\">&gt;&gt;&gt; </span><span class=\"n\">aedtapp</span> <span class=\"o\">=</span> <span class=\"n\">Circuit</span><span class=\"p\">(</span><span class=\"n\">projectname</span><span class=\"p\">)</span>\n</pre></div>\n</div>\n<p>Create an instance of Circuit and link to a design named\n<code class=\"docutils literal notranslate\"><span class=\"pre\">&quot;designname&quot;</span></code> in a project named <code class=\"docutils literal notranslate\"><span class=\"pre\">&quot;projectname&quot;</span></code>.</p>\n<div class=\"doctest highlight-default notranslate\"><div class=\"highlight\"><pre><span></span><span class=\"gp\">&gt;&gt;&gt; </span><span class=\"n\">aedtapp</span> <span class=\"o\">=</span> <span class=\"n\">Circuit</span><span class=\"p\">(</span><span class=\"n\">projectname</span><span class=\"p\">,</span><span class=\"n\">designame</span><span class=\"p\">)</span>\n</pre></div>\n</div>\n<p>Create an instance of Circuit and open the specified project,\nwhich is <code class=\"docutils literal notranslate\"><span class=\"pre\">&quot;myfie.aedt&quot;</span></code>.</p>\n<div class=\"doctest highlight-default notranslate\"><div class=\"highlight\"><pre><span></span><span class=\"gp\">&gt;&gt;&gt; </span><span class=\"n\">aedtapp</span> <span class=\"o\">=</span> <span class=\"n\">Circuit</span><span class=\"p\">(</span><span class=\"s2\">&quot;myfile.aedt&quot;</span><span class=\"p\">)</span>\n</pre></div>\n</div>\n<p>Create an instance of Circuit using the 2021 R1 version and\nopen the specified project, which is <code class=\"docutils literal notranslate\"><span class=\"pre\">&quot;myfile.aedt&quot;</span></code>.</p>\n<div class=\"doctest highlight-default notranslate\"><div class=\"highlight\"><pre><span></span><span class=\"gp\">&gt;&gt;&gt; </span><span class=\"n\">aedtapp</span> <span class=\"o\">=</span> <span class=\"n\">Circuit</span><span class=\"p\">(</span><span class=\"n\">specified_version</span><span class=\"o\">=</span><span class=\"s2\">&quot;2021.2&quot;</span><span class=\"p\">,</span> <span class=\"n\">projectname</span><span class=\"o\">=</span><span class=\"s2\">&quot;myfile.aedt&quot;</span><span class=\"p\">)</span>\n</pre></div>\n</div>\n<p>Create an instance of Circuit using the 2021 R2 student version and open\nthe specified project, which is named <code class=\"docutils literal notranslate\"><span class=\"pre\">&quot;myfile.aedt&quot;</span></code>.</p>\n<div class=\"doctest highlight-default notranslate\"><div class=\"highlight\"><pre><span></span><span class=\"gp\">&gt;&gt;&gt; </span><span class=\"n\">hfss</span> <span class=\"o\">=</span> <span class=\"n\">Circuit</span><span class=\"p\">(</span><span class=\"n\">specified_version</span><span class=\"o\">=</span><span class=\"s2\">&quot;2021.2&quot;</span><span class=\"p\">,</span> <span class=\"n\">projectname</span><span class=\"o\">=</span><span class=\"s2\">&quot;myfile.aedt&quot;</span><span class=\"p\">,</span> <span class=\"n\">student_version</span><span class=\"o\">=</span><span class=\"kc\">True</span><span class=\"p\">)</span>\n</pre></div>\n</div>\n<p class=\"rubric\">Methods</p>\n<table class=\"autosummary longtable docutils align-default\">\n<tbody>\n<tr class=\"row-odd\"><td><p><a class=\"reference internal\" href=\"../pyaedt.Circuit.activate_variable_optimization/#pyaedt.Circuit.activate_variable_optimization\" title=\"pyaedt.Circuit.activate_variable_optimization\"><code class=\"xref py py-obj docutils literal notranslate\"><span class=\"pre\">Circuit.activate_variable_optimization</span></code></a>(...)</p></td>\n<td><p>Activate optimization analysis for a variable and optionally set up ranges.</p></td>\n</tr>\n<tr class=\"row-even\"><td><p><a class=\"reference internal\" href=\"../pyaedt.Circuit.activate_variable_sensitivity/#pyaedt.Circuit.activate_variable_sensitivity\" title=\"pyaedt.Circuit.activate_variable_sensitivity\"><code class=\"xref py py-obj docutils literal notranslate\"><span class=\"pre\">Circuit.activate_variable_sensitivity</span></code></a>(...[,\u00a0...])</p></td>\n<td><p>Activate sensitivity analysis for a variable and optionally set up ranges.</p></td>\n</tr>\n<tr class=\"row-odd\"><td><p><a class=\"reference internal\" href=\"../pyaedt.Circuit.activate_variable_statistical/#pyaedt.Circuit.activate_variable_statistical\" title=\"pyaedt.Circuit.activate_variable_statistical\"><code class=\"xref py py-obj docutils literal notranslate\"><span class=\"pre\">Circuit.activate_variable_statistical</span></code></a>(...[,\u00a0...])</p></td>\n<td><p>Activate statitistical analysis for a variable and optionally set up ranges.</p></td>\n</tr>\n<tr class=\"row-even\"><td><p><a class=\"reference internal\" href=\"../pyaedt.Circuit.activate_variable_tuning/#pyaedt.Circuit.activate_variable_tuning\" title=\"pyaedt.Circuit.activate_variable_tuning\"><code class=\"xref py py-obj docutils literal notranslate\"><span class=\"pre\">Circuit.activate_variable_tuning</span></code></a>(variable_name)</p></td>\n<td><p>Activate tuning analysis for a variable and optionally set up ranges.</p></td>\n</tr>\n<tr class=\"row-odd\"><td><p><a class=\"reference internal\" href=\"../pyaedt.Circuit.add_error_message/#pyaedt.Circuit.add_error_message\" title=\"pyaedt.Circuit.add_error_message\"><code class=\"xref py py-obj docutils literal notranslate\"><span class=\"pre\">Circuit.add_error_message</span></code></a>(message_text[,\u00a0...])</p></td>\n<td><p>Add a type 0 &quot;Error&quot; message to either the global, active project, or active design level of the message mmanager tree.</p></td>\n</tr>\n<tr class=\"row-even\"><td><p><a class=\"reference internal\" href=\"../pyaedt.Circuit.add_info_message/#pyaedt.Circuit.add_info_message\" title=\"pyaedt.Circuit.add_info_message\"><code class=\"xref py py-obj docutils literal notranslate\"><span class=\"pre\">Circuit.add_info_message</span></code></a>(message_text[,\u00a0...])</p></td>\n<td><p>Add a type 0 &quot;Info&quot; message to either the global, active project, or active design level of the message manager tree.</p></td>\n</tr>\n<tr class=\"row-odd\"><td><p><a class=\"reference internal\" href=\"../pyaedt.Circuit.add_netlist_datablock/#pyaedt.Circuit.add_netlist_datablock\" title=\"pyaedt.Circuit.add_netlist_datablock\"><code class=\"xref py py-obj docutils literal notranslate\"><span class=\"pre\">Circuit.add_netlist_datablock</span></code></a>(netlist_file)</p></td>\n<td><p>Add a new netlist data block to the circuit schematic.</p></td>\n</tr>\n<tr class=\"row-even\"><td><p><a class=\"reference internal\" href=\"../pyaedt.Circuit.add_warning_message/#pyaedt.Circuit.add_warning_message\" title=\"pyaedt.Circuit.add_warning_message\"><code class=\"xref py py-obj docutils literal notranslate\"><span class=\"pre\">Circuit.add_warning_message</span></code></a>(message_text[,\u00a0...])</p></td>\n<td><p>Add a type 0 &quot;Warning&quot; message to either the global, active project, or active design level of the message manager tree.</p></td>\n</tr>\n<tr class=\"row-odd\"><td><p><a class=\"reference internal\" href=\"../pyaedt.Circuit.analyse_nominal/#pyaedt.Circuit.analyse_nominal\" title=\"pyaedt.Circuit.analyse_nominal\"><code class=\"xref py py-obj docutils literal notranslate\"><span class=\"pre\">Circuit.analyse_nominal</span></code></a>()</p></td>\n<td><p>Solve the nominal design.</p></td>\n</tr>\n<tr class=\"row-even\"><td><p><a class=\"reference internal\" href=\"../pyaedt.Circuit.analyze_all/#pyaedt.Circuit.analyze_all\" title=\"pyaedt.Circuit.analyze_all\"><code class=\"xref py py-obj docutils literal notranslate\"><span class=\"pre\">Circuit.analyze_all</span></code></a>()</p></td>\n<td><p>Analyze all setups in a design.</p></td>\n</tr>\n<tr class=\"row-odd\"><td><p><a class=\"reference internal\" href=\"../pyaedt.Circuit.analyze_from_initial_mesh/#pyaedt.Circuit.analyze_from_initial_mesh\" title=\"pyaedt.Circuit.analyze_from_initial_mesh\"><code class=\"xref py py-obj docutils literal notranslate\"><span class=\"pre\">Circuit.analyze_from_initial_mesh</span></code></a>()</p></td>\n<td><p>Revert the solution to the initial mesh and re-run the solve.</p></td>\n</tr>\n<tr class=\"row-even\"><td><p><a class=\"reference internal\" href=\"../pyaedt.Circuit.analyze_nominal/#pyaedt.Circuit.analyze_nominal\" title=\"pyaedt.Circuit.analyze_nominal\"><code class=\"xref py py-obj docutils literal notranslate\"><span class=\"pre\">Circuit.analyze_nominal</span></code></a>([num_cores,\u00a0...])</p></td>\n<td><p>Solve the nominal design.</p></td>\n</tr>\n<tr class=\"row-odd\"><td><p><a class=\"reference internal\" href=\"../pyaedt.Circuit.analyze_setup/#pyaedt.Circuit.analyze_setup\" title=\"pyaedt.Circuit.analyze_setup\"><code class=\"xref py py-obj docutils literal notranslate\"><span class=\"pre\">Circuit.analyze_setup</span></code></a>(name[,\u00a0num_cores,\u00a0...])</p></td>\n<td><p>Analyze a design setup.</p></td>\n</tr>\n<tr class=\"row-even\"><td><p><a class=\"reference internal\" href=\"../pyaedt.Circuit.archive_project/#pyaedt.Circuit.archive_project\" title=\"pyaedt.Circuit.archive_project\"><code class=\"xref py py-obj docutils literal notranslate\"><span class=\"pre\">Circuit.archive_project</span></code></a>([project_file,\u00a0...])</p></td>\n<td><p>Archive the AEDT project and add a message.</p></td>\n</tr>\n<tr class=\"row-odd\"><td><p><a class=\"reference internal\" href=\"../pyaedt.Circuit.assign_current_sinusoidal_excitation_to_ports/#pyaedt.Circuit.assign_current_sinusoidal_excitation_to_ports\" title=\"pyaedt.Circuit.assign_current_sinusoidal_excitation_to_ports\"><code class=\"xref py py-obj docutils literal notranslate\"><span class=\"pre\">Circuit.assign_current_sinusoidal_excitation_to_ports</span></code></a>(...)</p></td>\n<td><p>Assign a current sinusoidal excitation to circuit ports.</p></td>\n</tr>\n<tr class=\"row-even\"><td><p><a class=\"reference internal\" href=\"../pyaedt.Circuit.assign_power_sinusoidal_excitation_to_ports/#pyaedt.Circuit.assign_power_sinusoidal_excitation_to_ports\" title=\"pyaedt.Circuit.assign_power_sinusoidal_excitation_to_ports\"><code class=\"xref py py-obj docutils literal notranslate\"><span class=\"pre\">Circuit.assign_power_sinusoidal_excitation_to_ports</span></code></a>(...)</p></td>\n<td><p>Assign a power sinusoidal excitation to circuit ports.</p></td>\n</tr>\n<tr class=\"row-odd\"><td><p><a class=\"reference internal\" href=\"../pyaedt.Circuit.assign_voltage_frequency_dependent_excitation_to_ports/#pyaedt.Circuit.assign_voltage_frequency_dependent_excitation_to_ports\" title=\"pyaedt.Circuit.assign_voltage_frequency_dependent_excitation_to_ports\"><code class=\"xref py py-obj docutils literal notranslate\"><span class=\"pre\">Circuit.assign_voltage_frequency_dependent_excitation_to_ports</span></code></a>(...)</p></td>\n<td><p>Assign a frequency dependent excitation to circuit ports from a frequency dependent source (.fds format).</p></td>\n</tr>\n<tr class=\"row-even\"><td><p><a class=\"reference internal\" href=\"../pyaedt.Circuit.assign_voltage_sinusoidal_excitation_to_ports/#pyaedt.Circuit.assign_voltage_sinusoidal_excitation_to_ports\" title=\"pyaedt.Circuit.assign_voltage_sinusoidal_excitation_to_ports\"><code class=\"xref py py-obj docutils literal notranslate\"><span class=\"pre\">Circuit.assign_voltage_sinusoidal_excitation_to_ports</span></code></a>(...)</p></td>\n<td><p>Assign a voltage sinusoidal excitation to circuit ports.</p></td>\n</tr>\n<tr class=\"row-odd\"><td><p><a class=\"reference internal\" href=\"../pyaedt.Circuit.autosave_disable/#pyaedt.Circuit.autosave_disable\" title=\"pyaedt.Circuit.autosave_disable\"><code class=\"xref py py-obj docutils literal notranslate\"><span class=\"pre\">Circuit.autosave_disable</span></code></a>()</p></td>\n<td><p>Disable autosave in AEDT.</p></td>\n</tr>\n<tr class=\"row-even\"><td><p><a class=\"reference internal\" href=\"../pyaedt.Circuit.autosave_enable/#pyaedt.Circuit.autosave_enable\" title=\"pyaedt.Circuit.autosave_enable\"><code class=\"xref py py-obj docutils literal notranslate\"><span class=\"pre\">Circuit.autosave_enable</span></code></a>()</p></td>\n<td><p>Enable autosave in AEDT.</p></td>\n</tr>\n<tr class=\"row-odd\"><td><p><a class=\"reference internal\" href=\"../pyaedt.Circuit.browse_log_file/#pyaedt.Circuit.browse_log_file\" title=\"pyaedt.Circuit.browse_log_file\"><code class=\"xref py py-obj docutils literal notranslate\"><span class=\"pre\">Circuit.browse_log_file</span></code></a>([filepath])</p></td>\n<td><p>Save most recent log file into a new directory.</p></td>\n</tr>\n<tr class=\"row-even\"><td><p><a class=\"reference internal\" href=\"../pyaedt.Circuit.change_automatically_use_causal_materials/#pyaedt.Circuit.change_automatically_use_causal_materials\" title=\"pyaedt.Circuit.change_automatically_use_causal_materials\"><code class=\"xref py py-obj docutils literal notranslate\"><span class=\"pre\">Circuit.change_automatically_use_causal_materials</span></code></a>([...])</p></td>\n<td><p>Enable or disable the automatic use of causal materials for lossy dielectrics.</p></td>\n</tr>\n<tr class=\"row-odd\"><td><p><a class=\"reference internal\" href=\"../pyaedt.Circuit.change_design_settings/#pyaedt.Circuit.change_design_settings\" title=\"pyaedt.Circuit.change_design_settings\"><code class=\"xref py py-obj docutils literal notranslate\"><span class=\"pre\">Circuit.change_design_settings</span></code></a>(settings)</p></td>\n<td><p>Set Design Settings.</p></td>\n</tr>\n<tr class=\"row-even\"><td><p><a class=\"reference internal\" href=\"../pyaedt.Circuit.change_material_override/#pyaedt.Circuit.change_material_override\" title=\"pyaedt.Circuit.change_material_override\"><code class=\"xref py py-obj docutils literal notranslate\"><span class=\"pre\">Circuit.change_material_override</span></code></a>([...])</p></td>\n<td><p>Enable or disable the material override in the project.</p></td>\n</tr>\n<tr class=\"row-odd\"><td><p><a class=\"reference internal\" href=\"../pyaedt.Circuit.change_validation_settings/#pyaedt.Circuit.change_validation_settings\" title=\"pyaedt.Circuit.change_validation_settings\"><code class=\"xref py py-obj docutils literal notranslate\"><span class=\"pre\">Circuit.change_validation_settings</span></code></a>([...])</p></td>\n<td><p>Update the validation design settings.</p></td>\n</tr>\n<tr class=\"row-even\"><td><p><a class=\"reference internal\" href=\"../pyaedt.Circuit.check_beta_option_enabled/#pyaedt.Circuit.check_beta_option_enabled\" title=\"pyaedt.Circuit.check_beta_option_enabled\"><code class=\"xref py py-obj docutils literal notranslate\"><span class=\"pre\">Circuit.check_beta_option_enabled</span></code></a>(...)</p></td>\n<td><p>Check if a beta option is enabled.</p></td>\n</tr>\n<tr class=\"row-odd\"><td><p><a class=\"reference internal\" href=\"../pyaedt.Circuit.clean_proj_folder/#pyaedt.Circuit.clean_proj_folder\" title=\"pyaedt.Circuit.clean_proj_folder\"><code class=\"xref py py-obj docutils literal notranslate\"><span class=\"pre\">Circuit.clean_proj_folder</span></code></a>([directory,\u00a0name])</p></td>\n<td><p>Delete a project folder.</p></td>\n</tr>\n<tr class=\"row-even\"><td><p><a class=\"reference internal\" href=\"../pyaedt.Circuit.close_desktop/#pyaedt.Circuit.close_desktop\" title=\"pyaedt.Circuit.close_desktop\"><code class=\"xref py py-obj docutils literal notranslate\"><span class=\"pre\">Circuit.close_desktop</span></code></a>()</p></td>\n<td><p>Close AEDT and release it.</p></td>\n</tr>\n<tr class=\"row-odd\"><td><p><a class=\"reference internal\" href=\"../pyaedt.Circuit.close_project/#pyaedt.Circuit.close_project\" title=\"pyaedt.Circuit.close_project\"><code class=\"xref py py-obj docutils literal notranslate\"><span class=\"pre\">Circuit.close_project</span></code></a>([name,\u00a0saveproject])</p></td>\n<td><p>Close an AEDT project.</p></td>\n</tr>\n<tr class=\"row-even\"><td><p><a class=\"reference internal\" href=\"../pyaedt.Circuit.copy_design_from/#pyaedt.Circuit.copy_design_from\" title=\"pyaedt.Circuit.copy_design_from\"><code class=\"xref py py-obj docutils literal notranslate\"><span class=\"pre\">Circuit.copy_design_from</span></code></a>(project_fullname,\u00a0...)</p></td>\n<td><p>Copy a design from a project into the active design.</p></td>\n</tr>\n<tr class=\"row-odd\"><td><p><a class=\"reference internal\" href=\"../pyaedt.Circuit.copy_project/#pyaedt.Circuit.copy_project\" title=\"pyaedt.Circuit.copy_project\"><code class=\"xref py py-obj docutils literal notranslate\"><span class=\"pre\">Circuit.copy_project</span></code></a>(path,\u00a0dest)</p></td>\n<td><p>Copy the project to another destination.</p></td>\n</tr>\n<tr class=\"row-even\"><td><p><a class=\"reference internal\" href=\"../pyaedt.Circuit.create_dataset/#pyaedt.Circuit.create_dataset\" title=\"pyaedt.Circuit.create_dataset\"><code class=\"xref py py-obj docutils literal notranslate\"><span class=\"pre\">Circuit.create_dataset</span></code></a>(dsname,\u00a0xlist,\u00a0ylist)</p></td>\n<td><p>Create a dataset.</p></td>\n</tr>\n<tr class=\"row-odd\"><td><p><a class=\"reference internal\" href=\"../pyaedt.Circuit.create_dataset1d_design/#pyaedt.Circuit.create_dataset1d_design\" title=\"pyaedt.Circuit.create_dataset1d_design\"><code class=\"xref py py-obj docutils literal notranslate\"><span class=\"pre\">Circuit.create_dataset1d_design</span></code></a>(dsname,\u00a0...)</p></td>\n<td><p>Create a design dataset.</p></td>\n</tr>\n<tr class=\"row-even\"><td><p><a class=\"reference internal\" href=\"../pyaedt.Circuit.create_dataset1d_project/#pyaedt.Circuit.create_dataset1d_project\" title=\"pyaedt.Circuit.create_dataset1d_project\"><code class=\"xref py py-obj docutils literal notranslate\"><span class=\"pre\">Circuit.create_dataset1d_project</span></code></a>(dsname,\u00a0...)</p></td>\n<td><p>Create a project dataset.</p></td>\n</tr>\n<tr class=\"row-odd\"><td><p><a class=\"reference internal\" href=\"../pyaedt.Circuit.create_dataset3d/#pyaedt.Circuit.create_dataset3d\" title=\"pyaedt.Circuit.create_dataset3d\"><code class=\"xref py py-obj docutils literal notranslate\"><span class=\"pre\">Circuit.create_dataset3d</span></code></a>(dsname,\u00a0xlist,\u00a0ylist)</p></td>\n<td><p>Create a 3D dataset.</p></td>\n</tr>\n<tr class=\"row-even\"><td><p><a class=\"reference internal\" href=\"../pyaedt.Circuit.create_new_project/#pyaedt.Circuit.create_new_project\" title=\"pyaedt.Circuit.create_new_project\"><code class=\"xref py py-obj docutils literal notranslate\"><span class=\"pre\">Circuit.create_new_project</span></code></a>(proj_name)</p></td>\n<td><p>Create a project within AEDT.</p></td>\n</tr>\n<tr class=\"row-odd\"><td><p><a class=\"reference internal\" href=\"../pyaedt.Circuit.create_output_variable/#pyaedt.Circuit.create_output_variable\" title=\"pyaedt.Circuit.create_output_variable\"><code class=\"xref py py-obj docutils literal notranslate\"><span class=\"pre\">Circuit.create_output_variable</span></code></a>(variable,\u00a0...)</p></td>\n<td><p>Create or modify an output variable.</p></td>\n</tr>\n<tr class=\"row-even\"><td><p><a class=\"reference internal\" href=\"../pyaedt.Circuit.create_schematic_from_mentor_netlist/#pyaedt.Circuit.create_schematic_from_mentor_netlist\" title=\"pyaedt.Circuit.create_schematic_from_mentor_netlist\"><code class=\"xref py py-obj docutils literal notranslate\"><span class=\"pre\">Circuit.create_schematic_from_mentor_netlist</span></code></a>(...)</p></td>\n<td><p>Create a circuit schematic from a Mentor netlist.</p></td>\n</tr>\n<tr class=\"row-odd\"><td><p><a class=\"reference internal\" href=\"../pyaedt.Circuit.create_schematic_from_netlist/#pyaedt.Circuit.create_schematic_from_netlist\" title=\"pyaedt.Circuit.create_schematic_from_netlist\"><code class=\"xref py py-obj docutils literal notranslate\"><span class=\"pre\">Circuit.create_schematic_from_netlist</span></code></a>(...)</p></td>\n<td><p>Create a circuit schematic from an HSpice netlist.</p></td>\n</tr>\n<tr class=\"row-even\"><td><p><a class=\"reference internal\" href=\"../pyaedt.Circuit.create_setup/#pyaedt.Circuit.create_setup\" title=\"pyaedt.Circuit.create_setup\"><code class=\"xref py py-obj docutils literal notranslate\"><span class=\"pre\">Circuit.create_setup</span></code></a>([setupname,\u00a0setuptype,\u00a0...])</p></td>\n<td><p>Create a new setup.</p></td>\n</tr>\n<tr class=\"row-odd\"><td><p><a class=\"reference internal\" href=\"../pyaedt.Circuit.create_touchstone_report/#pyaedt.Circuit.create_touchstone_report\" title=\"pyaedt.Circuit.create_touchstone_report\"><code class=\"xref py py-obj docutils literal notranslate\"><span class=\"pre\">Circuit.create_touchstone_report</span></code></a>(plot_name,\u00a0...)</p></td>\n<td><p>Create a Touchstone plot.</p></td>\n</tr>\n<tr class=\"row-even\"><td><p><a class=\"reference internal\" href=\"../pyaedt.Circuit.dataset_exists/#pyaedt.Circuit.dataset_exists\" title=\"pyaedt.Circuit.dataset_exists\"><code class=\"xref py py-obj docutils literal notranslate\"><span class=\"pre\">Circuit.dataset_exists</span></code></a>(name[,\u00a0...])</p></td>\n<td><p>Check if a dataset exists.</p></td>\n</tr>\n<tr class=\"row-odd\"><td><p><a class=\"reference internal\" href=\"../pyaedt.Circuit.deactivate_variable_optimization/#pyaedt.Circuit.deactivate_variable_optimization\" title=\"pyaedt.Circuit.deactivate_variable_optimization\"><code class=\"xref py py-obj docutils literal notranslate\"><span class=\"pre\">Circuit.deactivate_variable_optimization</span></code></a>(...)</p></td>\n<td><p>Deactivate the optimization analysis for a variable.</p></td>\n</tr>\n<tr class=\"row-even\"><td><p><a class=\"reference internal\" href=\"../pyaedt.Circuit.deactivate_variable_sensitivity/#pyaedt.Circuit.deactivate_variable_sensitivity\" title=\"pyaedt.Circuit.deactivate_variable_sensitivity\"><code class=\"xref py py-obj docutils literal notranslate\"><span class=\"pre\">Circuit.deactivate_variable_sensitivity</span></code></a>(...)</p></td>\n<td><p>Deactivate the sensitivity analysis for a variable.</p></td>\n</tr>\n<tr class=\"row-odd\"><td><p><a class=\"reference internal\" href=\"../pyaedt.Circuit.deactivate_variable_statistical/#pyaedt.Circuit.deactivate_variable_statistical\" title=\"pyaedt.Circuit.deactivate_variable_statistical\"><code class=\"xref py py-obj docutils literal notranslate\"><span class=\"pre\">Circuit.deactivate_variable_statistical</span></code></a>(...)</p></td>\n<td><p>Deactivate the statistical analysis for a variable.</p></td>\n</tr>\n<tr class=\"row-even\"><td><p><a class=\"reference internal\" href=\"../pyaedt.Circuit.deactivate_variable_tuning/#pyaedt.Circuit.deactivate_variable_tuning\" title=\"pyaedt.Circuit.deactivate_variable_tuning\"><code class=\"xref py py-obj docutils literal notranslate\"><span class=\"pre\">Circuit.deactivate_variable_tuning</span></code></a>(variable_name)</p></td>\n<td><p>Deactivate the tuning analysis for a variable.</p></td>\n</tr>\n<tr class=\"row-odd\"><td><p><a class=\"reference internal\" href=\"../pyaedt.Circuit.delete_design/#pyaedt.Circuit.delete_design\" title=\"pyaedt.Circuit.delete_design\"><code class=\"xref py py-obj docutils literal notranslate\"><span class=\"pre\">Circuit.delete_design</span></code></a>([name,\u00a0fallback_design])</p></td>\n<td><p>Delete a design from the current project.</p></td>\n</tr>\n<tr class=\"row-even\"><td><p><a class=\"reference internal\" href=\"../pyaedt.Circuit.delete_project/#pyaedt.Circuit.delete_project\" title=\"pyaedt.Circuit.delete_project\"><code class=\"xref py py-obj docutils literal notranslate\"><span class=\"pre\">Circuit.delete_project</span></code></a>(project_name)</p></td>\n<td><p>Delete a project.</p></td>\n</tr>\n<tr class=\"row-odd\"><td><p><a class=\"reference internal\" href=\"../pyaedt.Circuit.delete_separator/#pyaedt.Circuit.delete_separator\" title=\"pyaedt.Circuit.delete_separator\"><code class=\"xref py py-obj docutils literal notranslate\"><span class=\"pre\">Circuit.delete_separator</span></code></a>(separator_name)</p></td>\n<td><p>Delete a separator from either the active project or a design.</p></td>\n</tr>\n<tr class=\"row-even\"><td><p><a class=\"reference internal\" href=\"../pyaedt.Circuit.delete_setup/#pyaedt.Circuit.delete_setup\" title=\"pyaedt.Circuit.delete_setup\"><code class=\"xref py py-obj docutils literal notranslate\"><span class=\"pre\">Circuit.delete_setup</span></code></a>(setupname)</p></td>\n<td><p>Delete a setup.</p></td>\n</tr>\n<tr class=\"row-odd\"><td><p><a class=\"reference internal\" href=\"../pyaedt.Circuit.delete_variable/#pyaedt.Circuit.delete_variable\" title=\"pyaedt.Circuit.delete_variable\"><code class=\"xref py py-obj docutils literal notranslate\"><span class=\"pre\">Circuit.delete_variable</span></code></a>(sVarName)</p></td>\n<td><p>Delete a variable.</p></td>\n</tr>\n<tr class=\"row-even\"><td><p><a class=\"reference internal\" href=\"../pyaedt.Circuit.design_variation/#pyaedt.Circuit.design_variation\" title=\"pyaedt.Circuit.design_variation\"><code class=\"xref py py-obj docutils literal notranslate\"><span class=\"pre\">Circuit.design_variation</span></code></a>([variation_string])</p></td>\n<td><p>Generate a string to specify a desired variation.</p></td>\n</tr>\n<tr class=\"row-odd\"><td><p><a class=\"reference internal\" href=\"../pyaedt.Circuit.duplicate_design/#pyaedt.Circuit.duplicate_design\" title=\"pyaedt.Circuit.duplicate_design\"><code class=\"xref py py-obj docutils literal notranslate\"><span class=\"pre\">Circuit.duplicate_design</span></code></a>(label[,\u00a0...])</p></td>\n<td><p>Copy a design to a new name.</p></td>\n</tr>\n<tr class=\"row-even\"><td><p><a class=\"reference internal\" href=\"../pyaedt.Circuit.edit_setup/#pyaedt.Circuit.edit_setup\" title=\"pyaedt.Circuit.edit_setup\"><code class=\"xref py py-obj docutils literal notranslate\"><span class=\"pre\">Circuit.edit_setup</span></code></a>(setupname,\u00a0properties_dict)</p></td>\n<td><p>Modify a setup.</p></td>\n</tr>\n<tr class=\"row-odd\"><td><p><a class=\"reference internal\" href=\"../pyaedt.Circuit.evaluate_expression/#pyaedt.Circuit.evaluate_expression\" title=\"pyaedt.Circuit.evaluate_expression\"><code class=\"xref py py-obj docutils literal notranslate\"><span class=\"pre\">Circuit.evaluate_expression</span></code></a>(expression_string)</p></td>\n<td><p>Evaluate a valid string expression and return the numerical value in SI units.</p></td>\n</tr>\n<tr class=\"row-even\"><td><p><a class=\"reference internal\" href=\"../pyaedt.Circuit.export_convergence/#pyaedt.Circuit.export_convergence\" title=\"pyaedt.Circuit.export_convergence\"><code class=\"xref py py-obj docutils literal notranslate\"><span class=\"pre\">Circuit.export_convergence</span></code></a>(setup_name[,\u00a0...])</p></td>\n<td><p>Export a solution convergence to a file.</p></td>\n</tr>\n<tr class=\"row-odd\"><td><p><a class=\"reference internal\" href=\"../pyaedt.Circuit.export_design_preview_to_jpg/#pyaedt.Circuit.export_design_preview_to_jpg\" title=\"pyaedt.Circuit.export_design_preview_to_jpg\"><code class=\"xref py py-obj docutils literal notranslate\"><span class=\"pre\">Circuit.export_design_preview_to_jpg</span></code></a>(filename)</p></td>\n<td><p>Export design preview image to a JPG file.</p></td>\n</tr>\n<tr class=\"row-even\"><td><p><a class=\"reference internal\" href=\"../pyaedt.Circuit.export_fullwave_spice/#pyaedt.Circuit.export_fullwave_spice\" title=\"pyaedt.Circuit.export_fullwave_spice\"><code class=\"xref py py-obj docutils literal notranslate\"><span class=\"pre\">Circuit.export_fullwave_spice</span></code></a>([designname,\u00a0...])</p></td>\n<td><p>Export a full wave HSpice file using NDE.</p></td>\n</tr>\n<tr class=\"row-odd\"><td><p><a class=\"reference internal\" href=\"../pyaedt.Circuit.export_parametric_results/#pyaedt.Circuit.export_parametric_results\" title=\"pyaedt.Circuit.export_parametric_results\"><code class=\"xref py py-obj docutils literal notranslate\"><span class=\"pre\">Circuit.export_parametric_results</span></code></a>(sweepname,\u00a0...)</p></td>\n<td><p>Export a list of all parametric variations solved for a sweep to a CSV file.</p></td>\n</tr>\n<tr class=\"row-even\"><td><p><a class=\"reference internal\" href=\"../pyaedt.Circuit.export_profile/#pyaedt.Circuit.export_profile\" title=\"pyaedt.Circuit.export_profile\"><code class=\"xref py py-obj docutils literal notranslate\"><span class=\"pre\">Circuit.export_profile</span></code></a>(setup_name[,\u00a0...])</p></td>\n<td><p>Export a solution profile to a PROF file.</p></td>\n</tr>\n<tr class=\"row-odd\"><td><p><a class=\"reference internal\" href=\"../pyaedt.Circuit.export_results/#pyaedt.Circuit.export_results\" title=\"pyaedt.Circuit.export_results\"><code class=\"xref py py-obj docutils literal notranslate\"><span class=\"pre\">Circuit.export_results</span></code></a>([analyze,\u00a0export_folder])</p></td>\n<td><p>Export all available reports to a file, including sNp, profile, and convergence.</p></td>\n</tr>\n<tr class=\"row-even\"><td><p><a class=\"reference internal\" href=\"../pyaedt.Circuit.export_rl_matrix/#pyaedt.Circuit.export_rl_matrix\" title=\"pyaedt.Circuit.export_rl_matrix\"><code class=\"xref py py-obj docutils literal notranslate\"><span class=\"pre\">Circuit.export_rl_matrix</span></code></a>(matrix_name,\u00a0file_path)</p></td>\n<td><p>Export R/L matrix after solving.</p></td>\n</tr>\n<tr class=\"row-odd\"><td><p><a class=\"reference internal\" href=\"../pyaedt.Circuit.export_touchstone/#pyaedt.Circuit.export_touchstone\" title=\"pyaedt.Circuit.export_touchstone\"><code class=\"xref py py-obj docutils literal notranslate\"><span class=\"pre\">Circuit.export_touchstone</span></code></a>([solution_name,\u00a0...])</p></td>\n<td><p>Export the Touchstone file to a local folder.</p></td>\n</tr>\n<tr class=\"row-even\"><td><p><a class=\"reference internal\" href=\"../pyaedt.Circuit.export_variables_to_csv/#pyaedt.Circuit.export_variables_to_csv\" title=\"pyaedt.Circuit.export_variables_to_csv\"><code class=\"xref py py-obj docutils literal notranslate\"><span class=\"pre\">Circuit.export_variables_to_csv</span></code></a>(filename[,\u00a0...])</p></td>\n<td><p>Export design properties, project variables, or both to a CSV file.</p></td>\n</tr>\n<tr class=\"row-odd\"><td><p><a class=\"reference internal\" href=\"../pyaedt.Circuit.generate_temp_project_directory/#pyaedt.Circuit.generate_temp_project_directory\" title=\"pyaedt.Circuit.generate_temp_project_directory\"><code class=\"xref py py-obj docutils literal notranslate\"><span class=\"pre\">Circuit.generate_temp_project_directory</span></code></a>(...)</p></td>\n<td><p>Generate a unique directory string to save a project to.</p></td>\n</tr>\n<tr class=\"row-even\"><td><p><a class=\"reference internal\" href=\"../pyaedt.Circuit.generate_unique_setup_name/#pyaedt.Circuit.generate_unique_setup_name\" title=\"pyaedt.Circuit.generate_unique_setup_name\"><code class=\"xref py py-obj docutils literal notranslate\"><span class=\"pre\">Circuit.generate_unique_setup_name</span></code></a>([setup_name])</p></td>\n<td><p>Generate a new setup with an unique name.</p></td>\n</tr>\n<tr class=\"row-odd\"><td><p><a class=\"reference internal\" href=\"../pyaedt.Circuit.get_all_insertion_loss_list/#pyaedt.Circuit.get_all_insertion_loss_list\" title=\"pyaedt.Circuit.get_all_insertion_loss_list\"><code class=\"xref py py-obj docutils literal notranslate\"><span class=\"pre\">Circuit.get_all_insertion_loss_list</span></code></a>([...])</p></td>\n<td><p>Retrieve a list of all insertion losses from two lists of excitations (driver and receiver).</p></td>\n</tr>\n<tr class=\"row-even\"><td><p><a class=\"reference internal\" href=\"../pyaedt.Circuit.get_all_return_loss_list/#pyaedt.Circuit.get_all_return_loss_list\" title=\"pyaedt.Circuit.get_all_return_loss_list\"><code class=\"xref py py-obj docutils literal notranslate\"><span class=\"pre\">Circuit.get_all_return_loss_list</span></code></a>([...])</p></td>\n<td><p>Retrieve a list of all return losses for a list of exctitations.</p></td>\n</tr>\n<tr class=\"row-odd\"><td><p><a class=\"reference internal\" href=\"../pyaedt.Circuit.get_evaluated_value/#pyaedt.Circuit.get_evaluated_value\" title=\"pyaedt.Circuit.get_evaluated_value\"><code class=\"xref py py-obj docutils literal notranslate\"><span class=\"pre\">Circuit.get_evaluated_value</span></code></a>(variable_name[,\u00a0...])</p></td>\n<td><p>Retrieve the evaluated value of a design property or project variable in SI units if no unit is provided.</p></td>\n</tr>\n<tr class=\"row-even\"><td><p><a class=\"reference internal\" href=\"../pyaedt.Circuit.get_fext_xtalk_list/#pyaedt.Circuit.get_fext_xtalk_list\" title=\"pyaedt.Circuit.get_fext_xtalk_list\"><code class=\"xref py py-obj docutils literal notranslate\"><span class=\"pre\">Circuit.get_fext_xtalk_list</span></code></a>([trlist,\u00a0...])</p></td>\n<td><p>Retrieve a list of all the far end XTalks from two lists of exctitations (driver and receiver).</p></td>\n</tr>\n<tr class=\"row-odd\"><td><p><a class=\"reference internal\" href=\"../pyaedt.Circuit.get_ibis_model_from_file/#pyaedt.Circuit.get_ibis_model_from_file\" title=\"pyaedt.Circuit.get_ibis_model_from_file\"><code class=\"xref py py-obj docutils literal notranslate\"><span class=\"pre\">Circuit.get_ibis_model_from_file</span></code></a>(path)</p></td>\n<td><p>Create an IBIS model based on the data contained in an IBIS file.</p></td>\n</tr>\n<tr class=\"row-even\"><td><p><a class=\"reference internal\" href=\"../pyaedt.Circuit.get_module/#pyaedt.Circuit.get_module\" title=\"pyaedt.Circuit.get_module\"><code class=\"xref py py-obj docutils literal notranslate\"><span class=\"pre\">Circuit.get_module</span></code></a>(module_name)</p></td>\n<td><p>Aedt Module object.</p></td>\n</tr>\n<tr class=\"row-odd\"><td><p><a class=\"reference internal\" href=\"../pyaedt.Circuit.get_next_xtalk_list/#pyaedt.Circuit.get_next_xtalk_list\" title=\"pyaedt.Circuit.get_next_xtalk_list\"><code class=\"xref py py-obj docutils literal notranslate\"><span class=\"pre\">Circuit.get_next_xtalk_list</span></code></a>([trlist,\u00a0tx_prefix])</p></td>\n<td><p>Retrieve a list of all the near end XTalks from a list of excitations (driver and receiver).</p></td>\n</tr>\n<tr class=\"row-even\"><td><p><a class=\"reference internal\" href=\"../pyaedt.Circuit.get_nominal_variation/#pyaedt.Circuit.get_nominal_variation\" title=\"pyaedt.Circuit.get_nominal_variation\"><code class=\"xref py py-obj docutils literal notranslate\"><span class=\"pre\">Circuit.get_nominal_variation</span></code></a>()</p></td>\n<td><p>Retrieve the nominal variation.</p></td>\n</tr>\n<tr class=\"row-odd\"><td><p><a class=\"reference internal\" href=\"../pyaedt.Circuit.get_object_material_properties/#pyaedt.Circuit.get_object_material_properties\" title=\"pyaedt.Circuit.get_object_material_properties\"><code class=\"xref py py-obj docutils literal notranslate\"><span class=\"pre\">Circuit.get_object_material_properties</span></code></a>([...])</p></td>\n<td><p>Retrieve the material properties for a list of objects and return them in a dictionary.</p></td>\n</tr>\n<tr class=\"row-even\"><td><p><a class=\"reference internal\" href=\"../pyaedt.Circuit.get_oo_name/#pyaedt.Circuit.get_oo_name\" title=\"pyaedt.Circuit.get_oo_name\"><code class=\"xref py py-obj docutils literal notranslate\"><span class=\"pre\">Circuit.get_oo_name</span></code></a>(aedt_object[,\u00a0object_name])</p></td>\n<td><p>Return the Object Oriented AEDT Properties names.</p></td>\n</tr>\n<tr class=\"row-odd\"><td><p><a class=\"reference internal\" href=\"../pyaedt.Circuit.get_oo_object/#pyaedt.Circuit.get_oo_object\" title=\"pyaedt.Circuit.get_oo_object\"><code class=\"xref py py-obj docutils literal notranslate\"><span class=\"pre\">Circuit.get_oo_object</span></code></a>(aedt_object,\u00a0object_name)</p></td>\n<td><p>Return the Object Oriented AEDT Object.</p></td>\n</tr>\n<tr class=\"row-even\"><td><p><a class=\"reference internal\" href=\"../pyaedt.Circuit.get_oo_properties/#pyaedt.Circuit.get_oo_properties\" title=\"pyaedt.Circuit.get_oo_properties\"><code class=\"xref py py-obj docutils literal notranslate\"><span class=\"pre\">Circuit.get_oo_properties</span></code></a>(aedt_object,\u00a0...)</p></td>\n<td><p>Return the Object Oriented AEDT Object Properties.</p></td>\n</tr>\n<tr class=\"row-odd\"><td><p><a class=\"reference internal\" href=\"../pyaedt.Circuit.get_oo_property_value/#pyaedt.Circuit.get_oo_property_value\" title=\"pyaedt.Circuit.get_oo_property_value\"><code class=\"xref py py-obj docutils literal notranslate\"><span class=\"pre\">Circuit.get_oo_property_value</span></code></a>(aedt_object,\u00a0...)</p></td>\n<td><p>Return the Object Oriented AEDT Object Properties.</p></td>\n</tr>\n<tr class=\"row-even\"><td><p><a class=\"reference internal\" href=\"../pyaedt.Circuit.get_output_variable/#pyaedt.Circuit.get_output_variable\" title=\"pyaedt.Circuit.get_output_variable\"><code class=\"xref py py-obj docutils literal notranslate\"><span class=\"pre\">Circuit.get_output_variable</span></code></a>(variable[,\u00a0solution])</p></td>\n<td><p>Retrieve the value of the output variable.</p></td>\n</tr>\n<tr class=\"row-odd\"><td><p><a class=\"reference internal\" href=\"../pyaedt.Circuit.get_registry_key_int/#pyaedt.Circuit.get_registry_key_int\" title=\"pyaedt.Circuit.get_registry_key_int\"><code class=\"xref py py-obj docutils literal notranslate\"><span class=\"pre\">Circuit.get_registry_key_int</span></code></a>(key_full_name)</p></td>\n<td><p>Get the value for the AEDT registry key if one exists.</p></td>\n</tr>\n<tr class=\"row-even\"><td><p><a class=\"reference internal\" href=\"../pyaedt.Circuit.get_registry_key_string/#pyaedt.Circuit.get_registry_key_string\" title=\"pyaedt.Circuit.get_registry_key_string\"><code class=\"xref py py-obj docutils literal notranslate\"><span class=\"pre\">Circuit.get_registry_key_string</span></code></a>(key_full_name)</p></td>\n<td><p>Get the value for the AEDT registry key if one exists.</p></td>\n</tr>\n<tr class=\"row-odd\"><td><p><a class=\"reference internal\" href=\"../pyaedt.Circuit.get_setup/#pyaedt.Circuit.get_setup\" title=\"pyaedt.Circuit.get_setup\"><code class=\"xref py py-obj docutils literal notranslate\"><span class=\"pre\">Circuit.get_setup</span></code></a>(setupname)</p></td>\n<td><p>Retrieve the setup from the current design.</p></td>\n</tr>\n<tr class=\"row-even\"><td><p><a class=\"reference internal\" href=\"../pyaedt.Circuit.get_setups/#pyaedt.Circuit.get_setups\" title=\"pyaedt.Circuit.get_setups\"><code class=\"xref py py-obj docutils literal notranslate\"><span class=\"pre\">Circuit.get_setups</span></code></a>()</p></td>\n<td><p>Retrieve setups.</p></td>\n</tr>\n<tr class=\"row-odd\"><td><p><a class=\"reference internal\" href=\"../pyaedt.Circuit.get_source_pin_names/#pyaedt.Circuit.get_source_pin_names\" title=\"pyaedt.Circuit.get_source_pin_names\"><code class=\"xref py py-obj docutils literal notranslate\"><span class=\"pre\">Circuit.get_source_pin_names</span></code></a>(source_design_name)</p></td>\n<td><p>Retrieve pin names.</p></td>\n</tr>\n<tr class=\"row-even\"><td><p><a class=\"reference internal\" href=\"../pyaedt.Circuit.get_sweeps/#pyaedt.Circuit.get_sweeps\" title=\"pyaedt.Circuit.get_sweeps\"><code class=\"xref py py-obj docutils literal notranslate\"><span class=\"pre\">Circuit.get_sweeps</span></code></a>(name)</p></td>\n<td><p>Retrieve all sweeps for a setup.</p></td>\n</tr>\n<tr class=\"row-odd\"><td><p><a class=\"reference internal\" href=\"../pyaedt.Circuit.get_touchstone_data/#pyaedt.Circuit.get_touchstone_data\" title=\"pyaedt.Circuit.get_touchstone_data\"><code class=\"xref py py-obj docutils literal notranslate\"><span class=\"pre\">Circuit.get_touchstone_data</span></code></a>(curvenames[,\u00a0...])</p></td>\n<td><p>Return a Touchstone data plot.</p></td>\n</tr>\n<tr class=\"row-even\"><td><p><a class=\"reference internal\" href=\"../pyaedt.Circuit.get_traces_for_plot/#pyaedt.Circuit.get_traces_for_plot\" title=\"pyaedt.Circuit.get_traces_for_plot\"><code class=\"xref py py-obj docutils literal notranslate\"><span class=\"pre\">Circuit.get_traces_for_plot</span></code></a>([...])</p></td>\n<td><p>Retrieve a list of traces of specified designs ready to use in plot reports.</p></td>\n</tr>\n<tr class=\"row-odd\"><td><p><a class=\"reference internal\" href=\"../pyaedt.Circuit.hidden_variable/#pyaedt.Circuit.hidden_variable\" title=\"pyaedt.Circuit.hidden_variable\"><code class=\"xref py py-obj docutils literal notranslate\"><span class=\"pre\">Circuit.hidden_variable</span></code></a>(variable_name[,\u00a0value])</p></td>\n<td><p>Set the variable to a hidden or unhidden variable.</p></td>\n</tr>\n<tr class=\"row-even\"><td><p><a class=\"reference internal\" href=\"../pyaedt.Circuit.import_dataset1d/#pyaedt.Circuit.import_dataset1d\" title=\"pyaedt.Circuit.import_dataset1d\"><code class=\"xref py py-obj docutils literal notranslate\"><span class=\"pre\">Circuit.import_dataset1d</span></code></a>(filename[,\u00a0dsname,\u00a0...])</p></td>\n<td><p>Import a 1D dataset.</p></td>\n</tr>\n<tr class=\"row-odd\"><td><p><a class=\"reference internal\" href=\"../pyaedt.Circuit.import_dataset3d/#pyaedt.Circuit.import_dataset3d\" title=\"pyaedt.Circuit.import_dataset3d\"><code class=\"xref py py-obj docutils literal notranslate\"><span class=\"pre\">Circuit.import_dataset3d</span></code></a>(filename[,\u00a0dsname,\u00a0...])</p></td>\n<td><p>Import a 3D dataset.</p></td>\n</tr>\n<tr class=\"row-even\"><td><p><a class=\"reference internal\" href=\"../pyaedt.Circuit.import_touchstone_solution/#pyaedt.Circuit.import_touchstone_solution\" title=\"pyaedt.Circuit.import_touchstone_solution\"><code class=\"xref py py-obj docutils literal notranslate\"><span class=\"pre\">Circuit.import_touchstone_solution</span></code></a>(filename)</p></td>\n<td><p>Import a Touchstone file as the solution.</p></td>\n</tr>\n<tr class=\"row-odd\"><td><p><a class=\"reference internal\" href=\"../pyaedt.Circuit.insert_design/#pyaedt.Circuit.insert_design\" title=\"pyaedt.Circuit.insert_design\"><code class=\"xref py py-obj docutils literal notranslate\"><span class=\"pre\">Circuit.insert_design</span></code></a>([design_name,\u00a0...])</p></td>\n<td><p>Add a design of a specified type.</p></td>\n</tr>\n<tr class=\"row-even\"><td><p><a class=\"reference internal\" href=\"../pyaedt.Circuit.list_of_variations/#pyaedt.Circuit.list_of_variations\" title=\"pyaedt.Circuit.list_of_variations\"><code class=\"xref py py-obj docutils literal notranslate\"><span class=\"pre\">Circuit.list_of_variations</span></code></a>([setup_name,\u00a0...])</p></td>\n<td><p>Retrieve a list of active variations for input setup.</p></td>\n</tr>\n<tr class=\"row-odd\"><td><p><a class=\"reference internal\" href=\"../pyaedt.Circuit.load_diff_pairs_from_file/#pyaedt.Circuit.load_diff_pairs_from_file\" title=\"pyaedt.Circuit.load_diff_pairs_from_file\"><code class=\"xref py py-obj docutils literal notranslate\"><span class=\"pre\">Circuit.load_diff_pairs_from_file</span></code></a>(filename)</p></td>\n<td><p>Load differtential pairs definition from a file.</p></td>\n</tr>\n<tr class=\"row-even\"><td><p><a class=\"reference internal\" href=\"../pyaedt.Circuit.load_project/#pyaedt.Circuit.load_project\" title=\"pyaedt.Circuit.load_project\"><code class=\"xref py py-obj docutils literal notranslate\"><span class=\"pre\">Circuit.load_project</span></code></a>(project_file[,\u00a0...])</p></td>\n<td><p>Open an AEDT project based on a project and optional design.</p></td>\n</tr>\n<tr class=\"row-odd\"><td><p><a class=\"reference internal\" href=\"../pyaedt.Circuit.pop_up/#pyaedt.Circuit.pop_up\" title=\"pyaedt.Circuit.pop_up\"><code class=\"xref py py-obj docutils literal notranslate\"><span class=\"pre\">Circuit.pop_up</span></code></a>()</p></td>\n<td><p>Pop-up to parent Circuit design and reinitialize Circuit object.</p></td>\n</tr>\n<tr class=\"row-even\"><td><p><a class=\"reference internal\" href=\"../pyaedt.Circuit.push_down/#pyaedt.Circuit.push_down\" title=\"pyaedt.Circuit.push_down\"><code class=\"xref py py-obj docutils literal notranslate\"><span class=\"pre\">Circuit.push_down</span></code></a>(component_name)</p></td>\n<td><p>Push-down to the child component and reinitialize the Circuit object.</p></td>\n</tr>\n<tr class=\"row-odd\"><td><p><a class=\"reference internal\" href=\"../pyaedt.Circuit.push_excitations/#pyaedt.Circuit.push_excitations\" title=\"pyaedt.Circuit.push_excitations\"><code class=\"xref py py-obj docutils literal notranslate\"><span class=\"pre\">Circuit.push_excitations</span></code></a>(instance_name[,\u00a0...])</p></td>\n<td><p>Push excitations.</p></td>\n</tr>\n<tr class=\"row-even\"><td><p><a class=\"reference internal\" href=\"../pyaedt.Circuit.read_design_data/#pyaedt.Circuit.read_design_data\" title=\"pyaedt.Circuit.read_design_data\"><code class=\"xref py py-obj docutils literal notranslate\"><span class=\"pre\">Circuit.read_design_data</span></code></a>()</p></td>\n<td><p>Read back the design data as a dictionary.</p></td>\n</tr>\n<tr class=\"row-odd\"><td><p><a class=\"reference internal\" href=\"../pyaedt.Circuit.read_only_variable/#pyaedt.Circuit.read_only_variable\" title=\"pyaedt.Circuit.read_only_variable\"><code class=\"xref py py-obj docutils literal notranslate\"><span class=\"pre\">Circuit.read_only_variable</span></code></a>(variable_name[,\u00a0...])</p></td>\n<td><p>Set the variable to a read-only or not read-only variable.</p></td>\n</tr>\n<tr class=\"row-even\"><td><p><a class=\"reference internal\" href=\"../pyaedt.Circuit.release_desktop/#pyaedt.Circuit.release_desktop\" title=\"pyaedt.Circuit.release_desktop\"><code class=\"xref py py-obj docutils literal notranslate\"><span class=\"pre\">Circuit.release_desktop</span></code></a>([close_projects,\u00a0...])</p></td>\n<td><p>Release AEDT.</p></td>\n</tr>\n<tr class=\"row-odd\"><td><p><a class=\"reference internal\" href=\"../pyaedt.Circuit.rename_design/#pyaedt.Circuit.rename_design\" title=\"pyaedt.Circuit.rename_design\"><code class=\"xref py py-obj docutils literal notranslate\"><span class=\"pre\">Circuit.rename_design</span></code></a>(new_name)</p></td>\n<td><p>Rename the active design.</p></td>\n</tr>\n<tr class=\"row-even\"><td><p><a class=\"reference internal\" href=\"../pyaedt.Circuit.retrieve_mentor_comp/#pyaedt.Circuit.retrieve_mentor_comp\" title=\"pyaedt.Circuit.retrieve_mentor_comp\"><code class=\"xref py py-obj docutils literal notranslate\"><span class=\"pre\">Circuit.retrieve_mentor_comp</span></code></a>(refid)</p></td>\n<td><p>Retrieve the type of the Mentor netlist component for a given reference ID.</p></td>\n</tr>\n<tr class=\"row-odd\"><td><p><a class=\"reference internal\" href=\"../pyaedt.Circuit.save_diff_pairs_to_file/#pyaedt.Circuit.save_diff_pairs_to_file\" title=\"pyaedt.Circuit.save_diff_pairs_to_file\"><code class=\"xref py py-obj docutils literal notranslate\"><span class=\"pre\">Circuit.save_diff_pairs_to_file</span></code></a>(filename)</p></td>\n<td><p>Save differtential pairs definition to file.</p></td>\n</tr>\n<tr class=\"row-even\"><td><p><a class=\"reference internal\" href=\"../pyaedt.Circuit.save_project/#pyaedt.Circuit.save_project\" title=\"pyaedt.Circuit.save_project\"><code class=\"xref py py-obj docutils literal notranslate\"><span class=\"pre\">Circuit.save_project</span></code></a>([project_file,\u00a0...])</p></td>\n<td><p>Save the project and add a message.</p></td>\n</tr>\n<tr class=\"row-odd\"><td><p><a class=\"reference internal\" href=\"../pyaedt.Circuit.set_active_design/#pyaedt.Circuit.set_active_design\" title=\"pyaedt.Circuit.set_active_design\"><code class=\"xref py py-obj docutils literal notranslate\"><span class=\"pre\">Circuit.set_active_design</span></code></a>(name)</p></td>\n<td><p>Change the active design to another design.</p></td>\n</tr>\n<tr class=\"row-even\"><td><p><a class=\"reference internal\" href=\"../pyaedt.Circuit.set_active_dso_config_name/#pyaedt.Circuit.set_active_dso_config_name\" title=\"pyaedt.Circuit.set_active_dso_config_name\"><code class=\"xref py py-obj docutils literal notranslate\"><span class=\"pre\">Circuit.set_active_dso_config_name</span></code></a>([...])</p></td>\n<td><p>Change a specific registry key to a new value.</p></td>\n</tr>\n<tr class=\"row-odd\"><td><p><a class=\"reference internal\" href=\"../pyaedt.Circuit.set_differential_pair/#pyaedt.Circuit.set_differential_pair\" title=\"pyaedt.Circuit.set_differential_pair\"><code class=\"xref py py-obj docutils literal notranslate\"><span class=\"pre\">Circuit.set_differential_pair</span></code></a>(...[,\u00a0...])</p></td>\n<td><p>Add a differential pair definition.</p></td>\n</tr>\n<tr class=\"row-even\"><td><p><a class=\"reference internal\" href=\"../pyaedt.Circuit.set_license_type/#pyaedt.Circuit.set_license_type\" title=\"pyaedt.Circuit.set_license_type\"><code class=\"xref py py-obj docutils literal notranslate\"><span class=\"pre\">Circuit.set_license_type</span></code></a>([license_type])</p></td>\n<td><p>Change the license type between <code class=\"docutils literal notranslate\"><span class=\"pre\">&quot;Pack&quot;</span></code> and <code class=\"docutils literal notranslate\"><span class=\"pre\">&quot;Pool&quot;</span></code>.</p></td>\n</tr>\n<tr class=\"row-odd\"><td><p><a class=\"reference internal\" href=\"../pyaedt.Circuit.set_registry_from_file/#pyaedt.Circuit.set_registry_from_file\" title=\"pyaedt.Circuit.set_registry_from_file\"><code class=\"xref py py-obj docutils literal notranslate\"><span class=\"pre\">Circuit.set_registry_from_file</span></code></a>(registry_file)</p></td>\n<td><p>Apply desktop registry settings from an ACT file.</p></td>\n</tr>\n<tr class=\"row-even\"><td><p><a class=\"reference internal\" href=\"../pyaedt.Circuit.set_registry_key/#pyaedt.Circuit.set_registry_key\" title=\"pyaedt.Circuit.set_registry_key\"><code class=\"xref py py-obj docutils literal notranslate\"><span class=\"pre\">Circuit.set_registry_key</span></code></a>(key_full_name,\u00a0...)</p></td>\n<td><p>Change a specific registry key to a new value.</p></td>\n</tr>\n<tr class=\"row-odd\"><td><p><a class=\"reference internal\" href=\"../pyaedt.Circuit.solve_in_batch/#pyaedt.Circuit.solve_in_batch\" title=\"pyaedt.Circuit.solve_in_batch\"><code class=\"xref py py-obj docutils literal notranslate\"><span class=\"pre\">Circuit.solve_in_batch</span></code></a>([filename,\u00a0machine,\u00a0...])</p></td>\n<td><p>Analyze a design setup in batch mode.</p></td>\n</tr>\n<tr class=\"row-even\"><td><p><a class=\"reference internal\" href=\"../pyaedt.Circuit.submit_job/#pyaedt.Circuit.submit_job\" title=\"pyaedt.Circuit.submit_job\"><code class=\"xref py py-obj docutils literal notranslate\"><span class=\"pre\">Circuit.submit_job</span></code></a>(clustername[,\u00a0...])</p></td>\n<td><p>Submit a job to be solved on a cluster.</p></td>\n</tr>\n<tr class=\"row-odd\"><td><p><a class=\"reference internal\" href=\"../pyaedt.Circuit.validate_simple/#pyaedt.Circuit.validate_simple\" title=\"pyaedt.Circuit.validate_simple\"><code class=\"xref py py-obj docutils literal notranslate\"><span class=\"pre\">Circuit.validate_simple</span></code></a>([logfile])</p></td>\n<td><p>Validate a design.</p></td>\n</tr>\n<tr class=\"row-even\"><td><p><a class=\"reference internal\" href=\"../pyaedt.Circuit.value_with_units/#pyaedt.Circuit.value_with_units\" title=\"pyaedt.Circuit.value_with_units\"><code class=\"xref py py-obj docutils literal notranslate\"><span class=\"pre\">Circuit.value_with_units</span></code></a>(value[,\u00a0units])</p></td>\n<td><p>Combine a number and a string containing the unit in a single string e.g.</p></td>\n</tr>\n</tbody>\n</table>\n<p class=\"rubric\">Attributes</p>\n<table class=\"autosummary longtable docutils align-default\">\n<tbody>\n<tr class=\"row-odd\"><td><p><a class=\"reference internal\" href=\"../pyaedt.Circuit.aedt_version_id/#pyaedt.Circuit.aedt_version_id\" title=\"pyaedt.Circuit.aedt_version_id\"><code class=\"xref py py-obj docutils literal notranslate\"><span class=\"pre\">Circuit.aedt_version_id</span></code></a></p></td>\n<td><p>AEDT version.</p></td>\n</tr>\n<tr class=\"row-even\"><td><p><a class=\"reference internal\" href=\"../pyaedt.Circuit.analysis_setup/#pyaedt.Circuit.analysis_setup\" title=\"pyaedt.Circuit.analysis_setup\"><code class=\"xref py py-obj docutils literal notranslate\"><span class=\"pre\">Circuit.analysis_setup</span></code></a></p></td>\n<td><p>Analysis setup.</p></td>\n</tr>\n<tr class=\"row-odd\"><td><p><a class=\"reference internal\" href=\"../pyaedt.Circuit.available_variations/#pyaedt.Circuit.available_variations\" title=\"pyaedt.Circuit.available_variations\"><code class=\"xref py py-obj docutils literal notranslate\"><span class=\"pre\">Circuit.available_variations</span></code></a></p></td>\n<td><p>Available variation object.</p></td>\n</tr>\n<tr class=\"row-even\"><td><p><a class=\"reference internal\" href=\"../pyaedt.Circuit.boundaries/#pyaedt.Circuit.boundaries\" title=\"pyaedt.Circuit.boundaries\"><code class=\"xref py py-obj docutils literal notranslate\"><span class=\"pre\">Circuit.boundaries</span></code></a></p></td>\n<td><p>Design boundaries and excitations.</p></td>\n</tr>\n<tr class=\"row-odd\"><td><p><a class=\"reference internal\" href=\"../pyaedt.Circuit.default_solution_type/#pyaedt.Circuit.default_solution_type\" title=\"pyaedt.Circuit.default_solution_type\"><code class=\"xref py py-obj docutils literal notranslate\"><span class=\"pre\">Circuit.default_solution_type</span></code></a></p></td>\n<td><p>Default solution type.</p></td>\n</tr>\n<tr class=\"row-even\"><td><p><a class=\"reference internal\" href=\"../pyaedt.Circuit.design_datasets/#pyaedt.Circuit.design_datasets\" title=\"pyaedt.Circuit.design_datasets\"><code class=\"xref py py-obj docutils literal notranslate\"><span class=\"pre\">Circuit.design_datasets</span></code></a></p></td>\n<td><p>Dictionary of Design Datasets.</p></td>\n</tr>\n<tr class=\"row-odd\"><td><p><a class=\"reference internal\" href=\"../pyaedt.Circuit.design_list/#pyaedt.Circuit.design_list\" title=\"pyaedt.Circuit.design_list\"><code class=\"xref py py-obj docutils literal notranslate\"><span class=\"pre\">Circuit.design_list</span></code></a></p></td>\n<td><p>Design list.</p></td>\n</tr>\n<tr class=\"row-even\"><td><p><a class=\"reference internal\" href=\"../pyaedt.Circuit.design_name/#pyaedt.Circuit.design_name\" title=\"pyaedt.Circuit.design_name\"><code class=\"xref py py-obj docutils literal notranslate\"><span class=\"pre\">Circuit.design_name</span></code></a></p></td>\n<td><p>Design name.</p></td>\n</tr>\n<tr class=\"row-odd\"><td><p><a class=\"reference internal\" href=\"../pyaedt.Circuit.design_properties/#pyaedt.Circuit.design_properties\" title=\"pyaedt.Circuit.design_properties\"><code class=\"xref py py-obj docutils literal notranslate\"><span class=\"pre\">Circuit.design_properties</span></code></a></p></td>\n<td><p>Design properties.</p></td>\n</tr>\n<tr class=\"row-even\"><td><p><a class=\"reference internal\" href=\"../pyaedt.Circuit.design_type/#pyaedt.Circuit.design_type\" title=\"pyaedt.Circuit.design_type\"><code class=\"xref py py-obj docutils literal notranslate\"><span class=\"pre\">Circuit.design_type</span></code></a></p></td>\n<td><p>Design type.</p></td>\n</tr>\n<tr class=\"row-odd\"><td><p><a class=\"reference internal\" href=\"../pyaedt.Circuit.desktop_install_dir/#pyaedt.Circuit.desktop_install_dir\" title=\"pyaedt.Circuit.desktop_install_dir\"><code class=\"xref py py-obj docutils literal notranslate\"><span class=\"pre\">Circuit.desktop_install_dir</span></code></a></p></td>\n<td><p>AEDT installation directory.</p></td>\n</tr>\n<tr class=\"row-even\"><td><p><a class=\"reference internal\" href=\"../pyaedt.Circuit.excitations/#pyaedt.Circuit.excitations\" title=\"pyaedt.Circuit.excitations\"><code class=\"xref py py-obj docutils literal notranslate\"><span class=\"pre\">Circuit.excitations</span></code></a></p></td>\n<td><p>Get all excitation names.</p></td>\n</tr>\n<tr class=\"row-odd\"><td><p><a class=\"reference internal\" href=\"../pyaedt.Circuit.existing_analysis_setups/#pyaedt.Circuit.existing_analysis_setups\" title=\"pyaedt.Circuit.existing_analysis_setups\"><code class=\"xref py py-obj docutils literal notranslate\"><span class=\"pre\">Circuit.existing_analysis_setups</span></code></a></p></td>\n<td><p>Analysis setups.</p></td>\n</tr>\n<tr class=\"row-even\"><td><p><a class=\"reference internal\" href=\"../pyaedt.Circuit.existing_analysis_sweeps/#pyaedt.Circuit.existing_analysis_sweeps\" title=\"pyaedt.Circuit.existing_analysis_sweeps\"><code class=\"xref py py-obj docutils literal notranslate\"><span class=\"pre\">Circuit.existing_analysis_sweeps</span></code></a></p></td>\n<td><p>Analysis setups.</p></td>\n</tr>\n<tr class=\"row-odd\"><td><p><a class=\"reference internal\" href=\"../pyaedt.Circuit.get_all_sparameter_list/#pyaedt.Circuit.get_all_sparameter_list\" title=\"pyaedt.Circuit.get_all_sparameter_list\"><code class=\"xref py py-obj docutils literal notranslate\"><span class=\"pre\">Circuit.get_all_sparameter_list</span></code></a></p></td>\n<td><p>List of all S parameters for a list of exctitations.</p></td>\n</tr>\n<tr class=\"row-even\"><td><p><a class=\"reference internal\" href=\"../pyaedt.Circuit.get_excitations_name/#pyaedt.Circuit.get_excitations_name\" title=\"pyaedt.Circuit.get_excitations_name\"><code class=\"xref py py-obj docutils literal notranslate\"><span class=\"pre\">Circuit.get_excitations_name</span></code></a></p></td>\n<td><p>Excitation names.</p></td>\n</tr>\n<tr class=\"row-odd\"><td><p><a class=\"reference internal\" href=\"../pyaedt.Circuit.layouteditor/#pyaedt.Circuit.layouteditor\" title=\"pyaedt.Circuit.layouteditor\"><code class=\"xref py py-obj docutils literal notranslate\"><span class=\"pre\">Circuit.layouteditor</span></code></a></p></td>\n<td><p>Return the Circuit Layout Editor.</p></td>\n</tr>\n<tr class=\"row-even\"><td><p><a class=\"reference internal\" href=\"../pyaedt.Circuit.library_list/#pyaedt.Circuit.library_list\" title=\"pyaedt.Circuit.library_list\"><code class=\"xref py py-obj docutils literal notranslate\"><span class=\"pre\">Circuit.library_list</span></code></a></p></td>\n<td><p>Library list.</p></td>\n</tr>\n<tr class=\"row-odd\"><td><p><a class=\"reference internal\" href=\"../pyaedt.Circuit.lock_file/#pyaedt.Circuit.lock_file\" title=\"pyaedt.Circuit.lock_file\"><code class=\"xref py py-obj docutils literal notranslate\"><span class=\"pre\">Circuit.lock_file</span></code></a></p></td>\n<td><p>Lock file.</p></td>\n</tr>\n<tr class=\"row-even\"><td><p><a class=\"reference internal\" href=\"../pyaedt.Circuit.logger/#pyaedt.Circuit.logger\" title=\"pyaedt.Circuit.logger\"><code class=\"xref py py-obj docutils literal notranslate\"><span class=\"pre\">Circuit.logger</span></code></a></p></td>\n<td><p>Logger for the design.</p></td>\n</tr>\n<tr class=\"row-odd\"><td><p><a class=\"reference internal\" href=\"../pyaedt.Circuit.materials/#pyaedt.Circuit.materials\" title=\"pyaedt.Circuit.materials\"><code class=\"xref py py-obj docutils literal notranslate\"><span class=\"pre\">Circuit.materials</span></code></a></p></td>\n<td><p>Materials in the project.</p></td>\n</tr>\n<tr class=\"row-even\"><td><p><a class=\"reference internal\" href=\"../pyaedt.Circuit.mesh/#pyaedt.Circuit.mesh\" title=\"pyaedt.Circuit.mesh\"><code class=\"xref py py-obj docutils literal notranslate\"><span class=\"pre\">Circuit.mesh</span></code></a></p></td>\n<td><p>Mesh.</p></td>\n</tr>\n<tr class=\"row-odd\"><td><p><a class=\"reference internal\" href=\"../pyaedt.Circuit.modeler/#pyaedt.Circuit.modeler\" title=\"pyaedt.Circuit.modeler\"><code class=\"xref py py-obj docutils literal notranslate\"><span class=\"pre\">Circuit.modeler</span></code></a></p></td>\n<td><p>Modeler object.</p></td>\n</tr>\n<tr class=\"row-even\"><td><p><a class=\"reference internal\" href=\"../pyaedt.Circuit.native_components/#pyaedt.Circuit.native_components\" title=\"pyaedt.Circuit.native_components\"><code class=\"xref py py-obj docutils literal notranslate\"><span class=\"pre\">Circuit.native_components</span></code></a></p></td>\n<td><p>Native Component dictionary.</p></td>\n</tr>\n<tr class=\"row-odd\"><td><p><a class=\"reference internal\" href=\"../pyaedt.Circuit.nominal_adaptive/#pyaedt.Circuit.nominal_adaptive\" title=\"pyaedt.Circuit.nominal_adaptive\"><code class=\"xref py py-obj docutils literal notranslate\"><span class=\"pre\">Circuit.nominal_adaptive</span></code></a></p></td>\n<td><p>Nominal adaptive sweep.</p></td>\n</tr>\n<tr class=\"row-even\"><td><p><a class=\"reference internal\" href=\"../pyaedt.Circuit.nominal_sweep/#pyaedt.Circuit.nominal_sweep\" title=\"pyaedt.Circuit.nominal_sweep\"><code class=\"xref py py-obj docutils literal notranslate\"><span class=\"pre\">Circuit.nominal_sweep</span></code></a></p></td>\n<td><p>Nominal sweep.</p></td>\n</tr>\n<tr class=\"row-odd\"><td><p><a class=\"reference internal\" href=\"../pyaedt.Circuit.o_component_manager/#pyaedt.Circuit.o_component_manager\" title=\"pyaedt.Circuit.o_component_manager\"><code class=\"xref py py-obj docutils literal notranslate\"><span class=\"pre\">Circuit.o_component_manager</span></code></a></p></td>\n<td><p>Component manager object.</p></td>\n</tr>\n<tr class=\"row-even\"><td><p><a class=\"reference internal\" href=\"../pyaedt.Circuit.o_maxwell_parameters/#pyaedt.Circuit.o_maxwell_parameters\" title=\"pyaedt.Circuit.o_maxwell_parameters\"><code class=\"xref py py-obj docutils literal notranslate\"><span class=\"pre\">Circuit.o_maxwell_parameters</span></code></a></p></td>\n<td><p>AEDT Maxwell Parameter Setup Object.</p></td>\n</tr>\n<tr class=\"row-odd\"><td><p><a class=\"reference internal\" href=\"../pyaedt.Circuit.o_model_manager/#pyaedt.Circuit.o_model_manager\" title=\"pyaedt.Circuit.o_model_manager\"><code class=\"xref py py-obj docutils literal notranslate\"><span class=\"pre\">Circuit.o_model_manager</span></code></a></p></td>\n<td><p>Model manager object.</p></td>\n</tr>\n<tr class=\"row-even\"><td><p><a class=\"reference internal\" href=\"../pyaedt.Circuit.o_symbol_manager/#pyaedt.Circuit.o_symbol_manager\" title=\"pyaedt.Circuit.o_symbol_manager\"><code class=\"xref py py-obj docutils literal notranslate\"><span class=\"pre\">Circuit.o_symbol_manager</span></code></a></p></td>\n<td><p>Aedt Simbol Manager.</p></td>\n</tr>\n<tr class=\"row-odd\"><td><p><a class=\"reference internal\" href=\"../pyaedt.Circuit.oanalysis/#pyaedt.Circuit.oanalysis\" title=\"pyaedt.Circuit.oanalysis\"><code class=\"xref py py-obj docutils literal notranslate\"><span class=\"pre\">Circuit.oanalysis</span></code></a></p></td>\n<td><p>Analysis AEDT Module.</p></td>\n</tr>\n<tr class=\"row-even\"><td><p><a class=\"reference internal\" href=\"../pyaedt.Circuit.oboundary/#pyaedt.Circuit.oboundary\" title=\"pyaedt.Circuit.oboundary\"><code class=\"xref py py-obj docutils literal notranslate\"><span class=\"pre\">Circuit.oboundary</span></code></a></p></td>\n<td><p>Boundary Object.</p></td>\n</tr>\n<tr class=\"row-odd\"><td><p><a class=\"reference internal\" href=\"../pyaedt.Circuit.odefinition_manager/#pyaedt.Circuit.odefinition_manager\" title=\"pyaedt.Circuit.odefinition_manager\"><code class=\"xref py py-obj docutils literal notranslate\"><span class=\"pre\">Circuit.odefinition_manager</span></code></a></p></td>\n<td><p>Definition Manager Module.</p></td>\n</tr>\n<tr class=\"row-even\"><td><p><a class=\"reference internal\" href=\"../pyaedt.Circuit.odesign/#pyaedt.Circuit.odesign\" title=\"pyaedt.Circuit.odesign\"><code class=\"xref py py-obj docutils literal notranslate\"><span class=\"pre\">Circuit.odesign</span></code></a></p></td>\n<td><p>Design.</p></td>\n</tr>\n<tr class=\"row-odd\"><td><p><a class=\"reference internal\" href=\"../pyaedt.Circuit.odesktop/#pyaedt.Circuit.odesktop\" title=\"pyaedt.Circuit.odesktop\"><code class=\"xref py py-obj docutils literal notranslate\"><span class=\"pre\">Circuit.odesktop</span></code></a></p></td>\n<td><p>AEDT instance containing all projects and designs.</p></td>\n</tr>\n<tr class=\"row-even\"><td><p><a class=\"reference internal\" href=\"../pyaedt.Circuit.oeditor/#pyaedt.Circuit.oeditor\" title=\"pyaedt.Circuit.oeditor\"><code class=\"xref py py-obj docutils literal notranslate\"><span class=\"pre\">Circuit.oeditor</span></code></a></p></td>\n<td><p>Oeditor Module.</p></td>\n</tr>\n<tr class=\"row-odd\"><td><p><a class=\"reference internal\" href=\"../pyaedt.Circuit.oexcitation/#pyaedt.Circuit.oexcitation\" title=\"pyaedt.Circuit.oexcitation\"><code class=\"xref py py-obj docutils literal notranslate\"><span class=\"pre\">Circuit.oexcitation</span></code></a></p></td>\n<td><p>Solution Module.</p></td>\n</tr>\n<tr class=\"row-even\"><td><p><a class=\"reference internal\" href=\"../pyaedt.Circuit.ofieldsreporter/#pyaedt.Circuit.ofieldsreporter\" title=\"pyaedt.Circuit.ofieldsreporter\"><code class=\"xref py py-obj docutils literal notranslate\"><span class=\"pre\">Circuit.ofieldsreporter</span></code></a></p></td>\n<td><p>Fields reporter.</p></td>\n</tr>\n<tr class=\"row-odd\"><td><p><a class=\"reference internal\" href=\"../pyaedt.Circuit.oimport_export/#pyaedt.Circuit.oimport_export\" title=\"pyaedt.Circuit.oimport_export\"><code class=\"xref py py-obj docutils literal notranslate\"><span class=\"pre\">Circuit.oimport_export</span></code></a></p></td>\n<td><p>Import/Export Manager Module.</p></td>\n</tr>\n<tr class=\"row-even\"><td><p><a class=\"reference internal\" href=\"../pyaedt.Circuit.omaterial_manager/#pyaedt.Circuit.omaterial_manager\" title=\"pyaedt.Circuit.omaterial_manager\"><code class=\"xref py py-obj docutils literal notranslate\"><span class=\"pre\">Circuit.omaterial_manager</span></code></a></p></td>\n<td><p>Material Manager Module.</p></td>\n</tr>\n<tr class=\"row-odd\"><td><p><a class=\"reference internal\" href=\"../pyaedt.Circuit.omatrix/#pyaedt.Circuit.omatrix\" title=\"pyaedt.Circuit.omatrix\"><code class=\"xref py py-obj docutils literal notranslate\"><span class=\"pre\">Circuit.omatrix</span></code></a></p></td>\n<td><p>Matrix Object.</p></td>\n</tr>\n<tr class=\"row-even\"><td><p><a class=\"reference internal\" href=\"../pyaedt.Circuit.omeshmodule/#pyaedt.Circuit.omeshmodule\" title=\"pyaedt.Circuit.omeshmodule\"><code class=\"xref py py-obj docutils literal notranslate\"><span class=\"pre\">Circuit.omeshmodule</span></code></a></p></td>\n<td><p>Icepak Mesh Module.</p></td>\n</tr>\n<tr class=\"row-odd\"><td><p><a class=\"reference internal\" href=\"../pyaedt.Circuit.omodelsetup/#pyaedt.Circuit.omodelsetup\" title=\"pyaedt.Circuit.omodelsetup\"><code class=\"xref py py-obj docutils literal notranslate\"><span class=\"pre\">Circuit.omodelsetup</span></code></a></p></td>\n<td><p>AEDT Model Setup Object.</p></td>\n</tr>\n<tr class=\"row-even\"><td><p><a class=\"reference internal\" href=\"../pyaedt.Circuit.omonitor/#pyaedt.Circuit.omonitor\" title=\"pyaedt.Circuit.omonitor\"><code class=\"xref py py-obj docutils literal notranslate\"><span class=\"pre\">Circuit.omonitor</span></code></a></p></td>\n<td><p>AEDT Monitor Object.</p></td>\n</tr>\n<tr class=\"row-odd\"><td><p><a class=\"reference internal\" href=\"../pyaedt.Circuit.ooptimetrics/#pyaedt.Circuit.ooptimetrics\" title=\"pyaedt.Circuit.ooptimetrics\"><code class=\"xref py py-obj docutils literal notranslate\"><span class=\"pre\">Circuit.ooptimetrics</span></code></a></p></td>\n<td><p>AEDT Optimetrics Module.</p></td>\n</tr>\n<tr class=\"row-even\"><td><p><a class=\"reference internal\" href=\"../pyaedt.Circuit.ooutput_variable/#pyaedt.Circuit.ooutput_variable\" title=\"pyaedt.Circuit.ooutput_variable\"><code class=\"xref py py-obj docutils literal notranslate\"><span class=\"pre\">Circuit.ooutput_variable</span></code></a></p></td>\n<td><p>AEDT Output Variable Module.</p></td>\n</tr>\n<tr class=\"row-odd\"><td><p><a class=\"reference internal\" href=\"../pyaedt.Circuit.opadstackmanager/#pyaedt.Circuit.opadstackmanager\" title=\"pyaedt.Circuit.opadstackmanager\"><code class=\"xref py py-obj docutils literal notranslate\"><span class=\"pre\">Circuit.opadstackmanager</span></code></a></p></td>\n<td><p>AEDT oPadstackManager.</p></td>\n</tr>\n<tr class=\"row-even\"><td><p><a class=\"reference internal\" href=\"../pyaedt.Circuit.oproject/#pyaedt.Circuit.oproject\" title=\"pyaedt.Circuit.oproject\"><code class=\"xref py py-obj docutils literal notranslate\"><span class=\"pre\">Circuit.oproject</span></code></a></p></td>\n<td><p>Project property.</p></td>\n</tr>\n<tr class=\"row-odd\"><td><p><a class=\"reference internal\" href=\"../pyaedt.Circuit.oradfield/#pyaedt.Circuit.oradfield\" title=\"pyaedt.Circuit.oradfield\"><code class=\"xref py py-obj docutils literal notranslate\"><span class=\"pre\">Circuit.oradfield</span></code></a></p></td>\n<td><p>AEDT Radiation Field Object.</p></td>\n</tr>\n<tr class=\"row-even\"><td><p><a class=\"reference internal\" href=\"../pyaedt.Circuit.oreportsetup/#pyaedt.Circuit.oreportsetup\" title=\"pyaedt.Circuit.oreportsetup\"><code class=\"xref py py-obj docutils literal notranslate\"><span class=\"pre\">Circuit.oreportsetup</span></code></a></p></td>\n<td><p>Report setup.</p></td>\n</tr>\n<tr class=\"row-odd\"><td><p><a class=\"reference internal\" href=\"../pyaedt.Circuit.osolution/#pyaedt.Circuit.osolution\" title=\"pyaedt.Circuit.osolution\"><code class=\"xref py py-obj docutils literal notranslate\"><span class=\"pre\">Circuit.osolution</span></code></a></p></td>\n<td><p>Solution Module.</p></td>\n</tr>\n<tr class=\"row-even\"><td><p><a class=\"reference internal\" href=\"../pyaedt.Circuit.output_variables/#pyaedt.Circuit.output_variables\" title=\"pyaedt.Circuit.output_variables\"><code class=\"xref py py-obj docutils literal notranslate\"><span class=\"pre\">Circuit.output_variables</span></code></a></p></td>\n<td><p>List of output variables.</p></td>\n</tr>\n<tr class=\"row-odd\"><td><p><a class=\"reference internal\" href=\"../pyaedt.Circuit.personallib/#pyaedt.Circuit.personallib\" title=\"pyaedt.Circuit.personallib\"><code class=\"xref py py-obj docutils literal notranslate\"><span class=\"pre\">Circuit.personallib</span></code></a></p></td>\n<td><p>PersonalLib directory.</p></td>\n</tr>\n<tr class=\"row-even\"><td><p><a class=\"reference internal\" href=\"../pyaedt.Circuit.post/#pyaedt.Circuit.post\" title=\"pyaedt.Circuit.post\"><code class=\"xref py py-obj docutils literal notranslate\"><span class=\"pre\">Circuit.post</span></code></a></p></td>\n<td><p>Postprocessor.</p></td>\n</tr>\n<tr class=\"row-odd\"><td><p><a class=\"reference internal\" href=\"../pyaedt.Circuit.project_datasets/#pyaedt.Circuit.project_datasets\" title=\"pyaedt.Circuit.project_datasets\"><code class=\"xref py py-obj docutils literal notranslate\"><span class=\"pre\">Circuit.project_datasets</span></code></a></p></td>\n<td><p>Dictionary of Project Datasets.</p></td>\n</tr>\n<tr class=\"row-even\"><td><p><a class=\"reference internal\" href=\"../pyaedt.Circuit.project_file/#pyaedt.Circuit.project_file\" title=\"pyaedt.Circuit.project_file\"><code class=\"xref py py-obj docutils literal notranslate\"><span class=\"pre\">Circuit.project_file</span></code></a></p></td>\n<td><p>Project name and path.</p></td>\n</tr>\n<tr class=\"row-odd\"><td><p><a class=\"reference internal\" href=\"../pyaedt.Circuit.project_list/#pyaedt.Circuit.project_list\" title=\"pyaedt.Circuit.project_list\"><code class=\"xref py py-obj docutils literal notranslate\"><span class=\"pre\">Circuit.project_list</span></code></a></p></td>\n<td><p>Project list.</p></td>\n</tr>\n<tr class=\"row-even\"><td><p><a class=\"reference internal\" href=\"../pyaedt.Circuit.project_name/#pyaedt.Circuit.project_name\" title=\"pyaedt.Circuit.project_name\"><code class=\"xref py py-obj docutils literal notranslate\"><span class=\"pre\">Circuit.project_name</span></code></a></p></td>\n<td><p>Project name.</p></td>\n</tr>\n<tr class=\"row-odd\"><td><p><a class=\"reference internal\" href=\"../pyaedt.Circuit.project_path/#pyaedt.Circuit.project_path\" title=\"pyaedt.Circuit.project_path\"><code class=\"xref py py-obj docutils literal notranslate\"><span class=\"pre\">Circuit.project_path</span></code></a></p></td>\n<td><p>Project path.</p></td>\n</tr>\n<tr class=\"row-even\"><td><p><a class=\"reference internal\" href=\"../pyaedt.Circuit.project_properties/#pyaedt.Circuit.project_properties\" title=\"pyaedt.Circuit.project_properties\"><code class=\"xref py py-obj docutils literal notranslate\"><span class=\"pre\">Circuit.project_properties</span></code></a></p></td>\n<td><p>Project properties.</p></td>\n</tr>\n<tr class=\"row-odd\"><td><p><a class=\"reference internal\" href=\"../pyaedt.Circuit.project_time_stamp/#pyaedt.Circuit.project_time_stamp\" title=\"pyaedt.Circuit.project_time_stamp\"><code class=\"xref py py-obj docutils literal notranslate\"><span class=\"pre\">Circuit.project_time_stamp</span></code></a></p></td>\n<td><p>Return Project time stamp.</p></td>\n</tr>\n<tr class=\"row-even\"><td><p><a class=\"reference internal\" href=\"../pyaedt.Circuit.project_timestamp_changed/#pyaedt.Circuit.project_timestamp_changed\" title=\"pyaedt.Circuit.project_timestamp_changed\"><code class=\"xref py py-obj docutils literal notranslate\"><span class=\"pre\">Circuit.project_timestamp_changed</span></code></a></p></td>\n<td><p>Return a bool if time stamp changed or not.</p></td>\n</tr>\n<tr class=\"row-odd\"><td><p><a class=\"reference internal\" href=\"../pyaedt.Circuit.pyaedt_dir/#pyaedt.Circuit.pyaedt_dir\" title=\"pyaedt.Circuit.pyaedt_dir\"><code class=\"xref py py-obj docutils literal notranslate\"><span class=\"pre\">Circuit.pyaedt_dir</span></code></a></p></td>\n<td><p>PyAEDT directory.</p></td>\n</tr>\n<tr class=\"row-even\"><td><p><a class=\"reference internal\" href=\"../pyaedt.Circuit.results_directory/#pyaedt.Circuit.results_directory\" title=\"pyaedt.Circuit.results_directory\"><code class=\"xref py py-obj docutils literal notranslate\"><span class=\"pre\">Circuit.results_directory</span></code></a></p></td>\n<td><p>Results directory.</p></td>\n</tr>\n<tr class=\"row-odd\"><td><p><a class=\"reference internal\" href=\"../pyaedt.Circuit.setup_names/#pyaedt.Circuit.setup_names\" title=\"pyaedt.Circuit.setup_names\"><code class=\"xref py py-obj docutils literal notranslate\"><span class=\"pre\">Circuit.setup_names</span></code></a></p></td>\n<td><p>Setup names.</p></td>\n</tr>\n<tr class=\"row-even\"><td><p><a class=\"reference internal\" href=\"../pyaedt.Circuit.solution_type/#pyaedt.Circuit.solution_type\" title=\"pyaedt.Circuit.solution_type\"><code class=\"xref py py-obj docutils literal notranslate\"><span class=\"pre\">Circuit.solution_type</span></code></a></p></td>\n<td><p>Solution type.</p></td>\n</tr>\n<tr class=\"row-odd\"><td><p><a class=\"reference internal\" href=\"../pyaedt.Circuit.src_dir/#pyaedt.Circuit.src_dir\" title=\"pyaedt.Circuit.src_dir\"><code class=\"xref py py-obj docutils literal notranslate\"><span class=\"pre\">Circuit.src_dir</span></code></a></p></td>\n<td><p>Source directory for Python.</p></td>\n</tr>\n<tr class=\"row-even\"><td><p><a class=\"reference internal\" href=\"../pyaedt.Circuit.syslib/#pyaedt.Circuit.syslib\" title=\"pyaedt.Circuit.syslib\"><code class=\"xref py py-obj docutils literal notranslate\"><span class=\"pre\">Circuit.syslib</span></code></a></p></td>\n<td><p>SysLib directory.</p></td>\n</tr>\n<tr class=\"row-odd\"><td><p><a class=\"reference internal\" href=\"../pyaedt.Circuit.temp_directory/#pyaedt.Circuit.temp_directory\" title=\"pyaedt.Circuit.temp_directory\"><code class=\"xref py py-obj docutils literal notranslate\"><span class=\"pre\">Circuit.temp_directory</span></code></a></p></td>\n<td><p>Path to the temporary directory.</p></td>\n</tr>\n<tr class=\"row-even\"><td><p><a class=\"reference internal\" href=\"../pyaedt.Circuit.toolkit_directory/#pyaedt.Circuit.toolkit_directory\" title=\"pyaedt.Circuit.toolkit_directory\"><code class=\"xref py py-obj docutils literal notranslate\"><span class=\"pre\">Circuit.toolkit_directory</span></code></a></p></td>\n<td><p>Path to the toolkit directory.</p></td>\n</tr>\n<tr class=\"row-odd\"><td><p><a class=\"reference internal\" href=\"../pyaedt.Circuit.userlib/#pyaedt.Circuit.userlib\" title=\"pyaedt.Circuit.userlib\"><code class=\"xref py py-obj docutils literal notranslate\"><span class=\"pre\">Circuit.userlib</span></code></a></p></td>\n<td><p>UserLib directory.</p></td>\n</tr>\n<tr class=\"row-even\"><td><p><a class=\"reference internal\" href=\"../pyaedt.Circuit.valid_design/#pyaedt.Circuit.valid_design\" title=\"pyaedt.Circuit.valid_design\"><code class=\"xref py py-obj docutils literal notranslate\"><span class=\"pre\">Circuit.valid_design</span></code></a></p></td>\n<td><p>Valid design.</p></td>\n</tr>\n<tr class=\"row-odd\"><td><p><a class=\"reference internal\" href=\"../pyaedt.Circuit.variable_manager/#pyaedt.Circuit.variable_manager\" title=\"pyaedt.Circuit.variable_manager\"><code class=\"xref py py-obj docutils literal notranslate\"><span class=\"pre\">Circuit.variable_manager</span></code></a></p></td>\n<td><p>Variable manager for creating and managing project design and postprocessing variables.</p></td>\n</tr>\n<tr class=\"row-even\"><td><p><a class=\"reference internal\" href=\"../pyaedt.Circuit.working_directory/#pyaedt.Circuit.working_directory\" title=\"pyaedt.Circuit.working_directory\"><code class=\"xref py py-obj docutils literal notranslate\"><span class=\"pre\">Circuit.working_directory</span></code></a></p></td>\n<td><p>Path to the working directory.</p></td>\n</tr>\n</tbody>\n</table>\n</dd></dl>\n\n</section>\n", "metatags": "<meta name=\"generator\" content=\"Docutils 0.19: https://docutils.sourceforge.io/\" />\n", "rellinks": [["genindex", "General Index", "I", "index"], ["py-modindex", "Python Module Index", "", "modules"], ["API/_autosummary/pyaedt.Circuit.activate_variable_optimization", "activate_variable_optimization", "N", "next"], ["API/_autosummary/pyaedt.Rmxprt.working_directory", "working_directory", "P", "previous"]], "sourcename": "API/_autosummary/pyaedt.Circuit.rst.txt", "toc": "<ul>\n<li><a class=\"reference internal\" href=\"#\">pyaedt.Circuit</a><ul>\n<li><a class=\"reference internal\" href=\"#pyaedt.Circuit\"><code class=\"docutils literal notranslate\"><span class=\"pre\">Circuit</span></code></a></li>\n</ul>\n</li>\n</ul>\n", "display_toc": true, "page_source_suffix": ".rst", "current_page_name": "API/_autosummary/pyaedt.Circuit", "sidebars": ["search-field.html", "sidebar-nav-bs.html"], "customsidebar": null, "favicon_url": null, "logo_url": null, "alabaster_version": "0.7.12", "theme_show_toc_level": 1, "theme_logo": {}}