{"parents": [{"link": "../../", "title": "API reference"}, {"link": "../../Primitives/", "title": "Modeler and  primitives"}], "prev": {"link": "../pyaedt.modeler.Object3d.EdgePrimitive.vertices/", "title": "vertices"}, "next": {"link": "../pyaedt.modeler.Object3d.VertexPrimitive.chamfer/", "title": "chamfer"}, "title": "pyaedt.modeler.Object3d.VertexPrimitive", "meta": {}, "body": "<section id=\"pyaedt-modeler-object3d-vertexprimitive\">\n<h1>pyaedt.modeler.Object3d.VertexPrimitive<a class=\"headerlink\" href=\"#pyaedt-modeler-object3d-vertexprimitive\" title=\"Permalink to this heading\">#</a></h1>\n<dl class=\"py class\">\n<dt class=\"sig sig-object py\" id=\"pyaedt.modeler.Object3d.VertexPrimitive\">\n<em class=\"property\"><span class=\"pre\">class</span><span class=\"w\"> </span></em><span class=\"sig-prename descclassname\"><span class=\"pre\">pyaedt.modeler.Object3d.</span></span><span class=\"sig-name descname\"><span class=\"pre\">VertexPrimitive</span></span><span class=\"sig-paren\">(</span><em class=\"sig-param\"><span class=\"n\"><span class=\"pre\">object3d</span></span></em>, <em class=\"sig-param\"><span class=\"n\"><span class=\"pre\">objid</span></span></em><span class=\"sig-paren\">)</span><a class=\"reference internal\" href=\"../../../_modules/pyaedt/modeler/Object3d/#VertexPrimitive\"><span class=\"viewcode-link\"><span class=\"pre\">[source]</span></span></a><a class=\"headerlink\" href=\"#pyaedt.modeler.Object3d.VertexPrimitive\" title=\"Permalink to this definition\">#</a></dt>\n<dd><p>Contains the vertex object within the AEDT Desktop Modeler.</p>\n<dl class=\"field-list\">\n<dt class=\"field-odd\">Parameters<span class=\"colon\">:</span></dt>\n<dd class=\"field-odd\"><dl>\n<dt><strong>object3d</strong><span class=\"classifier\"><a class=\"reference internal\" href=\"../pyaedt.modeler.Object3d.Object3d/#pyaedt.modeler.Object3d.Object3d\" title=\"pyaedt.modeler.Object3d.Object3d\"><code class=\"xref py py-class docutils literal notranslate\"><span class=\"pre\">pyaedt.modeler.Object3d.Object3d</span></code></a></span></dt><dd><p>Pointer to the calling object that provides additional functionality.</p>\n</dd>\n<dt><strong>objid</strong><span class=\"classifier\"><a class=\"reference external\" href=\"https://docs.python.org/dev/library/functions.html#int\" title=\"(in Python v3.12)\"><code class=\"docutils literal notranslate\"><span class=\"pre\">int</span></code></a></span></dt><dd><p>Object ID as determined by the parent object.</p>\n</dd>\n</dl>\n</dd>\n</dl>\n<p class=\"rubric\">Methods</p>\n<table class=\"autosummary longtable docutils align-default\">\n<tbody>\n<tr class=\"row-odd\"><td><p><a class=\"reference internal\" href=\"../pyaedt.modeler.Object3d.VertexPrimitive.chamfer/#pyaedt.modeler.Object3d.VertexPrimitive.chamfer\" title=\"pyaedt.modeler.Object3d.VertexPrimitive.chamfer\"><code class=\"xref py py-obj docutils literal notranslate\"><span class=\"pre\">VertexPrimitive.chamfer</span></code></a>([left_distance,\u00a0...])</p></td>\n<td><p>Add a chamfer to the selected edge.</p></td>\n</tr>\n<tr class=\"row-even\"><td><p><a class=\"reference internal\" href=\"../pyaedt.modeler.Object3d.VertexPrimitive.fillet/#pyaedt.modeler.Object3d.VertexPrimitive.fillet\" title=\"pyaedt.modeler.Object3d.VertexPrimitive.fillet\"><code class=\"xref py py-obj docutils literal notranslate\"><span class=\"pre\">VertexPrimitive.fillet</span></code></a>([radius,\u00a0setback])</p></td>\n<td><p>Add a fillet to the selected edge.</p></td>\n</tr>\n</tbody>\n</table>\n<p class=\"rubric\">Attributes</p>\n<table class=\"autosummary longtable docutils align-default\">\n<tbody>\n<tr class=\"row-odd\"><td><p><a class=\"reference internal\" href=\"../pyaedt.modeler.Object3d.VertexPrimitive.position/#pyaedt.modeler.Object3d.VertexPrimitive.position\" title=\"pyaedt.modeler.Object3d.VertexPrimitive.position\"><code class=\"xref py py-obj docutils literal notranslate\"><span class=\"pre\">VertexPrimitive.position</span></code></a></p></td>\n<td><p>Position of the vertex.</p></td>\n</tr>\n</tbody>\n</table>\n</dd></dl>\n\n</section>\n", "metatags": "<meta name=\"generator\" content=\"Docutils 0.19: https://docutils.sourceforge.io/\" />\n", "rellinks": [["genindex", "General Index", "I", "index"], ["py-modindex", "Python Module Index", "", "modules"], ["API/_autosummary/pyaedt.modeler.Object3d.VertexPrimitive.chamfer", "chamfer", "N", "next"], ["API/_autosummary/pyaedt.modeler.Object3d.EdgePrimitive.vertices", "vertices", "P", "previous"]], "sourcename": "API/_autosummary/pyaedt.modeler.Object3d.VertexPrimitive.rst.txt", "toc": "<ul>\n<li><a class=\"reference internal\" href=\"#\">pyaedt.modeler.Object3d.VertexPrimitive</a><ul>\n<li><a class=\"reference internal\" href=\"#pyaedt.modeler.Object3d.VertexPrimitive\"><code class=\"docutils literal notranslate\"><span class=\"pre\">VertexPrimitive</span></code></a></li>\n</ul>\n</li>\n</ul>\n", "display_toc": true, "page_source_suffix": ".rst", "current_page_name": "API/_autosummary/pyaedt.modeler.Object3d.VertexPrimitive", "sidebars": ["search-field.html", "sidebar-nav-bs.html"], "customsidebar": null, "favicon_url": null, "logo_url": null, "alabaster_version": "0.7.12", "theme_show_toc_level": 1, "theme_logo": {}}