{"parents": [{"link": "../../", "title": "API reference"}, {"link": "../../Common/", "title": "Desktop and common classes"}, {"link": "../../DesktopMessenger/", "title": "AEDT logger"}, {"link": "../pyaedt.aedt_logger.AedtLogger/", "title": "pyaedt.aedt_logger.AedtLogger"}], "prev": {"link": "../pyaedt.aedt_logger.AedtLogger.enable_stdout_log/", "title": "enable_stdout_log"}, "next": {"link": "../pyaedt.aedt_logger.AedtLogger.get_messages/", "title": "get_messages"}, "title": "error", "meta": {}, "body": "<section id=\"error\">\n<h1>error<a class=\"headerlink\" href=\"#error\" title=\"Permalink to this heading\">#</a></h1>\n<dl class=\"py method\">\n<dt class=\"sig sig-object py\" id=\"pyaedt.aedt_logger.AedtLogger.error\">\n<span class=\"sig-prename descclassname\"><span class=\"pre\">AedtLogger.</span></span><span class=\"sig-name descname\"><span class=\"pre\">error</span></span><span class=\"sig-paren\">(</span><em class=\"sig-param\"><span class=\"n\"><span class=\"pre\">msg</span></span></em>, <em class=\"sig-param\"><span class=\"o\"><span class=\"pre\">*</span></span><span class=\"n\"><span class=\"pre\">args</span></span></em>, <em class=\"sig-param\"><span class=\"o\"><span class=\"pre\">**</span></span><span class=\"n\"><span class=\"pre\">kwargs</span></span></em><span class=\"sig-paren\">)</span><a class=\"reference internal\" href=\"../../../_modules/pyaedt/aedt_logger/#AedtLogger.error\"><span class=\"viewcode-link\"><span class=\"pre\">[source]</span></span></a><a class=\"headerlink\" href=\"#pyaedt.aedt_logger.AedtLogger.error\" title=\"Permalink to this definition\">#</a></dt>\n<dd><p>Write an error message to the global logger.</p>\n</dd></dl>\n\n</section>\n", "metatags": "<meta name=\"generator\" content=\"Docutils 0.19: https://docutils.sourceforge.io/\" />\n", "rellinks": [["genindex", "General Index", "I", "index"], ["py-modindex", "Python Module Index", "", "modules"], ["API/_autosummary/pyaedt.aedt_logger.AedtLogger.get_messages", "get_messages", "N", "next"], ["API/_autosummary/pyaedt.aedt_logger.AedtLogger.enable_stdout_log", "enable_stdout_log", "P", "previous"]], "sourcename": "API/_autosummary/pyaedt.aedt_logger.AedtLogger.error.rst.txt", "toc": "<ul>\n<li><a class=\"reference internal\" href=\"#\">error</a><ul>\n<li><a class=\"reference internal\" href=\"#pyaedt.aedt_logger.AedtLogger.error\"><code class=\"docutils literal notranslate\"><span class=\"pre\">AedtLogger.error()</span></code></a></li>\n</ul>\n</li>\n</ul>\n", "display_toc": true, "page_source_suffix": ".rst", "current_page_name": "API/_autosummary/pyaedt.aedt_logger.AedtLogger.error", "sidebars": ["search-field.html", "sidebar-nav-bs.html"], "customsidebar": null, "favicon_url": null, "logo_url": null, "alabaster_version": "0.7.12", "theme_show_toc_level": 1, "theme_logo": {}}