{"parents": [{"link": "../../", "title": "API reference"}, {"link": "../../CoreEdb/", "title": "EDB editor"}, {"link": "../pyaedt.edb_core.padstack.EdbPadstacks/", "title": "pyaedt.edb_core.padstack.EdbPadstacks"}], "prev": {"link": "../pyaedt.edb_core.padstack.EdbPadstacks.update_padstacks/", "title": "update_padstacks"}, "next": {"link": "../pyaedt.edb_core.padstack.EdbPadstacks.pad_type/", "title": "pad_type"}, "title": "db", "meta": {}, "body": "<section id=\"db\">\n<h1>db<a class=\"headerlink\" href=\"#db\" title=\"Permalink to this heading\">#</a></h1>\n<dl class=\"py property\">\n<dt class=\"sig sig-object py\" id=\"pyaedt.edb_core.padstack.EdbPadstacks.db\">\n<em class=\"property\"><span class=\"pre\">property</span><span class=\"w\"> </span></em><span class=\"sig-prename descclassname\"><span class=\"pre\">EdbPadstacks.</span></span><span class=\"sig-name descname\"><span class=\"pre\">db</span></span><a class=\"headerlink\" href=\"#pyaedt.edb_core.padstack.EdbPadstacks.db\" title=\"Permalink to this definition\">#</a></dt>\n<dd><p>Db object.</p>\n</dd></dl>\n\n</section>\n", "metatags": "<meta name=\"generator\" content=\"Docutils 0.19: https://docutils.sourceforge.io/\" />\n", "rellinks": [["genindex", "General Index", "I", "index"], ["py-modindex", "Python Module Index", "", "modules"], ["API/_autosummary/pyaedt.edb_core.padstack.EdbPadstacks.pad_type", "pad_type", "N", "next"], ["API/_autosummary/pyaedt.edb_core.padstack.EdbPadstacks.update_padstacks", "update_padstacks", "P", "previous"]], "sourcename": "API/_autosummary/pyaedt.edb_core.padstack.EdbPadstacks.db.rst.txt", "toc": "<ul>\n<li><a class=\"reference internal\" href=\"#\">db</a><ul>\n<li><a class=\"reference internal\" href=\"#pyaedt.edb_core.padstack.EdbPadstacks.db\"><code class=\"docutils literal notranslate\"><span class=\"pre\">EdbPadstacks.db</span></code></a></li>\n</ul>\n</li>\n</ul>\n", "display_toc": true, "page_source_suffix": ".rst", "current_page_name": "API/_autosummary/pyaedt.edb_core.padstack.EdbPadstacks.db", "sidebars": ["search-field.html", "sidebar-nav-bs.html"], "customsidebar": null, "favicon_url": null, "logo_url": null, "alabaster_version": "0.7.12", "theme_show_toc_level": 1, "theme_logo": {}}