{"parents": [{"link": "../../", "title": "API reference"}, {"link": "../../Common/", "title": "Desktop and common classes"}, {"link": "../../Stackup3D/", "title": "Stackup 3D components"}, {"link": "../pyaedt.modeler.stackup_3d.NamedVariable/", "title": "pyaedt.modeler.stackup_3d.NamedVariable"}], "prev": {"link": "../pyaedt.modeler.stackup_3d.NamedVariable.evaluated_value/", "title": "evaluated_value"}, "next": {"link": "../pyaedt.modeler.stackup_3d.NamedVariable.name/", "title": "name"}, "title": "expression", "meta": {}, "body": "<section id=\"expression\">\n<h1>expression<a class=\"headerlink\" href=\"#expression\" title=\"Permalink to this heading\">#</a></h1>\n<dl class=\"py property\">\n<dt class=\"sig sig-object py\" id=\"pyaedt.modeler.stackup_3d.NamedVariable.expression\">\n<em class=\"property\"><span class=\"pre\">property</span><span class=\"w\"> </span></em><span class=\"sig-prename descclassname\"><span class=\"pre\">NamedVariable.</span></span><span class=\"sig-name descname\"><span class=\"pre\">expression</span></span><a class=\"headerlink\" href=\"#pyaedt.modeler.stackup_3d.NamedVariable.expression\" title=\"Permalink to this definition\">#</a></dt>\n<dd><p>Expression of the variable as a string.</p>\n</dd></dl>\n\n</section>\n", "metatags": "<meta name=\"generator\" content=\"Docutils 0.19: https://docutils.sourceforge.io/\" />\n", "rellinks": [["genindex", "General Index", "I", "index"], ["py-modindex", "Python Module Index", "", "modules"], ["API/_autosummary/pyaedt.modeler.stackup_3d.NamedVariable.name", "name", "N", "next"], ["API/_autosummary/pyaedt.modeler.stackup_3d.NamedVariable.evaluated_value", "evaluated_value", "P", "previous"]], "sourcename": "API/_autosummary/pyaedt.modeler.stackup_3d.NamedVariable.expression.rst.txt", "toc": "<ul>\n<li><a class=\"reference internal\" href=\"#\">expression</a><ul>\n<li><a class=\"reference internal\" href=\"#pyaedt.modeler.stackup_3d.NamedVariable.expression\"><code class=\"docutils literal notranslate\"><span class=\"pre\">NamedVariable.expression</span></code></a></li>\n</ul>\n</li>\n</ul>\n", "display_toc": true, "page_source_suffix": ".rst", "current_page_name": "API/_autosummary/pyaedt.modeler.stackup_3d.NamedVariable.expression", "sidebars": ["search-field.html", "sidebar-nav-bs.html"], "customsidebar": null, "favicon_url": null, "logo_url": null, "alabaster_version": "0.7.12", "theme_show_toc_level": 1, "theme_logo": {}}