{"parents": [{"link": "../../", "title": "API reference"}, {"link": "../../CoreEdb/", "title": "EDB editor"}, {"link": "../pyaedt.edb_core.layout.EdbLayout/", "title": "pyaedt.edb_core.layout.EdbLayout"}], "prev": {"link": "../pyaedt.edb_core.layout.EdbLayout.bondwires/", "title": "bondwires"}, "next": {"link": "../pyaedt.edb_core.layout.EdbLayout.db/", "title": "db"}, "title": "circles", "meta": {}, "body": "<section id=\"circles\">\n<h1>circles<a class=\"headerlink\" href=\"#circles\" title=\"Permalink to this heading\">#</a></h1>\n<dl class=\"py property\">\n<dt class=\"sig sig-object py\" id=\"pyaedt.edb_core.layout.EdbLayout.circles\">\n<em class=\"property\"><span class=\"pre\">property</span><span class=\"w\"> </span></em><span class=\"sig-prename descclassname\"><span class=\"pre\">EdbLayout.</span></span><span class=\"sig-name descname\"><span class=\"pre\">circles</span></span><a class=\"headerlink\" href=\"#pyaedt.edb_core.layout.EdbLayout.circles\" title=\"Permalink to this definition\">#</a></dt>\n<dd><p>Circles.</p>\n<dl class=\"field-list simple\">\n<dt class=\"field-odd\">Returns<span class=\"colon\">:</span></dt>\n<dd class=\"field-odd\"><dl class=\"simple\">\n<dt><a class=\"reference external\" href=\"https://docs.python.org/dev/library/stdtypes.html#list\" title=\"(in Python v3.12)\"><code class=\"docutils literal notranslate\"><span class=\"pre\">list</span></code></a> <code class=\"xref py py-obj docutils literal notranslate\"><span class=\"pre\">of</span></code> <a class=\"reference internal\" href=\"../pyaedt.edb_core.EDB_Data.EDBPrimitives/#pyaedt.edb_core.EDB_Data.EDBPrimitives\" title=\"pyaedt.edb_core.EDB_Data.EDBPrimitives\"><code class=\"xref py py-class docutils literal notranslate\"><span class=\"pre\">pyaedt.edb_core.EDB_Data.EDBPrimitives</span></code></a></dt><dd><p>List of circles.</p>\n</dd>\n</dl>\n</dd>\n</dl>\n</dd></dl>\n\n</section>\n", "metatags": "<meta name=\"generator\" content=\"Docutils 0.19: https://docutils.sourceforge.io/\" />\n", "rellinks": [["genindex", "General Index", "I", "index"], ["py-modindex", "Python Module Index", "", "modules"], ["API/_autosummary/pyaedt.edb_core.layout.EdbLayout.db", "db", "N", "next"], ["API/_autosummary/pyaedt.edb_core.layout.EdbLayout.bondwires", "bondwires", "P", "previous"]], "sourcename": "API/_autosummary/pyaedt.edb_core.layout.EdbLayout.circles.rst.txt", "toc": "<ul>\n<li><a class=\"reference internal\" href=\"#\">circles</a><ul>\n<li><a class=\"reference internal\" href=\"#pyaedt.edb_core.layout.EdbLayout.circles\"><code class=\"docutils literal notranslate\"><span class=\"pre\">EdbLayout.circles</span></code></a></li>\n</ul>\n</li>\n</ul>\n", "display_toc": true, "page_source_suffix": ".rst", "current_page_name": "API/_autosummary/pyaedt.edb_core.layout.EdbLayout.circles", "sidebars": ["search-field.html", "sidebar-nav-bs.html"], "customsidebar": null, "favicon_url": null, "logo_url": null, "alabaster_version": "0.7.12", "theme_show_toc_level": 1, "theme_logo": {}}