{"parents": [{"link": "../../", "title": "API reference"}, {"link": "../../CoreEdb/", "title": "EDB editor"}, {"link": "../pyaedt.edb_core.layout.EdbLayout/", "title": "pyaedt.edb_core.layout.EdbLayout"}], "prev": {"link": "../pyaedt.edb_core.layout.EdbLayout.unite_polygons_on_layer/", "title": "unite_polygons_on_layer"}, "next": {"link": "../pyaedt.edb_core.layout.EdbLayout.bondwires/", "title": "bondwires"}, "title": "update_primitives", "meta": {}, "body": "<section id=\"update-primitives\">\n<h1>update_primitives<a class=\"headerlink\" href=\"#update-primitives\" title=\"Permalink to this heading\">#</a></h1>\n<dl class=\"py method\">\n<dt class=\"sig sig-object py\" id=\"pyaedt.edb_core.layout.EdbLayout.update_primitives\">\n<span class=\"sig-prename descclassname\"><span class=\"pre\">EdbLayout.</span></span><span class=\"sig-name descname\"><span class=\"pre\">update_primitives</span></span><span class=\"sig-paren\">(</span><span class=\"sig-paren\">)</span><a class=\"reference internal\" href=\"../../../_modules/pyaedt/edb_core/layout/#EdbLayout.update_primitives\"><span class=\"viewcode-link\"><span class=\"pre\">[source]</span></span></a><a class=\"headerlink\" href=\"#pyaedt.edb_core.layout.EdbLayout.update_primitives\" title=\"Permalink to this definition\">#</a></dt>\n<dd><p>Update a primitives list from the EDB database.</p>\n<dl class=\"field-list simple\">\n<dt class=\"field-odd\">Returns<span class=\"colon\">:</span></dt>\n<dd class=\"field-odd\"><dl class=\"simple\">\n<dt><a class=\"reference external\" href=\"https://docs.python.org/dev/library/stdtypes.html#bltin-boolean-values\" title=\"(in Python v3.12)\"><span class=\"xref std std-ref\">bool</span></a></dt><dd><p><code class=\"docutils literal notranslate\"><span class=\"pre\">True</span></code> when successful, <code class=\"docutils literal notranslate\"><span class=\"pre\">False</span></code> when failed.</p>\n</dd>\n</dl>\n</dd>\n</dl>\n</dd></dl>\n\n</section>\n", "metatags": "<meta name=\"generator\" content=\"Docutils 0.19: https://docutils.sourceforge.io/\" />\n", "rellinks": [["genindex", "General Index", "I", "index"], ["py-modindex", "Python Module Index", "", "modules"], ["API/_autosummary/pyaedt.edb_core.layout.EdbLayout.bondwires", "bondwires", "N", "next"], ["API/_autosummary/pyaedt.edb_core.layout.EdbLayout.unite_polygons_on_layer", "unite_polygons_on_layer", "P", "previous"]], "sourcename": "API/_autosummary/pyaedt.edb_core.layout.EdbLayout.update_primitives.rst.txt", "toc": "<ul>\n<li><a class=\"reference internal\" href=\"#\">update_primitives</a><ul>\n<li><a class=\"reference internal\" href=\"#pyaedt.edb_core.layout.EdbLayout.update_primitives\"><code class=\"docutils literal notranslate\"><span class=\"pre\">EdbLayout.update_primitives()</span></code></a></li>\n</ul>\n</li>\n</ul>\n", "display_toc": true, "page_source_suffix": ".rst", "current_page_name": "API/_autosummary/pyaedt.edb_core.layout.EdbLayout.update_primitives", "sidebars": ["search-field.html", "sidebar-nav-bs.html"], "customsidebar": null, "favicon_url": null, "logo_url": null, "alabaster_version": "0.7.12", "theme_show_toc_level": 1, "theme_logo": {}}