{"parents": [{"link": "../../", "title": "API reference"}, {"link": "../../Primitives/", "title": "Modeler and  primitives"}, {"link": "../pyaedt.modeler.object3dlayout.Rect3dLayout/", "title": "pyaedt.modeler.object3dlayout.Rect3dLayout"}], "prev": {"link": "../pyaedt.modeler.object3dlayout.Rect3dLayout.corner_radius/", "title": "corner_radius"}, "next": {"link": "../pyaedt.modeler.object3dlayout.Rect3dLayout.height/", "title": "height"}, "title": "edges", "meta": {}, "body": "<section id=\"edges\">\n<h1>edges<a class=\"headerlink\" href=\"#edges\" title=\"Permalink to this heading\">#</a></h1>\n<dl class=\"py property\">\n<dt class=\"sig sig-object py\" id=\"pyaedt.modeler.object3dlayout.Rect3dLayout.edges\">\n<em class=\"property\"><span class=\"pre\">property</span><span class=\"w\"> </span></em><span class=\"sig-prename descclassname\"><span class=\"pre\">Rect3dLayout.</span></span><span class=\"sig-name descname\"><span class=\"pre\">edges</span></span><a class=\"headerlink\" href=\"#pyaedt.modeler.object3dlayout.Rect3dLayout.edges\" title=\"Permalink to this definition\">#</a></dt>\n<dd><p>Edges list.</p>\n<dl class=\"field-list simple\">\n<dt class=\"field-odd\">Returns<span class=\"colon\">:</span></dt>\n<dd class=\"field-odd\"><dl class=\"simple\">\n<dt><code class=\"xref py py-obj docutils literal notranslate\"><span class=\"pre\">List</span></code></dt><dd></dd>\n</dl>\n</dd>\n</dl>\n</dd></dl>\n\n</section>\n", "metatags": "<meta name=\"generator\" content=\"Docutils 0.19: https://docutils.sourceforge.io/\" />\n", "rellinks": [["genindex", "General Index", "I", "index"], ["py-modindex", "Python Module Index", "", "modules"], ["API/_autosummary/pyaedt.modeler.object3dlayout.Rect3dLayout.height", "height", "N", "next"], ["API/_autosummary/pyaedt.modeler.object3dlayout.Rect3dLayout.corner_radius", "corner_radius", "P", "previous"]], "sourcename": "API/_autosummary/pyaedt.modeler.object3dlayout.Rect3dLayout.edges.rst.txt", "toc": "<ul>\n<li><a class=\"reference internal\" href=\"#\">edges</a><ul>\n<li><a class=\"reference internal\" href=\"#pyaedt.modeler.object3dlayout.Rect3dLayout.edges\"><code class=\"docutils literal notranslate\"><span class=\"pre\">Rect3dLayout.edges</span></code></a></li>\n</ul>\n</li>\n</ul>\n", "display_toc": true, "page_source_suffix": ".rst", "current_page_name": "API/_autosummary/pyaedt.modeler.object3dlayout.Rect3dLayout.edges", "sidebars": ["search-field.html", "sidebar-nav-bs.html"], "customsidebar": null, "favicon_url": null, "logo_url": null, "alabaster_version": "0.7.12", "theme_show_toc_level": 1, "theme_logo": {}}