{"parents": [{"link": "../../", "title": "API reference"}, {"link": "../../Application/", "title": "AEDT apps"}, {"link": "../pyaedt.Maxwell2d/", "title": "pyaedt.Maxwell2d"}], "prev": {"link": "../pyaedt.Maxwell2d.design_type/", "title": "design_type"}, "next": {"link": "../pyaedt.Maxwell2d.dim/", "title": "dim"}, "title": "desktop_install_dir", "meta": {}, "body": "<section id=\"desktop-install-dir\">\n<h1>desktop_install_dir<a class=\"headerlink\" href=\"#desktop-install-dir\" title=\"Permalink to this heading\">#</a></h1>\n<dl class=\"py property\">\n<dt class=\"sig sig-object py\" id=\"pyaedt.Maxwell2d.desktop_install_dir\">\n<em class=\"property\"><span class=\"pre\">property</span><span class=\"w\"> </span></em><span class=\"sig-prename descclassname\"><span class=\"pre\">Maxwell2d.</span></span><span class=\"sig-name descname\"><span class=\"pre\">desktop_install_dir</span></span><a class=\"headerlink\" href=\"#pyaedt.Maxwell2d.desktop_install_dir\" title=\"Permalink to this definition\">#</a></dt>\n<dd><p>AEDT installation directory.</p>\n<dl class=\"field-list simple\">\n<dt class=\"field-odd\">Returns<span class=\"colon\">:</span></dt>\n<dd class=\"field-odd\"><dl class=\"simple\">\n<dt><a class=\"reference external\" href=\"https://docs.python.org/dev/library/stdtypes.html#str\" title=\"(in Python v3.12)\"><code class=\"docutils literal notranslate\"><span class=\"pre\">str</span></code></a></dt><dd><p>AEDT installation directory.</p>\n</dd>\n</dl>\n</dd>\n</dl>\n</dd></dl>\n\n</section>\n", "metatags": "<meta name=\"generator\" content=\"Docutils 0.19: https://docutils.sourceforge.io/\" />\n", "rellinks": [["genindex", "General Index", "I", "index"], ["py-modindex", "Python Module Index", "", "modules"], ["API/_autosummary/pyaedt.Maxwell2d.dim", "dim", "N", "next"], ["API/_autosummary/pyaedt.Maxwell2d.design_type", "design_type", "P", "previous"]], "sourcename": "API/_autosummary/pyaedt.Maxwell2d.desktop_install_dir.rst.txt", "toc": "<ul>\n<li><a class=\"reference internal\" href=\"#\">desktop_install_dir</a><ul>\n<li><a class=\"reference internal\" href=\"#pyaedt.Maxwell2d.desktop_install_dir\"><code class=\"docutils literal notranslate\"><span class=\"pre\">Maxwell2d.desktop_install_dir</span></code></a></li>\n</ul>\n</li>\n</ul>\n", "display_toc": true, "page_source_suffix": ".rst", "current_page_name": "API/_autosummary/pyaedt.Maxwell2d.desktop_install_dir", "sidebars": ["search-field.html", "sidebar-nav-bs.html"], "customsidebar": null, "favicon_url": null, "logo_url": null, "alabaster_version": "0.7.12", "theme_show_toc_level": 1, "theme_logo": {}}