{"parents": [{"link": "../../", "title": "API reference"}, {"link": "../../CoreEdb/", "title": "EDB editor"}, {"link": "../pyaedt.edb_core.EDB_Data.EDBPrimitives/", "title": "pyaedt.edb_core.EDB_Data.EDBPrimitives"}], "prev": {"link": "../pyaedt.edb_core.EDB_Data.EDBPrimitives.net_name/", "title": "net_name"}, "next": {"link": "../pyaedt.edb_core.EDB_Data.EDBPrimitives.voids/", "title": "voids"}, "title": "type", "meta": {}, "body": "<section id=\"type\">\n<h1>type<a class=\"headerlink\" href=\"#type\" title=\"Permalink to this heading\">#</a></h1>\n<dl class=\"py property\">\n<dt class=\"sig sig-object py\" id=\"pyaedt.edb_core.EDB_Data.EDBPrimitives.type\">\n<em class=\"property\"><span class=\"pre\">property</span><span class=\"w\"> </span></em><span class=\"sig-prename descclassname\"><span class=\"pre\">EDBPrimitives.</span></span><span class=\"sig-name descname\"><span class=\"pre\">type</span></span><a class=\"headerlink\" href=\"#pyaedt.edb_core.EDB_Data.EDBPrimitives.type\" title=\"Permalink to this definition\">#</a></dt>\n<dd><p>Return the type of the primitive.\nAllowed outputs are <cite>\u201cCircle\u201d</cite>, <cite>\u201cRectangle\u201d</cite>,`\u201dPolygon\u201d<cite>,</cite>\u201dPath\u201d<cite>,</cite>\u201dBondwire\u201d<a href=\"#id1\"><span class=\"problematic\" id=\"id2\">`</span></a>.</p>\n<dl class=\"field-list simple\">\n<dt class=\"field-odd\">Returns<span class=\"colon\">:</span></dt>\n<dd class=\"field-odd\"><dl class=\"simple\">\n<dt><a class=\"reference external\" href=\"https://docs.python.org/dev/library/stdtypes.html#str\" title=\"(in Python v3.12)\"><code class=\"docutils literal notranslate\"><span class=\"pre\">str</span></code></a></dt><dd></dd>\n</dl>\n</dd>\n</dl>\n</dd></dl>\n\n</section>\n", "metatags": "<meta name=\"generator\" content=\"Docutils 0.19: https://docutils.sourceforge.io/\" />\n", "rellinks": [["genindex", "General Index", "I", "index"], ["py-modindex", "Python Module Index", "", "modules"], ["API/_autosummary/pyaedt.edb_core.EDB_Data.EDBPrimitives.voids", "voids", "N", "next"], ["API/_autosummary/pyaedt.edb_core.EDB_Data.EDBPrimitives.net_name", "net_name", "P", "previous"]], "sourcename": "API/_autosummary/pyaedt.edb_core.EDB_Data.EDBPrimitives.type.rst.txt", "toc": "<ul>\n<li><a class=\"reference internal\" href=\"#\">type</a><ul>\n<li><a class=\"reference internal\" href=\"#pyaedt.edb_core.EDB_Data.EDBPrimitives.type\"><code class=\"docutils literal notranslate\"><span class=\"pre\">EDBPrimitives.type</span></code></a></li>\n</ul>\n</li>\n</ul>\n", "display_toc": true, "page_source_suffix": ".rst", "current_page_name": "API/_autosummary/pyaedt.edb_core.EDB_Data.EDBPrimitives.type", "sidebars": ["search-field.html", "sidebar-nav-bs.html"], "customsidebar": null, "favicon_url": null, "logo_url": null, "alabaster_version": "0.7.12", "theme_show_toc_level": 1, "theme_logo": {}}