{"parents": [{"link": "../../", "title": "API reference"}, {"link": "../../Primitives/", "title": "Modeler and  primitives"}, {"link": "../pyaedt.modeler.Model2D.Modeler2D/", "title": "pyaedt.modeler.Model2D.Modeler2D"}], "prev": {"link": "../pyaedt.modeler.Model2D.Modeler2D.create_airbox/", "title": "create_airbox"}, "next": {"link": "../pyaedt.modeler.Model2D.Modeler2D.create_coordinate_system/", "title": "create_coordinate_system"}, "title": "create_circle", "meta": {}, "body": "<section id=\"create-circle\">\n<h1>create_circle<a class=\"headerlink\" href=\"#create-circle\" title=\"Permalink to this heading\">#</a></h1>\n<dl class=\"py method\">\n<dt class=\"sig sig-object py\" id=\"pyaedt.modeler.Model2D.Modeler2D.create_circle\">\n<span class=\"sig-prename descclassname\"><span class=\"pre\">Modeler2D.</span></span><span class=\"sig-name descname\"><span class=\"pre\">create_circle</span></span><span class=\"sig-paren\">(</span><em class=\"sig-param\"><span class=\"n\"><span class=\"pre\">position</span></span></em>, <em class=\"sig-param\"><span class=\"n\"><span class=\"pre\">radius</span></span></em>, <em class=\"sig-param\"><span class=\"n\"><span class=\"pre\">num_sides</span></span><span class=\"o\"><span class=\"pre\">=</span></span><span class=\"default_value\"><span class=\"pre\">0</span></span></em>, <em class=\"sig-param\"><span class=\"n\"><span class=\"pre\">is_covered</span></span><span class=\"o\"><span class=\"pre\">=</span></span><span class=\"default_value\"><span class=\"pre\">True</span></span></em>, <em class=\"sig-param\"><span class=\"n\"><span class=\"pre\">name</span></span><span class=\"o\"><span class=\"pre\">=</span></span><span class=\"default_value\"><span class=\"pre\">None</span></span></em>, <em class=\"sig-param\"><span class=\"n\"><span class=\"pre\">matname</span></span><span class=\"o\"><span class=\"pre\">=</span></span><span class=\"default_value\"><span class=\"pre\">None</span></span></em><span class=\"sig-paren\">)</span><a class=\"headerlink\" href=\"#pyaedt.modeler.Model2D.Modeler2D.create_circle\" title=\"Permalink to this definition\">#</a></dt>\n<dd><p>Create a circle.</p>\n<dl class=\"field-list\">\n<dt class=\"field-odd\">Parameters<span class=\"colon\">:</span></dt>\n<dd class=\"field-odd\"><dl>\n<dt><strong>position</strong><span class=\"classifier\"><a class=\"reference external\" href=\"https://docs.python.org/dev/library/stdtypes.html#list\" title=\"(in Python v3.12)\"><code class=\"docutils literal notranslate\"><span class=\"pre\">list</span></code></a></span></dt><dd><p>ApplicationName.modeler.Position(x,y,z) object</p>\n</dd>\n<dt><strong>radius</strong><span class=\"classifier\"><a class=\"reference external\" href=\"https://docs.python.org/dev/library/functions.html#float\" title=\"(in Python v3.12)\"><code class=\"docutils literal notranslate\"><span class=\"pre\">float</span></code></a></span></dt><dd><p>Radius of the object.</p>\n</dd>\n<dt><strong>numSides</strong><span class=\"classifier\"><a class=\"reference external\" href=\"https://docs.python.org/dev/library/functions.html#int\" title=\"(in Python v3.12)\"><code class=\"docutils literal notranslate\"><span class=\"pre\">int</span></code></a>, <code class=\"xref py py-obj docutils literal notranslate\"><span class=\"pre\">optional</span></code></span></dt><dd><p>Number of sides. The default is <code class=\"docutils literal notranslate\"><span class=\"pre\">0</span></code>, which is correct for a circle.</p>\n</dd>\n<dt><strong>is_covered</strong><span class=\"classifier\"><a class=\"reference external\" href=\"https://docs.python.org/dev/library/stdtypes.html#bltin-boolean-values\" title=\"(in Python v3.12)\"><span class=\"xref std std-ref\">bool</span></a></span></dt><dd><p>Specify whether the ellipse is a sheet (covered) or a line object</p>\n</dd>\n<dt><strong>name</strong><span class=\"classifier\"><a class=\"reference external\" href=\"https://docs.python.org/dev/library/stdtypes.html#str\" title=\"(in Python v3.12)\"><code class=\"docutils literal notranslate\"><span class=\"pre\">str</span></code></a>, <code class=\"xref py py-obj docutils literal notranslate\"><span class=\"pre\">optional</span></code></span></dt><dd><p>Name of the object. The default is <code class=\"docutils literal notranslate\"><span class=\"pre\">None</span></code>. If <code class=\"docutils literal notranslate\"><span class=\"pre\">None</span></code> ,\na unique name <code class=\"docutils literal notranslate\"><span class=\"pre\">&quot;NewObject_xxxxxx&quot;</span></code> will be assigned)</p>\n</dd>\n<dt><strong>matname</strong><span class=\"classifier\"><a class=\"reference external\" href=\"https://docs.python.org/dev/library/stdtypes.html#str\" title=\"(in Python v3.12)\"><code class=\"docutils literal notranslate\"><span class=\"pre\">str</span></code></a>, <code class=\"xref py py-obj docutils literal notranslate\"><span class=\"pre\">optional</span></code></span></dt><dd><p>Name of the material. The default is <code class=\"docutils literal notranslate\"><span class=\"pre\">None</span></code>. If <code class=\"docutils literal notranslate\"><span class=\"pre\">None</span></code>,\nthe default material is assigned.</p>\n</dd>\n</dl>\n</dd>\n<dt class=\"field-even\">Returns<span class=\"colon\">:</span></dt>\n<dd class=\"field-even\"><dl class=\"simple\">\n<dt><a class=\"reference internal\" href=\"../pyaedt.modeler.Object3d.Object3d/#pyaedt.modeler.Object3d.Object3d\" title=\"pyaedt.modeler.Object3d.Object3d\"><code class=\"xref py py-obj docutils literal notranslate\"><span class=\"pre\">pyaedt.modeler.Object3d.Object3d</span></code></a></dt><dd><p>Object3d</p>\n</dd>\n</dl>\n</dd>\n</dl>\n<p class=\"rubric\">References</p>\n<div class=\"doctest highlight-default notranslate\"><div class=\"highlight\"><pre><span></span><span class=\"gp\">&gt;&gt;&gt; </span><span class=\"n\">oEditor</span><span class=\"o\">.</span><span class=\"n\">CreateCircle</span>\n</pre></div>\n</div>\n<p class=\"rubric\">Examples</p>\n<div class=\"doctest highlight-default notranslate\"><div class=\"highlight\"><pre><span></span><span class=\"gp\">&gt;&gt;&gt; </span><span class=\"n\">circle1</span> <span class=\"o\">=</span> <span class=\"n\">aedtapp</span><span class=\"o\">.</span><span class=\"n\">modeler</span><span class=\"o\">.</span><span class=\"n\">create_circle</span><span class=\"p\">([</span><span class=\"mi\">0</span><span class=\"p\">,</span> <span class=\"o\">-</span><span class=\"mi\">2</span><span class=\"p\">,</span> <span class=\"o\">-</span><span class=\"mi\">2</span><span class=\"p\">],</span> <span class=\"mi\">3</span><span class=\"p\">)</span>\n<span class=\"gp\">&gt;&gt;&gt; </span><span class=\"n\">circle2</span> <span class=\"o\">=</span> <span class=\"n\">aedtapp</span><span class=\"o\">.</span><span class=\"n\">modeler</span><span class=\"o\">.</span><span class=\"n\">create_circle</span><span class=\"p\">(</span><span class=\"n\">position</span><span class=\"o\">=</span><span class=\"p\">[</span><span class=\"mi\">0</span><span class=\"p\">,</span> <span class=\"o\">-</span><span class=\"mi\">2</span><span class=\"p\">,</span> <span class=\"o\">-</span><span class=\"mi\">2</span><span class=\"p\">],</span> <span class=\"n\">radius</span><span class=\"o\">=</span><span class=\"mi\">3</span><span class=\"p\">,</span> <span class=\"n\">num_sides</span><span class=\"o\">=</span><span class=\"mi\">6</span><span class=\"p\">,</span>\n<span class=\"gp\">... </span>                                        <span class=\"n\">name</span><span class=\"o\">=</span><span class=\"s2\">&quot;MyCircle&quot;</span><span class=\"p\">,</span> <span class=\"n\">matname</span><span class=\"o\">=</span><span class=\"s2\">&quot;Copper&quot;</span><span class=\"p\">)</span>\n</pre></div>\n</div>\n</dd></dl>\n\n</section>\n", "metatags": "<meta name=\"generator\" content=\"Docutils 0.19: https://docutils.sourceforge.io/\" />\n", "rellinks": [["genindex", "General Index", "I", "index"], ["py-modindex", "Python Module Index", "", "modules"], ["API/_autosummary/pyaedt.modeler.Model2D.Modeler2D.create_coordinate_system", "create_coordinate_system", "N", "next"], ["API/_autosummary/pyaedt.modeler.Model2D.Modeler2D.create_airbox", "create_airbox", "P", "previous"]], "sourcename": "API/_autosummary/pyaedt.modeler.Model2D.Modeler2D.create_circle.rst.txt", "toc": "<ul>\n<li><a class=\"reference internal\" href=\"#\">create_circle</a><ul>\n<li><a class=\"reference internal\" href=\"#pyaedt.modeler.Model2D.Modeler2D.create_circle\"><code class=\"docutils literal notranslate\"><span class=\"pre\">Modeler2D.create_circle()</span></code></a></li>\n</ul>\n</li>\n</ul>\n", "display_toc": true, "page_source_suffix": ".rst", "current_page_name": "API/_autosummary/pyaedt.modeler.Model2D.Modeler2D.create_circle", "sidebars": ["search-field.html", "sidebar-nav-bs.html"], "customsidebar": null, "favicon_url": null, "logo_url": null, "alabaster_version": "0.7.12", "theme_show_toc_level": 1, "theme_logo": {}}