{"parents": [{"link": "../../", "title": "API reference"}, {"link": "../../CoreEdb/", "title": "EDB editor"}, {"link": "../pyaedt.edb_core.EDB_Data.EDBLayer/", "title": "pyaedt.edb_core.EDB_Data.EDBLayer"}], "prev": {"link": "../pyaedt.edb_core.EDB_Data.EDBLayer.top_bottom_association/", "title": "top_bottom_association"}, "next": {"link": "../pyaedt.edb_core.EDB_Data.EDBLayers/", "title": "pyaedt.edb_core.EDB_Data.EDBLayers"}, "title": "upper_elevation", "meta": {}, "body": "<section id=\"upper-elevation\">\n<h1>upper_elevation<a class=\"headerlink\" href=\"#upper-elevation\" title=\"Permalink to this heading\">#</a></h1>\n<dl class=\"py property\">\n<dt class=\"sig sig-object py\" id=\"pyaedt.edb_core.EDB_Data.EDBLayer.upper_elevation\">\n<em class=\"property\"><span class=\"pre\">property</span><span class=\"w\"> </span></em><span class=\"sig-prename descclassname\"><span class=\"pre\">EDBLayer.</span></span><span class=\"sig-name descname\"><span class=\"pre\">upper_elevation</span></span><a class=\"headerlink\" href=\"#pyaedt.edb_core.EDB_Data.EDBLayer.upper_elevation\" title=\"Permalink to this definition\">#</a></dt>\n<dd><p>Upper elevation.</p>\n<dl class=\"field-list simple\">\n<dt class=\"field-odd\">Returns<span class=\"colon\">:</span></dt>\n<dd class=\"field-odd\"><dl class=\"simple\">\n<dt><a class=\"reference external\" href=\"https://docs.python.org/dev/library/functions.html#float\" title=\"(in Python v3.12)\"><code class=\"docutils literal notranslate\"><span class=\"pre\">float</span></code></a></dt><dd><p>Upper elevation.</p>\n</dd>\n</dl>\n</dd>\n</dl>\n</dd></dl>\n\n</section>\n", "metatags": "<meta name=\"generator\" content=\"Docutils 0.19: https://docutils.sourceforge.io/\" />\n", "rellinks": [["genindex", "General Index", "I", "index"], ["py-modindex", "Python Module Index", "", "modules"], ["API/_autosummary/pyaedt.edb_core.EDB_Data.EDBLayers", "pyaedt.edb_core.EDB_Data.EDBLayers", "N", "next"], ["API/_autosummary/pyaedt.edb_core.EDB_Data.EDBLayer.top_bottom_association", "top_bottom_association", "P", "previous"]], "sourcename": "API/_autosummary/pyaedt.edb_core.EDB_Data.EDBLayer.upper_elevation.rst.txt", "toc": "<ul>\n<li><a class=\"reference internal\" href=\"#\">upper_elevation</a><ul>\n<li><a class=\"reference internal\" href=\"#pyaedt.edb_core.EDB_Data.EDBLayer.upper_elevation\"><code class=\"docutils literal notranslate\"><span class=\"pre\">EDBLayer.upper_elevation</span></code></a></li>\n</ul>\n</li>\n</ul>\n", "display_toc": true, "page_source_suffix": ".rst", "current_page_name": "API/_autosummary/pyaedt.edb_core.EDB_Data.EDBLayer.upper_elevation", "sidebars": ["search-field.html", "sidebar-nav-bs.html"], "customsidebar": null, "favicon_url": null, "logo_url": null, "alabaster_version": "0.7.12", "theme_show_toc_level": 1, "theme_logo": {}}