{"parents": [{"link": "../../", "title": "API reference"}, {"link": "../../Application/", "title": "AEDT apps"}, {"link": "../pyaedt.Mechanical/", "title": "pyaedt.Mechanical"}], "prev": {"link": "../pyaedt.Mechanical.design_name/", "title": "design_name"}, "next": {"link": "../pyaedt.Mechanical.design_type/", "title": "design_type"}, "title": "design_properties", "meta": {}, "body": "<section id=\"design-properties\">\n<h1>design_properties<a class=\"headerlink\" href=\"#design-properties\" title=\"Permalink to this heading\">#</a></h1>\n<dl class=\"py property\">\n<dt class=\"sig sig-object py\" id=\"pyaedt.Mechanical.design_properties\">\n<em class=\"property\"><span class=\"pre\">property</span><span class=\"w\"> </span></em><span class=\"sig-prename descclassname\"><span class=\"pre\">Mechanical.</span></span><span class=\"sig-name descname\"><span class=\"pre\">design_properties</span></span><a class=\"headerlink\" href=\"#pyaedt.Mechanical.design_properties\" title=\"Permalink to this definition\">#</a></dt>\n<dd><p>Design properties.</p>\n<dl class=\"field-list simple\">\n<dt class=\"field-odd\">Returns<span class=\"colon\">:</span></dt>\n<dd class=\"field-odd\"><dl class=\"simple\">\n<dt><a class=\"reference external\" href=\"https://docs.python.org/dev/library/stdtypes.html#dict\" title=\"(in Python v3.12)\"><code class=\"docutils literal notranslate\"><span class=\"pre\">dict</span></code></a></dt><dd><p>Dictionary of the design properties.</p>\n</dd>\n</dl>\n</dd>\n</dl>\n</dd></dl>\n\n</section>\n", "metatags": "<meta name=\"generator\" content=\"Docutils 0.19: https://docutils.sourceforge.io/\" />\n", "rellinks": [["genindex", "General Index", "I", "index"], ["py-modindex", "Python Module Index", "", "modules"], ["API/_autosummary/pyaedt.Mechanical.design_type", "design_type", "N", "next"], ["API/_autosummary/pyaedt.Mechanical.design_name", "design_name", "P", "previous"]], "sourcename": "API/_autosummary/pyaedt.Mechanical.design_properties.rst.txt", "toc": "<ul>\n<li><a class=\"reference internal\" href=\"#\">design_properties</a><ul>\n<li><a class=\"reference internal\" href=\"#pyaedt.Mechanical.design_properties\"><code class=\"docutils literal notranslate\"><span class=\"pre\">Mechanical.design_properties</span></code></a></li>\n</ul>\n</li>\n</ul>\n", "display_toc": true, "page_source_suffix": ".rst", "current_page_name": "API/_autosummary/pyaedt.Mechanical.design_properties", "sidebars": ["search-field.html", "sidebar-nav-bs.html"], "customsidebar": null, "favicon_url": null, "logo_url": null, "alabaster_version": "0.7.12", "theme_show_toc_level": 1, "theme_logo": {}}