{"parents": [{"link": "../../", "title": "API reference"}, {"link": "../../Application/", "title": "AEDT apps"}, {"link": "../pyaedt.Circuit/", "title": "pyaedt.Circuit"}], "prev": {"link": "../pyaedt.Circuit.nominal_adaptive/", "title": "nominal_adaptive"}, "next": {"link": "../pyaedt.Circuit.o_component_manager/", "title": "o_component_manager"}, "title": "nominal_sweep", "meta": {}, "body": "<section id=\"nominal-sweep\">\n<h1>nominal_sweep<a class=\"headerlink\" href=\"#nominal-sweep\" title=\"Permalink to this heading\">#</a></h1>\n<dl class=\"py property\">\n<dt class=\"sig sig-object py\" id=\"pyaedt.Circuit.nominal_sweep\">\n<em class=\"property\"><span class=\"pre\">property</span><span class=\"w\"> </span></em><span class=\"sig-prename descclassname\"><span class=\"pre\">Circuit.</span></span><span class=\"sig-name descname\"><span class=\"pre\">nominal_sweep</span></span><a class=\"headerlink\" href=\"#pyaedt.Circuit.nominal_sweep\" title=\"Permalink to this definition\">#</a></dt>\n<dd><p>Nominal sweep.</p>\n</dd></dl>\n\n</section>\n", "metatags": "<meta name=\"generator\" content=\"Docutils 0.19: https://docutils.sourceforge.io/\" />\n", "rellinks": [["genindex", "General Index", "I", "index"], ["py-modindex", "Python Module Index", "", "modules"], ["API/_autosummary/pyaedt.Circuit.o_component_manager", "o_component_manager", "N", "next"], ["API/_autosummary/pyaedt.Circuit.nominal_adaptive", "nominal_adaptive", "P", "previous"]], "sourcename": "API/_autosummary/pyaedt.Circuit.nominal_sweep.rst.txt", "toc": "<ul>\n<li><a class=\"reference internal\" href=\"#\">nominal_sweep</a><ul>\n<li><a class=\"reference internal\" href=\"#pyaedt.Circuit.nominal_sweep\"><code class=\"docutils literal notranslate\"><span class=\"pre\">Circuit.nominal_sweep</span></code></a></li>\n</ul>\n</li>\n</ul>\n", "display_toc": true, "page_source_suffix": ".rst", "current_page_name": "API/_autosummary/pyaedt.Circuit.nominal_sweep", "sidebars": ["search-field.html", "sidebar-nav-bs.html"], "customsidebar": null, "favicon_url": null, "logo_url": null, "alabaster_version": "0.7.12", "theme_show_toc_level": 1, "theme_logo": {}}