{"parents": [{"link": "../../", "title": "API reference"}, {"link": "../../Application/", "title": "AEDT apps"}, {"link": "../pyaedt.Hfss/", "title": "pyaedt.Hfss"}], "prev": {"link": "../pyaedt.Hfss.oimport_export/", "title": "oimport_export"}, "next": {"link": "../pyaedt.Hfss.omatrix/", "title": "omatrix"}, "title": "omaterial_manager", "meta": {}, "body": "<section id=\"omaterial-manager\">\n<h1>omaterial_manager<a class=\"headerlink\" href=\"#omaterial-manager\" title=\"Permalink to this heading\">#</a></h1>\n<dl class=\"py property\">\n<dt class=\"sig sig-object py\" id=\"pyaedt.Hfss.omaterial_manager\">\n<em class=\"property\"><span class=\"pre\">property</span><span class=\"w\"> </span></em><span class=\"sig-prename descclassname\"><span class=\"pre\">Hfss.</span></span><span class=\"sig-name descname\"><span class=\"pre\">omaterial_manager</span></span><a class=\"headerlink\" href=\"#pyaedt.Hfss.omaterial_manager\" title=\"Permalink to this definition\">#</a></dt>\n<dd><p>Material Manager Module.</p>\n<p class=\"rubric\">References</p>\n<div class=\"doctest highlight-default notranslate\"><div class=\"highlight\"><pre><span></span><span class=\"gp\">&gt;&gt;&gt; </span><span class=\"n\">oMaterialManager</span> <span class=\"o\">=</span> <span class=\"n\">oDefinitionManager</span><span class=\"o\">.</span><span class=\"n\">GetManager</span><span class=\"p\">(</span><span class=\"s2\">&quot;Material&quot;</span><span class=\"p\">)</span>\n</pre></div>\n</div>\n</dd></dl>\n\n</section>\n", "metatags": "<meta name=\"generator\" content=\"Docutils 0.19: https://docutils.sourceforge.io/\" />\n", "rellinks": [["genindex", "General Index", "I", "index"], ["py-modindex", "Python Module Index", "", "modules"], ["API/_autosummary/pyaedt.Hfss.omatrix", "omatrix", "N", "next"], ["API/_autosummary/pyaedt.Hfss.oimport_export", "oimport_export", "P", "previous"]], "sourcename": "API/_autosummary/pyaedt.Hfss.omaterial_manager.rst.txt", "toc": "<ul>\n<li><a class=\"reference internal\" href=\"#\">omaterial_manager</a><ul>\n<li><a class=\"reference internal\" href=\"#pyaedt.Hfss.omaterial_manager\"><code class=\"docutils literal notranslate\"><span class=\"pre\">Hfss.omaterial_manager</span></code></a></li>\n</ul>\n</li>\n</ul>\n", "display_toc": true, "page_source_suffix": ".rst", "current_page_name": "API/_autosummary/pyaedt.Hfss.omaterial_manager", "sidebars": ["search-field.html", "sidebar-nav-bs.html"], "customsidebar": null, "favicon_url": null, "logo_url": null, "alabaster_version": "0.7.12", "theme_show_toc_level": 1, "theme_logo": {}}