{"parents": [{"link": "../../", "title": "API reference"}, {"link": "../../Primitives/", "title": "Modeler and  primitives"}], "prev": {"link": "../pyaedt.modeler.Modeler.CoordinateSystem.quaternion/", "title": "quaternion"}, "next": {"link": "../../CoreModules/", "title": "AEDT modules"}, "title": "pyaedt.modeler.GeometryOperators", "meta": {}, "body": "<section id=\"module-pyaedt.modeler.GeometryOperators\">\n<span id=\"pyaedt-modeler-geometryoperators\"></span><h1>pyaedt.modeler.GeometryOperators<a class=\"headerlink\" href=\"#module-pyaedt.modeler.GeometryOperators\" title=\"Permalink to this heading\">#</a></h1>\n<p class=\"rubric\">Classes</p>\n<table class=\"autosummary longtable docutils align-default\">\n<tbody>\n<tr class=\"row-odd\"><td><p><code class=\"xref py py-obj docutils literal notranslate\"><span class=\"pre\">GeometryOperators</span></code>()</p></td>\n<td><p>Manages geometry operators.</p></td>\n</tr>\n</tbody>\n</table>\n</section>\n", "metatags": "<meta name=\"generator\" content=\"Docutils 0.19: https://docutils.sourceforge.io/\" />\n", "rellinks": [["genindex", "General Index", "I", "index"], ["py-modindex", "Python Module Index", "", "modules"], ["API/CoreModules", "AEDT modules", "N", "next"], ["API/_autosummary/pyaedt.modeler.Modeler.CoordinateSystem.quaternion", "quaternion", "P", "previous"]], "sourcename": "API/_autosummary/pyaedt.modeler.GeometryOperators.rst.txt", "toc": "<ul>\n<li><a class=\"reference internal\" href=\"#\">pyaedt.modeler.GeometryOperators</a></li>\n</ul>\n", "display_toc": false, "page_source_suffix": ".rst", "current_page_name": "API/_autosummary/pyaedt.modeler.GeometryOperators", "sidebars": ["search-field.html", "sidebar-nav-bs.html"], "customsidebar": null, "favicon_url": null, "logo_url": null, "alabaster_version": "0.7.12", "theme_show_toc_level": 1, "theme_logo": {}}