{"parents": [{"link": "../../", "title": "API reference"}, {"link": "../../Primitives/", "title": "Modeler and  primitives"}, {"link": "../pyaedt.modeler.Model2D.Modeler2D/", "title": "pyaedt.modeler.Model2D.Modeler2D"}], "prev": {"link": "../pyaedt.modeler.Model2D.Modeler2D.get_edgeid_from_position/", "title": "get_edgeid_from_position"}, "next": {"link": "../pyaedt.modeler.Model2D.Modeler2D.get_edges_for_circuit_port/", "title": "get_edges_for_circuit_port"}, "title": "get_edgeids_from_vertexid", "meta": {}, "body": "<section id=\"get-edgeids-from-vertexid\">\n<h1>get_edgeids_from_vertexid<a class=\"headerlink\" href=\"#get-edgeids-from-vertexid\" title=\"Permalink to this heading\">#</a></h1>\n<dl class=\"py method\">\n<dt class=\"sig sig-object py\" id=\"pyaedt.modeler.Model2D.Modeler2D.get_edgeids_from_vertexid\">\n<span class=\"sig-prename descclassname\"><span class=\"pre\">Modeler2D.</span></span><span class=\"sig-name descname\"><span class=\"pre\">get_edgeids_from_vertexid</span></span><span class=\"sig-paren\">(</span><em class=\"sig-param\"><span class=\"n\"><span class=\"pre\">vertexid</span></span></em>, <em class=\"sig-param\"><span class=\"n\"><span class=\"pre\">obj_name</span></span></em><span class=\"sig-paren\">)</span><a class=\"headerlink\" href=\"#pyaedt.modeler.Model2D.Modeler2D.get_edgeids_from_vertexid\" title=\"Permalink to this definition\">#</a></dt>\n<dd><p>Retrieve edge IDs for a vertex ID.</p>\n<dl class=\"field-list\">\n<dt class=\"field-odd\">Parameters<span class=\"colon\">:</span></dt>\n<dd class=\"field-odd\"><dl>\n<dt><strong>vertexid</strong><span class=\"classifier\"><a class=\"reference external\" href=\"https://docs.python.org/dev/library/functions.html#int\" title=\"(in Python v3.12)\"><code class=\"docutils literal notranslate\"><span class=\"pre\">int</span></code></a></span></dt><dd><p>Vertex ID.</p>\n</dd>\n<dt><strong>obj_name</strong></dt><dd><p>Name of the object.</p>\n</dd>\n</dl>\n</dd>\n<dt class=\"field-even\">Returns<span class=\"colon\">:</span></dt>\n<dd class=\"field-even\"><dl class=\"simple\">\n<dt><code class=\"xref py py-obj docutils literal notranslate\"><span class=\"pre\">List</span></code></dt><dd><p>List of edge IDs for the vertex ID.</p>\n</dd>\n</dl>\n</dd>\n</dl>\n<p class=\"rubric\">References</p>\n<div class=\"doctest highlight-default notranslate\"><div class=\"highlight\"><pre><span></span><span class=\"gp\">&gt;&gt;&gt; </span><span class=\"n\">oEditor</span><span class=\"o\">.</span><span class=\"n\">GetEdgeIDsFromObject</span>\n<span class=\"gp\">&gt;&gt;&gt; </span><span class=\"n\">oEditor</span><span class=\"o\">.</span><span class=\"n\">GetVertexIDsFromEdge</span>\n</pre></div>\n</div>\n</dd></dl>\n\n</section>\n", "metatags": "<meta name=\"generator\" content=\"Docutils 0.19: https://docutils.sourceforge.io/\" />\n", "rellinks": [["genindex", "General Index", "I", "index"], ["py-modindex", "Python Module Index", "", "modules"], ["API/_autosummary/pyaedt.modeler.Model2D.Modeler2D.get_edges_for_circuit_port", "get_edges_for_circuit_port", "N", "next"], ["API/_autosummary/pyaedt.modeler.Model2D.Modeler2D.get_edgeid_from_position", "get_edgeid_from_position", "P", "previous"]], "sourcename": "API/_autosummary/pyaedt.modeler.Model2D.Modeler2D.get_edgeids_from_vertexid.rst.txt", "toc": "<ul>\n<li><a class=\"reference internal\" href=\"#\">get_edgeids_from_vertexid</a><ul>\n<li><a class=\"reference internal\" href=\"#pyaedt.modeler.Model2D.Modeler2D.get_edgeids_from_vertexid\"><code class=\"docutils literal notranslate\"><span class=\"pre\">Modeler2D.get_edgeids_from_vertexid()</span></code></a></li>\n</ul>\n</li>\n</ul>\n", "display_toc": true, "page_source_suffix": ".rst", "current_page_name": "API/_autosummary/pyaedt.modeler.Model2D.Modeler2D.get_edgeids_from_vertexid", "sidebars": ["search-field.html", "sidebar-nav-bs.html"], "customsidebar": null, "favicon_url": null, "logo_url": null, "alabaster_version": "0.7.12", "theme_show_toc_level": 1, "theme_logo": {}}