{"parents": [{"link": "../../", "title": "API reference"}, {"link": "../../Common/", "title": "Desktop and common classes"}, {"link": "../../Stackup3D/", "title": "Stackup 3D components"}, {"link": "../pyaedt.modeler.stackup_3d.Layer3D/", "title": "pyaedt.modeler.stackup_3d.Layer3D"}], "prev": {"link": "../pyaedt.modeler.stackup_3d.Layer3D.frequency/", "title": "frequency"}, "next": {"link": "../pyaedt.modeler.stackup_3d.Layer3D.material_name/", "title": "material_name"}, "title": "material", "meta": {}, "body": "<section id=\"material\">\n<h1>material<a class=\"headerlink\" href=\"#material\" title=\"Permalink to this heading\">#</a></h1>\n<dl class=\"py property\">\n<dt class=\"sig sig-object py\" id=\"pyaedt.modeler.stackup_3d.Layer3D.material\">\n<em class=\"property\"><span class=\"pre\">property</span><span class=\"w\"> </span></em><span class=\"sig-prename descclassname\"><span class=\"pre\">Layer3D.</span></span><span class=\"sig-name descname\"><span class=\"pre\">material</span></span><a class=\"headerlink\" href=\"#pyaedt.modeler.stackup_3d.Layer3D.material\" title=\"Permalink to this definition\">#</a></dt>\n<dd><p>Material.</p>\n<dl class=\"field-list simple\">\n<dt class=\"field-odd\">Returns<span class=\"colon\">:</span></dt>\n<dd class=\"field-odd\"><dl class=\"simple\">\n<dt><a class=\"reference internal\" href=\"../pyaedt.modules.Material.Material/#pyaedt.modules.Material.Material\" title=\"pyaedt.modules.Material.Material\"><code class=\"xref py py-class docutils literal notranslate\"><span class=\"pre\">pyaedt.modules.Material.Material</span></code></a></dt><dd><p>Material.</p>\n</dd>\n</dl>\n</dd>\n</dl>\n</dd></dl>\n\n</section>\n", "metatags": "<meta name=\"generator\" content=\"Docutils 0.19: https://docutils.sourceforge.io/\" />\n", "rellinks": [["genindex", "General Index", "I", "index"], ["py-modindex", "Python Module Index", "", "modules"], ["API/_autosummary/pyaedt.modeler.stackup_3d.Layer3D.material_name", "material_name", "N", "next"], ["API/_autosummary/pyaedt.modeler.stackup_3d.Layer3D.frequency", "frequency", "P", "previous"]], "sourcename": "API/_autosummary/pyaedt.modeler.stackup_3d.Layer3D.material.rst.txt", "toc": "<ul>\n<li><a class=\"reference internal\" href=\"#\">material</a><ul>\n<li><a class=\"reference internal\" href=\"#pyaedt.modeler.stackup_3d.Layer3D.material\"><code class=\"docutils literal notranslate\"><span class=\"pre\">Layer3D.material</span></code></a></li>\n</ul>\n</li>\n</ul>\n", "display_toc": true, "page_source_suffix": ".rst", "current_page_name": "API/_autosummary/pyaedt.modeler.stackup_3d.Layer3D.material", "sidebars": ["search-field.html", "sidebar-nav-bs.html"], "customsidebar": null, "favicon_url": null, "logo_url": null, "alabaster_version": "0.7.12", "theme_show_toc_level": 1, "theme_logo": {}}