{"parents": [{"link": "../../", "title": "API reference"}, {"link": "../../Setup/", "title": "Setup"}], "prev": {"link": "../pyaedt.modules.SetupTemplates.SweepHFSS.is_solved/", "title": "is_solved"}, "next": {"link": "../pyaedt.modules.SetupTemplates.SweepHFSS3DLayout.add_subrange/", "title": "add_subrange"}, "title": "pyaedt.modules.SetupTemplates.SweepHFSS3DLayout", "meta": {}, "body": "<section id=\"pyaedt-modules-setuptemplates-sweephfss3dlayout\">\n<h1>pyaedt.modules.SetupTemplates.SweepHFSS3DLayout<a class=\"headerlink\" href=\"#pyaedt-modules-setuptemplates-sweephfss3dlayout\" title=\"Permalink to this heading\">#</a></h1>\n<dl class=\"py class\">\n<dt class=\"sig sig-object py\" id=\"pyaedt.modules.SetupTemplates.SweepHFSS3DLayout\">\n<em class=\"property\"><span class=\"pre\">class</span><span class=\"w\"> </span></em><span class=\"sig-prename descclassname\"><span class=\"pre\">pyaedt.modules.SetupTemplates.</span></span><span class=\"sig-name descname\"><span class=\"pre\">SweepHFSS3DLayout</span></span><span class=\"sig-paren\">(</span><em class=\"sig-param\"><span class=\"n\"><span class=\"pre\">app</span></span></em>, <em class=\"sig-param\"><span class=\"n\"><span class=\"pre\">setupname</span></span></em>, <em class=\"sig-param\"><span class=\"n\"><span class=\"pre\">sweepname</span></span></em>, <em class=\"sig-param\"><span class=\"n\"><span class=\"pre\">sweeptype</span></span><span class=\"o\"><span class=\"pre\">=</span></span><span class=\"default_value\"><span class=\"pre\">'Interpolating'</span></span></em>, <em class=\"sig-param\"><span class=\"n\"><span class=\"pre\">save_fields</span></span><span class=\"o\"><span class=\"pre\">=</span></span><span class=\"default_value\"><span class=\"pre\">True</span></span></em>, <em class=\"sig-param\"><span class=\"n\"><span class=\"pre\">props</span></span><span class=\"o\"><span class=\"pre\">=</span></span><span class=\"default_value\"><span class=\"pre\">None</span></span></em><span class=\"sig-paren\">)</span><a class=\"reference internal\" href=\"../../../_modules/pyaedt/modules/SetupTemplates/#SweepHFSS3DLayout\"><span class=\"viewcode-link\"><span class=\"pre\">[source]</span></span></a><a class=\"headerlink\" href=\"#pyaedt.modules.SetupTemplates.SweepHFSS3DLayout\" title=\"Permalink to this definition\">#</a></dt>\n<dd><p>Initializes, creates, and updates sweeps in HFSS 3D Layout.</p>\n<dl class=\"field-list\">\n<dt class=\"field-odd\">Parameters<span class=\"colon\">:</span></dt>\n<dd class=\"field-odd\"><dl>\n<dt><strong>oanaysis</strong></dt><dd></dd>\n<dt><strong>setupname</strong><span class=\"classifier\"><a class=\"reference external\" href=\"https://docs.python.org/dev/library/stdtypes.html#str\" title=\"(in Python v3.12)\"><code class=\"docutils literal notranslate\"><span class=\"pre\">str</span></code></a></span></dt><dd><p>Name of the setup.</p>\n</dd>\n<dt><strong>sweepname</strong><span class=\"classifier\"><a class=\"reference external\" href=\"https://docs.python.org/dev/library/stdtypes.html#str\" title=\"(in Python v3.12)\"><code class=\"docutils literal notranslate\"><span class=\"pre\">str</span></code></a></span></dt><dd><p>Name of the sweep.</p>\n</dd>\n<dt><strong>sweeptype</strong><span class=\"classifier\"><a class=\"reference external\" href=\"https://docs.python.org/dev/library/stdtypes.html#str\" title=\"(in Python v3.12)\"><code class=\"docutils literal notranslate\"><span class=\"pre\">str</span></code></a>, <code class=\"xref py py-obj docutils literal notranslate\"><span class=\"pre\">optional</span></code></span></dt><dd><p>Type of the sweep. Options are <code class=\"docutils literal notranslate\"><span class=\"pre\">&quot;Interpolating&quot;</span></code> and <code class=\"docutils literal notranslate\"><span class=\"pre\">&quot;Discrete&quot;</span></code>. The default is <code class=\"docutils literal notranslate\"><span class=\"pre\">&quot;Interpolating&quot;</span></code>.</p>\n</dd>\n<dt><strong>save_fields</strong><span class=\"classifier\"><a class=\"reference external\" href=\"https://docs.python.org/dev/library/stdtypes.html#bltin-boolean-values\" title=\"(in Python v3.12)\"><span class=\"xref std std-ref\">bool</span></a>, <code class=\"xref py py-obj docutils literal notranslate\"><span class=\"pre\">optional</span></code></span></dt><dd><p>Whether to save the fields. The default is <code class=\"docutils literal notranslate\"><span class=\"pre\">True</span></code>.</p>\n</dd>\n<dt><strong>props</strong><span class=\"classifier\"><a class=\"reference external\" href=\"https://docs.python.org/dev/library/stdtypes.html#dict\" title=\"(in Python v3.12)\"><code class=\"docutils literal notranslate\"><span class=\"pre\">dict</span></code></a>, <code class=\"xref py py-obj docutils literal notranslate\"><span class=\"pre\">optional</span></code></span></dt><dd><p>Dictionary of the properties. The default is <code class=\"docutils literal notranslate\"><span class=\"pre\">None</span></code>, in which\ncase the default properties are retrieved.</p>\n</dd>\n</dl>\n</dd>\n</dl>\n<p class=\"rubric\">Methods</p>\n<table class=\"autosummary longtable docutils align-default\">\n<tbody>\n<tr class=\"row-odd\"><td><p><a class=\"reference internal\" href=\"../pyaedt.modules.SetupTemplates.SweepHFSS3DLayout.add_subrange/#pyaedt.modules.SetupTemplates.SweepHFSS3DLayout.add_subrange\" title=\"pyaedt.modules.SetupTemplates.SweepHFSS3DLayout.add_subrange\"><code class=\"xref py py-obj docutils literal notranslate\"><span class=\"pre\">SweepHFSS3DLayout.add_subrange</span></code></a>(rangetype,\u00a0start)</p></td>\n<td><p>Add a subrange to the sweep.</p></td>\n</tr>\n<tr class=\"row-even\"><td><p><a class=\"reference internal\" href=\"../pyaedt.modules.SetupTemplates.SweepHFSS3DLayout.change_range/#pyaedt.modules.SetupTemplates.SweepHFSS3DLayout.change_range\" title=\"pyaedt.modules.SetupTemplates.SweepHFSS3DLayout.change_range\"><code class=\"xref py py-obj docutils literal notranslate\"><span class=\"pre\">SweepHFSS3DLayout.change_range</span></code></a>(rangetype,\u00a0start)</p></td>\n<td><p>Change the range of the sweep.</p></td>\n</tr>\n<tr class=\"row-odd\"><td><p><a class=\"reference internal\" href=\"../pyaedt.modules.SetupTemplates.SweepHFSS3DLayout.change_type/#pyaedt.modules.SetupTemplates.SweepHFSS3DLayout.change_type\" title=\"pyaedt.modules.SetupTemplates.SweepHFSS3DLayout.change_type\"><code class=\"xref py py-obj docutils literal notranslate\"><span class=\"pre\">SweepHFSS3DLayout.change_type</span></code></a>(sweeptype)</p></td>\n<td><p>Change the type of the sweep.</p></td>\n</tr>\n<tr class=\"row-even\"><td><p><a class=\"reference internal\" href=\"../pyaedt.modules.SetupTemplates.SweepHFSS3DLayout.create/#pyaedt.modules.SetupTemplates.SweepHFSS3DLayout.create\" title=\"pyaedt.modules.SetupTemplates.SweepHFSS3DLayout.create\"><code class=\"xref py py-obj docutils literal notranslate\"><span class=\"pre\">SweepHFSS3DLayout.create</span></code></a>()</p></td>\n<td><p>Create a sweep.</p></td>\n</tr>\n<tr class=\"row-odd\"><td><p><a class=\"reference internal\" href=\"../pyaedt.modules.SetupTemplates.SweepHFSS3DLayout.set_save_fields/#pyaedt.modules.SetupTemplates.SweepHFSS3DLayout.set_save_fields\" title=\"pyaedt.modules.SetupTemplates.SweepHFSS3DLayout.set_save_fields\"><code class=\"xref py py-obj docutils literal notranslate\"><span class=\"pre\">SweepHFSS3DLayout.set_save_fields</span></code></a>(save_fields)</p></td>\n<td><p>Choose whether the fields are saved.</p></td>\n</tr>\n<tr class=\"row-even\"><td><p><a class=\"reference internal\" href=\"../pyaedt.modules.SetupTemplates.SweepHFSS3DLayout.update/#pyaedt.modules.SetupTemplates.SweepHFSS3DLayout.update\" title=\"pyaedt.modules.SetupTemplates.SweepHFSS3DLayout.update\"><code class=\"xref py py-obj docutils literal notranslate\"><span class=\"pre\">SweepHFSS3DLayout.update</span></code></a>()</p></td>\n<td><p>Update the sweep.</p></td>\n</tr>\n</tbody>\n</table>\n<p class=\"rubric\">Attributes</p>\n<table class=\"autosummary longtable docutils align-default\">\n<tbody>\n<tr class=\"row-odd\"><td><p><a class=\"reference internal\" href=\"../pyaedt.modules.SetupTemplates.SweepHFSS3DLayout.combined_name/#pyaedt.modules.SetupTemplates.SweepHFSS3DLayout.combined_name\" title=\"pyaedt.modules.SetupTemplates.SweepHFSS3DLayout.combined_name\"><code class=\"xref py py-obj docutils literal notranslate\"><span class=\"pre\">SweepHFSS3DLayout.combined_name</span></code></a></p></td>\n<td><p>Compute the setupname : sweepname string.</p></td>\n</tr>\n<tr class=\"row-even\"><td><p><a class=\"reference internal\" href=\"../pyaedt.modules.SetupTemplates.SweepHFSS3DLayout.is_solved/#pyaedt.modules.SetupTemplates.SweepHFSS3DLayout.is_solved\" title=\"pyaedt.modules.SetupTemplates.SweepHFSS3DLayout.is_solved\"><code class=\"xref py py-obj docutils literal notranslate\"><span class=\"pre\">SweepHFSS3DLayout.is_solved</span></code></a></p></td>\n<td><p>Verify if solutions are available for given sweep.</p></td>\n</tr>\n</tbody>\n</table>\n</dd></dl>\n\n</section>\n", "metatags": "<meta name=\"generator\" content=\"Docutils 0.19: https://docutils.sourceforge.io/\" />\n", "rellinks": [["genindex", "General Index", "I", "index"], ["py-modindex", "Python Module Index", "", "modules"], ["API/_autosummary/pyaedt.modules.SetupTemplates.SweepHFSS3DLayout.add_subrange", "add_subrange", "N", "next"], ["API/_autosummary/pyaedt.modules.SetupTemplates.SweepHFSS.is_solved", "is_solved", "P", "previous"]], "sourcename": "API/_autosummary/pyaedt.modules.SetupTemplates.SweepHFSS3DLayout.rst.txt", "toc": "<ul>\n<li><a class=\"reference internal\" href=\"#\">pyaedt.modules.SetupTemplates.SweepHFSS3DLayout</a><ul>\n<li><a class=\"reference internal\" href=\"#pyaedt.modules.SetupTemplates.SweepHFSS3DLayout\"><code class=\"docutils literal notranslate\"><span class=\"pre\">SweepHFSS3DLayout</span></code></a></li>\n</ul>\n</li>\n</ul>\n", "display_toc": true, "page_source_suffix": ".rst", "current_page_name": "API/_autosummary/pyaedt.modules.SetupTemplates.SweepHFSS3DLayout", "sidebars": ["search-field.html", "sidebar-nav-bs.html"], "customsidebar": null, "favicon_url": null, "logo_url": null, "alabaster_version": "0.7.12", "theme_show_toc_level": 1, "theme_logo": {}}