{"parents": [{"link": "../../", "title": "API reference"}, {"link": "../../CoreEdb/", "title": "EDB editor"}, {"link": "../pyaedt.edb_core.nets.EdbNets/", "title": "pyaedt.edb_core.nets.EdbNets"}], "prev": {"link": "../pyaedt.edb_core.nets.EdbNets.classify_nets/", "title": "classify_nets"}, "next": {"link": "../pyaedt.edb_core.nets.EdbNets.find_or_create_net/", "title": "find_or_create_net"}, "title": "delete_nets", "meta": {}, "body": "<section id=\"delete-nets\">\n<h1>delete_nets<a class=\"headerlink\" href=\"#delete-nets\" title=\"Permalink to this heading\">#</a></h1>\n<dl class=\"py method\">\n<dt class=\"sig sig-object py\" id=\"pyaedt.edb_core.nets.EdbNets.delete_nets\">\n<span class=\"sig-prename descclassname\"><span class=\"pre\">EdbNets.</span></span><span class=\"sig-name descname\"><span class=\"pre\">delete_nets</span></span><span class=\"sig-paren\">(</span><em class=\"sig-param\"><span class=\"n\"><span class=\"pre\">netlist</span></span></em><span class=\"sig-paren\">)</span><a class=\"reference internal\" href=\"../../../_modules/pyaedt/edb_core/nets/#EdbNets.delete_nets\"><span class=\"viewcode-link\"><span class=\"pre\">[source]</span></span></a><a class=\"headerlink\" href=\"#pyaedt.edb_core.nets.EdbNets.delete_nets\" title=\"Permalink to this definition\">#</a></dt>\n<dd><p>Delete one or more nets from EDB.</p>\n<dl class=\"field-list\">\n<dt class=\"field-odd\">Parameters<span class=\"colon\">:</span></dt>\n<dd class=\"field-odd\"><dl>\n<dt><strong>netlist</strong><span class=\"classifier\"><a class=\"reference external\" href=\"https://docs.python.org/dev/library/stdtypes.html#str\" title=\"(in Python v3.12)\"><code class=\"docutils literal notranslate\"><span class=\"pre\">str</span></code></a> or <a class=\"reference external\" href=\"https://docs.python.org/dev/library/stdtypes.html#list\" title=\"(in Python v3.12)\"><code class=\"docutils literal notranslate\"><span class=\"pre\">list</span></code></a></span></dt><dd><p>One or more nets to delete.</p>\n</dd>\n</dl>\n</dd>\n<dt class=\"field-even\">Returns<span class=\"colon\">:</span></dt>\n<dd class=\"field-even\"><dl class=\"simple\">\n<dt><a class=\"reference external\" href=\"https://docs.python.org/dev/library/stdtypes.html#list\" title=\"(in Python v3.12)\"><code class=\"docutils literal notranslate\"><span class=\"pre\">list</span></code></a></dt><dd><p>List of nets that were deleted.</p>\n</dd>\n</dl>\n</dd>\n</dl>\n<p class=\"rubric\">Examples</p>\n<div class=\"doctest highlight-default notranslate\"><div class=\"highlight\"><pre><span></span><span class=\"gp\">&gt;&gt;&gt; </span><span class=\"n\">deleted_nets</span> <span class=\"o\">=</span> <span class=\"n\">edb_core</span><span class=\"o\">.</span><span class=\"n\">core_nets</span><span class=\"o\">.</span><span class=\"n\">delete_nets</span><span class=\"p\">([</span><span class=\"s2\">&quot;Net1&quot;</span><span class=\"p\">,</span><span class=\"s2\">&quot;Net2&quot;</span><span class=\"p\">])</span>\n</pre></div>\n</div>\n</dd></dl>\n\n</section>\n", "metatags": "<meta name=\"generator\" content=\"Docutils 0.19: https://docutils.sourceforge.io/\" />\n", "rellinks": [["genindex", "General Index", "I", "index"], ["py-modindex", "Python Module Index", "", "modules"], ["API/_autosummary/pyaedt.edb_core.nets.EdbNets.find_or_create_net", "find_or_create_net", "N", "next"], ["API/_autosummary/pyaedt.edb_core.nets.EdbNets.classify_nets", "classify_nets", "P", "previous"]], "sourcename": "API/_autosummary/pyaedt.edb_core.nets.EdbNets.delete_nets.rst.txt", "toc": "<ul>\n<li><a class=\"reference internal\" href=\"#\">delete_nets</a><ul>\n<li><a class=\"reference internal\" href=\"#pyaedt.edb_core.nets.EdbNets.delete_nets\"><code class=\"docutils literal notranslate\"><span class=\"pre\">EdbNets.delete_nets()</span></code></a></li>\n</ul>\n</li>\n</ul>\n", "display_toc": true, "page_source_suffix": ".rst", "current_page_name": "API/_autosummary/pyaedt.edb_core.nets.EdbNets.delete_nets", "sidebars": ["search-field.html", "sidebar-nav-bs.html"], "customsidebar": null, "favicon_url": null, "logo_url": null, "alabaster_version": "0.7.12", "theme_show_toc_level": 1, "theme_logo": {}}