{"parents": [{"link": "../../", "title": "API reference"}, {"link": "../../MaterialManagement/", "title": "Material and stackup"}, {"link": "../pyaedt.modules.LayerStackup.Layers/", "title": "pyaedt.modules.LayerStackup.Layers"}], "prev": {"link": "../pyaedt.modules.LayerStackup.Layers.all_layers/", "title": "all_layers"}, "next": {"link": "../pyaedt.modules.LayerStackup.Layers.drawing_layers/", "title": "drawing_layers"}, "title": "all_signal_layers", "meta": {}, "body": "<section id=\"all-signal-layers\">\n<h1>all_signal_layers<a class=\"headerlink\" href=\"#all-signal-layers\" title=\"Permalink to this heading\">#</a></h1>\n<dl class=\"py property\">\n<dt class=\"sig sig-object py\" id=\"pyaedt.modules.LayerStackup.Layers.all_signal_layers\">\n<em class=\"property\"><span class=\"pre\">property</span><span class=\"w\"> </span></em><span class=\"sig-prename descclassname\"><span class=\"pre\">Layers.</span></span><span class=\"sig-name descname\"><span class=\"pre\">all_signal_layers</span></span><a class=\"headerlink\" href=\"#pyaedt.modules.LayerStackup.Layers.all_signal_layers\" title=\"Permalink to this definition\">#</a></dt>\n<dd><p>All signal layers.</p>\n<dl class=\"field-list simple\">\n<dt class=\"field-odd\">Returns<span class=\"colon\">:</span></dt>\n<dd class=\"field-odd\"><dl class=\"simple\">\n<dt><code class=\"xref py py-obj docutils literal notranslate\"><span class=\"pre\">List</span></code> <code class=\"xref py py-obj docutils literal notranslate\"><span class=\"pre\">of</span></code> <a class=\"reference internal\" href=\"../pyaedt.modules.LayerStackup.Layer/#pyaedt.modules.LayerStackup.Layer\" title=\"pyaedt.modules.LayerStackup.Layer\"><code class=\"xref py py-class docutils literal notranslate\"><span class=\"pre\">pyaedt.modules.LayerStackup.Layer</span></code></a></dt><dd><p>List of signal layers.</p>\n</dd>\n</dl>\n</dd>\n</dl>\n</dd></dl>\n\n</section>\n", "metatags": "<meta name=\"generator\" content=\"Docutils 0.19: https://docutils.sourceforge.io/\" />\n", "rellinks": [["genindex", "General Index", "I", "index"], ["py-modindex", "Python Module Index", "", "modules"], ["API/_autosummary/pyaedt.modules.LayerStackup.Layers.drawing_layers", "drawing_layers", "N", "next"], ["API/_autosummary/pyaedt.modules.LayerStackup.Layers.all_layers", "all_layers", "P", "previous"]], "sourcename": "API/_autosummary/pyaedt.modules.LayerStackup.Layers.all_signal_layers.rst.txt", "toc": "<ul>\n<li><a class=\"reference internal\" href=\"#\">all_signal_layers</a><ul>\n<li><a class=\"reference internal\" href=\"#pyaedt.modules.LayerStackup.Layers.all_signal_layers\"><code class=\"docutils literal notranslate\"><span class=\"pre\">Layers.all_signal_layers</span></code></a></li>\n</ul>\n</li>\n</ul>\n", "display_toc": true, "page_source_suffix": ".rst", "current_page_name": "API/_autosummary/pyaedt.modules.LayerStackup.Layers.all_signal_layers", "sidebars": ["search-field.html", "sidebar-nav-bs.html"], "customsidebar": null, "favicon_url": null, "logo_url": null, "alabaster_version": "0.7.12", "theme_show_toc_level": 1, "theme_logo": {}}