{"parents": [{"link": "../../", "title": "API reference"}, {"link": "../../Application/", "title": "AEDT apps"}, {"link": "../pyaedt.Icepak/", "title": "pyaedt.Icepak"}], "prev": {"link": "../pyaedt.Icepak.save_project/", "title": "save_project"}, "next": {"link": "../pyaedt.Icepak.set_active_dso_config_name/", "title": "set_active_dso_config_name"}, "title": "set_active_design", "meta": {}, "body": "<section id=\"set-active-design\">\n<h1>set_active_design<a class=\"headerlink\" href=\"#set-active-design\" title=\"Permalink to this heading\">#</a></h1>\n<dl class=\"py method\">\n<dt class=\"sig sig-object py\" id=\"pyaedt.Icepak.set_active_design\">\n<span class=\"sig-prename descclassname\"><span class=\"pre\">Icepak.</span></span><span class=\"sig-name descname\"><span class=\"pre\">set_active_design</span></span><span class=\"sig-paren\">(</span><em class=\"sig-param\"><span class=\"n\"><span class=\"pre\">name</span></span></em><span class=\"sig-paren\">)</span><a class=\"headerlink\" href=\"#pyaedt.Icepak.set_active_design\" title=\"Permalink to this definition\">#</a></dt>\n<dd><p>Change the active design to another design.</p>\n<dl class=\"field-list simple\">\n<dt class=\"field-odd\">Parameters<span class=\"colon\">:</span></dt>\n<dd class=\"field-odd\"><dl class=\"simple\">\n<dt><strong>name</strong></dt><dd><p>Name of the design to make active.</p>\n</dd>\n</dl>\n</dd>\n</dl>\n<p class=\"rubric\">References</p>\n<div class=\"doctest highlight-default notranslate\"><div class=\"highlight\"><pre><span></span><span class=\"gp\">&gt;&gt;&gt; </span><span class=\"n\">oProject</span><span class=\"o\">.</span><span class=\"n\">SetActiveDesign</span>\n</pre></div>\n</div>\n</dd></dl>\n\n</section>\n", "metatags": "<meta name=\"generator\" content=\"Docutils 0.19: https://docutils.sourceforge.io/\" />\n", "rellinks": [["genindex", "General Index", "I", "index"], ["py-modindex", "Python Module Index", "", "modules"], ["API/_autosummary/pyaedt.Icepak.set_active_dso_config_name", "set_active_dso_config_name", "N", "next"], ["API/_autosummary/pyaedt.Icepak.save_project", "save_project", "P", "previous"]], "sourcename": "API/_autosummary/pyaedt.Icepak.set_active_design.rst.txt", "toc": "<ul>\n<li><a class=\"reference internal\" href=\"#\">set_active_design</a><ul>\n<li><a class=\"reference internal\" href=\"#pyaedt.Icepak.set_active_design\"><code class=\"docutils literal notranslate\"><span class=\"pre\">Icepak.set_active_design()</span></code></a></li>\n</ul>\n</li>\n</ul>\n", "display_toc": true, "page_source_suffix": ".rst", "current_page_name": "API/_autosummary/pyaedt.Icepak.set_active_design", "sidebars": ["search-field.html", "sidebar-nav-bs.html"], "customsidebar": null, "favicon_url": null, "logo_url": null, "alabaster_version": "0.7.12", "theme_show_toc_level": 1, "theme_logo": {}}