{"parents": [], "prev": null, "next": null, "title": "create_pwl_source", "meta": {}, "body": "<section id=\"create-pwl-source\">\n<h1>create_pwl_source<a class=\"headerlink\" href=\"#create-pwl-source\" title=\"Permalink to this heading\">#</a></h1>\n<dl class=\"py method\">\n<dt class=\"sig sig-object py\" id=\"pyaedt.modules.CableModeling.Cable.create_pwl_source\">\n<span class=\"sig-prename descclassname\"><span class=\"pre\">Cable.</span></span><span class=\"sig-name descname\"><span class=\"pre\">create_pwl_source</span></span><span class=\"sig-paren\">(</span><span class=\"sig-paren\">)</span><a class=\"reference internal\" href=\"../../../_modules/pyaedt/modules/CableModeling/#Cable.create_pwl_source\"><span class=\"viewcode-link\"><span class=\"pre\">[source]</span></span></a><a class=\"headerlink\" href=\"#pyaedt.modules.CableModeling.Cable.create_pwl_source\" title=\"Permalink to this definition\">#</a></dt>\n<dd><p>Create a clock source.</p>\n<dl class=\"field-list simple\">\n<dt class=\"field-odd\">Returns<span class=\"colon\">:</span></dt>\n<dd class=\"field-odd\"><dl class=\"simple\">\n<dt><a class=\"reference external\" href=\"https://docs.python.org/dev/library/stdtypes.html#bltin-boolean-values\" title=\"(in Python v3.12)\"><span class=\"xref std std-ref\">bool</span></a></dt><dd><p><code class=\"docutils literal notranslate\"><span class=\"pre\">True</span></code> when successful, <code class=\"docutils literal notranslate\"><span class=\"pre\">False</span></code> when failed.</p>\n</dd>\n</dl>\n</dd>\n</dl>\n</dd></dl>\n\n</section>\n", "metatags": "<meta name=\"generator\" content=\"Docutils 0.19: https://docutils.sourceforge.io/\" />\n", "rellinks": [["genindex", "General Index", "I", "index"], ["py-modindex", "Python Module Index", "", "modules"]], "sourcename": "API/_autosummary/pyaedt.modules.CableModeling.Cable.create_pwl_source.rst.txt", "toc": "<ul>\n<li><a class=\"reference internal\" href=\"#\">create_pwl_source</a><ul>\n<li><a class=\"reference internal\" href=\"#pyaedt.modules.CableModeling.Cable.create_pwl_source\"><code class=\"docutils literal notranslate\"><span class=\"pre\">Cable.create_pwl_source()</span></code></a></li>\n</ul>\n</li>\n</ul>\n", "display_toc": true, "page_source_suffix": ".rst", "current_page_name": "API/_autosummary/pyaedt.modules.CableModeling.Cable.create_pwl_source", "sidebars": ["search-field.html", "sidebar-nav-bs.html"], "customsidebar": null, "favicon_url": null, "logo_url": null, "alabaster_version": "0.7.12", "theme_show_toc_level": 1, "theme_logo": {}}