{"parents": [{"link": "../../", "title": "API reference"}, {"link": "../../Application/", "title": "AEDT apps"}, {"link": "../pyaedt.Maxwell2d/", "title": "pyaedt.Maxwell2d"}], "prev": {"link": "../pyaedt.Maxwell2d.setup_ctrlprog/", "title": "setup_ctrlprog"}, "next": {"link": "../pyaedt.Maxwell2d.solve_in_batch/", "title": "solve_in_batch"}, "title": "setup_y_connection", "meta": {}, "body": "<section id=\"setup-y-connection\">\n<h1>setup_y_connection<a class=\"headerlink\" href=\"#setup-y-connection\" title=\"Permalink to this heading\">#</a></h1>\n<dl class=\"py method\">\n<dt class=\"sig sig-object py\" id=\"pyaedt.Maxwell2d.setup_y_connection\">\n<span class=\"sig-prename descclassname\"><span class=\"pre\">Maxwell2d.</span></span><span class=\"sig-name descname\"><span class=\"pre\">setup_y_connection</span></span><span class=\"sig-paren\">(</span><em class=\"sig-param\"><span class=\"n\"><span class=\"pre\">windings_name</span></span><span class=\"o\"><span class=\"pre\">=</span></span><span class=\"default_value\"><span class=\"pre\">None</span></span></em><span class=\"sig-paren\">)</span><a class=\"headerlink\" href=\"#pyaedt.Maxwell2d.setup_y_connection\" title=\"Permalink to this definition\">#</a></dt>\n<dd><p>Setup the Y connection.</p>\n<dl class=\"field-list\">\n<dt class=\"field-odd\">Parameters<span class=\"colon\">:</span></dt>\n<dd class=\"field-odd\"><dl>\n<dt><strong>winding_name</strong><span class=\"classifier\"><a class=\"reference external\" href=\"https://docs.python.org/dev/library/stdtypes.html#list\" title=\"(in Python v3.12)\"><code class=\"docutils literal notranslate\"><span class=\"pre\">list</span></code></a>, <code class=\"xref py py-obj docutils literal notranslate\"><span class=\"pre\">optional</span></code></span></dt><dd><p>List of windings. For example, <code class=\"docutils literal notranslate\"><span class=\"pre\">[&quot;PhaseA&quot;,</span> <span class=\"pre\">&quot;PhaseB&quot;,</span> <span class=\"pre\">&quot;PhaseC&quot;]</span></code>.\nThe default value is <code class=\"docutils literal notranslate\"><span class=\"pre\">None</span></code>, in which case the design has no Y connection.</p>\n</dd>\n</dl>\n</dd>\n<dt class=\"field-even\">Returns<span class=\"colon\">:</span></dt>\n<dd class=\"field-even\"><dl class=\"simple\">\n<dt><a class=\"reference external\" href=\"https://docs.python.org/dev/library/stdtypes.html#bltin-boolean-values\" title=\"(in Python v3.12)\"><span class=\"xref std std-ref\">bool</span></a></dt><dd><p><code class=\"docutils literal notranslate\"><span class=\"pre\">True</span></code> when successful and <code class=\"docutils literal notranslate\"><span class=\"pre\">False</span></code> when failed.</p>\n</dd>\n</dl>\n</dd>\n</dl>\n<p class=\"rubric\">References</p>\n<div class=\"doctest highlight-default notranslate\"><div class=\"highlight\"><pre><span></span><span class=\"gp\">&gt;&gt;&gt; </span><span class=\"n\">oModule</span><span class=\"o\">.</span><span class=\"n\">SetupYConnection</span>\n</pre></div>\n</div>\n<p class=\"rubric\">Examples</p>\n<p>Set up the Y connection for three existing windings named <code class=\"docutils literal notranslate\"><span class=\"pre\">PhaseA</span></code>, <code class=\"docutils literal notranslate\"><span class=\"pre\">PhaseB</span></code>, and <code class=\"docutils literal notranslate\"><span class=\"pre\">PhaseC</span></code>.\nThis creates one <code class=\"docutils literal notranslate\"><span class=\"pre\">YConnection</span></code> group containing these three phases.</p>\n<div class=\"doctest highlight-default notranslate\"><div class=\"highlight\"><pre><span></span><span class=\"gp\">&gt;&gt;&gt; </span><span class=\"kn\">from</span> <span class=\"nn\">pyaedt</span> <span class=\"kn\">import</span> <span class=\"n\">Maxwell2d</span>\n<span class=\"gp\">&gt;&gt;&gt; </span><span class=\"n\">aedtapp</span> <span class=\"o\">=</span> <span class=\"n\">Maxwell2d</span><span class=\"p\">(</span><span class=\"s2\">&quot;Motor_EM_R2019R3.aedt&quot;</span><span class=\"p\">)</span>\n<span class=\"gp\">&gt;&gt;&gt; </span><span class=\"n\">aedtapp</span><span class=\"o\">.</span><span class=\"n\">set_active_design</span><span class=\"p\">(</span><span class=\"s2\">&quot;Basis_Model_For_Test&quot;</span><span class=\"p\">)</span>\n<span class=\"gp\">&gt;&gt;&gt; </span><span class=\"n\">aedtapp</span><span class=\"o\">.</span><span class=\"n\">setup_y_connection</span><span class=\"p\">([</span><span class=\"s2\">&quot;PhaseA&quot;</span><span class=\"p\">,</span> <span class=\"s2\">&quot;PhaseB&quot;</span><span class=\"p\">,</span> <span class=\"s2\">&quot;PhaseC&quot;</span><span class=\"p\">])</span>\n</pre></div>\n</div>\n</dd></dl>\n\n</section>\n", "metatags": "<meta name=\"generator\" content=\"Docutils 0.19: https://docutils.sourceforge.io/\" />\n", "rellinks": [["genindex", "General Index", "I", "index"], ["py-modindex", "Python Module Index", "", "modules"], ["API/_autosummary/pyaedt.Maxwell2d.solve_in_batch", "solve_in_batch", "N", "next"], ["API/_autosummary/pyaedt.Maxwell2d.setup_ctrlprog", "setup_ctrlprog", "P", "previous"]], "sourcename": "API/_autosummary/pyaedt.Maxwell2d.setup_y_connection.rst.txt", "toc": "<ul>\n<li><a class=\"reference internal\" href=\"#\">setup_y_connection</a><ul>\n<li><a class=\"reference internal\" href=\"#pyaedt.Maxwell2d.setup_y_connection\"><code class=\"docutils literal notranslate\"><span class=\"pre\">Maxwell2d.setup_y_connection()</span></code></a></li>\n</ul>\n</li>\n</ul>\n", "display_toc": true, "page_source_suffix": ".rst", "current_page_name": "API/_autosummary/pyaedt.Maxwell2d.setup_y_connection", "sidebars": ["search-field.html", "sidebar-nav-bs.html"], "customsidebar": null, "favicon_url": null, "logo_url": null, "alabaster_version": "0.7.12", "theme_show_toc_level": 1, "theme_logo": {}}