{"parents": [{"link": "../../", "title": "API reference"}, {"link": "../../Primitives/", "title": "Modeler and  primitives"}, {"link": "../pyaedt.modeler.Model3D.Modeler3D/", "title": "pyaedt.modeler.Model3D.Modeler3D"}], "prev": {"link": "../pyaedt.modeler.Model3D.Modeler3D.imprint_vector_projection/", "title": "imprint_vector_projection"}, "next": {"link": "../pyaedt.modeler.Model3D.Modeler3D.intersect/", "title": "intersect"}, "title": "insert_3d_component", "meta": {}, "body": "<section id=\"insert-3d-component\">\n<h1>insert_3d_component<a class=\"headerlink\" href=\"#insert-3d-component\" title=\"Permalink to this heading\">#</a></h1>\n<dl class=\"py method\">\n<dt class=\"sig sig-object py\" id=\"pyaedt.modeler.Model3D.Modeler3D.insert_3d_component\">\n<span class=\"sig-prename descclassname\"><span class=\"pre\">Modeler3D.</span></span><span class=\"sig-name descname\"><span class=\"pre\">insert_3d_component</span></span><span class=\"sig-paren\">(</span><em class=\"sig-param\"><span class=\"n\"><span class=\"pre\">compFile</span></span></em>, <em class=\"sig-param\"><span class=\"n\"><span class=\"pre\">geoParams</span></span><span class=\"o\"><span class=\"pre\">=</span></span><span class=\"default_value\"><span class=\"pre\">None</span></span></em>, <em class=\"sig-param\"><span class=\"n\"><span class=\"pre\">szMatParams</span></span><span class=\"o\"><span class=\"pre\">=</span></span><span class=\"default_value\"><span class=\"pre\">''</span></span></em>, <em class=\"sig-param\"><span class=\"n\"><span class=\"pre\">szDesignParams</span></span><span class=\"o\"><span class=\"pre\">=</span></span><span class=\"default_value\"><span class=\"pre\">''</span></span></em>, <em class=\"sig-param\"><span class=\"n\"><span class=\"pre\">targetCS</span></span><span class=\"o\"><span class=\"pre\">=</span></span><span class=\"default_value\"><span class=\"pre\">'Global'</span></span></em>, <em class=\"sig-param\"><span class=\"n\"><span class=\"pre\">name</span></span><span class=\"o\"><span class=\"pre\">=</span></span><span class=\"default_value\"><span class=\"pre\">None</span></span></em><span class=\"sig-paren\">)</span><a class=\"headerlink\" href=\"#pyaedt.modeler.Model3D.Modeler3D.insert_3d_component\" title=\"Permalink to this definition\">#</a></dt>\n<dd><p>Insert a new 3D component.</p>\n<dl class=\"field-list\">\n<dt class=\"field-odd\">Parameters<span class=\"colon\">:</span></dt>\n<dd class=\"field-odd\"><dl>\n<dt><strong>compFile</strong><span class=\"classifier\"><a class=\"reference external\" href=\"https://docs.python.org/dev/library/stdtypes.html#str\" title=\"(in Python v3.12)\"><code class=\"docutils literal notranslate\"><span class=\"pre\">str</span></code></a></span></dt><dd><p>Name of the component file.</p>\n</dd>\n<dt><strong>geoParams</strong><span class=\"classifier\"><a class=\"reference external\" href=\"https://docs.python.org/dev/library/stdtypes.html#dict\" title=\"(in Python v3.12)\"><code class=\"docutils literal notranslate\"><span class=\"pre\">dict</span></code></a>, <code class=\"xref py py-obj docutils literal notranslate\"><span class=\"pre\">optional</span></code></span></dt><dd><p>Geometrical parameters.</p>\n</dd>\n<dt><strong>szMatParams</strong><span class=\"classifier\"><a class=\"reference external\" href=\"https://docs.python.org/dev/library/stdtypes.html#str\" title=\"(in Python v3.12)\"><code class=\"docutils literal notranslate\"><span class=\"pre\">str</span></code></a>, <code class=\"xref py py-obj docutils literal notranslate\"><span class=\"pre\">optional</span></code></span></dt><dd><p>Material parameters. The default is <code class=\"docutils literal notranslate\"><span class=\"pre\">&quot;&quot;</span></code>.</p>\n</dd>\n<dt><strong>szDesignParams</strong><span class=\"classifier\"><a class=\"reference external\" href=\"https://docs.python.org/dev/library/stdtypes.html#str\" title=\"(in Python v3.12)\"><code class=\"docutils literal notranslate\"><span class=\"pre\">str</span></code></a>, <code class=\"xref py py-obj docutils literal notranslate\"><span class=\"pre\">optional</span></code></span></dt><dd><p>Design parameters. The default is <code class=\"docutils literal notranslate\"><span class=\"pre\">&quot;&quot;</span></code>.</p>\n</dd>\n<dt><strong>targetCS</strong><span class=\"classifier\"><a class=\"reference external\" href=\"https://docs.python.org/dev/library/stdtypes.html#str\" title=\"(in Python v3.12)\"><code class=\"docutils literal notranslate\"><span class=\"pre\">str</span></code></a>, <code class=\"xref py py-obj docutils literal notranslate\"><span class=\"pre\">optional</span></code></span></dt><dd><p>Target coordinate system. The default is <code class=\"docutils literal notranslate\"><span class=\"pre\">&quot;Global&quot;</span></code>.</p>\n</dd>\n<dt><strong>name</strong><span class=\"classifier\"><a class=\"reference external\" href=\"https://docs.python.org/dev/library/stdtypes.html#str\" title=\"(in Python v3.12)\"><code class=\"docutils literal notranslate\"><span class=\"pre\">str</span></code></a>, <code class=\"xref py py-obj docutils literal notranslate\"><span class=\"pre\">optional</span></code></span></dt><dd><p>3D component name. The default is <code class=\"docutils literal notranslate\"><span class=\"pre\">None</span></code>.</p>\n</dd>\n</dl>\n</dd>\n<dt class=\"field-even\">Returns<span class=\"colon\">:</span></dt>\n<dd class=\"field-even\"><dl class=\"simple\">\n<dt><a class=\"reference internal\" href=\"../pyaedt.modeler.Object3d.UserDefinedComponent/#pyaedt.modeler.Object3d.UserDefinedComponent\" title=\"pyaedt.modeler.Object3d.UserDefinedComponent\"><code class=\"xref py py-class docutils literal notranslate\"><span class=\"pre\">pyaedt.modeler.Object3d.UserDefinedComponent</span></code></a></dt><dd><p>User defined component object.</p>\n</dd>\n</dl>\n</dd>\n</dl>\n<p class=\"rubric\">References</p>\n<div class=\"doctest highlight-default notranslate\"><div class=\"highlight\"><pre><span></span><span class=\"gp\">&gt;&gt;&gt; </span><span class=\"n\">oEditor</span><span class=\"o\">.</span><span class=\"n\">Insert3DComponent</span>\n</pre></div>\n</div>\n</dd></dl>\n\n</section>\n", "metatags": "<meta name=\"generator\" content=\"Docutils 0.19: https://docutils.sourceforge.io/\" />\n", "rellinks": [["genindex", "General Index", "I", "index"], ["py-modindex", "Python Module Index", "", "modules"], ["API/_autosummary/pyaedt.modeler.Model3D.Modeler3D.intersect", "intersect", "N", "next"], ["API/_autosummary/pyaedt.modeler.Model3D.Modeler3D.imprint_vector_projection", "imprint_vector_projection", "P", "previous"]], "sourcename": "API/_autosummary/pyaedt.modeler.Model3D.Modeler3D.insert_3d_component.rst.txt", "toc": "<ul>\n<li><a class=\"reference internal\" href=\"#\">insert_3d_component</a><ul>\n<li><a class=\"reference internal\" href=\"#pyaedt.modeler.Model3D.Modeler3D.insert_3d_component\"><code class=\"docutils literal notranslate\"><span class=\"pre\">Modeler3D.insert_3d_component()</span></code></a></li>\n</ul>\n</li>\n</ul>\n", "display_toc": true, "page_source_suffix": ".rst", "current_page_name": "API/_autosummary/pyaedt.modeler.Model3D.Modeler3D.insert_3d_component", "sidebars": ["search-field.html", "sidebar-nav-bs.html"], "customsidebar": null, "favicon_url": null, "logo_url": null, "alabaster_version": "0.7.12", "theme_show_toc_level": 1, "theme_logo": {}}