{"parents": [{"link": "../../", "title": "API reference"}, {"link": "../../Application/", "title": "AEDT apps"}, {"link": "../pyaedt.Maxwell3d/", "title": "pyaedt.Maxwell3d"}], "prev": {"link": "../pyaedt.Maxwell3d.assign_rotate_motion/", "title": "assign_rotate_motion"}, "next": {"link": "../pyaedt.Maxwell3d.assign_torque/", "title": "assign_torque"}, "title": "assign_symmetry", "meta": {}, "body": "<section id=\"assign-symmetry\">\n<h1>assign_symmetry<a class=\"headerlink\" href=\"#assign-symmetry\" title=\"Permalink to this heading\">#</a></h1>\n<dl class=\"py method\">\n<dt class=\"sig sig-object py\" id=\"pyaedt.Maxwell3d.assign_symmetry\">\n<span class=\"sig-prename descclassname\"><span class=\"pre\">Maxwell3d.</span></span><span class=\"sig-name descname\"><span class=\"pre\">assign_symmetry</span></span><span class=\"sig-paren\">(</span><em class=\"sig-param\"><span class=\"n\"><span class=\"pre\">entity_list</span></span></em>, <em class=\"sig-param\"><span class=\"n\"><span class=\"pre\">symmetry_name</span></span><span class=\"o\"><span class=\"pre\">=</span></span><span class=\"default_value\"><span class=\"pre\">None</span></span></em>, <em class=\"sig-param\"><span class=\"n\"><span class=\"pre\">is_odd</span></span><span class=\"o\"><span class=\"pre\">=</span></span><span class=\"default_value\"><span class=\"pre\">True</span></span></em><span class=\"sig-paren\">)</span><a class=\"headerlink\" href=\"#pyaedt.Maxwell3d.assign_symmetry\" title=\"Permalink to this definition\">#</a></dt>\n<dd><p>Assign symmetry boundary.</p>\n<dl class=\"field-list\">\n<dt class=\"field-odd\">Parameters<span class=\"colon\">:</span></dt>\n<dd class=\"field-odd\"><dl>\n<dt><strong>entity_list</strong><span class=\"classifier\"><a class=\"reference external\" href=\"https://docs.python.org/dev/library/stdtypes.html#list\" title=\"(in Python v3.12)\"><code class=\"docutils literal notranslate\"><span class=\"pre\">list</span></code></a></span></dt><dd><p>List IDs or <a class=\"reference internal\" href=\"../pyaedt.modeler.Object3d.EdgePrimitive/#pyaedt.modeler.Object3d.EdgePrimitive\" title=\"pyaedt.modeler.Object3d.EdgePrimitive\"><code class=\"xref py py-class docutils literal notranslate\"><span class=\"pre\">pyaedt.modeler.Object3d.EdgePrimitive</span></code></a> or\n<a class=\"reference internal\" href=\"../pyaedt.modeler.Object3d.FacePrimitive/#pyaedt.modeler.Object3d.FacePrimitive\" title=\"pyaedt.modeler.Object3d.FacePrimitive\"><code class=\"xref py py-class docutils literal notranslate\"><span class=\"pre\">pyaedt.modeler.Object3d.FacePrimitive</span></code></a>.</p>\n</dd>\n<dt><strong>symmetry_name</strong><span class=\"classifier\"><a class=\"reference external\" href=\"https://docs.python.org/dev/library/stdtypes.html#str\" title=\"(in Python v3.12)\"><code class=\"docutils literal notranslate\"><span class=\"pre\">str</span></code></a>, <code class=\"xref py py-obj docutils literal notranslate\"><span class=\"pre\">optional</span></code></span></dt><dd><p>Name of the symmetry.</p>\n</dd>\n<dt><strong>is_odd</strong><span class=\"classifier\"><a class=\"reference external\" href=\"https://docs.python.org/dev/library/stdtypes.html#bltin-boolean-values\" title=\"(in Python v3.12)\"><span class=\"xref std std-ref\">bool</span></a>, <code class=\"xref py py-obj docutils literal notranslate\"><span class=\"pre\">optional</span></code></span></dt><dd><p>Type of the symmetry. The default is <code class=\"docutils literal notranslate\"><span class=\"pre\">True`,`</span> <span class=\"pre\">in</span> <span class=\"pre\">which</span> <span class=\"pre\">case</span> <span class=\"pre\">the</span> <span class=\"pre\">H</span> <span class=\"pre\">field</span>\n<span class=\"pre\">is</span> <span class=\"pre\">tangential</span> <span class=\"pre\">to</span> <span class=\"pre\">the</span> <span class=\"pre\">boundary.</span> <span class=\"pre\">If</span> <span class=\"pre\">``False</span></code>, the H field is normal to\nthe boundary.</p>\n</dd>\n</dl>\n</dd>\n<dt class=\"field-even\">Returns<span class=\"colon\">:</span></dt>\n<dd class=\"field-even\"><dl class=\"simple\">\n<dt><a class=\"reference external\" href=\"https://docs.python.org/dev/library/stdtypes.html#bltin-boolean-values\" title=\"(in Python v3.12)\"><span class=\"xref std std-ref\">bool</span></a></dt><dd><p><code class=\"docutils literal notranslate\"><span class=\"pre\">True</span></code> when successful, <code class=\"docutils literal notranslate\"><span class=\"pre\">False</span></code> when failed.</p>\n</dd>\n</dl>\n</dd>\n</dl>\n<p class=\"rubric\">References</p>\n<div class=\"doctest highlight-default notranslate\"><div class=\"highlight\"><pre><span></span><span class=\"gp\">&gt;&gt;&gt; </span><span class=\"n\">oModule</span><span class=\"o\">.</span><span class=\"n\">AssignSymmetry</span>\n</pre></div>\n</div>\n</dd></dl>\n\n</section>\n", "metatags": "<meta name=\"generator\" content=\"Docutils 0.19: https://docutils.sourceforge.io/\" />\n", "rellinks": [["genindex", "General Index", "I", "index"], ["py-modindex", "Python Module Index", "", "modules"], ["API/_autosummary/pyaedt.Maxwell3d.assign_torque", "assign_torque", "N", "next"], ["API/_autosummary/pyaedt.Maxwell3d.assign_rotate_motion", "assign_rotate_motion", "P", "previous"]], "sourcename": "API/_autosummary/pyaedt.Maxwell3d.assign_symmetry.rst.txt", "toc": "<ul>\n<li><a class=\"reference internal\" href=\"#\">assign_symmetry</a><ul>\n<li><a class=\"reference internal\" href=\"#pyaedt.Maxwell3d.assign_symmetry\"><code class=\"docutils literal notranslate\"><span class=\"pre\">Maxwell3d.assign_symmetry()</span></code></a></li>\n</ul>\n</li>\n</ul>\n", "display_toc": true, "page_source_suffix": ".rst", "current_page_name": "API/_autosummary/pyaedt.Maxwell3d.assign_symmetry", "sidebars": ["search-field.html", "sidebar-nav-bs.html"], "customsidebar": null, "favicon_url": null, "logo_url": null, "alabaster_version": "0.7.12", "theme_show_toc_level": 1, "theme_logo": {}}