{"parents": [{"link": "../../", "title": "API reference"}, {"link": "../../Post/", "title": "Postprocessing"}, {"link": "../pyaedt.modules.AdvancedPostProcessing.ModelPlotter/", "title": "pyaedt.modules.AdvancedPostProcessing.ModelPlotter"}], "prev": {"link": "../pyaedt.modules.AdvancedPostProcessing.ModelPlotter/", "title": "pyaedt.modules.AdvancedPostProcessing.ModelPlotter"}, "next": {"link": "../pyaedt.modules.AdvancedPostProcessing.ModelPlotter.add_field_from_file/", "title": "add_field_from_file"}, "title": "add_field_from_data", "meta": {}, "body": "<section id=\"add-field-from-data\">\n<h1>add_field_from_data<a class=\"headerlink\" href=\"#add-field-from-data\" title=\"Permalink to this heading\">#</a></h1>\n<dl class=\"py method\">\n<dt class=\"sig sig-object py\" id=\"pyaedt.modules.AdvancedPostProcessing.ModelPlotter.add_field_from_data\">\n<span class=\"sig-prename descclassname\"><span class=\"pre\">ModelPlotter.</span></span><span class=\"sig-name descname\"><span class=\"pre\">add_field_from_data</span></span><span class=\"sig-paren\">(</span><em class=\"sig-param\"><span class=\"n\"><span class=\"pre\">coordinates</span></span></em>, <em class=\"sig-param\"><span class=\"n\"><span class=\"pre\">fields_data</span></span></em>, <em class=\"sig-param\"><span class=\"n\"><span class=\"pre\">log_scale</span></span><span class=\"o\"><span class=\"pre\">=</span></span><span class=\"default_value\"><span class=\"pre\">True</span></span></em>, <em class=\"sig-param\"><span class=\"n\"><span class=\"pre\">coordinate_units</span></span><span class=\"o\"><span class=\"pre\">=</span></span><span class=\"default_value\"><span class=\"pre\">'meter'</span></span></em>, <em class=\"sig-param\"><span class=\"n\"><span class=\"pre\">opacity</span></span><span class=\"o\"><span class=\"pre\">=</span></span><span class=\"default_value\"><span class=\"pre\">1</span></span></em>, <em class=\"sig-param\"><span class=\"n\"><span class=\"pre\">color_map</span></span><span class=\"o\"><span class=\"pre\">=</span></span><span class=\"default_value\"><span class=\"pre\">'jet'</span></span></em>, <em class=\"sig-param\"><span class=\"n\"><span class=\"pre\">label_name</span></span><span class=\"o\"><span class=\"pre\">=</span></span><span class=\"default_value\"><span class=\"pre\">'Field'</span></span></em>, <em class=\"sig-param\"><span class=\"n\"><span class=\"pre\">surface_mapping_tolerance</span></span><span class=\"o\"><span class=\"pre\">=</span></span><span class=\"default_value\"><span class=\"pre\">0.001</span></span></em>, <em class=\"sig-param\"><span class=\"n\"><span class=\"pre\">show_edges</span></span><span class=\"o\"><span class=\"pre\">=</span></span><span class=\"default_value\"><span class=\"pre\">True</span></span></em><span class=\"sig-paren\">)</span><a class=\"reference internal\" href=\"../../../_modules/pyaedt/generic/plot/#ModelPlotter.add_field_from_data\"><span class=\"viewcode-link\"><span class=\"pre\">[source]</span></span></a><a class=\"headerlink\" href=\"#pyaedt.modules.AdvancedPostProcessing.ModelPlotter.add_field_from_data\" title=\"Permalink to this definition\">#</a></dt>\n<dd><p>Add field data to the scenario.</p>\n<dl class=\"field-list\">\n<dt class=\"field-odd\">Parameters<span class=\"colon\">:</span></dt>\n<dd class=\"field-odd\"><dl>\n<dt><strong>coordinates</strong><span class=\"classifier\"><a class=\"reference external\" href=\"https://docs.python.org/dev/library/stdtypes.html#list\" title=\"(in Python v3.12)\"><code class=\"docutils literal notranslate\"><span class=\"pre\">list</span></code></a> <code class=\"xref py py-obj docutils literal notranslate\"><span class=\"pre\">of</span></code> <a class=\"reference external\" href=\"https://docs.python.org/dev/library/stdtypes.html#list\" title=\"(in Python v3.12)\"><code class=\"docutils literal notranslate\"><span class=\"pre\">list</span></code></a></span></dt><dd><p>List of list [x,y,z] coordinates.</p>\n</dd>\n<dt><strong>fields_data</strong><span class=\"classifier\"><a class=\"reference external\" href=\"https://docs.python.org/dev/library/stdtypes.html#list\" title=\"(in Python v3.12)\"><code class=\"docutils literal notranslate\"><span class=\"pre\">list</span></code></a></span></dt><dd><p>List of list Fields Value.</p>\n</dd>\n<dt><strong>log_scale</strong><span class=\"classifier\"><a class=\"reference external\" href=\"https://docs.python.org/dev/library/stdtypes.html#bltin-boolean-values\" title=\"(in Python v3.12)\"><span class=\"xref std std-ref\">bool</span></a></span></dt><dd><p>Either if the field has to be plotted log or not.</p>\n</dd>\n<dt><strong>coordinate_units</strong><span class=\"classifier\"><a class=\"reference external\" href=\"https://docs.python.org/dev/library/stdtypes.html#str\" title=\"(in Python v3.12)\"><code class=\"docutils literal notranslate\"><span class=\"pre\">str</span></code></a></span></dt><dd><p>Fields coordinates units.</p>\n</dd>\n<dt><strong>opacity</strong><span class=\"classifier\"><a class=\"reference external\" href=\"https://docs.python.org/dev/library/functions.html#float\" title=\"(in Python v3.12)\"><code class=\"docutils literal notranslate\"><span class=\"pre\">float</span></code></a></span></dt><dd><p>Value between 0 to 1 of opacity.</p>\n</dd>\n<dt><strong>color_map</strong><span class=\"classifier\"><a class=\"reference external\" href=\"https://docs.python.org/dev/library/stdtypes.html#str\" title=\"(in Python v3.12)\"><code class=\"docutils literal notranslate\"><span class=\"pre\">str</span></code></a></span></dt><dd><p>Color map of field plot. Default rainbow.</p>\n</dd>\n<dt><strong>label_name</strong><span class=\"classifier\"><a class=\"reference external\" href=\"https://docs.python.org/dev/library/stdtypes.html#str\" title=\"(in Python v3.12)\"><code class=\"docutils literal notranslate\"><span class=\"pre\">str</span></code></a>, <code class=\"xref py py-obj docutils literal notranslate\"><span class=\"pre\">optional</span></code></span></dt><dd><p>Name of the field.</p>\n</dd>\n<dt><strong>surface_mapping_tolerance</strong><span class=\"classifier\"><a class=\"reference external\" href=\"https://docs.python.org/dev/library/functions.html#float\" title=\"(in Python v3.12)\"><code class=\"docutils literal notranslate\"><span class=\"pre\">float</span></code></a>, <code class=\"xref py py-obj docutils literal notranslate\"><span class=\"pre\">optional</span></code></span></dt><dd><p>Delauny tolerance value used for interpolating points.</p>\n</dd>\n</dl>\n</dd>\n<dt class=\"field-even\">Returns<span class=\"colon\">:</span></dt>\n<dd class=\"field-even\"><dl class=\"simple\">\n<dt><a class=\"reference external\" href=\"https://docs.python.org/dev/library/stdtypes.html#bltin-boolean-values\" title=\"(in Python v3.12)\"><span class=\"xref std std-ref\">bool</span></a></dt><dd></dd>\n</dl>\n</dd>\n</dl>\n</dd></dl>\n\n</section>\n", "metatags": "<meta name=\"generator\" content=\"Docutils 0.19: https://docutils.sourceforge.io/\" />\n", "rellinks": [["genindex", "General Index", "I", "index"], ["py-modindex", "Python Module Index", "", "modules"], ["API/_autosummary/pyaedt.modules.AdvancedPostProcessing.ModelPlotter.add_field_from_file", "add_field_from_file", "N", "next"], ["API/_autosummary/pyaedt.modules.AdvancedPostProcessing.ModelPlotter", "pyaedt.modules.AdvancedPostProcessing.ModelPlotter", "P", "previous"]], "sourcename": "API/_autosummary/pyaedt.modules.AdvancedPostProcessing.ModelPlotter.add_field_from_data.rst.txt", "toc": "<ul>\n<li><a class=\"reference internal\" href=\"#\">add_field_from_data</a><ul>\n<li><a class=\"reference internal\" href=\"#pyaedt.modules.AdvancedPostProcessing.ModelPlotter.add_field_from_data\"><code class=\"docutils literal notranslate\"><span class=\"pre\">ModelPlotter.add_field_from_data()</span></code></a></li>\n</ul>\n</li>\n</ul>\n", "display_toc": true, "page_source_suffix": ".rst", "current_page_name": "API/_autosummary/pyaedt.modules.AdvancedPostProcessing.ModelPlotter.add_field_from_data", "sidebars": ["search-field.html", "sidebar-nav-bs.html"], "customsidebar": null, "favicon_url": null, "logo_url": null, "alabaster_version": "0.7.12", "theme_show_toc_level": 1, "theme_logo": {}}