{"parents": [{"link": "../../", "title": "API reference"}, {"link": "../../Application/", "title": "AEDT apps"}, {"link": "../pyaedt.Maxwell3d/", "title": "pyaedt.Maxwell3d"}], "prev": {"link": "../pyaedt.Maxwell3d.project_name/", "title": "project_name"}, "next": {"link": "../pyaedt.Maxwell3d.project_properties/", "title": "project_properties"}, "title": "project_path", "meta": {}, "body": "<section id=\"project-path\">\n<h1>project_path<a class=\"headerlink\" href=\"#project-path\" title=\"Permalink to this heading\">#</a></h1>\n<dl class=\"py property\">\n<dt class=\"sig sig-object py\" id=\"pyaedt.Maxwell3d.project_path\">\n<em class=\"property\"><span class=\"pre\">property</span><span class=\"w\"> </span></em><span class=\"sig-prename descclassname\"><span class=\"pre\">Maxwell3d.</span></span><span class=\"sig-name descname\"><span class=\"pre\">project_path</span></span><a class=\"headerlink\" href=\"#pyaedt.Maxwell3d.project_path\" title=\"Permalink to this definition\">#</a></dt>\n<dd><p>Project path.</p>\n<dl class=\"field-list simple\">\n<dt class=\"field-odd\">Returns<span class=\"colon\">:</span></dt>\n<dd class=\"field-odd\"><dl class=\"simple\">\n<dt><a class=\"reference external\" href=\"https://docs.python.org/dev/library/stdtypes.html#str\" title=\"(in Python v3.12)\"><code class=\"docutils literal notranslate\"><span class=\"pre\">str</span></code></a></dt><dd><p>Path to the project.</p>\n</dd>\n</dl>\n</dd>\n</dl>\n<p class=\"rubric\">References</p>\n<div class=\"doctest highlight-default notranslate\"><div class=\"highlight\"><pre><span></span><span class=\"gp\">&gt;&gt;&gt; </span><span class=\"n\">oProject</span><span class=\"o\">.</span><span class=\"n\">GetPath</span>\n</pre></div>\n</div>\n</dd></dl>\n\n</section>\n", "metatags": "<meta name=\"generator\" content=\"Docutils 0.19: https://docutils.sourceforge.io/\" />\n", "rellinks": [["genindex", "General Index", "I", "index"], ["py-modindex", "Python Module Index", "", "modules"], ["API/_autosummary/pyaedt.Maxwell3d.project_properties", "project_properties", "N", "next"], ["API/_autosummary/pyaedt.Maxwell3d.project_name", "project_name", "P", "previous"]], "sourcename": "API/_autosummary/pyaedt.Maxwell3d.project_path.rst.txt", "toc": "<ul>\n<li><a class=\"reference internal\" href=\"#\">project_path</a><ul>\n<li><a class=\"reference internal\" href=\"#pyaedt.Maxwell3d.project_path\"><code class=\"docutils literal notranslate\"><span class=\"pre\">Maxwell3d.project_path</span></code></a></li>\n</ul>\n</li>\n</ul>\n", "display_toc": true, "page_source_suffix": ".rst", "current_page_name": "API/_autosummary/pyaedt.Maxwell3d.project_path", "sidebars": ["search-field.html", "sidebar-nav-bs.html"], "customsidebar": null, "favicon_url": null, "logo_url": null, "alabaster_version": "0.7.12", "theme_show_toc_level": 1, "theme_logo": {}}