{"parents": [{"link": "../../", "title": "API reference"}, {"link": "../../Application/", "title": "AEDT apps"}, {"link": "../pyaedt.Q3d/", "title": "pyaedt.Q3d"}], "prev": {"link": "../pyaedt.Q3d.create_output_variable/", "title": "create_output_variable"}, "next": {"link": "../pyaedt.Q3d.dataset_exists/", "title": "dataset_exists"}, "title": "create_setup", "meta": {}, "body": "<section id=\"create-setup\">\n<h1>create_setup<a class=\"headerlink\" href=\"#create-setup\" title=\"Permalink to this heading\">#</a></h1>\n<dl class=\"py method\">\n<dt class=\"sig sig-object py\" id=\"pyaedt.Q3d.create_setup\">\n<span class=\"sig-prename descclassname\"><span class=\"pre\">Q3d.</span></span><span class=\"sig-name descname\"><span class=\"pre\">create_setup</span></span><span class=\"sig-paren\">(</span><em class=\"sig-param\"><span class=\"n\"><span class=\"pre\">setupname</span></span><span class=\"o\"><span class=\"pre\">=</span></span><span class=\"default_value\"><span class=\"pre\">'MySetupAuto'</span></span></em>, <em class=\"sig-param\"><span class=\"n\"><span class=\"pre\">setuptype</span></span><span class=\"o\"><span class=\"pre\">=</span></span><span class=\"default_value\"><span class=\"pre\">None</span></span></em>, <em class=\"sig-param\"><span class=\"n\"><span class=\"pre\">props</span></span><span class=\"o\"><span class=\"pre\">=</span></span><span class=\"default_value\"><span class=\"pre\">None</span></span></em><span class=\"sig-paren\">)</span><a class=\"headerlink\" href=\"#pyaedt.Q3d.create_setup\" title=\"Permalink to this definition\">#</a></dt>\n<dd><p>Create a setup.</p>\n<dl class=\"field-list\">\n<dt class=\"field-odd\">Parameters<span class=\"colon\">:</span></dt>\n<dd class=\"field-odd\"><dl>\n<dt><strong>setupname</strong><span class=\"classifier\"><a class=\"reference external\" href=\"https://docs.python.org/dev/library/stdtypes.html#str\" title=\"(in Python v3.12)\"><code class=\"docutils literal notranslate\"><span class=\"pre\">str</span></code></a>, <code class=\"xref py py-obj docutils literal notranslate\"><span class=\"pre\">optional</span></code></span></dt><dd><p>Name of the setup. The default is <code class=\"docutils literal notranslate\"><span class=\"pre\">&quot;MySetupAuto&quot;</span></code>.</p>\n</dd>\n<dt><strong>setuptype</strong><span class=\"classifier\"><code class=\"xref py py-obj docutils literal notranslate\"><span class=\"pre\">optional</span></code></span></dt><dd><p>Type of the setup. The default is <code class=\"docutils literal notranslate\"><span class=\"pre\">None</span></code>, in which case\nthe default type is applied.</p>\n</dd>\n<dt><strong>props</strong><span class=\"classifier\"><a class=\"reference external\" href=\"https://docs.python.org/dev/library/stdtypes.html#dict\" title=\"(in Python v3.12)\"><code class=\"docutils literal notranslate\"><span class=\"pre\">dict</span></code></a>, <code class=\"xref py py-obj docutils literal notranslate\"><span class=\"pre\">optional</span></code></span></dt><dd><p>Dictionary of analysis properties appropriate for the design and analysis.\nIf no values are passed, default values are used.</p>\n</dd>\n</dl>\n</dd>\n<dt class=\"field-even\">Returns<span class=\"colon\">:</span></dt>\n<dd class=\"field-even\"><dl class=\"simple\">\n<dt><a class=\"reference internal\" href=\"../pyaedt.modules.SolveSetup.Setup/#pyaedt.modules.SolveSetup.Setup\" title=\"pyaedt.modules.SolveSetup.Setup\"><code class=\"xref py py-class docutils literal notranslate\"><span class=\"pre\">pyaedt.modules.SolveSetup.Setup</span></code></a></dt><dd></dd>\n</dl>\n</dd>\n</dl>\n<p class=\"rubric\">References</p>\n<div class=\"doctest highlight-default notranslate\"><div class=\"highlight\"><pre><span></span><span class=\"gp\">&gt;&gt;&gt; </span><span class=\"n\">oModule</span><span class=\"o\">.</span><span class=\"n\">InsertSetup</span>\n</pre></div>\n</div>\n<p class=\"rubric\">Examples</p>\n<p>Create a setup for SBR+ setup using advanced Doppler\nprocessing for automotive radar.</p>\n<div class=\"doctest highlight-default notranslate\"><div class=\"highlight\"><pre><span></span><span class=\"gp\">&gt;&gt;&gt; </span><span class=\"kn\">import</span> <span class=\"nn\">pyaedt</span>\n<span class=\"gp\">&gt;&gt;&gt; </span><span class=\"n\">hfss</span> <span class=\"o\">=</span> <span class=\"n\">pyaedt</span><span class=\"o\">.</span><span class=\"n\">Hfss</span><span class=\"p\">(</span><span class=\"n\">solution_type</span><span class=\"o\">=</span><span class=\"s1\">&#39;SBR+&#39;</span><span class=\"p\">)</span>\n<span class=\"gp\">&gt;&gt;&gt; </span><span class=\"n\">setup1</span> <span class=\"o\">=</span> <span class=\"n\">hfss</span><span class=\"o\">.</span><span class=\"n\">create_setup</span><span class=\"p\">(</span><span class=\"n\">setupname</span><span class=\"o\">=</span><span class=\"s1\">&#39;Setup1&#39;</span><span class=\"p\">)</span>\n<span class=\"gp\">&gt;&gt;&gt; </span><span class=\"n\">setup1</span><span class=\"o\">.</span><span class=\"n\">props</span><span class=\"p\">[</span><span class=\"s2\">&quot;IsSbrRangeDoppler&quot;</span><span class=\"p\">]</span> <span class=\"o\">=</span> <span class=\"kc\">True</span>\n<span class=\"gp\">&gt;&gt;&gt; </span><span class=\"n\">setup1</span><span class=\"o\">.</span><span class=\"n\">props</span><span class=\"p\">[</span><span class=\"s2\">&quot;SbrRangeDopplerTimeVariable&quot;</span><span class=\"p\">]</span> <span class=\"o\">=</span> <span class=\"s2\">&quot;time_var&quot;</span>\n<span class=\"gp\">&gt;&gt;&gt; </span><span class=\"n\">setup1</span><span class=\"o\">.</span><span class=\"n\">props</span><span class=\"p\">[</span><span class=\"s2\">&quot;SbrRangeDopplerCenterFreq&quot;</span><span class=\"p\">]</span> <span class=\"o\">=</span> <span class=\"s2\">&quot;76.5GHz&quot;</span>\n<span class=\"gp\">&gt;&gt;&gt; </span><span class=\"n\">setup1</span><span class=\"o\">.</span><span class=\"n\">props</span><span class=\"p\">[</span><span class=\"s2\">&quot;SbrRangeDopplerRangeResolution&quot;</span><span class=\"p\">]</span> <span class=\"o\">=</span> <span class=\"s2\">&quot;0.15meter&quot;</span>\n<span class=\"gp\">&gt;&gt;&gt; </span><span class=\"n\">setup1</span><span class=\"o\">.</span><span class=\"n\">props</span><span class=\"p\">[</span><span class=\"s2\">&quot;SbrRangeDopplerRangePeriod&quot;</span><span class=\"p\">]</span> <span class=\"o\">=</span> <span class=\"s2\">&quot;100meter&quot;</span>\n<span class=\"gp\">&gt;&gt;&gt; </span><span class=\"n\">setup1</span><span class=\"o\">.</span><span class=\"n\">props</span><span class=\"p\">[</span><span class=\"s2\">&quot;SbrRangeDopplerVelocityResolution&quot;</span><span class=\"p\">]</span> <span class=\"o\">=</span> <span class=\"s2\">&quot;0.2m_per_sec&quot;</span>\n<span class=\"gp\">&gt;&gt;&gt; </span><span class=\"n\">setup1</span><span class=\"o\">.</span><span class=\"n\">props</span><span class=\"p\">[</span><span class=\"s2\">&quot;SbrRangeDopplerVelocityMin&quot;</span><span class=\"p\">]</span> <span class=\"o\">=</span> <span class=\"s2\">&quot;-30m_per_sec&quot;</span>\n<span class=\"gp\">&gt;&gt;&gt; </span><span class=\"n\">setup1</span><span class=\"o\">.</span><span class=\"n\">props</span><span class=\"p\">[</span><span class=\"s2\">&quot;SbrRangeDopplerVelocityMax&quot;</span><span class=\"p\">]</span> <span class=\"o\">=</span> <span class=\"s2\">&quot;30m_per_sec&quot;</span>\n<span class=\"gp\">&gt;&gt;&gt; </span><span class=\"n\">setup1</span><span class=\"o\">.</span><span class=\"n\">props</span><span class=\"p\">[</span><span class=\"s2\">&quot;DopplerRayDensityPerWavelength&quot;</span><span class=\"p\">]</span> <span class=\"o\">=</span> <span class=\"s2\">&quot;0.2&quot;</span>\n<span class=\"gp\">&gt;&gt;&gt; </span><span class=\"n\">setup1</span><span class=\"o\">.</span><span class=\"n\">props</span><span class=\"p\">[</span><span class=\"s2\">&quot;MaxNumberOfBounces&quot;</span><span class=\"p\">]</span> <span class=\"o\">=</span> <span class=\"s2\">&quot;3&quot;</span>\n<span class=\"gp\">&gt;&gt;&gt; </span><span class=\"n\">setup1</span><span class=\"o\">.</span><span class=\"n\">update</span><span class=\"p\">()</span>\n<span class=\"gp\">...</span>\n<span class=\"go\">pyaedt info: Sweep was created correctly.</span>\n</pre></div>\n</div>\n</dd></dl>\n\n</section>\n", "metatags": "<meta name=\"generator\" content=\"Docutils 0.19: https://docutils.sourceforge.io/\" />\n", "rellinks": [["genindex", "General Index", "I", "index"], ["py-modindex", "Python Module Index", "", "modules"], ["API/_autosummary/pyaedt.Q3d.dataset_exists", "dataset_exists", "N", "next"], ["API/_autosummary/pyaedt.Q3d.create_output_variable", "create_output_variable", "P", "previous"]], "sourcename": "API/_autosummary/pyaedt.Q3d.create_setup.rst.txt", "toc": "<ul>\n<li><a class=\"reference internal\" href=\"#\">create_setup</a><ul>\n<li><a class=\"reference internal\" href=\"#pyaedt.Q3d.create_setup\"><code class=\"docutils literal notranslate\"><span class=\"pre\">Q3d.create_setup()</span></code></a></li>\n</ul>\n</li>\n</ul>\n", "display_toc": true, "page_source_suffix": ".rst", "current_page_name": "API/_autosummary/pyaedt.Q3d.create_setup", "sidebars": ["search-field.html", "sidebar-nav-bs.html"], "customsidebar": null, "favicon_url": null, "logo_url": null, "alabaster_version": "0.7.12", "theme_show_toc_level": 1, "theme_logo": {}}