{"parents": [{"link": "../../", "title": "API reference"}, {"link": "../../Primitives/", "title": "Modeler and  primitives"}, {"link": "../pyaedt.modeler.Model3D.Modeler3D/", "title": "pyaedt.modeler.Model3D.Modeler3D"}], "prev": {"link": "../pyaedt.modeler.Model3D.Modeler3D.duplicate_and_mirror/", "title": "duplicate_and_mirror"}, "next": {"link": "../pyaedt.modeler.Model3D.Modeler3D.edit_region_dimensions/", "title": "edit_region_dimensions"}, "title": "duplicate_around_axis", "meta": {}, "body": "<section id=\"duplicate-around-axis\">\n<h1>duplicate_around_axis<a class=\"headerlink\" href=\"#duplicate-around-axis\" title=\"Permalink to this heading\">#</a></h1>\n<dl class=\"py method\">\n<dt class=\"sig sig-object py\" id=\"pyaedt.modeler.Model3D.Modeler3D.duplicate_around_axis\">\n<span class=\"sig-prename descclassname\"><span class=\"pre\">Modeler3D.</span></span><span class=\"sig-name descname\"><span class=\"pre\">duplicate_around_axis</span></span><span class=\"sig-paren\">(</span><em class=\"sig-param\"><span class=\"n\"><span class=\"pre\">objid</span></span></em>, <em class=\"sig-param\"><span class=\"n\"><span class=\"pre\">cs_axis</span></span></em>, <em class=\"sig-param\"><span class=\"n\"><span class=\"pre\">angle</span></span><span class=\"o\"><span class=\"pre\">=</span></span><span class=\"default_value\"><span class=\"pre\">90</span></span></em>, <em class=\"sig-param\"><span class=\"n\"><span class=\"pre\">nclones</span></span><span class=\"o\"><span class=\"pre\">=</span></span><span class=\"default_value\"><span class=\"pre\">2</span></span></em>, <em class=\"sig-param\"><span class=\"n\"><span class=\"pre\">create_new_objects</span></span><span class=\"o\"><span class=\"pre\">=</span></span><span class=\"default_value\"><span class=\"pre\">True</span></span></em>, <em class=\"sig-param\"><span class=\"n\"><span class=\"pre\">is_3d_comp</span></span><span class=\"o\"><span class=\"pre\">=</span></span><span class=\"default_value\"><span class=\"pre\">False</span></span></em>, <em class=\"sig-param\"><span class=\"n\"><span class=\"pre\">duplicate_assignment</span></span><span class=\"o\"><span class=\"pre\">=</span></span><span class=\"default_value\"><span class=\"pre\">True</span></span></em><span class=\"sig-paren\">)</span><a class=\"headerlink\" href=\"#pyaedt.modeler.Model3D.Modeler3D.duplicate_around_axis\" title=\"Permalink to this definition\">#</a></dt>\n<dd><p>Duplicate a selection around an axis.</p>\n<dl class=\"field-list\">\n<dt class=\"field-odd\">Parameters<span class=\"colon\">:</span></dt>\n<dd class=\"field-odd\"><dl>\n<dt><strong>objid</strong><span class=\"classifier\"><a class=\"reference external\" href=\"https://docs.python.org/dev/library/stdtypes.html#list\" title=\"(in Python v3.12)\"><code class=\"docutils literal notranslate\"><span class=\"pre\">list</span></code></a>, <a class=\"reference external\" href=\"https://docs.python.org/dev/library/stdtypes.html#str\" title=\"(in Python v3.12)\"><code class=\"docutils literal notranslate\"><span class=\"pre\">str</span></code></a>, <a class=\"reference external\" href=\"https://docs.python.org/dev/library/functions.html#int\" title=\"(in Python v3.12)\"><code class=\"docutils literal notranslate\"><span class=\"pre\">int</span></code></a>, <code class=\"xref py py-obj docutils literal notranslate\"><span class=\"pre\">Object3d</span></code> or <code class=\"xref py py-obj docutils literal notranslate\"><span class=\"pre\">UserDefinedComponent</span></code></span></dt><dd><p>Name or ID of the object.</p>\n</dd>\n<dt><strong>cs_axis</strong></dt><dd><p>Coordinate system axis or the Application.CoordinateSystemAxis object.</p>\n</dd>\n<dt><strong>angle</strong><span class=\"classifier\"><a class=\"reference external\" href=\"https://docs.python.org/dev/library/functions.html#float\" title=\"(in Python v3.12)\"><code class=\"docutils literal notranslate\"><span class=\"pre\">float</span></code></a>, <code class=\"xref py py-obj docutils literal notranslate\"><span class=\"pre\">optional</span></code></span></dt><dd><p>Angle rotation in degees. The default is <code class=\"docutils literal notranslate\"><span class=\"pre\">90</span></code>.</p>\n</dd>\n<dt><strong>nclones</strong><span class=\"classifier\"><a class=\"reference external\" href=\"https://docs.python.org/dev/library/functions.html#int\" title=\"(in Python v3.12)\"><code class=\"docutils literal notranslate\"><span class=\"pre\">int</span></code></a>, <code class=\"xref py py-obj docutils literal notranslate\"><span class=\"pre\">optional</span></code></span></dt><dd><p>Number of clones. The default is <code class=\"docutils literal notranslate\"><span class=\"pre\">2</span></code>.</p>\n</dd>\n<dt><strong>create_new_objects</strong></dt><dd><p>Whether to create the copies as new objects. The\ndefault is <code class=\"docutils literal notranslate\"><span class=\"pre\">True</span></code>.</p>\n</dd>\n<dt><strong>is_3d_comp</strong><span class=\"classifier\"><a class=\"reference external\" href=\"https://docs.python.org/dev/library/stdtypes.html#bltin-boolean-values\" title=\"(in Python v3.12)\"><span class=\"xref std std-ref\">bool</span></a>, <code class=\"xref py py-obj docutils literal notranslate\"><span class=\"pre\">optional</span></code></span></dt><dd><p>If <code class=\"docutils literal notranslate\"><span class=\"pre\">True</span></code>, the method will try to return the duplicated list of 3dcomponents. The default is <code class=\"docutils literal notranslate\"><span class=\"pre\">False</span></code>.</p>\n</dd>\n<dt><strong>duplicate_assignment</strong><span class=\"classifier\"><a class=\"reference external\" href=\"https://docs.python.org/dev/library/stdtypes.html#bltin-boolean-values\" title=\"(in Python v3.12)\"><span class=\"xref std std-ref\">bool</span></a>, <code class=\"xref py py-obj docutils literal notranslate\"><span class=\"pre\">optional</span></code></span></dt><dd><p>If True, the method duplicates selection assignments. The default value is <code class=\"docutils literal notranslate\"><span class=\"pre\">True</span></code>.</p>\n</dd>\n</dl>\n</dd>\n<dt class=\"field-even\">Returns<span class=\"colon\">:</span></dt>\n<dd class=\"field-even\"><dl class=\"simple\">\n<dt><a class=\"reference external\" href=\"https://docs.python.org/dev/library/stdtypes.html#tuple\" title=\"(in Python v3.12)\"><code class=\"docutils literal notranslate\"><span class=\"pre\">tuple</span></code></a></dt><dd></dd>\n</dl>\n</dd>\n</dl>\n<p class=\"rubric\">References</p>\n<div class=\"doctest highlight-default notranslate\"><div class=\"highlight\"><pre><span></span><span class=\"gp\">&gt;&gt;&gt; </span><span class=\"n\">oEditor</span><span class=\"o\">.</span><span class=\"n\">DuplicateAroundAxis</span>\n</pre></div>\n</div>\n</dd></dl>\n\n</section>\n", "metatags": "<meta name=\"generator\" content=\"Docutils 0.19: https://docutils.sourceforge.io/\" />\n", "rellinks": [["genindex", "General Index", "I", "index"], ["py-modindex", "Python Module Index", "", "modules"], ["API/_autosummary/pyaedt.modeler.Model3D.Modeler3D.edit_region_dimensions", "edit_region_dimensions", "N", "next"], ["API/_autosummary/pyaedt.modeler.Model3D.Modeler3D.duplicate_and_mirror", "duplicate_and_mirror", "P", "previous"]], "sourcename": "API/_autosummary/pyaedt.modeler.Model3D.Modeler3D.duplicate_around_axis.rst.txt", "toc": "<ul>\n<li><a class=\"reference internal\" href=\"#\">duplicate_around_axis</a><ul>\n<li><a class=\"reference internal\" href=\"#pyaedt.modeler.Model3D.Modeler3D.duplicate_around_axis\"><code class=\"docutils literal notranslate\"><span class=\"pre\">Modeler3D.duplicate_around_axis()</span></code></a></li>\n</ul>\n</li>\n</ul>\n", "display_toc": true, "page_source_suffix": ".rst", "current_page_name": "API/_autosummary/pyaedt.modeler.Model3D.Modeler3D.duplicate_around_axis", "sidebars": ["search-field.html", "sidebar-nav-bs.html"], "customsidebar": null, "favicon_url": null, "logo_url": null, "alabaster_version": "0.7.12", "theme_show_toc_level": 1, "theme_logo": {}}