{"parents": [{"link": "../../", "title": "API reference"}, {"link": "../../Application/", "title": "AEDT apps"}, {"link": "../pyaedt.Q3d/", "title": "pyaedt.Q3d"}], "prev": {"link": "../pyaedt.Q3d.mesh/", "title": "mesh"}, "next": {"link": "../pyaedt.Q3d.native_components/", "title": "native_components"}, "title": "modeler", "meta": {}, "body": "<section id=\"modeler\">\n<h1>modeler<a class=\"headerlink\" href=\"#modeler\" title=\"Permalink to this heading\">#</a></h1>\n<dl class=\"py property\">\n<dt class=\"sig sig-object py\" id=\"pyaedt.Q3d.modeler\">\n<em class=\"property\"><span class=\"pre\">property</span><span class=\"w\"> </span></em><span class=\"sig-prename descclassname\"><span class=\"pre\">Q3d.</span></span><span class=\"sig-name descname\"><span class=\"pre\">modeler</span></span><a class=\"headerlink\" href=\"#pyaedt.Q3d.modeler\" title=\"Permalink to this definition\">#</a></dt>\n<dd><p>Modeler.</p>\n<dl class=\"field-list simple\">\n<dt class=\"field-odd\">Returns<span class=\"colon\">:</span></dt>\n<dd class=\"field-odd\"><dl class=\"simple\">\n<dt><a class=\"reference internal\" href=\"../pyaedt.modeler.Model3D.Modeler3D/#pyaedt.modeler.Model3D.Modeler3D\" title=\"pyaedt.modeler.Model3D.Modeler3D\"><code class=\"xref py py-class docutils literal notranslate\"><span class=\"pre\">pyaedt.modeler.Model3D.Modeler3D</span></code></a> or <a class=\"reference internal\" href=\"../pyaedt.modeler.Model2D.Modeler2D/#pyaedt.modeler.Model2D.Modeler2D\" title=\"pyaedt.modeler.Model2D.Modeler2D\"><code class=\"xref py py-class docutils literal notranslate\"><span class=\"pre\">pyaedt.modeler.Model2D.Modeler2D</span></code></a></dt><dd></dd>\n</dl>\n</dd>\n</dl>\n</dd></dl>\n\n</section>\n", "metatags": "<meta name=\"generator\" content=\"Docutils 0.19: https://docutils.sourceforge.io/\" />\n", "rellinks": [["genindex", "General Index", "I", "index"], ["py-modindex", "Python Module Index", "", "modules"], ["API/_autosummary/pyaedt.Q3d.native_components", "native_components", "N", "next"], ["API/_autosummary/pyaedt.Q3d.mesh", "mesh", "P", "previous"]], "sourcename": "API/_autosummary/pyaedt.Q3d.modeler.rst.txt", "toc": "<ul>\n<li><a class=\"reference internal\" href=\"#\">modeler</a><ul>\n<li><a class=\"reference internal\" href=\"#pyaedt.Q3d.modeler\"><code class=\"docutils literal notranslate\"><span class=\"pre\">Q3d.modeler</span></code></a></li>\n</ul>\n</li>\n</ul>\n", "display_toc": true, "page_source_suffix": ".rst", "current_page_name": "API/_autosummary/pyaedt.Q3d.modeler", "sidebars": ["search-field.html", "sidebar-nav-bs.html"], "customsidebar": null, "favicon_url": null, "logo_url": null, "alabaster_version": "0.7.12", "theme_show_toc_level": 1, "theme_logo": {}}