{"parents": [{"link": "../../", "title": "API reference"}, {"link": "../../Application/", "title": "AEDT apps"}, {"link": "../pyaedt.Mechanical/", "title": "pyaedt.Mechanical"}], "prev": {"link": "../pyaedt.Mechanical.assign_uniform_convection/", "title": "assign_uniform_convection"}, "next": {"link": "../pyaedt.Mechanical.assignmaterial_from_sherlock_files/", "title": "assignmaterial_from_sherlock_files"}, "title": "assign_uniform_temperature", "meta": {}, "body": "<section id=\"assign-uniform-temperature\">\n<h1>assign_uniform_temperature<a class=\"headerlink\" href=\"#assign-uniform-temperature\" title=\"Permalink to this heading\">#</a></h1>\n<dl class=\"py method\">\n<dt class=\"sig sig-object py\" id=\"pyaedt.Mechanical.assign_uniform_temperature\">\n<span class=\"sig-prename descclassname\"><span class=\"pre\">Mechanical.</span></span><span class=\"sig-name descname\"><span class=\"pre\">assign_uniform_temperature</span></span><span class=\"sig-paren\">(</span><em class=\"sig-param\"><span class=\"n\"><span class=\"pre\">objects_list</span></span></em>, <em class=\"sig-param\"><span class=\"n\"><span class=\"pre\">temperature</span></span><span class=\"o\"><span class=\"pre\">=</span></span><span class=\"default_value\"><span class=\"pre\">'AmbientTemp'</span></span></em>, <em class=\"sig-param\"><span class=\"n\"><span class=\"pre\">boundary_name</span></span><span class=\"o\"><span class=\"pre\">=</span></span><span class=\"default_value\"><span class=\"pre\">''</span></span></em><span class=\"sig-paren\">)</span><a class=\"reference internal\" href=\"../../../_modules/pyaedt/mechanical/#Mechanical.assign_uniform_temperature\"><span class=\"viewcode-link\"><span class=\"pre\">[source]</span></span></a><a class=\"headerlink\" href=\"#pyaedt.Mechanical.assign_uniform_temperature\" title=\"Permalink to this definition\">#</a></dt>\n<dd><p>Assign a uniform temperature boundary.</p>\n<div class=\"admonition note\">\n<p class=\"admonition-title\">Note</p>\n<p>This method works only in a Mechanical Thermal analysis.</p>\n</div>\n<dl class=\"field-list\">\n<dt class=\"field-odd\">Parameters<span class=\"colon\">:</span></dt>\n<dd class=\"field-odd\"><dl>\n<dt><strong>objects_list</strong><span class=\"classifier\"><a class=\"reference external\" href=\"https://docs.python.org/dev/library/stdtypes.html#list\" title=\"(in Python v3.12)\"><code class=\"docutils literal notranslate\"><span class=\"pre\">list</span></code></a></span></dt><dd><p>List of objects, faces, or both.</p>\n</dd>\n<dt><strong>temperature</strong><span class=\"classifier\"><a class=\"reference external\" href=\"https://docs.python.org/dev/library/stdtypes.html#str\" title=\"(in Python v3.12)\"><code class=\"docutils literal notranslate\"><span class=\"pre\">str</span></code></a>, optional.</span></dt><dd><p>Type of the temperature. The default is <code class=\"docutils literal notranslate\"><span class=\"pre\">&quot;AmbientTemp&quot;</span></code>.</p>\n</dd>\n<dt><strong>boundary_name</strong><span class=\"classifier\"><a class=\"reference external\" href=\"https://docs.python.org/dev/library/stdtypes.html#str\" title=\"(in Python v3.12)\"><code class=\"docutils literal notranslate\"><span class=\"pre\">str</span></code></a>, <code class=\"xref py py-obj docutils literal notranslate\"><span class=\"pre\">optional</span></code></span></dt><dd><p>Name of the boundary. The default is <code class=\"docutils literal notranslate\"><span class=\"pre\">&quot;&quot;</span></code>.</p>\n</dd>\n</dl>\n</dd>\n<dt class=\"field-even\">Returns<span class=\"colon\">:</span></dt>\n<dd class=\"field-even\"><dl class=\"simple\">\n<dt><code class=\"xref py py-class docutils literal notranslate\"><span class=\"pre\">aedt.modules.Boundary.Boundary</span> <span class=\"pre\">object</span></code></dt><dd><p>Boundary object.</p>\n</dd>\n</dl>\n</dd>\n</dl>\n<p class=\"rubric\">References</p>\n<div class=\"doctest highlight-default notranslate\"><div class=\"highlight\"><pre><span></span><span class=\"gp\">&gt;&gt;&gt; </span><span class=\"n\">oModule</span><span class=\"o\">.</span><span class=\"n\">AssignTemperature</span>\n</pre></div>\n</div>\n</dd></dl>\n\n</section>\n", "metatags": "<meta name=\"generator\" content=\"Docutils 0.19: https://docutils.sourceforge.io/\" />\n", "rellinks": [["genindex", "General Index", "I", "index"], ["py-modindex", "Python Module Index", "", "modules"], ["API/_autosummary/pyaedt.Mechanical.assignmaterial_from_sherlock_files", "assignmaterial_from_sherlock_files", "N", "next"], ["API/_autosummary/pyaedt.Mechanical.assign_uniform_convection", "assign_uniform_convection", "P", "previous"]], "sourcename": "API/_autosummary/pyaedt.Mechanical.assign_uniform_temperature.rst.txt", "toc": "<ul>\n<li><a class=\"reference internal\" href=\"#\">assign_uniform_temperature</a><ul>\n<li><a class=\"reference internal\" href=\"#pyaedt.Mechanical.assign_uniform_temperature\"><code class=\"docutils literal notranslate\"><span class=\"pre\">Mechanical.assign_uniform_temperature()</span></code></a></li>\n</ul>\n</li>\n</ul>\n", "display_toc": true, "page_source_suffix": ".rst", "current_page_name": "API/_autosummary/pyaedt.Mechanical.assign_uniform_temperature", "sidebars": ["search-field.html", "sidebar-nav-bs.html"], "customsidebar": null, "favicon_url": null, "logo_url": null, "alabaster_version": "0.7.12", "theme_show_toc_level": 1, "theme_logo": {}}