{"parents": [{"link": "../../", "title": "API reference"}, {"link": "../../Primitives/", "title": "Modeler and  primitives"}, {"link": "../pyaedt.modeler.Primitives3D.Primitives3D/", "title": "pyaedt.modeler.Primitives3D.Primitives3D"}], "prev": {"link": "../pyaedt.modeler.Primitives3D.Primitives3D.model_consistency_report/", "title": "model_consistency_report"}, "next": {"link": "../pyaedt.modeler.Primitives3D.Primitives3D.model_units/", "title": "model_units"}, "title": "model_objects", "meta": {}, "body": "<section id=\"model-objects\">\n<h1>model_objects<a class=\"headerlink\" href=\"#model-objects\" title=\"Permalink to this heading\">#</a></h1>\n<dl class=\"py property\">\n<dt class=\"sig sig-object py\" id=\"pyaedt.modeler.Primitives3D.Primitives3D.model_objects\">\n<em class=\"property\"><span class=\"pre\">property</span><span class=\"w\"> </span></em><span class=\"sig-prename descclassname\"><span class=\"pre\">Primitives3D.</span></span><span class=\"sig-name descname\"><span class=\"pre\">model_objects</span></span><a class=\"headerlink\" href=\"#pyaedt.modeler.Primitives3D.Primitives3D.model_objects\" title=\"Permalink to this definition\">#</a></dt>\n<dd><p>List of the names of all model objects.</p>\n</dd></dl>\n\n</section>\n", "metatags": "<meta name=\"generator\" content=\"Docutils 0.19: https://docutils.sourceforge.io/\" />\n", "rellinks": [["genindex", "General Index", "I", "index"], ["py-modindex", "Python Module Index", "", "modules"], ["API/_autosummary/pyaedt.modeler.Primitives3D.Primitives3D.model_units", "model_units", "N", "next"], ["API/_autosummary/pyaedt.modeler.Primitives3D.Primitives3D.model_consistency_report", "model_consistency_report", "P", "previous"]], "sourcename": "API/_autosummary/pyaedt.modeler.Primitives3D.Primitives3D.model_objects.rst.txt", "toc": "<ul>\n<li><a class=\"reference internal\" href=\"#\">model_objects</a><ul>\n<li><a class=\"reference internal\" href=\"#pyaedt.modeler.Primitives3D.Primitives3D.model_objects\"><code class=\"docutils literal notranslate\"><span class=\"pre\">Primitives3D.model_objects</span></code></a></li>\n</ul>\n</li>\n</ul>\n", "display_toc": true, "page_source_suffix": ".rst", "current_page_name": "API/_autosummary/pyaedt.modeler.Primitives3D.Primitives3D.model_objects", "sidebars": ["search-field.html", "sidebar-nav-bs.html"], "customsidebar": null, "favicon_url": null, "logo_url": null, "alabaster_version": "0.7.12", "theme_show_toc_level": 1, "theme_logo": {}}