{"parents": [{"link": "../../", "title": "API reference"}, {"link": "../../Common/", "title": "Desktop and common classes"}, {"link": "../pyaedt.Desktop/", "title": "pyaedt.Desktop"}], "prev": {"link": "../pyaedt.Desktop.analyze_all/", "title": "analyze_all"}, "next": {"link": "../pyaedt.Desktop.change_license_type/", "title": "change_license_type"}, "title": "change_active_dso_config_name", "meta": {}, "body": "<section id=\"change-active-dso-config-name\">\n<h1>change_active_dso_config_name<a class=\"headerlink\" href=\"#change-active-dso-config-name\" title=\"Permalink to this heading\">#</a></h1>\n<dl class=\"py method\">\n<dt class=\"sig sig-object py\" id=\"pyaedt.Desktop.change_active_dso_config_name\">\n<span class=\"sig-prename descclassname\"><span class=\"pre\">Desktop.</span></span><span class=\"sig-name descname\"><span class=\"pre\">change_active_dso_config_name</span></span><span class=\"sig-paren\">(</span><em class=\"sig-param\"><span class=\"n\"><span class=\"pre\">product_name</span></span><span class=\"o\"><span class=\"pre\">=</span></span><span class=\"default_value\"><span class=\"pre\">'HFSS'</span></span></em>, <em class=\"sig-param\"><span class=\"n\"><span class=\"pre\">config_name</span></span><span class=\"o\"><span class=\"pre\">=</span></span><span class=\"default_value\"><span class=\"pre\">'Local'</span></span></em><span class=\"sig-paren\">)</span><a class=\"reference internal\" href=\"../../../_modules/pyaedt/desktop/#Desktop.change_active_dso_config_name\"><span class=\"viewcode-link\"><span class=\"pre\">[source]</span></span></a><a class=\"headerlink\" href=\"#pyaedt.Desktop.change_active_dso_config_name\" title=\"Permalink to this definition\">#</a></dt>\n<dd><p>Change a specific registry key to a new value.</p>\n<dl class=\"field-list\">\n<dt class=\"field-odd\">Parameters<span class=\"colon\">:</span></dt>\n<dd class=\"field-odd\"><dl>\n<dt><strong>product_name</strong><span class=\"classifier\"><a class=\"reference external\" href=\"https://docs.python.org/dev/library/stdtypes.html#str\" title=\"(in Python v3.12)\"><code class=\"docutils literal notranslate\"><span class=\"pre\">str</span></code></a>, <code class=\"xref py py-obj docutils literal notranslate\"><span class=\"pre\">optional</span></code></span></dt><dd><p>Name of the tool to apply the active configuration to. The default is\n<code class=\"docutils literal notranslate\"><span class=\"pre\">&quot;HFSS&quot;</span></code>.</p>\n</dd>\n<dt><strong>config_name</strong><span class=\"classifier\"><a class=\"reference external\" href=\"https://docs.python.org/dev/library/stdtypes.html#str\" title=\"(in Python v3.12)\"><code class=\"docutils literal notranslate\"><span class=\"pre\">str</span></code></a>, <code class=\"xref py py-obj docutils literal notranslate\"><span class=\"pre\">optional</span></code></span></dt><dd><p>Name of the configuration to apply. The default is <code class=\"docutils literal notranslate\"><span class=\"pre\">&quot;Local&quot;</span></code>.</p>\n</dd>\n</dl>\n</dd>\n<dt class=\"field-even\">Returns<span class=\"colon\">:</span></dt>\n<dd class=\"field-even\"><dl class=\"simple\">\n<dt><a class=\"reference external\" href=\"https://docs.python.org/dev/library/stdtypes.html#bltin-boolean-values\" title=\"(in Python v3.12)\"><span class=\"xref std std-ref\">bool</span></a></dt><dd><p><code class=\"docutils literal notranslate\"><span class=\"pre\">True</span></code> when successful, <code class=\"docutils literal notranslate\"><span class=\"pre\">False</span></code> when failed.</p>\n</dd>\n</dl>\n</dd>\n</dl>\n</dd></dl>\n\n</section>\n", "metatags": "<meta name=\"generator\" content=\"Docutils 0.19: https://docutils.sourceforge.io/\" />\n", "rellinks": [["genindex", "General Index", "I", "index"], ["py-modindex", "Python Module Index", "", "modules"], ["API/_autosummary/pyaedt.Desktop.change_license_type", "change_license_type", "N", "next"], ["API/_autosummary/pyaedt.Desktop.analyze_all", "analyze_all", "P", "previous"]], "sourcename": "API/_autosummary/pyaedt.Desktop.change_active_dso_config_name.rst.txt", "toc": "<ul>\n<li><a class=\"reference internal\" href=\"#\">change_active_dso_config_name</a><ul>\n<li><a class=\"reference internal\" href=\"#pyaedt.Desktop.change_active_dso_config_name\"><code class=\"docutils literal notranslate\"><span class=\"pre\">Desktop.change_active_dso_config_name()</span></code></a></li>\n</ul>\n</li>\n</ul>\n", "display_toc": true, "page_source_suffix": ".rst", "current_page_name": "API/_autosummary/pyaedt.Desktop.change_active_dso_config_name", "sidebars": ["search-field.html", "sidebar-nav-bs.html"], "customsidebar": null, "favicon_url": null, "logo_url": null, "alabaster_version": "0.7.12", "theme_show_toc_level": 1, "theme_logo": {}}