{"parents": [{"link": "../../", "title": "API reference"}, {"link": "../../Primitives/", "title": "Modeler and  primitives"}, {"link": "../pyaedt.modeler.Primitives.Polyline/", "title": "pyaedt.modeler.Primitives.Polyline"}], "prev": {"link": "../pyaedt.modeler.Primitives.Polyline.color/", "title": "color"}, "next": {"link": "../pyaedt.modeler.Primitives.Polyline.display_wireframe/", "title": "display_wireframe"}, "title": "color_string", "meta": {}, "body": "<section id=\"color-string\">\n<h1>color_string<a class=\"headerlink\" href=\"#color-string\" title=\"Permalink to this heading\">#</a></h1>\n<dl class=\"py property\">\n<dt class=\"sig sig-object py\" id=\"pyaedt.modeler.Primitives.Polyline.color_string\">\n<em class=\"property\"><span class=\"pre\">property</span><span class=\"w\"> </span></em><span class=\"sig-prename descclassname\"><span class=\"pre\">Polyline.</span></span><span class=\"sig-name descname\"><span class=\"pre\">color_string</span></span><a class=\"headerlink\" href=\"#pyaedt.modeler.Primitives.Polyline.color_string\" title=\"Permalink to this definition\">#</a></dt>\n<dd><p>Color tuple as a string in the format \u2018(Red, Green, Blue)\u2019.</p>\n<p class=\"rubric\">References</p>\n<div class=\"doctest highlight-default notranslate\"><div class=\"highlight\"><pre><span></span><span class=\"gp\">&gt;&gt;&gt; </span><span class=\"n\">oEditor</span><span class=\"o\">.</span><span class=\"n\">GetPropertyValue</span>\n<span class=\"gp\">&gt;&gt;&gt; </span><span class=\"n\">oEditor</span><span class=\"o\">.</span><span class=\"n\">ChangeProperty</span>\n</pre></div>\n</div>\n</dd></dl>\n\n</section>\n", "metatags": "<meta name=\"generator\" content=\"Docutils 0.19: https://docutils.sourceforge.io/\" />\n", "rellinks": [["genindex", "General Index", "I", "index"], ["py-modindex", "Python Module Index", "", "modules"], ["API/_autosummary/pyaedt.modeler.Primitives.Polyline.display_wireframe", "display_wireframe", "N", "next"], ["API/_autosummary/pyaedt.modeler.Primitives.Polyline.color", "color", "P", "previous"]], "sourcename": "API/_autosummary/pyaedt.modeler.Primitives.Polyline.color_string.rst.txt", "toc": "<ul>\n<li><a class=\"reference internal\" href=\"#\">color_string</a><ul>\n<li><a class=\"reference internal\" href=\"#pyaedt.modeler.Primitives.Polyline.color_string\"><code class=\"docutils literal notranslate\"><span class=\"pre\">Polyline.color_string</span></code></a></li>\n</ul>\n</li>\n</ul>\n", "display_toc": true, "page_source_suffix": ".rst", "current_page_name": "API/_autosummary/pyaedt.modeler.Primitives.Polyline.color_string", "sidebars": ["search-field.html", "sidebar-nav-bs.html"], "customsidebar": null, "favicon_url": null, "logo_url": null, "alabaster_version": "0.7.12", "theme_show_toc_level": 1, "theme_logo": {}}