{"parents": [{"link": "../../", "title": "API reference"}, {"link": "../../Application/", "title": "AEDT apps"}, {"link": "../pyaedt.Rmxprt/", "title": "pyaedt.Rmxprt"}], "prev": {"link": "../pyaedt.Rmxprt.design_variation/", "title": "design_variation"}, "next": {"link": "../pyaedt.Rmxprt.duplicate_design/", "title": "duplicate_design"}, "title": "disable_modelcreation", "meta": {}, "body": "<section id=\"disable-modelcreation\">\n<h1>disable_modelcreation<a class=\"headerlink\" href=\"#disable-modelcreation\" title=\"Permalink to this heading\">#</a></h1>\n<dl class=\"py method\">\n<dt class=\"sig sig-object py\" id=\"pyaedt.Rmxprt.disable_modelcreation\">\n<span class=\"sig-prename descclassname\"><span class=\"pre\">Rmxprt.</span></span><span class=\"sig-name descname\"><span class=\"pre\">disable_modelcreation</span></span><span class=\"sig-paren\">(</span><em class=\"sig-param\"><span class=\"n\"><span class=\"pre\">solution_type</span></span><span class=\"o\"><span class=\"pre\">=</span></span><span class=\"default_value\"><span class=\"pre\">None</span></span></em><span class=\"sig-paren\">)</span><a class=\"headerlink\" href=\"#pyaedt.Rmxprt.disable_modelcreation\" title=\"Permalink to this definition\">#</a></dt>\n<dd><p>Enable the RMxprt solution.</p>\n<dl class=\"field-list simple\">\n<dt class=\"field-odd\">Parameters<span class=\"colon\">:</span></dt>\n<dd class=\"field-odd\"><dl class=\"simple\">\n<dt><strong>solution_type</strong></dt><dd><p>Type of the solution. The default is <code class=\"docutils literal notranslate\"><span class=\"pre\">None</span></code>.</p>\n</dd>\n</dl>\n</dd>\n<dt class=\"field-even\">Returns<span class=\"colon\">:</span></dt>\n<dd class=\"field-even\"><dl class=\"simple\">\n<dt><a class=\"reference external\" href=\"https://docs.python.org/dev/library/stdtypes.html#bltin-boolean-values\" title=\"(in Python v3.12)\"><span class=\"xref std std-ref\">bool</span></a></dt><dd><p><code class=\"docutils literal notranslate\"><span class=\"pre\">True</span></code> when successful, <code class=\"docutils literal notranslate\"><span class=\"pre\">False</span></code> when failed.</p>\n</dd>\n</dl>\n</dd>\n</dl>\n</dd></dl>\n\n</section>\n", "metatags": "<meta name=\"generator\" content=\"Docutils 0.19: https://docutils.sourceforge.io/\" />\n", "rellinks": [["genindex", "General Index", "I", "index"], ["py-modindex", "Python Module Index", "", "modules"], ["API/_autosummary/pyaedt.Rmxprt.duplicate_design", "duplicate_design", "N", "next"], ["API/_autosummary/pyaedt.Rmxprt.design_variation", "design_variation", "P", "previous"]], "sourcename": "API/_autosummary/pyaedt.Rmxprt.disable_modelcreation.rst.txt", "toc": "<ul>\n<li><a class=\"reference internal\" href=\"#\">disable_modelcreation</a><ul>\n<li><a class=\"reference internal\" href=\"#pyaedt.Rmxprt.disable_modelcreation\"><code class=\"docutils literal notranslate\"><span class=\"pre\">Rmxprt.disable_modelcreation()</span></code></a></li>\n</ul>\n</li>\n</ul>\n", "display_toc": true, "page_source_suffix": ".rst", "current_page_name": "API/_autosummary/pyaedt.Rmxprt.disable_modelcreation", "sidebars": ["search-field.html", "sidebar-nav-bs.html"], "customsidebar": null, "favicon_url": null, "logo_url": null, "alabaster_version": "0.7.12", "theme_show_toc_level": 1, "theme_logo": {}}