{"parents": [{"link": "../../", "title": "API reference"}, {"link": "../../Application/", "title": "AEDT apps"}, {"link": "../pyaedt.Icepak/", "title": "pyaedt.Icepak"}], "prev": {"link": "../pyaedt.Icepak.create_network_block/", "title": "create_network_block"}, "next": {"link": "../pyaedt.Icepak.create_new_project/", "title": "create_new_project"}, "title": "create_network_blocks", "meta": {}, "body": "<section id=\"create-network-blocks\">\n<h1>create_network_blocks<a class=\"headerlink\" href=\"#create-network-blocks\" title=\"Permalink to this heading\">#</a></h1>\n<dl class=\"py method\">\n<dt class=\"sig sig-object py\" id=\"pyaedt.Icepak.create_network_blocks\">\n<span class=\"sig-prename descclassname\"><span class=\"pre\">Icepak.</span></span><span class=\"sig-name descname\"><span class=\"pre\">create_network_blocks</span></span><span class=\"sig-paren\">(</span><em class=\"sig-param\"><span class=\"n\"><span class=\"pre\">input_list</span></span></em>, <em class=\"sig-param\"><span class=\"n\"><span class=\"pre\">gravity_dir</span></span></em>, <em class=\"sig-param\"><span class=\"n\"><span class=\"pre\">top</span></span></em>, <em class=\"sig-param\"><span class=\"n\"><span class=\"pre\">assign_material</span></span><span class=\"o\"><span class=\"pre\">=</span></span><span class=\"default_value\"><span class=\"pre\">True</span></span></em>, <em class=\"sig-param\"><span class=\"n\"><span class=\"pre\">default_material</span></span><span class=\"o\"><span class=\"pre\">=</span></span><span class=\"default_value\"><span class=\"pre\">'Ceramic_material'</span></span></em><span class=\"sig-paren\">)</span><a class=\"reference internal\" href=\"../../../_modules/pyaedt/icepak/#Icepak.create_network_blocks\"><span class=\"viewcode-link\"><span class=\"pre\">[source]</span></span></a><a class=\"headerlink\" href=\"#pyaedt.Icepak.create_network_blocks\" title=\"Permalink to this definition\">#</a></dt>\n<dd><p>Create network blocks from CSV files.</p>\n<dl class=\"field-list\">\n<dt class=\"field-odd\">Parameters<span class=\"colon\">:</span></dt>\n<dd class=\"field-odd\"><dl>\n<dt><strong>input_list</strong><span class=\"classifier\"><a class=\"reference external\" href=\"https://docs.python.org/dev/library/stdtypes.html#list\" title=\"(in Python v3.12)\"><code class=\"docutils literal notranslate\"><span class=\"pre\">list</span></code></a></span></dt><dd><p>List of sources with inputs <code class=\"docutils literal notranslate\"><span class=\"pre\">rjc</span></code>, <code class=\"docutils literal notranslate\"><span class=\"pre\">rjb</span></code>, and <code class=\"docutils literal notranslate\"><span class=\"pre\">power</span></code>.\nFor example, <code class=\"docutils literal notranslate\"><span class=\"pre\">[[Objname1,</span> <span class=\"pre\">rjc,</span> <span class=\"pre\">rjb,</span> <span class=\"pre\">power1,</span> <span class=\"pre\">power2,</span> <span class=\"pre\">...],</span> <span class=\"pre\">[Objname2,</span> <span class=\"pre\">rjc2,</span> <span class=\"pre\">rbj2,</span> <span class=\"pre\">power1,</span> <span class=\"pre\">power2,</span> <span class=\"pre\">...]]</span></code>.</p>\n</dd>\n<dt><strong>gravity_dir</strong><span class=\"classifier\"><a class=\"reference external\" href=\"https://docs.python.org/dev/library/functions.html#int\" title=\"(in Python v3.12)\"><code class=\"docutils literal notranslate\"><span class=\"pre\">int</span></code></a></span></dt><dd><p>Gravity direction from -X to +Z. Options are <code class=\"docutils literal notranslate\"><span class=\"pre\">0</span></code> to <code class=\"docutils literal notranslate\"><span class=\"pre\">5</span></code>.</p>\n</dd>\n<dt><strong>top</strong></dt><dd><p>Board bounding value in millimeters of the top face.</p>\n</dd>\n<dt><strong>assign_material</strong><span class=\"classifier\"><a class=\"reference external\" href=\"https://docs.python.org/dev/library/stdtypes.html#bltin-boolean-values\" title=\"(in Python v3.12)\"><span class=\"xref std std-ref\">bool</span></a>, <code class=\"xref py py-obj docutils literal notranslate\"><span class=\"pre\">optional</span></code></span></dt><dd><p>Whether to assign a material. The default is <code class=\"docutils literal notranslate\"><span class=\"pre\">True</span></code>.</p>\n</dd>\n<dt><strong>default_material</strong><span class=\"classifier\"><a class=\"reference external\" href=\"https://docs.python.org/dev/library/stdtypes.html#str\" title=\"(in Python v3.12)\"><code class=\"docutils literal notranslate\"><span class=\"pre\">str</span></code></a>, <code class=\"xref py py-obj docutils literal notranslate\"><span class=\"pre\">optional</span></code></span></dt><dd><p>Default material if <code class=\"docutils literal notranslate\"><span class=\"pre\">assign_material=True</span></code>. The default is <code class=\"docutils literal notranslate\"><span class=\"pre\">&quot;Ceramic_material&quot;</span></code>.</p>\n</dd>\n</dl>\n</dd>\n<dt class=\"field-even\">Returns<span class=\"colon\">:</span></dt>\n<dd class=\"field-even\"><dl>\n<dt><strong>list of</strong><span class=\"classifier\">class:<cite>pyaedt.modules.Boundary.BoundaryObject</cite></span></dt><dd><p>List of boundary objects created.</p>\n</dd>\n</dl>\n</dd>\n</dl>\n<p class=\"rubric\">References</p>\n<div class=\"doctest highlight-default notranslate\"><div class=\"highlight\"><pre><span></span><span class=\"gp\">&gt;&gt;&gt; </span><span class=\"n\">oModule</span><span class=\"o\">.</span><span class=\"n\">AssignNetworkBoundary</span>\n</pre></div>\n</div>\n<p class=\"rubric\">Examples</p>\n<p>Create network boundaries from each box in the list.</p>\n<div class=\"doctest highlight-default notranslate\"><div class=\"highlight\"><pre><span></span><span class=\"gp\">&gt;&gt;&gt; </span><span class=\"n\">box1</span> <span class=\"o\">=</span> <span class=\"n\">icepak</span><span class=\"o\">.</span><span class=\"n\">modeler</span><span class=\"o\">.</span><span class=\"n\">create_box</span><span class=\"p\">([</span><span class=\"mi\">1</span><span class=\"p\">,</span> <span class=\"mi\">2</span><span class=\"p\">,</span> <span class=\"mi\">3</span><span class=\"p\">],</span> <span class=\"p\">[</span><span class=\"mi\">10</span><span class=\"p\">,</span> <span class=\"mi\">10</span><span class=\"p\">,</span> <span class=\"mi\">10</span><span class=\"p\">],</span> <span class=\"s2\">&quot;NetworkBox2&quot;</span><span class=\"p\">,</span> <span class=\"s2\">&quot;copper&quot;</span><span class=\"p\">)</span>\n<span class=\"gp\">&gt;&gt;&gt; </span><span class=\"n\">box2</span> <span class=\"o\">=</span> <span class=\"n\">icepak</span><span class=\"o\">.</span><span class=\"n\">modeler</span><span class=\"o\">.</span><span class=\"n\">create_box</span><span class=\"p\">([</span><span class=\"mi\">4</span><span class=\"p\">,</span> <span class=\"mi\">5</span><span class=\"p\">,</span> <span class=\"mi\">6</span><span class=\"p\">],</span> <span class=\"p\">[</span><span class=\"mi\">5</span><span class=\"p\">,</span> <span class=\"mi\">5</span><span class=\"p\">,</span> <span class=\"mi\">5</span><span class=\"p\">],</span> <span class=\"s2\">&quot;NetworkBox3&quot;</span><span class=\"p\">,</span> <span class=\"s2\">&quot;copper&quot;</span><span class=\"p\">)</span>\n<span class=\"gp\">&gt;&gt;&gt; </span><span class=\"n\">blocks</span> <span class=\"o\">=</span> <span class=\"n\">icepak</span><span class=\"o\">.</span><span class=\"n\">create_network_blocks</span><span class=\"p\">([[</span><span class=\"s2\">&quot;NetworkBox2&quot;</span><span class=\"p\">,</span> <span class=\"mi\">20</span><span class=\"p\">,</span> <span class=\"mi\">10</span><span class=\"p\">,</span> <span class=\"mi\">3</span><span class=\"p\">],</span> <span class=\"p\">[</span><span class=\"s2\">&quot;NetworkBox3&quot;</span><span class=\"p\">,</span> <span class=\"mi\">4</span><span class=\"p\">,</span> <span class=\"mi\">10</span><span class=\"p\">,</span> <span class=\"mi\">2</span><span class=\"p\">]],</span>\n<span class=\"gp\">... </span>                                       <span class=\"n\">icepak</span><span class=\"o\">.</span><span class=\"n\">GravityDirection</span><span class=\"o\">.</span><span class=\"n\">ZNeg</span><span class=\"p\">,</span> <span class=\"mf\">1.05918</span><span class=\"p\">,</span> <span class=\"kc\">False</span><span class=\"p\">)</span>\n<span class=\"gp\">&gt;&gt;&gt; </span><span class=\"n\">blocks</span><span class=\"p\">[</span><span class=\"mi\">0</span><span class=\"p\">]</span><span class=\"o\">.</span><span class=\"n\">props</span><span class=\"p\">[</span><span class=\"s2\">&quot;Nodes&quot;</span><span class=\"p\">][</span><span class=\"s2\">&quot;Internal&quot;</span><span class=\"p\">]</span>\n<span class=\"go\">[&#39;3W&#39;]</span>\n</pre></div>\n</div>\n</dd></dl>\n\n</section>\n", "metatags": "<meta name=\"generator\" content=\"Docutils 0.19: https://docutils.sourceforge.io/\" />\n", "rellinks": [["genindex", "General Index", "I", "index"], ["py-modindex", "Python Module Index", "", "modules"], ["API/_autosummary/pyaedt.Icepak.create_new_project", "create_new_project", "N", "next"], ["API/_autosummary/pyaedt.Icepak.create_network_block", "create_network_block", "P", "previous"]], "sourcename": "API/_autosummary/pyaedt.Icepak.create_network_blocks.rst.txt", "toc": "<ul>\n<li><a class=\"reference internal\" href=\"#\">create_network_blocks</a><ul>\n<li><a class=\"reference internal\" href=\"#pyaedt.Icepak.create_network_blocks\"><code class=\"docutils literal notranslate\"><span class=\"pre\">Icepak.create_network_blocks()</span></code></a></li>\n</ul>\n</li>\n</ul>\n", "display_toc": true, "page_source_suffix": ".rst", "current_page_name": "API/_autosummary/pyaedt.Icepak.create_network_blocks", "sidebars": ["search-field.html", "sidebar-nav-bs.html"], "customsidebar": null, "favicon_url": null, "logo_url": null, "alabaster_version": "0.7.12", "theme_show_toc_level": 1, "theme_logo": {}}