{"parents": [{"link": "../../", "title": "API reference"}, {"link": "../../Primitives/", "title": "Modeler and  primitives"}, {"link": "../pyaedt.modeler.object3dlayout.Components3DLayout/", "title": "pyaedt.modeler.object3dlayout.Components3DLayout"}], "prev": {"link": "../pyaedt.modeler.object3dlayout.Components3DLayout.net_name/", "title": "net_name"}, "next": {"link": "../pyaedt.modeler.object3dlayout.Components3DLayout.part/", "title": "part"}, "title": "object_units", "meta": {}, "body": "<section id=\"object-units\">\n<h1>object_units<a class=\"headerlink\" href=\"#object-units\" title=\"Permalink to this heading\">#</a></h1>\n<dl class=\"py property\">\n<dt class=\"sig sig-object py\" id=\"pyaedt.modeler.object3dlayout.Components3DLayout.object_units\">\n<em class=\"property\"><span class=\"pre\">property</span><span class=\"w\"> </span></em><span class=\"sig-prename descclassname\"><span class=\"pre\">Components3DLayout.</span></span><span class=\"sig-name descname\"><span class=\"pre\">object_units</span></span><a class=\"headerlink\" href=\"#pyaedt.modeler.object3dlayout.Components3DLayout.object_units\" title=\"Permalink to this definition\">#</a></dt>\n<dd><p>Object units.</p>\n<dl class=\"field-list simple\">\n<dt class=\"field-odd\">Returns<span class=\"colon\">:</span></dt>\n<dd class=\"field-odd\"><dl class=\"simple\">\n<dt><a class=\"reference external\" href=\"https://docs.python.org/dev/library/stdtypes.html#str\" title=\"(in Python v3.12)\"><code class=\"docutils literal notranslate\"><span class=\"pre\">str</span></code></a></dt><dd></dd>\n</dl>\n</dd>\n</dl>\n</dd></dl>\n\n</section>\n", "metatags": "<meta name=\"generator\" content=\"Docutils 0.19: https://docutils.sourceforge.io/\" />\n", "rellinks": [["genindex", "General Index", "I", "index"], ["py-modindex", "Python Module Index", "", "modules"], ["API/_autosummary/pyaedt.modeler.object3dlayout.Components3DLayout.part", "part", "N", "next"], ["API/_autosummary/pyaedt.modeler.object3dlayout.Components3DLayout.net_name", "net_name", "P", "previous"]], "sourcename": "API/_autosummary/pyaedt.modeler.object3dlayout.Components3DLayout.object_units.rst.txt", "toc": "<ul>\n<li><a class=\"reference internal\" href=\"#\">object_units</a><ul>\n<li><a class=\"reference internal\" href=\"#pyaedt.modeler.object3dlayout.Components3DLayout.object_units\"><code class=\"docutils literal notranslate\"><span class=\"pre\">Components3DLayout.object_units</span></code></a></li>\n</ul>\n</li>\n</ul>\n", "display_toc": true, "page_source_suffix": ".rst", "current_page_name": "API/_autosummary/pyaedt.modeler.object3dlayout.Components3DLayout.object_units", "sidebars": ["search-field.html", "sidebar-nav-bs.html"], "customsidebar": null, "favicon_url": null, "logo_url": null, "alabaster_version": "0.7.12", "theme_show_toc_level": 1, "theme_logo": {}}