{"parents": [{"link": "../../", "title": "API reference"}, {"link": "../../Application/", "title": "AEDT apps"}, {"link": "../pyaedt.Q2d/", "title": "pyaedt.Q2d"}], "prev": {"link": "../pyaedt.Q2d.get_module/", "title": "get_module"}, "next": {"link": "../pyaedt.Q2d.get_object_material_properties/", "title": "get_object_material_properties"}, "title": "get_nominal_variation", "meta": {}, "body": "<section id=\"get-nominal-variation\">\n<h1>get_nominal_variation<a class=\"headerlink\" href=\"#get-nominal-variation\" title=\"Permalink to this heading\">#</a></h1>\n<dl class=\"py method\">\n<dt class=\"sig sig-object py\" id=\"pyaedt.Q2d.get_nominal_variation\">\n<span class=\"sig-prename descclassname\"><span class=\"pre\">Q2d.</span></span><span class=\"sig-name descname\"><span class=\"pre\">get_nominal_variation</span></span><span class=\"sig-paren\">(</span><span class=\"sig-paren\">)</span><a class=\"headerlink\" href=\"#pyaedt.Q2d.get_nominal_variation\" title=\"Permalink to this definition\">#</a></dt>\n<dd><p>Retrieve the nominal variation.</p>\n<dl class=\"field-list simple\">\n<dt class=\"field-odd\">Returns<span class=\"colon\">:</span></dt>\n<dd class=\"field-odd\"><dl class=\"simple\">\n<dt><a class=\"reference external\" href=\"https://docs.python.org/dev/library/stdtypes.html#list\" title=\"(in Python v3.12)\"><code class=\"docutils literal notranslate\"><span class=\"pre\">list</span></code></a> <code class=\"xref py py-obj docutils literal notranslate\"><span class=\"pre\">of</span></code> <a class=\"reference external\" href=\"https://docs.python.org/dev/library/stdtypes.html#str\" title=\"(in Python v3.12)\"><code class=\"docutils literal notranslate\"><span class=\"pre\">str</span></code></a></dt><dd><p>List of nominal variations.</p>\n</dd>\n</dl>\n</dd>\n</dl>\n</dd></dl>\n\n</section>\n", "metatags": "<meta name=\"generator\" content=\"Docutils 0.19: https://docutils.sourceforge.io/\" />\n", "rellinks": [["genindex", "General Index", "I", "index"], ["py-modindex", "Python Module Index", "", "modules"], ["API/_autosummary/pyaedt.Q2d.get_object_material_properties", "get_object_material_properties", "N", "next"], ["API/_autosummary/pyaedt.Q2d.get_module", "get_module", "P", "previous"]], "sourcename": "API/_autosummary/pyaedt.Q2d.get_nominal_variation.rst.txt", "toc": "<ul>\n<li><a class=\"reference internal\" href=\"#\">get_nominal_variation</a><ul>\n<li><a class=\"reference internal\" href=\"#pyaedt.Q2d.get_nominal_variation\"><code class=\"docutils literal notranslate\"><span class=\"pre\">Q2d.get_nominal_variation()</span></code></a></li>\n</ul>\n</li>\n</ul>\n", "display_toc": true, "page_source_suffix": ".rst", "current_page_name": "API/_autosummary/pyaedt.Q2d.get_nominal_variation", "sidebars": ["search-field.html", "sidebar-nav-bs.html"], "customsidebar": null, "favicon_url": null, "logo_url": null, "alabaster_version": "0.7.12", "theme_show_toc_level": 1, "theme_logo": {}}