{"parents": [{"link": "../../", "title": "API reference"}, {"link": "../../Primitives/", "title": "Modeler and  primitives"}, {"link": "../pyaedt.modeler.object3dlayout.Line3dLayout/", "title": "pyaedt.modeler.object3dlayout.Line3dLayout"}], "prev": {"link": "../pyaedt.modeler.object3dlayout.Line3dLayout.location/", "title": "location"}, "next": {"link": "../pyaedt.modeler.object3dlayout.Line3dLayout.negative/", "title": "negative"}, "title": "lock_position", "meta": {}, "body": "<section id=\"lock-position\">\n<h1>lock_position<a class=\"headerlink\" href=\"#lock-position\" title=\"Permalink to this heading\">#</a></h1>\n<dl class=\"py property\">\n<dt class=\"sig sig-object py\" id=\"pyaedt.modeler.object3dlayout.Line3dLayout.lock_position\">\n<em class=\"property\"><span class=\"pre\">property</span><span class=\"w\"> </span></em><span class=\"sig-prename descclassname\"><span class=\"pre\">Line3dLayout.</span></span><span class=\"sig-name descname\"><span class=\"pre\">lock_position</span></span><a class=\"headerlink\" href=\"#pyaedt.modeler.object3dlayout.Line3dLayout.lock_position\" title=\"Permalink to this definition\">#</a></dt>\n<dd><p>Get/Set the lock position.</p>\n<dl class=\"field-list\">\n<dt class=\"field-odd\">Parameters<span class=\"colon\">:</span></dt>\n<dd class=\"field-odd\"><dl>\n<dt><strong>lock_position</strong><span class=\"classifier\"><a class=\"reference external\" href=\"https://docs.python.org/dev/library/stdtypes.html#bltin-boolean-values\" title=\"(in Python v3.12)\"><span class=\"xref std std-ref\">bool</span></a>, <code class=\"xref py py-obj docutils literal notranslate\"><span class=\"pre\">optional</span></code></span></dt><dd><p>The default value is <code class=\"docutils literal notranslate\"><span class=\"pre\">True</span></code>.</p>\n</dd>\n</dl>\n</dd>\n<dt class=\"field-even\">Returns<span class=\"colon\">:</span></dt>\n<dd class=\"field-even\"><dl class=\"simple\">\n<dt><a class=\"reference external\" href=\"https://docs.python.org/dev/library/functions.html#type\" title=\"(in Python v3.12)\"><code class=\"xref py py-obj docutils literal notranslate\"><span class=\"pre\">type</span></code></a></dt><dd></dd>\n</dl>\n</dd>\n</dl>\n<p class=\"rubric\">References</p>\n<div class=\"doctest highlight-default notranslate\"><div class=\"highlight\"><pre><span></span><span class=\"gp\">&gt;&gt;&gt; </span><span class=\"n\">oEditor</span><span class=\"o\">.</span><span class=\"n\">ChangeProperty</span>\n</pre></div>\n</div>\n</dd></dl>\n\n</section>\n", "metatags": "<meta name=\"generator\" content=\"Docutils 0.19: https://docutils.sourceforge.io/\" />\n", "rellinks": [["genindex", "General Index", "I", "index"], ["py-modindex", "Python Module Index", "", "modules"], ["API/_autosummary/pyaedt.modeler.object3dlayout.Line3dLayout.negative", "negative", "N", "next"], ["API/_autosummary/pyaedt.modeler.object3dlayout.Line3dLayout.location", "location", "P", "previous"]], "sourcename": "API/_autosummary/pyaedt.modeler.object3dlayout.Line3dLayout.lock_position.rst.txt", "toc": "<ul>\n<li><a class=\"reference internal\" href=\"#\">lock_position</a><ul>\n<li><a class=\"reference internal\" href=\"#pyaedt.modeler.object3dlayout.Line3dLayout.lock_position\"><code class=\"docutils literal notranslate\"><span class=\"pre\">Line3dLayout.lock_position</span></code></a></li>\n</ul>\n</li>\n</ul>\n", "display_toc": true, "page_source_suffix": ".rst", "current_page_name": "API/_autosummary/pyaedt.modeler.object3dlayout.Line3dLayout.lock_position", "sidebars": ["search-field.html", "sidebar-nav-bs.html"], "customsidebar": null, "favicon_url": null, "logo_url": null, "alabaster_version": "0.7.12", "theme_show_toc_level": 1, "theme_logo": {}}