{"parents": [{"link": "../../", "title": "API reference"}, {"link": "../../Application/", "title": "AEDT apps"}, {"link": "../pyaedt.Emit/", "title": "pyaedt.Emit"}], "prev": {"link": "../pyaedt.Emit.add_info_message/", "title": "add_info_message"}, "next": {"link": "../pyaedt.Emit.archive_project/", "title": "archive_project"}, "title": "add_warning_message", "meta": {}, "body": "<section id=\"add-warning-message\">\n<h1>add_warning_message<a class=\"headerlink\" href=\"#add-warning-message\" title=\"Permalink to this heading\">#</a></h1>\n<dl class=\"py method\">\n<dt class=\"sig sig-object py\" id=\"pyaedt.Emit.add_warning_message\">\n<span class=\"sig-prename descclassname\"><span class=\"pre\">Emit.</span></span><span class=\"sig-name descname\"><span class=\"pre\">add_warning_message</span></span><span class=\"sig-paren\">(</span><em class=\"sig-param\"><span class=\"n\"><span class=\"pre\">message_text</span></span></em>, <em class=\"sig-param\"><span class=\"n\"><span class=\"pre\">message_type</span></span><span class=\"o\"><span class=\"pre\">=</span></span><span class=\"default_value\"><span class=\"pre\">None</span></span></em><span class=\"sig-paren\">)</span><a class=\"headerlink\" href=\"#pyaedt.Emit.add_warning_message\" title=\"Permalink to this definition\">#</a></dt>\n<dd><p>Add a type 0 \u201cWarning\u201d message to either the global, active project, or active design\nlevel of the message manager tree.</p>\n<p>Also add an \u201cWarning\u201d message to the logger if the handler is present.</p>\n<dl class=\"field-list\">\n<dt class=\"field-odd\">Parameters<span class=\"colon\">:</span></dt>\n<dd class=\"field-odd\"><dl>\n<dt><strong>message_text</strong><span class=\"classifier\"><a class=\"reference external\" href=\"https://docs.python.org/dev/library/stdtypes.html#str\" title=\"(in Python v3.12)\"><code class=\"docutils literal notranslate\"><span class=\"pre\">str</span></code></a></span></dt><dd><p>Text to display as the \u201cWarning\u201d message.</p>\n</dd>\n<dt><strong>message_type</strong><span class=\"classifier\"><a class=\"reference external\" href=\"https://docs.python.org/dev/library/stdtypes.html#str\" title=\"(in Python v3.12)\"><code class=\"docutils literal notranslate\"><span class=\"pre\">str</span></code></a>, <code class=\"xref py py-obj docutils literal notranslate\"><span class=\"pre\">optional</span></code></span></dt><dd><p>Level to add the \u201cWarning\u201d message to. Options are <code class=\"docutils literal notranslate\"><span class=\"pre\">&quot;Global&quot;</span></code>,\n<code class=\"docutils literal notranslate\"><span class=\"pre\">&quot;Project&quot;</span></code>, and <code class=\"docutils literal notranslate\"><span class=\"pre\">&quot;Design&quot;</span></code>. The default is <code class=\"docutils literal notranslate\"><span class=\"pre\">None</span></code>,\nin which case the \u201cWarning\u201d message gets added to the <code class=\"docutils literal notranslate\"><span class=\"pre\">&quot;Design&quot;</span></code>\nlevel.</p>\n</dd>\n</dl>\n</dd>\n<dt class=\"field-even\">Returns<span class=\"colon\">:</span></dt>\n<dd class=\"field-even\"><dl class=\"simple\">\n<dt><a class=\"reference external\" href=\"https://docs.python.org/dev/library/stdtypes.html#bltin-boolean-values\" title=\"(in Python v3.12)\"><span class=\"xref std std-ref\">bool</span></a></dt><dd><p><code class=\"docutils literal notranslate\"><span class=\"pre\">True</span></code> when successful, <code class=\"docutils literal notranslate\"><span class=\"pre\">False</span></code> when failed.</p>\n</dd>\n</dl>\n</dd>\n</dl>\n<p class=\"rubric\">Examples</p>\n<div class=\"doctest highlight-default notranslate\"><div class=\"highlight\"><pre><span></span><span class=\"gp\">&gt;&gt;&gt; </span><span class=\"kn\">from</span> <span class=\"nn\">pyaedt</span> <span class=\"kn\">import</span> <span class=\"n\">Hfss</span>\n<span class=\"gp\">&gt;&gt;&gt; </span><span class=\"n\">hfss</span> <span class=\"o\">=</span> <span class=\"n\">Hfss</span><span class=\"p\">()</span>\n<span class=\"gp\">&gt;&gt;&gt; </span><span class=\"n\">hfss</span><span class=\"o\">.</span><span class=\"n\">logger</span><span class=\"o\">.</span><span class=\"n\">warning</span><span class=\"p\">(</span><span class=\"s2\">&quot;Global warning message&quot;</span><span class=\"p\">,</span> <span class=\"s2\">&quot;Global&quot;</span><span class=\"p\">)</span>\n<span class=\"gp\">&gt;&gt;&gt; </span><span class=\"n\">hfss</span><span class=\"o\">.</span><span class=\"n\">logger</span><span class=\"o\">.</span><span class=\"n\">project</span><span class=\"o\">.</span><span class=\"n\">warning</span><span class=\"p\">(</span><span class=\"s2\">&quot;Project warning message&quot;</span><span class=\"p\">,</span> <span class=\"s2\">&quot;Project&quot;</span><span class=\"p\">)</span>\n<span class=\"gp\">&gt;&gt;&gt; </span><span class=\"n\">hfss</span><span class=\"o\">.</span><span class=\"n\">logger</span><span class=\"o\">.</span><span class=\"n\">design</span><span class=\"o\">.</span><span class=\"n\">warning</span><span class=\"p\">(</span><span class=\"s2\">&quot;Design warning message&quot;</span><span class=\"p\">)</span>\n</pre></div>\n</div>\n</dd></dl>\n\n</section>\n", "metatags": "<meta name=\"generator\" content=\"Docutils 0.19: https://docutils.sourceforge.io/\" />\n", "rellinks": [["genindex", "General Index", "I", "index"], ["py-modindex", "Python Module Index", "", "modules"], ["API/_autosummary/pyaedt.Emit.archive_project", "archive_project", "N", "next"], ["API/_autosummary/pyaedt.Emit.add_info_message", "add_info_message", "P", "previous"]], "sourcename": "API/_autosummary/pyaedt.Emit.add_warning_message.rst.txt", "toc": "<ul>\n<li><a class=\"reference internal\" href=\"#\">add_warning_message</a><ul>\n<li><a class=\"reference internal\" href=\"#pyaedt.Emit.add_warning_message\"><code class=\"docutils literal notranslate\"><span class=\"pre\">Emit.add_warning_message()</span></code></a></li>\n</ul>\n</li>\n</ul>\n", "display_toc": true, "page_source_suffix": ".rst", "current_page_name": "API/_autosummary/pyaedt.Emit.add_warning_message", "sidebars": ["search-field.html", "sidebar-nav-bs.html"], "customsidebar": null, "favicon_url": null, "logo_url": null, "alabaster_version": "0.7.12", "theme_show_toc_level": 1, "theme_logo": {}}