{"parents": [{"link": "../../", "title": "API reference"}, {"link": "../../Application/", "title": "AEDT apps"}, {"link": "../pyaedt.Maxwell2d/", "title": "pyaedt.Maxwell2d"}], "prev": {"link": "../pyaedt.Maxwell2d.export_profile/", "title": "export_profile"}, "next": {"link": "../pyaedt.Maxwell2d.export_rl_matrix/", "title": "export_rl_matrix"}, "title": "export_results", "meta": {}, "body": "<section id=\"export-results\">\n<h1>export_results<a class=\"headerlink\" href=\"#export-results\" title=\"Permalink to this heading\">#</a></h1>\n<dl class=\"py method\">\n<dt class=\"sig sig-object py\" id=\"pyaedt.Maxwell2d.export_results\">\n<span class=\"sig-prename descclassname\"><span class=\"pre\">Maxwell2d.</span></span><span class=\"sig-name descname\"><span class=\"pre\">export_results</span></span><span class=\"sig-paren\">(</span><em class=\"sig-param\"><span class=\"n\"><span class=\"pre\">analyze</span></span><span class=\"o\"><span class=\"pre\">=</span></span><span class=\"default_value\"><span class=\"pre\">False</span></span></em>, <em class=\"sig-param\"><span class=\"n\"><span class=\"pre\">export_folder</span></span><span class=\"o\"><span class=\"pre\">=</span></span><span class=\"default_value\"><span class=\"pre\">None</span></span></em><span class=\"sig-paren\">)</span><a class=\"headerlink\" href=\"#pyaedt.Maxwell2d.export_results\" title=\"Permalink to this definition\">#</a></dt>\n<dd><p>Export all available reports to a file, including sNp, profile, and convergence.</p>\n<dl class=\"field-list\">\n<dt class=\"field-odd\">Parameters<span class=\"colon\">:</span></dt>\n<dd class=\"field-odd\"><dl>\n<dt><strong>analyze</strong><span class=\"classifier\"><a class=\"reference external\" href=\"https://docs.python.org/dev/library/stdtypes.html#bltin-boolean-values\" title=\"(in Python v3.12)\"><span class=\"xref std std-ref\">bool</span></a></span></dt><dd><p>Whether to analyze before export. Solutions must be present for the design.</p>\n</dd>\n<dt><strong>export_folder</strong><span class=\"classifier\"><a class=\"reference external\" href=\"https://docs.python.org/dev/library/stdtypes.html#str\" title=\"(in Python v3.12)\"><code class=\"docutils literal notranslate\"><span class=\"pre\">str</span></code></a>, <code class=\"xref py py-obj docutils literal notranslate\"><span class=\"pre\">optional</span></code></span></dt><dd><p>Full path to the project folder. The default is <code class=\"docutils literal notranslate\"><span class=\"pre\">None</span></code>, in which case the\nworking directory is used.</p>\n</dd>\n</dl>\n</dd>\n<dt class=\"field-even\">Returns<span class=\"colon\">:</span></dt>\n<dd class=\"field-even\"><dl class=\"simple\">\n<dt><a class=\"reference external\" href=\"https://docs.python.org/dev/library/stdtypes.html#list\" title=\"(in Python v3.12)\"><code class=\"docutils literal notranslate\"><span class=\"pre\">list</span></code></a></dt><dd><p>List of all exported files.</p>\n</dd>\n</dl>\n</dd>\n</dl>\n<p class=\"rubric\">References</p>\n<div class=\"doctest highlight-default notranslate\"><div class=\"highlight\"><pre><span></span><span class=\"gp\">&gt;&gt;&gt; </span><span class=\"n\">oModule</span><span class=\"o\">.</span><span class=\"n\">GetAllPortsList</span>\n<span class=\"gp\">&gt;&gt;&gt; </span><span class=\"n\">oDesign</span><span class=\"o\">.</span><span class=\"n\">ExportProfile</span>\n<span class=\"gp\">&gt;&gt;&gt; </span><span class=\"n\">oModule</span><span class=\"o\">.</span><span class=\"n\">ExportToFile</span>\n<span class=\"gp\">&gt;&gt;&gt; </span><span class=\"n\">oModule</span><span class=\"o\">.</span><span class=\"n\">ExportConvergence</span>\n<span class=\"gp\">&gt;&gt;&gt; </span><span class=\"n\">oModule</span><span class=\"o\">.</span><span class=\"n\">ExportNetworkData</span>\n</pre></div>\n</div>\n</dd></dl>\n\n</section>\n", "metatags": "<meta name=\"generator\" content=\"Docutils 0.19: https://docutils.sourceforge.io/\" />\n", "rellinks": [["genindex", "General Index", "I", "index"], ["py-modindex", "Python Module Index", "", "modules"], ["API/_autosummary/pyaedt.Maxwell2d.export_rl_matrix", "export_rl_matrix", "N", "next"], ["API/_autosummary/pyaedt.Maxwell2d.export_profile", "export_profile", "P", "previous"]], "sourcename": "API/_autosummary/pyaedt.Maxwell2d.export_results.rst.txt", "toc": "<ul>\n<li><a class=\"reference internal\" href=\"#\">export_results</a><ul>\n<li><a class=\"reference internal\" href=\"#pyaedt.Maxwell2d.export_results\"><code class=\"docutils literal notranslate\"><span class=\"pre\">Maxwell2d.export_results()</span></code></a></li>\n</ul>\n</li>\n</ul>\n", "display_toc": true, "page_source_suffix": ".rst", "current_page_name": "API/_autosummary/pyaedt.Maxwell2d.export_results", "sidebars": ["search-field.html", "sidebar-nav-bs.html"], "customsidebar": null, "favicon_url": null, "logo_url": null, "alabaster_version": "0.7.12", "theme_show_toc_level": 1, "theme_logo": {}}