{"parents": [{"link": "../../", "title": "API reference"}, {"link": "../../MaterialManagement/", "title": "Material and stackup"}, {"link": "../pyaedt.modules.Material.Material/", "title": "pyaedt.modules.Material.Material"}], "prev": {"link": "../pyaedt.modules.Material.Material.permittivity/", "title": "permittivity"}, "next": {"link": "../pyaedt.modules.Material.Material.specific_heat/", "title": "specific_heat"}, "title": "poissons_ratio", "meta": {}, "body": "<section id=\"poissons-ratio\">\n<h1>poissons_ratio<a class=\"headerlink\" href=\"#poissons-ratio\" title=\"Permalink to this heading\">#</a></h1>\n<dl class=\"py property\">\n<dt class=\"sig sig-object py\" id=\"pyaedt.modules.Material.Material.poissons_ratio\">\n<em class=\"property\"><span class=\"pre\">property</span><span class=\"w\"> </span></em><span class=\"sig-prename descclassname\"><span class=\"pre\">Material.</span></span><span class=\"sig-name descname\"><span class=\"pre\">poissons_ratio</span></span><a class=\"headerlink\" href=\"#pyaedt.modules.Material.Material.poissons_ratio\" title=\"Permalink to this definition\">#</a></dt>\n<dd><p>Poisson\u2019s ratio.</p>\n<dl class=\"field-list simple\">\n<dt class=\"field-odd\">Returns<span class=\"colon\">:</span></dt>\n<dd class=\"field-odd\"><dl class=\"simple\">\n<dt><a class=\"reference internal\" href=\"../pyaedt.modules.Material.MatProperty/#pyaedt.modules.Material.MatProperty\" title=\"pyaedt.modules.Material.MatProperty\"><code class=\"xref py py-class docutils literal notranslate\"><span class=\"pre\">pyaedt.modules.Material.MatProperty</span></code></a></dt><dd><p>Poisson\u2019s ratio of the material.</p>\n</dd>\n</dl>\n</dd>\n</dl>\n<p class=\"rubric\">References</p>\n<div class=\"doctest highlight-default notranslate\"><div class=\"highlight\"><pre><span></span><span class=\"gp\">&gt;&gt;&gt; </span><span class=\"n\">oDefinitionManager</span><span class=\"o\">.</span><span class=\"n\">EditMaterial</span>\n</pre></div>\n</div>\n</dd></dl>\n\n</section>\n", "metatags": "<meta name=\"generator\" content=\"Docutils 0.19: https://docutils.sourceforge.io/\" />\n", "rellinks": [["genindex", "General Index", "I", "index"], ["py-modindex", "Python Module Index", "", "modules"], ["API/_autosummary/pyaedt.modules.Material.Material.specific_heat", "specific_heat", "N", "next"], ["API/_autosummary/pyaedt.modules.Material.Material.permittivity", "permittivity", "P", "previous"]], "sourcename": "API/_autosummary/pyaedt.modules.Material.Material.poissons_ratio.rst.txt", "toc": "<ul>\n<li><a class=\"reference internal\" href=\"#\">poissons_ratio</a><ul>\n<li><a class=\"reference internal\" href=\"#pyaedt.modules.Material.Material.poissons_ratio\"><code class=\"docutils literal notranslate\"><span class=\"pre\">Material.poissons_ratio</span></code></a></li>\n</ul>\n</li>\n</ul>\n", "display_toc": true, "page_source_suffix": ".rst", "current_page_name": "API/_autosummary/pyaedt.modules.Material.Material.poissons_ratio", "sidebars": ["search-field.html", "sidebar-nav-bs.html"], "customsidebar": null, "favicon_url": null, "logo_url": null, "alabaster_version": "0.7.12", "theme_show_toc_level": 1, "theme_logo": {}}