{"parents": [{"link": "../../", "title": "API reference"}, {"link": "../../Mesh/", "title": "Mesh operations"}, {"link": "../pyaedt.modules.Mesh3DLayout.Mesh3d/", "title": "pyaedt.modules.Mesh3DLayout.Mesh3d"}], "prev": {"link": "../pyaedt.modules.Mesh3DLayout.Mesh3d.assign_skin_depth/", "title": "assign_skin_depth"}, "next": {"link": "../pyaedt.modules.Mesh3DLayout.Mesh3d.generate_mesh/", "title": "generate_mesh"}, "title": "delete_mesh_operations", "meta": {}, "body": "<section id=\"delete-mesh-operations\">\n<h1>delete_mesh_operations<a class=\"headerlink\" href=\"#delete-mesh-operations\" title=\"Permalink to this heading\">#</a></h1>\n<dl class=\"py method\">\n<dt class=\"sig sig-object py\" id=\"pyaedt.modules.Mesh3DLayout.Mesh3d.delete_mesh_operations\">\n<span class=\"sig-prename descclassname\"><span class=\"pre\">Mesh3d.</span></span><span class=\"sig-name descname\"><span class=\"pre\">delete_mesh_operations</span></span><span class=\"sig-paren\">(</span><em class=\"sig-param\"><span class=\"n\"><span class=\"pre\">setup_name</span></span></em>, <em class=\"sig-param\"><span class=\"n\"><span class=\"pre\">mesh_name</span></span></em><span class=\"sig-paren\">)</span><a class=\"reference internal\" href=\"../../../_modules/pyaedt/modules/Mesh3DLayout/#Mesh3d.delete_mesh_operations\"><span class=\"viewcode-link\"><span class=\"pre\">[source]</span></span></a><a class=\"headerlink\" href=\"#pyaedt.modules.Mesh3DLayout.Mesh3d.delete_mesh_operations\" title=\"Permalink to this definition\">#</a></dt>\n<dd><p>Remove mesh operations from a setup.</p>\n<dl class=\"field-list\">\n<dt class=\"field-odd\">Parameters<span class=\"colon\">:</span></dt>\n<dd class=\"field-odd\"><dl>\n<dt><strong>setup_name</strong><span class=\"classifier\"><a class=\"reference external\" href=\"https://docs.python.org/dev/library/stdtypes.html#str\" title=\"(in Python v3.12)\"><code class=\"docutils literal notranslate\"><span class=\"pre\">str</span></code></a></span></dt><dd><p>Name of the setup.</p>\n</dd>\n<dt><strong>mesh_name</strong><span class=\"classifier\"><a class=\"reference external\" href=\"https://docs.python.org/dev/library/stdtypes.html#str\" title=\"(in Python v3.12)\"><code class=\"docutils literal notranslate\"><span class=\"pre\">str</span></code></a></span></dt><dd><p>Name of the mesh.</p>\n</dd>\n</dl>\n</dd>\n<dt class=\"field-even\">Returns<span class=\"colon\">:</span></dt>\n<dd class=\"field-even\"><dl class=\"simple\">\n<dt><a class=\"reference external\" href=\"https://docs.python.org/dev/library/stdtypes.html#bltin-boolean-values\" title=\"(in Python v3.12)\"><span class=\"xref std std-ref\">bool</span></a></dt><dd><p><code class=\"docutils literal notranslate\"><span class=\"pre\">True</span></code> when successful, <code class=\"docutils literal notranslate\"><span class=\"pre\">False</span></code> when failed.</p>\n</dd>\n</dl>\n</dd>\n</dl>\n<p class=\"rubric\">References</p>\n<div class=\"doctest highlight-default notranslate\"><div class=\"highlight\"><pre><span></span><span class=\"gp\">&gt;&gt;&gt; </span><span class=\"n\">oModule</span><span class=\"o\">.</span><span class=\"n\">DeleteMeshOperation</span>\n</pre></div>\n</div>\n</dd></dl>\n\n</section>\n", "metatags": "<meta name=\"generator\" content=\"Docutils 0.19: https://docutils.sourceforge.io/\" />\n", "rellinks": [["genindex", "General Index", "I", "index"], ["py-modindex", "Python Module Index", "", "modules"], ["API/_autosummary/pyaedt.modules.Mesh3DLayout.Mesh3d.generate_mesh", "generate_mesh", "N", "next"], ["API/_autosummary/pyaedt.modules.Mesh3DLayout.Mesh3d.assign_skin_depth", "assign_skin_depth", "P", "previous"]], "sourcename": "API/_autosummary/pyaedt.modules.Mesh3DLayout.Mesh3d.delete_mesh_operations.rst.txt", "toc": "<ul>\n<li><a class=\"reference internal\" href=\"#\">delete_mesh_operations</a><ul>\n<li><a class=\"reference internal\" href=\"#pyaedt.modules.Mesh3DLayout.Mesh3d.delete_mesh_operations\"><code class=\"docutils literal notranslate\"><span class=\"pre\">Mesh3d.delete_mesh_operations()</span></code></a></li>\n</ul>\n</li>\n</ul>\n", "display_toc": true, "page_source_suffix": ".rst", "current_page_name": "API/_autosummary/pyaedt.modules.Mesh3DLayout.Mesh3d.delete_mesh_operations", "sidebars": ["search-field.html", "sidebar-nav-bs.html"], "customsidebar": null, "favicon_url": null, "logo_url": null, "alabaster_version": "0.7.12", "theme_show_toc_level": 1, "theme_logo": {}}