{"parents": [{"link": "../../", "title": "API reference"}, {"link": "../../CoreEdb/", "title": "EDB editor"}, {"link": "../pyaedt.edb_core.padstack.EdbPadstacks/", "title": "pyaedt.edb_core.padstack.EdbPadstacks"}], "prev": {"link": "../pyaedt.edb_core.padstack.EdbPadstacks.pad_type/", "title": "pad_type"}, "next": {"link": "../pyaedt.edb_core.padstack.EdbPadstacks.padstacks/", "title": "padstacks"}, "title": "padstack_instances", "meta": {}, "body": "<section id=\"padstack-instances\">\n<h1>padstack_instances<a class=\"headerlink\" href=\"#padstack-instances\" title=\"Permalink to this heading\">#</a></h1>\n<dl class=\"py property\">\n<dt class=\"sig sig-object py\" id=\"pyaedt.edb_core.padstack.EdbPadstacks.padstack_instances\">\n<em class=\"property\"><span class=\"pre\">property</span><span class=\"w\"> </span></em><span class=\"sig-prename descclassname\"><span class=\"pre\">EdbPadstacks.</span></span><span class=\"sig-name descname\"><span class=\"pre\">padstack_instances</span></span><a class=\"headerlink\" href=\"#pyaedt.edb_core.padstack.EdbPadstacks.padstack_instances\" title=\"Permalink to this definition\">#</a></dt>\n<dd><p>List of padstack instances.</p>\n<dl class=\"field-list simple\">\n<dt class=\"field-odd\">Returns<span class=\"colon\">:</span></dt>\n<dd class=\"field-odd\"><dl class=\"simple\">\n<dt><a class=\"reference external\" href=\"https://docs.python.org/dev/library/stdtypes.html#dict\" title=\"(in Python v3.12)\"><code class=\"docutils literal notranslate\"><span class=\"pre\">dict</span></code></a>[<a class=\"reference external\" href=\"https://docs.python.org/dev/library/stdtypes.html#str\" title=\"(in Python v3.12)\"><code class=\"docutils literal notranslate\"><span class=\"pre\">str</span></code></a>, <a class=\"reference internal\" href=\"../pyaedt.edb_core.EDB_Data.EDBPadstackInstance/#pyaedt.edb_core.EDB_Data.EDBPadstackInstance\" title=\"pyaedt.edb_core.EDB_Data.EDBPadstackInstance\"><code class=\"xref py py-class docutils literal notranslate\"><span class=\"pre\">pyaedt.edb_core.EDB_Data.EDBPadstackInstance</span></code></a>]</dt><dd><p>List of padstack instances.</p>\n</dd>\n</dl>\n</dd>\n</dl>\n</dd></dl>\n\n</section>\n", "metatags": "<meta name=\"generator\" content=\"Docutils 0.19: https://docutils.sourceforge.io/\" />\n", "rellinks": [["genindex", "General Index", "I", "index"], ["py-modindex", "Python Module Index", "", "modules"], ["API/_autosummary/pyaedt.edb_core.padstack.EdbPadstacks.padstacks", "padstacks", "N", "next"], ["API/_autosummary/pyaedt.edb_core.padstack.EdbPadstacks.pad_type", "pad_type", "P", "previous"]], "sourcename": "API/_autosummary/pyaedt.edb_core.padstack.EdbPadstacks.padstack_instances.rst.txt", "toc": "<ul>\n<li><a class=\"reference internal\" href=\"#\">padstack_instances</a><ul>\n<li><a class=\"reference internal\" href=\"#pyaedt.edb_core.padstack.EdbPadstacks.padstack_instances\"><code class=\"docutils literal notranslate\"><span class=\"pre\">EdbPadstacks.padstack_instances</span></code></a></li>\n</ul>\n</li>\n</ul>\n", "display_toc": true, "page_source_suffix": ".rst", "current_page_name": "API/_autosummary/pyaedt.edb_core.padstack.EdbPadstacks.padstack_instances", "sidebars": ["search-field.html", "sidebar-nav-bs.html"], "customsidebar": null, "favicon_url": null, "logo_url": null, "alabaster_version": "0.7.12", "theme_show_toc_level": 1, "theme_logo": {}}