{"parents": [{"link": "../../", "title": "API reference"}, {"link": "../../CoreEdb/", "title": "EDB editor"}, {"link": "../pyaedt.Edb/", "title": "pyaedt.Edb"}], "prev": {"link": "../pyaedt.Edb.export_hfss/", "title": "export_hfss"}, "next": {"link": "../pyaedt.Edb.export_q3d/", "title": "export_q3d"}, "title": "export_maxwell", "meta": {}, "body": "<section id=\"export-maxwell\">\n<h1>export_maxwell<a class=\"headerlink\" href=\"#export-maxwell\" title=\"Permalink to this heading\">#</a></h1>\n<dl class=\"py method\">\n<dt class=\"sig sig-object py\" id=\"pyaedt.Edb.export_maxwell\">\n<span class=\"sig-prename descclassname\"><span class=\"pre\">Edb.</span></span><span class=\"sig-name descname\"><span class=\"pre\">export_maxwell</span></span><span class=\"sig-paren\">(</span><em class=\"sig-param\"><span class=\"n\"><span class=\"pre\">path_to_output</span></span></em>, <em class=\"sig-param\"><span class=\"n\"><span class=\"pre\">net_list</span></span><span class=\"o\"><span class=\"pre\">=</span></span><span class=\"default_value\"><span class=\"pre\">None</span></span></em>, <em class=\"sig-param\"><span class=\"n\"><span class=\"pre\">num_cores</span></span><span class=\"o\"><span class=\"pre\">=</span></span><span class=\"default_value\"><span class=\"pre\">None</span></span></em>, <em class=\"sig-param\"><span class=\"n\"><span class=\"pre\">aedt_file_name</span></span><span class=\"o\"><span class=\"pre\">=</span></span><span class=\"default_value\"><span class=\"pre\">None</span></span></em>, <em class=\"sig-param\"><span class=\"n\"><span class=\"pre\">hidden</span></span><span class=\"o\"><span class=\"pre\">=</span></span><span class=\"default_value\"><span class=\"pre\">False</span></span></em><span class=\"sig-paren\">)</span><a class=\"reference internal\" href=\"../../../_modules/pyaedt/edb/#Edb.export_maxwell\"><span class=\"viewcode-link\"><span class=\"pre\">[source]</span></span></a><a class=\"headerlink\" href=\"#pyaedt.Edb.export_maxwell\" title=\"Permalink to this definition\">#</a></dt>\n<dd><p>Export EDB to Maxwell 3D.</p>\n<dl class=\"field-list\">\n<dt class=\"field-odd\">Parameters<span class=\"colon\">:</span></dt>\n<dd class=\"field-odd\"><dl>\n<dt><strong>path_to_output</strong><span class=\"classifier\"><a class=\"reference external\" href=\"https://docs.python.org/dev/library/stdtypes.html#str\" title=\"(in Python v3.12)\"><code class=\"docutils literal notranslate\"><span class=\"pre\">str</span></code></a></span></dt><dd><p>Full path and name for saving the AEDT file.</p>\n</dd>\n<dt><strong>net_list</strong><span class=\"classifier\"><a class=\"reference external\" href=\"https://docs.python.org/dev/library/stdtypes.html#list\" title=\"(in Python v3.12)\"><code class=\"docutils literal notranslate\"><span class=\"pre\">list</span></code></a>, <code class=\"xref py py-obj docutils literal notranslate\"><span class=\"pre\">optional</span></code></span></dt><dd><p>List of nets to export only if certain ones are to be\nexported. The default is <code class=\"docutils literal notranslate\"><span class=\"pre\">None</span></code>, in which case all nets are exported.</p>\n</dd>\n<dt><strong>num_cores</strong><span class=\"classifier\"><a class=\"reference external\" href=\"https://docs.python.org/dev/library/functions.html#int\" title=\"(in Python v3.12)\"><code class=\"docutils literal notranslate\"><span class=\"pre\">int</span></code></a>, <code class=\"xref py py-obj docutils literal notranslate\"><span class=\"pre\">optional</span></code></span></dt><dd><p>Number of cores to use for the export. The default is <code class=\"docutils literal notranslate\"><span class=\"pre\">None.</span></code></p>\n</dd>\n<dt><strong>aedt_file_name</strong><span class=\"classifier\"><a class=\"reference external\" href=\"https://docs.python.org/dev/library/stdtypes.html#str\" title=\"(in Python v3.12)\"><code class=\"docutils literal notranslate\"><span class=\"pre\">str</span></code></a>, <code class=\"xref py py-obj docutils literal notranslate\"><span class=\"pre\">optional</span></code></span></dt><dd><p>Name of the AEDT output file without the <code class=\"docutils literal notranslate\"><span class=\"pre\">.aedt</span></code> extension. The default is <code class=\"docutils literal notranslate\"><span class=\"pre\">None</span></code>,\nin which case the default name is used.</p>\n</dd>\n<dt><strong>hidden</strong><span class=\"classifier\"><a class=\"reference external\" href=\"https://docs.python.org/dev/library/stdtypes.html#bltin-boolean-values\" title=\"(in Python v3.12)\"><span class=\"xref std std-ref\">bool</span></a>, <code class=\"xref py py-obj docutils literal notranslate\"><span class=\"pre\">optional</span></code></span></dt><dd><p>Open Siwave in embedding mode. User will only see Siwave Icon but UI will be hidden.</p>\n</dd>\n</dl>\n</dd>\n<dt class=\"field-even\">Returns<span class=\"colon\">:</span></dt>\n<dd class=\"field-even\"><dl class=\"simple\">\n<dt><a class=\"reference external\" href=\"https://docs.python.org/dev/library/stdtypes.html#str\" title=\"(in Python v3.12)\"><code class=\"docutils literal notranslate\"><span class=\"pre\">str</span></code></a></dt><dd><p>Full path to the AEDT file.</p>\n</dd>\n</dl>\n</dd>\n</dl>\n<p class=\"rubric\">Examples</p>\n<div class=\"doctest highlight-default notranslate\"><div class=\"highlight\"><pre><span></span><span class=\"gp\">&gt;&gt;&gt; </span><span class=\"kn\">from</span> <span class=\"nn\">pyaedt</span> <span class=\"kn\">import</span> <span class=\"n\">Edb</span>\n</pre></div>\n</div>\n<div class=\"doctest highlight-default notranslate\"><div class=\"highlight\"><pre><span></span><span class=\"gp\">&gt;&gt;&gt; </span><span class=\"n\">edb</span> <span class=\"o\">=</span> <span class=\"n\">Edb</span><span class=\"p\">(</span><span class=\"n\">edbpath</span><span class=\"o\">=</span><span class=\"sa\">r</span><span class=\"s2\">&quot;C:      emp\\myproject.aedb&quot;</span><span class=\"p\">,</span> <span class=\"n\">edbversion</span><span class=\"o\">=</span><span class=\"s2\">&quot;2021.2&quot;</span><span class=\"p\">)</span>\n</pre></div>\n</div>\n<div class=\"doctest highlight-default notranslate\"><div class=\"highlight\"><pre><span></span><span class=\"gp\">&gt;&gt;&gt; </span><span class=\"n\">options_config</span> <span class=\"o\">=</span> <span class=\"p\">{</span><span class=\"s1\">&#39;UNITE_NETS&#39;</span> <span class=\"p\">:</span> <span class=\"mi\">1</span><span class=\"p\">,</span> <span class=\"s1\">&#39;LAUNCH_Q3D&#39;</span> <span class=\"p\">:</span> <span class=\"mi\">0</span><span class=\"p\">}</span>\n<span class=\"gp\">&gt;&gt;&gt; </span><span class=\"n\">edb</span><span class=\"o\">.</span><span class=\"n\">write_export3d_option_config_file</span><span class=\"p\">(</span><span class=\"sa\">r</span><span class=\"s2\">&quot;C:  emp&quot;</span><span class=\"p\">,</span> <span class=\"n\">options_config</span><span class=\"p\">)</span>\n<span class=\"gp\">&gt;&gt;&gt; </span><span class=\"n\">edb</span><span class=\"o\">.</span><span class=\"n\">export_maxwell</span><span class=\"p\">(</span><span class=\"sa\">r</span><span class=\"s2\">&quot;C:     emp&quot;</span><span class=\"p\">)</span>\n<span class=\"go\">&quot;C:\\temp\\maxwell_siwave.aedt&quot;</span>\n</pre></div>\n</div>\n</dd></dl>\n\n</section>\n", "metatags": "<meta name=\"generator\" content=\"Docutils 0.19: https://docutils.sourceforge.io/\" />\n", "rellinks": [["genindex", "General Index", "I", "index"], ["py-modindex", "Python Module Index", "", "modules"], ["API/_autosummary/pyaedt.Edb.export_q3d", "export_q3d", "N", "next"], ["API/_autosummary/pyaedt.Edb.export_hfss", "export_hfss", "P", "previous"]], "sourcename": "API/_autosummary/pyaedt.Edb.export_maxwell.rst.txt", "toc": "<ul>\n<li><a class=\"reference internal\" href=\"#\">export_maxwell</a><ul>\n<li><a class=\"reference internal\" href=\"#pyaedt.Edb.export_maxwell\"><code class=\"docutils literal notranslate\"><span class=\"pre\">Edb.export_maxwell()</span></code></a></li>\n</ul>\n</li>\n</ul>\n", "display_toc": true, "page_source_suffix": ".rst", "current_page_name": "API/_autosummary/pyaedt.Edb.export_maxwell", "sidebars": ["search-field.html", "sidebar-nav-bs.html"], "customsidebar": null, "favicon_url": null, "logo_url": null, "alabaster_version": "0.7.12", "theme_show_toc_level": 1, "theme_logo": {}}