{"parents": [{"link": "../../", "title": "API reference"}, {"link": "../../Application/", "title": "AEDT apps"}, {"link": "../pyaedt.Circuit/", "title": "pyaedt.Circuit"}], "prev": {"link": "../pyaedt.Circuit.valid_design/", "title": "valid_design"}, "next": {"link": "../pyaedt.Circuit.working_directory/", "title": "working_directory"}, "title": "variable_manager", "meta": {}, "body": "<section id=\"variable-manager\">\n<h1>variable_manager<a class=\"headerlink\" href=\"#variable-manager\" title=\"Permalink to this heading\">#</a></h1>\n<dl class=\"py property\">\n<dt class=\"sig sig-object py\" id=\"pyaedt.Circuit.variable_manager\">\n<em class=\"property\"><span class=\"pre\">property</span><span class=\"w\"> </span></em><span class=\"sig-prename descclassname\"><span class=\"pre\">Circuit.</span></span><span class=\"sig-name descname\"><span class=\"pre\">variable_manager</span></span><a class=\"headerlink\" href=\"#pyaedt.Circuit.variable_manager\" title=\"Permalink to this definition\">#</a></dt>\n<dd><p>Variable manager for creating and managing project design and postprocessing variables.</p>\n<dl class=\"field-list simple\">\n<dt class=\"field-odd\">Returns<span class=\"colon\">:</span></dt>\n<dd class=\"field-odd\"><dl class=\"simple\">\n<dt><a class=\"reference internal\" href=\"../pyaedt.application.Variables.VariableManager/#pyaedt.application.Variables.VariableManager\" title=\"pyaedt.application.Variables.VariableManager\"><code class=\"xref py py-obj docutils literal notranslate\"><span class=\"pre\">pyaedt.application.Variables.VariableManager</span></code></a></dt><dd></dd>\n</dl>\n</dd>\n</dl>\n</dd></dl>\n\n</section>\n", "metatags": "<meta name=\"generator\" content=\"Docutils 0.19: https://docutils.sourceforge.io/\" />\n", "rellinks": [["genindex", "General Index", "I", "index"], ["py-modindex", "Python Module Index", "", "modules"], ["API/_autosummary/pyaedt.Circuit.working_directory", "working_directory", "N", "next"], ["API/_autosummary/pyaedt.Circuit.valid_design", "valid_design", "P", "previous"]], "sourcename": "API/_autosummary/pyaedt.Circuit.variable_manager.rst.txt", "toc": "<ul>\n<li><a class=\"reference internal\" href=\"#\">variable_manager</a><ul>\n<li><a class=\"reference internal\" href=\"#pyaedt.Circuit.variable_manager\"><code class=\"docutils literal notranslate\"><span class=\"pre\">Circuit.variable_manager</span></code></a></li>\n</ul>\n</li>\n</ul>\n", "display_toc": true, "page_source_suffix": ".rst", "current_page_name": "API/_autosummary/pyaedt.Circuit.variable_manager", "sidebars": ["search-field.html", "sidebar-nav-bs.html"], "customsidebar": null, "favicon_url": null, "logo_url": null, "alabaster_version": "0.7.12", "theme_show_toc_level": 1, "theme_logo": {}}