{"parents": [{"link": "../../", "title": "API reference"}, {"link": "../../Application/", "title": "AEDT apps"}, {"link": "../pyaedt.Hfss/", "title": "pyaedt.Hfss"}], "prev": {"link": "../pyaedt.Hfss.post/", "title": "post"}, "next": {"link": "../pyaedt.Hfss.project_file/", "title": "project_file"}, "title": "project_datasets", "meta": {}, "body": "<section id=\"project-datasets\">\n<h1>project_datasets<a class=\"headerlink\" href=\"#project-datasets\" title=\"Permalink to this heading\">#</a></h1>\n<dl class=\"py property\">\n<dt class=\"sig sig-object py\" id=\"pyaedt.Hfss.project_datasets\">\n<em class=\"property\"><span class=\"pre\">property</span><span class=\"w\"> </span></em><span class=\"sig-prename descclassname\"><span class=\"pre\">Hfss.</span></span><span class=\"sig-name descname\"><span class=\"pre\">project_datasets</span></span><a class=\"headerlink\" href=\"#pyaedt.Hfss.project_datasets\" title=\"Permalink to this definition\">#</a></dt>\n<dd><p>Dictionary of Project Datasets.</p>\n<dl class=\"field-list simple\">\n<dt class=\"field-odd\">Returns<span class=\"colon\">:</span></dt>\n<dd class=\"field-odd\"><dl class=\"simple\">\n<dt><code class=\"xref py py-obj docutils literal notranslate\"><span class=\"pre\">Dict</span></code>[<a class=\"reference external\" href=\"https://docs.python.org/dev/library/stdtypes.html#str\" title=\"(in Python v3.12)\"><code class=\"docutils literal notranslate\"><span class=\"pre\">str</span></code></a>, <a class=\"reference internal\" href=\"../pyaedt.application.Variables.DataSet/#pyaedt.application.Variables.DataSet\" title=\"pyaedt.application.Variables.DataSet\"><code class=\"xref py py-class docutils literal notranslate\"><span class=\"pre\">pyaedt.application.Variables.DataSet</span></code></a>]</dt><dd></dd>\n</dl>\n</dd>\n</dl>\n</dd></dl>\n\n</section>\n", "metatags": "<meta name=\"generator\" content=\"Docutils 0.19: https://docutils.sourceforge.io/\" />\n", "rellinks": [["genindex", "General Index", "I", "index"], ["py-modindex", "Python Module Index", "", "modules"], ["API/_autosummary/pyaedt.Hfss.project_file", "project_file", "N", "next"], ["API/_autosummary/pyaedt.Hfss.post", "post", "P", "previous"]], "sourcename": "API/_autosummary/pyaedt.Hfss.project_datasets.rst.txt", "toc": "<ul>\n<li><a class=\"reference internal\" href=\"#\">project_datasets</a><ul>\n<li><a class=\"reference internal\" href=\"#pyaedt.Hfss.project_datasets\"><code class=\"docutils literal notranslate\"><span class=\"pre\">Hfss.project_datasets</span></code></a></li>\n</ul>\n</li>\n</ul>\n", "display_toc": true, "page_source_suffix": ".rst", "current_page_name": "API/_autosummary/pyaedt.Hfss.project_datasets", "sidebars": ["search-field.html", "sidebar-nav-bs.html"], "customsidebar": null, "favicon_url": null, "logo_url": null, "alabaster_version": "0.7.12", "theme_show_toc_level": 1, "theme_logo": {}}