{"parents": [{"link": "../../", "title": "API reference"}, {"link": "../../Common/", "title": "Desktop and common classes"}, {"link": "../../Configuration/", "title": "Configuration files"}, {"link": "../pyaedt.generic.configurations.ConfigurationsOptions/", "title": "pyaedt.generic.configurations.ConfigurationsOptions"}], "prev": {"link": "../pyaedt.generic.configurations.ConfigurationsOptions.export_materials/", "title": "export_materials"}, "next": {"link": "../pyaedt.generic.configurations.ConfigurationsOptions.export_object_properties/", "title": "export_object_properties"}, "title": "export_mesh_operations", "meta": {}, "body": "<section id=\"export-mesh-operations\">\n<h1>export_mesh_operations<a class=\"headerlink\" href=\"#export-mesh-operations\" title=\"Permalink to this heading\">#</a></h1>\n<dl class=\"py property\">\n<dt class=\"sig sig-object py\" id=\"pyaedt.generic.configurations.ConfigurationsOptions.export_mesh_operations\">\n<em class=\"property\"><span class=\"pre\">property</span><span class=\"w\"> </span></em><span class=\"sig-prename descclassname\"><span class=\"pre\">ConfigurationsOptions.</span></span><span class=\"sig-name descname\"><span class=\"pre\">export_mesh_operations</span></span><a class=\"headerlink\" href=\"#pyaedt.generic.configurations.ConfigurationsOptions.export_mesh_operations\" title=\"Permalink to this definition\">#</a></dt>\n<dd><p>Define if the Mesh Operations have to be exported to json file. Default is <cite>True</cite>.</p>\n<dl class=\"field-list simple\">\n<dt class=\"field-odd\">Returns<span class=\"colon\">:</span></dt>\n<dd class=\"field-odd\"><dl class=\"simple\">\n<dt><a class=\"reference external\" href=\"https://docs.python.org/dev/library/stdtypes.html#bltin-boolean-values\" title=\"(in Python v3.12)\"><span class=\"xref std std-ref\">bool</span></a></dt><dd></dd>\n</dl>\n</dd>\n</dl>\n<p class=\"rubric\">Examples</p>\n<div class=\"doctest highlight-default notranslate\"><div class=\"highlight\"><pre><span></span><span class=\"gp\">&gt;&gt;&gt; </span><span class=\"kn\">from</span> <span class=\"nn\">pyaedt</span> <span class=\"kn\">import</span> <span class=\"n\">Hfss</span>\n<span class=\"gp\">&gt;&gt;&gt; </span><span class=\"n\">hfss</span> <span class=\"o\">=</span> <span class=\"n\">Hfss</span><span class=\"p\">()</span>\n<span class=\"gp\">&gt;&gt;&gt; </span><span class=\"n\">hfss</span><span class=\"o\">.</span><span class=\"n\">configurations</span><span class=\"o\">.</span><span class=\"n\">options</span><span class=\"o\">.</span><span class=\"n\">export_mesh_operations</span> <span class=\"o\">=</span> <span class=\"kc\">False</span>  <span class=\"c1\"># Disable the mesh operations export</span>\n</pre></div>\n</div>\n</dd></dl>\n\n</section>\n", "metatags": "<meta name=\"generator\" content=\"Docutils 0.19: https://docutils.sourceforge.io/\" />\n", "rellinks": [["genindex", "General Index", "I", "index"], ["py-modindex", "Python Module Index", "", "modules"], ["API/_autosummary/pyaedt.generic.configurations.ConfigurationsOptions.export_object_properties", "export_object_properties", "N", "next"], ["API/_autosummary/pyaedt.generic.configurations.ConfigurationsOptions.export_materials", "export_materials", "P", "previous"]], "sourcename": "API/_autosummary/pyaedt.generic.configurations.ConfigurationsOptions.export_mesh_operations.rst.txt", "toc": "<ul>\n<li><a class=\"reference internal\" href=\"#\">export_mesh_operations</a><ul>\n<li><a class=\"reference internal\" href=\"#pyaedt.generic.configurations.ConfigurationsOptions.export_mesh_operations\"><code class=\"docutils literal notranslate\"><span class=\"pre\">ConfigurationsOptions.export_mesh_operations</span></code></a></li>\n</ul>\n</li>\n</ul>\n", "display_toc": true, "page_source_suffix": ".rst", "current_page_name": "API/_autosummary/pyaedt.generic.configurations.ConfigurationsOptions.export_mesh_operations", "sidebars": ["search-field.html", "sidebar-nav-bs.html"], "customsidebar": null, "favicon_url": null, "logo_url": null, "alabaster_version": "0.7.12", "theme_show_toc_level": 1, "theme_logo": {}}