{"parents": [{"link": "../../", "title": "API reference"}, {"link": "../../Primitives/", "title": "Modeler and  primitives"}, {"link": "../pyaedt.modeler.Circuit.ModelerNexxim/", "title": "pyaedt.modeler.Circuit.ModelerNexxim"}], "prev": {"link": "../pyaedt.modeler.Circuit.ModelerNexxim.o_model_manager/", "title": "o_model_manager"}, "next": {"link": "../pyaedt.modeler.Circuit.ModelerNexxim.oeditor/", "title": "oeditor"}, "title": "obounding_box", "meta": {}, "body": "<section id=\"obounding-box\">\n<h1>obounding_box<a class=\"headerlink\" href=\"#obounding-box\" title=\"Permalink to this heading\">#</a></h1>\n<dl class=\"py property\">\n<dt class=\"sig sig-object py\" id=\"pyaedt.modeler.Circuit.ModelerNexxim.obounding_box\">\n<em class=\"property\"><span class=\"pre\">property</span><span class=\"w\"> </span></em><span class=\"sig-prename descclassname\"><span class=\"pre\">ModelerNexxim.</span></span><span class=\"sig-name descname\"><span class=\"pre\">obounding_box</span></span><a class=\"headerlink\" href=\"#pyaedt.modeler.Circuit.ModelerNexxim.obounding_box\" title=\"Permalink to this definition\">#</a></dt>\n<dd><p>Bounding box.</p>\n<p class=\"rubric\">References</p>\n<div class=\"doctest highlight-default notranslate\"><div class=\"highlight\"><pre><span></span><span class=\"gp\">&gt;&gt;&gt; </span><span class=\"n\">oEditor</span><span class=\"o\">.</span><span class=\"n\">GetModelBoundingBox</span><span class=\"p\">()</span>\n</pre></div>\n</div>\n</dd></dl>\n\n</section>\n", "metatags": "<meta name=\"generator\" content=\"Docutils 0.19: https://docutils.sourceforge.io/\" />\n", "rellinks": [["genindex", "General Index", "I", "index"], ["py-modindex", "Python Module Index", "", "modules"], ["API/_autosummary/pyaedt.modeler.Circuit.ModelerNexxim.oeditor", "oeditor", "N", "next"], ["API/_autosummary/pyaedt.modeler.Circuit.ModelerNexxim.o_model_manager", "o_model_manager", "P", "previous"]], "sourcename": "API/_autosummary/pyaedt.modeler.Circuit.ModelerNexxim.obounding_box.rst.txt", "toc": "<ul>\n<li><a class=\"reference internal\" href=\"#\">obounding_box</a><ul>\n<li><a class=\"reference internal\" href=\"#pyaedt.modeler.Circuit.ModelerNexxim.obounding_box\"><code class=\"docutils literal notranslate\"><span class=\"pre\">ModelerNexxim.obounding_box</span></code></a></li>\n</ul>\n</li>\n</ul>\n", "display_toc": true, "page_source_suffix": ".rst", "current_page_name": "API/_autosummary/pyaedt.modeler.Circuit.ModelerNexxim.obounding_box", "sidebars": ["search-field.html", "sidebar-nav-bs.html"], "customsidebar": null, "favicon_url": null, "logo_url": null, "alabaster_version": "0.7.12", "theme_show_toc_level": 1, "theme_logo": {}}