{"parents": [{"link": "../../", "title": "API reference"}, {"link": "../../Application/", "title": "AEDT apps"}, {"link": "../pyaedt.Hfss3dLayout/", "title": "pyaedt.Hfss3dLayout"}], "prev": {"link": "../pyaedt.Hfss3dLayout.export_variables_to_csv/", "title": "export_variables_to_csv"}, "next": {"link": "../pyaedt.Hfss3dLayout.generate_unique_setup_name/", "title": "generate_unique_setup_name"}, "title": "generate_temp_project_directory", "meta": {}, "body": "<section id=\"generate-temp-project-directory\">\n<h1>generate_temp_project_directory<a class=\"headerlink\" href=\"#generate-temp-project-directory\" title=\"Permalink to this heading\">#</a></h1>\n<dl class=\"py method\">\n<dt class=\"sig sig-object py\" id=\"pyaedt.Hfss3dLayout.generate_temp_project_directory\">\n<span class=\"sig-prename descclassname\"><span class=\"pre\">Hfss3dLayout.</span></span><span class=\"sig-name descname\"><span class=\"pre\">generate_temp_project_directory</span></span><span class=\"sig-paren\">(</span><em class=\"sig-param\"><span class=\"n\"><span class=\"pre\">subdir_name</span></span></em><span class=\"sig-paren\">)</span><a class=\"headerlink\" href=\"#pyaedt.Hfss3dLayout.generate_temp_project_directory\" title=\"Permalink to this definition\">#</a></dt>\n<dd><p>Generate a unique directory string to save a project to.</p>\n<p>This method creates a directory for storage of a project in the <code class=\"docutils literal notranslate\"><span class=\"pre\">temp</span></code> directory\nof the AEDT installation because this location is guaranteed to exist. If the <code class=\"docutils literal notranslate\"><span class=\"pre\">name</span></code>\nparameter is defined, a subdirectory is added within the <code class=\"docutils literal notranslate\"><span class=\"pre\">temp</span></code> directory and a\nhash suffix is added to ensure that this directory is empty and has a unique name.</p>\n<dl class=\"field-list\">\n<dt class=\"field-odd\">Parameters<span class=\"colon\">:</span></dt>\n<dd class=\"field-odd\"><dl>\n<dt><strong>subdir_name</strong><span class=\"classifier\"><a class=\"reference external\" href=\"https://docs.python.org/dev/library/stdtypes.html#str\" title=\"(in Python v3.12)\"><code class=\"docutils literal notranslate\"><span class=\"pre\">str</span></code></a></span></dt><dd><p>Base name of the subdirectory to create in the <code class=\"docutils literal notranslate\"><span class=\"pre\">temp</span></code> directory.</p>\n</dd>\n</dl>\n</dd>\n<dt class=\"field-even\">Returns<span class=\"colon\">:</span></dt>\n<dd class=\"field-even\"><dl class=\"simple\">\n<dt><a class=\"reference external\" href=\"https://docs.python.org/dev/library/stdtypes.html#str\" title=\"(in Python v3.12)\"><code class=\"docutils literal notranslate\"><span class=\"pre\">str</span></code></a></dt><dd><p>Base name of the created subdirectory.</p>\n</dd>\n</dl>\n</dd>\n</dl>\n<p class=\"rubric\">Examples</p>\n<div class=\"doctest highlight-default notranslate\"><div class=\"highlight\"><pre><span></span><span class=\"gp\">&gt;&gt;&gt; </span><span class=\"n\">m3d</span> <span class=\"o\">=</span> <span class=\"n\">Maxwell3d</span><span class=\"p\">()</span>\n<span class=\"gp\">&gt;&gt;&gt; </span><span class=\"n\">proj_directory</span> <span class=\"o\">=</span> <span class=\"n\">m3d</span><span class=\"o\">.</span><span class=\"n\">generate_temp_project_directory</span><span class=\"p\">(</span><span class=\"s2\">&quot;Example&quot;</span><span class=\"p\">)</span>\n</pre></div>\n</div>\n</dd></dl>\n\n</section>\n", "metatags": "<meta name=\"generator\" content=\"Docutils 0.19: https://docutils.sourceforge.io/\" />\n", "rellinks": [["genindex", "General Index", "I", "index"], ["py-modindex", "Python Module Index", "", "modules"], ["API/_autosummary/pyaedt.Hfss3dLayout.generate_unique_setup_name", "generate_unique_setup_name", "N", "next"], ["API/_autosummary/pyaedt.Hfss3dLayout.export_variables_to_csv", "export_variables_to_csv", "P", "previous"]], "sourcename": "API/_autosummary/pyaedt.Hfss3dLayout.generate_temp_project_directory.rst.txt", "toc": "<ul>\n<li><a class=\"reference internal\" href=\"#\">generate_temp_project_directory</a><ul>\n<li><a class=\"reference internal\" href=\"#pyaedt.Hfss3dLayout.generate_temp_project_directory\"><code class=\"docutils literal notranslate\"><span class=\"pre\">Hfss3dLayout.generate_temp_project_directory()</span></code></a></li>\n</ul>\n</li>\n</ul>\n", "display_toc": true, "page_source_suffix": ".rst", "current_page_name": "API/_autosummary/pyaedt.Hfss3dLayout.generate_temp_project_directory", "sidebars": ["search-field.html", "sidebar-nav-bs.html"], "customsidebar": null, "favicon_url": null, "logo_url": null, "alabaster_version": "0.7.12", "theme_show_toc_level": 1, "theme_logo": {}}