{"parents": [{"link": "../../", "title": "API reference"}, {"link": "../../CoreEdb/", "title": "EDB editor"}, {"link": "../pyaedt.edb_core.components.Components/", "title": "pyaedt.edb_core.components.Components"}], "prev": {"link": "../pyaedt.edb_core.components.Components.set_component_rlc/", "title": "set_component_rlc"}, "next": {"link": "../pyaedt.edb_core.components.Components.short_component_pins/", "title": "short_component_pins"}, "title": "set_solder_ball", "meta": {}, "body": "<section id=\"set-solder-ball\">\n<h1>set_solder_ball<a class=\"headerlink\" href=\"#set-solder-ball\" title=\"Permalink to this heading\">#</a></h1>\n<dl class=\"py method\">\n<dt class=\"sig sig-object py\" id=\"pyaedt.edb_core.components.Components.set_solder_ball\">\n<span class=\"sig-prename descclassname\"><span class=\"pre\">Components.</span></span><span class=\"sig-name descname\"><span class=\"pre\">set_solder_ball</span></span><span class=\"sig-paren\">(</span><em class=\"sig-param\"><span class=\"n\"><span class=\"pre\">component</span></span><span class=\"o\"><span class=\"pre\">=</span></span><span class=\"default_value\"><span class=\"pre\">''</span></span></em>, <em class=\"sig-param\"><span class=\"n\"><span class=\"pre\">sball_diam</span></span><span class=\"o\"><span class=\"pre\">=</span></span><span class=\"default_value\"><span class=\"pre\">'100um'</span></span></em>, <em class=\"sig-param\"><span class=\"n\"><span class=\"pre\">sball_height</span></span><span class=\"o\"><span class=\"pre\">=</span></span><span class=\"default_value\"><span class=\"pre\">'150um'</span></span></em>, <em class=\"sig-param\"><span class=\"n\"><span class=\"pre\">shape</span></span><span class=\"o\"><span class=\"pre\">=</span></span><span class=\"default_value\"><span class=\"pre\">'Cylinder'</span></span></em>, <em class=\"sig-param\"><span class=\"n\"><span class=\"pre\">sball_mid_diam</span></span><span class=\"o\"><span class=\"pre\">=</span></span><span class=\"default_value\"><span class=\"pre\">None</span></span></em>, <em class=\"sig-param\"><span class=\"n\"><span class=\"pre\">chip_orientation</span></span><span class=\"o\"><span class=\"pre\">=</span></span><span class=\"default_value\"><span class=\"pre\">'chip_down'</span></span></em><span class=\"sig-paren\">)</span><a class=\"reference internal\" href=\"../../../_modules/pyaedt/edb_core/components/#Components.set_solder_ball\"><span class=\"viewcode-link\"><span class=\"pre\">[source]</span></span></a><a class=\"headerlink\" href=\"#pyaedt.edb_core.components.Components.set_solder_ball\" title=\"Permalink to this definition\">#</a></dt>\n<dd><p>Set cylindrical solder balls on a given component.</p>\n<dl class=\"field-list\">\n<dt class=\"field-odd\">Parameters<span class=\"colon\">:</span></dt>\n<dd class=\"field-odd\"><dl>\n<dt><strong>component_name</strong><span class=\"classifier\"><a class=\"reference external\" href=\"https://docs.python.org/dev/library/stdtypes.html#str\" title=\"(in Python v3.12)\"><code class=\"docutils literal notranslate\"><span class=\"pre\">str</span></code></a> or <code class=\"xref py py-obj docutils literal notranslate\"><span class=\"pre\">EDB</span></code> <code class=\"xref py py-obj docutils literal notranslate\"><span class=\"pre\">component</span></code></span></dt><dd><p>Name of the discrete component.</p>\n</dd>\n<dt><strong>sball_diam</strong><span class=\"classifier\"><a class=\"reference external\" href=\"https://docs.python.org/dev/library/stdtypes.html#str\" title=\"(in Python v3.12)\"><code class=\"docutils literal notranslate\"><span class=\"pre\">str</span></code></a>, <a class=\"reference external\" href=\"https://docs.python.org/dev/library/functions.html#float\" title=\"(in Python v3.12)\"><code class=\"docutils literal notranslate\"><span class=\"pre\">float</span></code></a>, <code class=\"xref py py-obj docutils literal notranslate\"><span class=\"pre\">optional</span></code></span></dt><dd><p>Diameter of the solder ball.</p>\n</dd>\n<dt><strong>sball_height</strong><span class=\"classifier\"><a class=\"reference external\" href=\"https://docs.python.org/dev/library/stdtypes.html#str\" title=\"(in Python v3.12)\"><code class=\"docutils literal notranslate\"><span class=\"pre\">str</span></code></a>, <a class=\"reference external\" href=\"https://docs.python.org/dev/library/functions.html#float\" title=\"(in Python v3.12)\"><code class=\"docutils literal notranslate\"><span class=\"pre\">float</span></code></a>, <code class=\"xref py py-obj docutils literal notranslate\"><span class=\"pre\">optional</span></code></span></dt><dd><p>Height of the solder ball.</p>\n</dd>\n<dt><strong>shape</strong><span class=\"classifier\"><a class=\"reference external\" href=\"https://docs.python.org/dev/library/stdtypes.html#str\" title=\"(in Python v3.12)\"><code class=\"docutils literal notranslate\"><span class=\"pre\">str</span></code></a>, <code class=\"xref py py-obj docutils literal notranslate\"><span class=\"pre\">optional</span></code></span></dt><dd><p>Shape of solder ball. Options are <code class=\"docutils literal notranslate\"><span class=\"pre\">&quot;Cylinder&quot;</span></code>,\n<code class=\"docutils literal notranslate\"><span class=\"pre\">&quot;Spheroid&quot;</span></code>. The default is <code class=\"docutils literal notranslate\"><span class=\"pre\">&quot;Cylinder&quot;</span></code>.</p>\n</dd>\n<dt><strong>sball_mid_diam</strong><span class=\"classifier\"><a class=\"reference external\" href=\"https://docs.python.org/dev/library/stdtypes.html#str\" title=\"(in Python v3.12)\"><code class=\"docutils literal notranslate\"><span class=\"pre\">str</span></code></a>, <a class=\"reference external\" href=\"https://docs.python.org/dev/library/functions.html#float\" title=\"(in Python v3.12)\"><code class=\"docutils literal notranslate\"><span class=\"pre\">float</span></code></a>, <code class=\"xref py py-obj docutils literal notranslate\"><span class=\"pre\">optional</span></code></span></dt><dd><p>Mid diameter of the solder ball.</p>\n</dd>\n<dt><strong>chip_orientation</strong><span class=\"classifier\"><a class=\"reference external\" href=\"https://docs.python.org/dev/library/stdtypes.html#str\" title=\"(in Python v3.12)\"><code class=\"docutils literal notranslate\"><span class=\"pre\">str</span></code></a></span></dt><dd><p>Give the chip orientation, <code class=\"docutils literal notranslate\"><span class=\"pre\">&quot;chip_down&quot;</span></code> or <code class=\"docutils literal notranslate\"><span class=\"pre\">&quot;chip_up&quot;</span></code>. Default is <code class=\"docutils literal notranslate\"><span class=\"pre\">&quot;chip_down&quot;</span></code>. Only applicable on\nIC model.</p>\n</dd>\n<dt><strong>Returns</strong></dt><dd></dd>\n<dt><strong>\u2014\u2014-</strong></dt><dd></dd>\n<dt><strong>bool</strong></dt><dd><p><code class=\"docutils literal notranslate\"><span class=\"pre\">True</span></code> when successful, <code class=\"docutils literal notranslate\"><span class=\"pre\">False</span></code> when failed.</p>\n</dd>\n</dl>\n</dd>\n</dl>\n<p class=\"rubric\">Examples</p>\n<div class=\"doctest highlight-default notranslate\"><div class=\"highlight\"><pre><span></span><span class=\"gp\">&gt;&gt;&gt; </span><span class=\"kn\">from</span> <span class=\"nn\">pyaedt</span> <span class=\"kn\">import</span> <span class=\"n\">Edb</span>\n<span class=\"gp\">&gt;&gt;&gt; </span><span class=\"n\">edbapp</span> <span class=\"o\">=</span> <span class=\"n\">Edb</span><span class=\"p\">(</span><span class=\"s2\">&quot;myaedbfolder&quot;</span><span class=\"p\">)</span>\n<span class=\"gp\">&gt;&gt;&gt; </span><span class=\"n\">edbapp</span><span class=\"o\">.</span><span class=\"n\">core_components</span><span class=\"o\">.</span><span class=\"n\">set_solder_ball</span><span class=\"p\">(</span><span class=\"s2\">&quot;A1&quot;</span><span class=\"p\">)</span>\n</pre></div>\n</div>\n</dd></dl>\n\n</section>\n", "metatags": "<meta name=\"generator\" content=\"Docutils 0.19: https://docutils.sourceforge.io/\" />\n", "rellinks": [["genindex", "General Index", "I", "index"], ["py-modindex", "Python Module Index", "", "modules"], ["API/_autosummary/pyaedt.edb_core.components.Components.short_component_pins", "short_component_pins", "N", "next"], ["API/_autosummary/pyaedt.edb_core.components.Components.set_component_rlc", "set_component_rlc", "P", "previous"]], "sourcename": "API/_autosummary/pyaedt.edb_core.components.Components.set_solder_ball.rst.txt", "toc": "<ul>\n<li><a class=\"reference internal\" href=\"#\">set_solder_ball</a><ul>\n<li><a class=\"reference internal\" href=\"#pyaedt.edb_core.components.Components.set_solder_ball\"><code class=\"docutils literal notranslate\"><span class=\"pre\">Components.set_solder_ball()</span></code></a></li>\n</ul>\n</li>\n</ul>\n", "display_toc": true, "page_source_suffix": ".rst", "current_page_name": "API/_autosummary/pyaedt.edb_core.components.Components.set_solder_ball", "sidebars": ["search-field.html", "sidebar-nav-bs.html"], "customsidebar": null, "favicon_url": null, "logo_url": null, "alabaster_version": "0.7.12", "theme_show_toc_level": 1, "theme_logo": {}}