{"parents": [{"link": "../../", "title": "API reference"}, {"link": "../../Common/", "title": "Desktop and common classes"}, {"link": "../../MultiPartComponent/", "title": "Multi-part components"}, {"link": "../pyaedt.modeler.actors.Bird/", "title": "pyaedt.modeler.actors.Bird"}], "prev": {"link": "../pyaedt.modeler.actors.Bird.insert/", "title": "insert"}, "next": {"link": "../pyaedt.modeler.actors.Bird.start/", "title": "start"}, "title": "position_in_app", "meta": {}, "body": "<section id=\"position-in-app\">\n<h1>position_in_app<a class=\"headerlink\" href=\"#position-in-app\" title=\"Permalink to this heading\">#</a></h1>\n<dl class=\"py method\">\n<dt class=\"sig sig-object py\" id=\"pyaedt.modeler.actors.Bird.position_in_app\">\n<span class=\"sig-prename descclassname\"><span class=\"pre\">Bird.</span></span><span class=\"sig-name descname\"><span class=\"pre\">position_in_app</span></span><span class=\"sig-paren\">(</span><em class=\"sig-param\"><span class=\"n\"><span class=\"pre\">app</span></span></em><span class=\"sig-paren\">)</span><a class=\"headerlink\" href=\"#pyaedt.modeler.actors.Bird.position_in_app\" title=\"Permalink to this definition\">#</a></dt>\n<dd><p>Set up design variables and values to enable motion for the multi-part 3D component.</p>\n<dl class=\"field-list\">\n<dt class=\"field-odd\">Parameters<span class=\"colon\">:</span></dt>\n<dd class=\"field-odd\"><dl>\n<dt><strong>app</strong><span class=\"classifier\"><a class=\"reference internal\" href=\"../pyaedt.Hfss/#pyaedt.Hfss\" title=\"pyaedt.Hfss\"><code class=\"xref py py-obj docutils literal notranslate\"><span class=\"pre\">pyaedt.Hfss</span></code></a></span></dt><dd><p>HFSS application instance.</p>\n</dd>\n</dl>\n</dd>\n<dt class=\"field-even\">Returns<span class=\"colon\">:</span></dt>\n<dd class=\"field-even\"><dl class=\"simple\">\n<dt><a class=\"reference internal\" href=\"../pyaedt.modeler.Modeler.CoordinateSystem/#pyaedt.modeler.Modeler.CoordinateSystem\" title=\"pyaedt.modeler.Modeler.CoordinateSystem\"><code class=\"xref py py-class docutils literal notranslate\"><span class=\"pre\">pyaedt.modeler.Modeler.CoordinateSystem</span></code></a></dt><dd></dd>\n</dl>\n</dd>\n</dl>\n</dd></dl>\n\n</section>\n", "metatags": "<meta name=\"generator\" content=\"Docutils 0.19: https://docutils.sourceforge.io/\" />\n", "rellinks": [["genindex", "General Index", "I", "index"], ["py-modindex", "Python Module Index", "", "modules"], ["API/_autosummary/pyaedt.modeler.actors.Bird.start", "start", "N", "next"], ["API/_autosummary/pyaedt.modeler.actors.Bird.insert", "insert", "P", "previous"]], "sourcename": "API/_autosummary/pyaedt.modeler.actors.Bird.position_in_app.rst.txt", "toc": "<ul>\n<li><a class=\"reference internal\" href=\"#\">position_in_app</a><ul>\n<li><a class=\"reference internal\" href=\"#pyaedt.modeler.actors.Bird.position_in_app\"><code class=\"docutils literal notranslate\"><span class=\"pre\">Bird.position_in_app()</span></code></a></li>\n</ul>\n</li>\n</ul>\n", "display_toc": true, "page_source_suffix": ".rst", "current_page_name": "API/_autosummary/pyaedt.modeler.actors.Bird.position_in_app", "sidebars": ["search-field.html", "sidebar-nav-bs.html"], "customsidebar": null, "favicon_url": null, "logo_url": null, "alabaster_version": "0.7.12", "theme_show_toc_level": 1, "theme_logo": {}}