{"parents": [{"link": "../../", "title": "API reference"}, {"link": "../../Application/", "title": "AEDT apps"}, {"link": "../pyaedt.Hfss/", "title": "pyaedt.Hfss"}], "prev": {"link": "../pyaedt.Hfss.set_active_dso_config_name/", "title": "set_active_dso_config_name"}, "next": {"link": "../pyaedt.Hfss.set_differential_pair/", "title": "set_differential_pair"}, "title": "set_auto_open", "meta": {}, "body": "<section id=\"set-auto-open\">\n<h1>set_auto_open<a class=\"headerlink\" href=\"#set-auto-open\" title=\"Permalink to this heading\">#</a></h1>\n<dl class=\"py method\">\n<dt class=\"sig sig-object py\" id=\"pyaedt.Hfss.set_auto_open\">\n<span class=\"sig-prename descclassname\"><span class=\"pre\">Hfss.</span></span><span class=\"sig-name descname\"><span class=\"pre\">set_auto_open</span></span><span class=\"sig-paren\">(</span><em class=\"sig-param\"><span class=\"n\"><span class=\"pre\">enable</span></span><span class=\"o\"><span class=\"pre\">=</span></span><span class=\"default_value\"><span class=\"pre\">True</span></span></em>, <em class=\"sig-param\"><span class=\"n\"><span class=\"pre\">boundary_type</span></span><span class=\"o\"><span class=\"pre\">=</span></span><span class=\"default_value\"><span class=\"pre\">'Radiation'</span></span></em><span class=\"sig-paren\">)</span><a class=\"reference internal\" href=\"../../../_modules/pyaedt/hfss/#Hfss.set_auto_open\"><span class=\"viewcode-link\"><span class=\"pre\">[source]</span></span></a><a class=\"headerlink\" href=\"#pyaedt.Hfss.set_auto_open\" title=\"Permalink to this definition\">#</a></dt>\n<dd><p>Set the HFSS auto open type.</p>\n<dl class=\"field-list\">\n<dt class=\"field-odd\">Parameters<span class=\"colon\">:</span></dt>\n<dd class=\"field-odd\"><dl>\n<dt><strong>enable</strong><span class=\"classifier\"><a class=\"reference external\" href=\"https://docs.python.org/dev/library/stdtypes.html#bltin-boolean-values\" title=\"(in Python v3.12)\"><span class=\"xref std std-ref\">bool</span></a>, <code class=\"xref py py-obj docutils literal notranslate\"><span class=\"pre\">optional</span></code></span></dt><dd><p>Whether to enable the HFSS auto open option. The default is <code class=\"docutils literal notranslate\"><span class=\"pre\">True</span></code>.</p>\n</dd>\n<dt><strong>boundary_type</strong><span class=\"classifier\"><a class=\"reference external\" href=\"https://docs.python.org/dev/library/stdtypes.html#str\" title=\"(in Python v3.12)\"><code class=\"docutils literal notranslate\"><span class=\"pre\">str</span></code></a>, <code class=\"xref py py-obj docutils literal notranslate\"><span class=\"pre\">optional</span></code></span></dt><dd><p>Boundary type to use with auto open. Options are <code class=\"docutils literal notranslate\"><span class=\"pre\">&quot;Radiation&quot;</span></code>,\n<code class=\"docutils literal notranslate\"><span class=\"pre\">&quot;FEBI&quot;</span></code>, and <code class=\"docutils literal notranslate\"><span class=\"pre\">&quot;PML&quot;</span></code>. The default is <code class=\"docutils literal notranslate\"><span class=\"pre\">&quot;Radiation&quot;</span></code>.</p>\n</dd>\n</dl>\n</dd>\n<dt class=\"field-even\">Returns<span class=\"colon\">:</span></dt>\n<dd class=\"field-even\"><dl class=\"simple\">\n<dt><a class=\"reference external\" href=\"https://docs.python.org/dev/library/stdtypes.html#bltin-boolean-values\" title=\"(in Python v3.12)\"><span class=\"xref std std-ref\">bool</span></a></dt><dd><p><code class=\"docutils literal notranslate\"><span class=\"pre\">True</span></code> when successful, <code class=\"docutils literal notranslate\"><span class=\"pre\">False</span></code> when failed.</p>\n</dd>\n</dl>\n</dd>\n</dl>\n<p class=\"rubric\">Examples</p>\n<p>Enable auto open type for the PML boundary.</p>\n<div class=\"doctest highlight-default notranslate\"><div class=\"highlight\"><pre><span></span><span class=\"gp\">&gt;&gt;&gt; </span><span class=\"n\">hfss</span><span class=\"o\">.</span><span class=\"n\">set_auto_open</span><span class=\"p\">(</span><span class=\"kc\">True</span><span class=\"p\">,</span> <span class=\"s2\">&quot;PML&quot;</span><span class=\"p\">)</span>\n</pre></div>\n</div>\n</dd></dl>\n\n</section>\n", "metatags": "<meta name=\"generator\" content=\"Docutils 0.19: https://docutils.sourceforge.io/\" />\n", "rellinks": [["genindex", "General Index", "I", "index"], ["py-modindex", "Python Module Index", "", "modules"], ["API/_autosummary/pyaedt.Hfss.set_differential_pair", "set_differential_pair", "N", "next"], ["API/_autosummary/pyaedt.Hfss.set_active_dso_config_name", "set_active_dso_config_name", "P", "previous"]], "sourcename": "API/_autosummary/pyaedt.Hfss.set_auto_open.rst.txt", "toc": "<ul>\n<li><a class=\"reference internal\" href=\"#\">set_auto_open</a><ul>\n<li><a class=\"reference internal\" href=\"#pyaedt.Hfss.set_auto_open\"><code class=\"docutils literal notranslate\"><span class=\"pre\">Hfss.set_auto_open()</span></code></a></li>\n</ul>\n</li>\n</ul>\n", "display_toc": true, "page_source_suffix": ".rst", "current_page_name": "API/_autosummary/pyaedt.Hfss.set_auto_open", "sidebars": ["search-field.html", "sidebar-nav-bs.html"], "customsidebar": null, "favicon_url": null, "logo_url": null, "alabaster_version": "0.7.12", "theme_show_toc_level": 1, "theme_logo": {}}