{"parents": [{"link": "../../", "title": "API reference"}, {"link": "../../Post/", "title": "Postprocessing"}, {"link": "../pyaedt.modules.solutions.SolutionData/", "title": "pyaedt.modules.solutions.SolutionData"}], "prev": {"link": "../pyaedt.modules.solutions.SolutionData.ifft_to_file/", "title": "ifft_to_file"}, "next": {"link": "../pyaedt.modules.solutions.SolutionData.is_real_only/", "title": "is_real_only"}, "title": "init_solutions_data", "meta": {}, "body": "<section id=\"init-solutions-data\">\n<h1>init_solutions_data<a class=\"headerlink\" href=\"#init-solutions-data\" title=\"Permalink to this heading\">#</a></h1>\n<dl class=\"py method\">\n<dt class=\"sig sig-object py\" id=\"pyaedt.modules.solutions.SolutionData.init_solutions_data\">\n<span class=\"sig-prename descclassname\"><span class=\"pre\">SolutionData.</span></span><span class=\"sig-name descname\"><span class=\"pre\">init_solutions_data</span></span><span class=\"sig-paren\">(</span><span class=\"sig-paren\">)</span><a class=\"reference internal\" href=\"../../../_modules/pyaedt/modules/solutions/#SolutionData.init_solutions_data\"><span class=\"viewcode-link\"><span class=\"pre\">[source]</span></span></a><a class=\"headerlink\" href=\"#pyaedt.modules.solutions.SolutionData.init_solutions_data\" title=\"Permalink to this definition\">#</a></dt>\n<dd><p>Initialize the database and store info in variables.</p>\n</dd></dl>\n\n</section>\n", "metatags": "<meta name=\"generator\" content=\"Docutils 0.19: https://docutils.sourceforge.io/\" />\n", "rellinks": [["genindex", "General Index", "I", "index"], ["py-modindex", "Python Module Index", "", "modules"], ["API/_autosummary/pyaedt.modules.solutions.SolutionData.is_real_only", "is_real_only", "N", "next"], ["API/_autosummary/pyaedt.modules.solutions.SolutionData.ifft_to_file", "ifft_to_file", "P", "previous"]], "sourcename": "API/_autosummary/pyaedt.modules.solutions.SolutionData.init_solutions_data.rst.txt", "toc": "<ul>\n<li><a class=\"reference internal\" href=\"#\">init_solutions_data</a><ul>\n<li><a class=\"reference internal\" href=\"#pyaedt.modules.solutions.SolutionData.init_solutions_data\"><code class=\"docutils literal notranslate\"><span class=\"pre\">SolutionData.init_solutions_data()</span></code></a></li>\n</ul>\n</li>\n</ul>\n", "display_toc": true, "page_source_suffix": ".rst", "current_page_name": "API/_autosummary/pyaedt.modules.solutions.SolutionData.init_solutions_data", "sidebars": ["search-field.html", "sidebar-nav-bs.html"], "customsidebar": null, "favicon_url": null, "logo_url": null, "alabaster_version": "0.7.12", "theme_show_toc_level": 1, "theme_logo": {}}