{"parents": [{"link": "../../", "title": "API reference"}, {"link": "../../Application/", "title": "AEDT apps"}, {"link": "../pyaedt.Emit/", "title": "pyaedt.Emit"}], "prev": {"link": "../pyaedt.Emit.design_properties/", "title": "design_properties"}, "next": {"link": "../pyaedt.Emit.desktop_install_dir/", "title": "desktop_install_dir"}, "title": "design_type", "meta": {}, "body": "<section id=\"design-type\">\n<h1>design_type<a class=\"headerlink\" href=\"#design-type\" title=\"Permalink to this heading\">#</a></h1>\n<dl class=\"py property\">\n<dt class=\"sig sig-object py\" id=\"pyaedt.Emit.design_type\">\n<em class=\"property\"><span class=\"pre\">property</span><span class=\"w\"> </span></em><span class=\"sig-prename descclassname\"><span class=\"pre\">Emit.</span></span><span class=\"sig-name descname\"><span class=\"pre\">design_type</span></span><a class=\"headerlink\" href=\"#pyaedt.Emit.design_type\" title=\"Permalink to this definition\">#</a></dt>\n<dd><p>Design type.</p>\n<p>Options are <code class=\"docutils literal notranslate\"><span class=\"pre\">&quot;Circuit</span> <span class=\"pre\">Design&quot;</span></code>, <code class=\"docutils literal notranslate\"><span class=\"pre\">&quot;Emit&quot;</span></code>, <code class=\"docutils literal notranslate\"><span class=\"pre\">&quot;HFSS&quot;</span></code>,\n<code class=\"docutils literal notranslate\"><span class=\"pre\">&quot;HFSS</span> <span class=\"pre\">3D</span> <span class=\"pre\">Layout</span> <span class=\"pre\">Design&quot;</span></code>, <code class=\"docutils literal notranslate\"><span class=\"pre\">&quot;Icepak&quot;</span></code>, <code class=\"docutils literal notranslate\"><span class=\"pre\">&quot;Maxwell</span> <span class=\"pre\">2D&quot;</span></code>,\n<code class=\"docutils literal notranslate\"><span class=\"pre\">&quot;Maxwell</span> <span class=\"pre\">3D&quot;</span></code>, <code class=\"docutils literal notranslate\"><span class=\"pre\">&quot;Maxwell</span> <span class=\"pre\">Circuit&quot;</span></code>, <code class=\"docutils literal notranslate\"><span class=\"pre\">&quot;Mechanical&quot;</span></code>, <code class=\"docutils literal notranslate\"><span class=\"pre\">&quot;ModelCreation&quot;</span></code>,\n<code class=\"docutils literal notranslate\"><span class=\"pre\">&quot;Q2D</span> <span class=\"pre\">Extractor&quot;</span></code>, <code class=\"docutils literal notranslate\"><span class=\"pre\">&quot;Q3D</span> <span class=\"pre\">Extractor&quot;</span></code>, <code class=\"docutils literal notranslate\"><span class=\"pre\">&quot;RMxprtSolution&quot;</span></code>,\nand <code class=\"docutils literal notranslate\"><span class=\"pre\">&quot;Twin</span> <span class=\"pre\">Builder&quot;</span></code>.</p>\n<dl class=\"field-list simple\">\n<dt class=\"field-odd\">Returns<span class=\"colon\">:</span></dt>\n<dd class=\"field-odd\"><dl class=\"simple\">\n<dt><a class=\"reference external\" href=\"https://docs.python.org/dev/library/stdtypes.html#str\" title=\"(in Python v3.12)\"><code class=\"docutils literal notranslate\"><span class=\"pre\">str</span></code></a></dt><dd><p>Type of the design. See above for a list of possible return values.</p>\n</dd>\n</dl>\n</dd>\n</dl>\n</dd></dl>\n\n</section>\n", "metatags": "<meta name=\"generator\" content=\"Docutils 0.19: https://docutils.sourceforge.io/\" />\n", "rellinks": [["genindex", "General Index", "I", "index"], ["py-modindex", "Python Module Index", "", "modules"], ["API/_autosummary/pyaedt.Emit.desktop_install_dir", "desktop_install_dir", "N", "next"], ["API/_autosummary/pyaedt.Emit.design_properties", "design_properties", "P", "previous"]], "sourcename": "API/_autosummary/pyaedt.Emit.design_type.rst.txt", "toc": "<ul>\n<li><a class=\"reference internal\" href=\"#\">design_type</a><ul>\n<li><a class=\"reference internal\" href=\"#pyaedt.Emit.design_type\"><code class=\"docutils literal notranslate\"><span class=\"pre\">Emit.design_type</span></code></a></li>\n</ul>\n</li>\n</ul>\n", "display_toc": true, "page_source_suffix": ".rst", "current_page_name": "API/_autosummary/pyaedt.Emit.design_type", "sidebars": ["search-field.html", "sidebar-nav-bs.html"], "customsidebar": null, "favicon_url": null, "logo_url": null, "alabaster_version": "0.7.12", "theme_show_toc_level": 1, "theme_logo": {}}