{"parents": [{"link": "../../", "title": "API reference"}, {"link": "../../Setup/", "title": "Setup"}, {"link": "../pyaedt.modules.SetupTemplates.SweepMatrix/", "title": "pyaedt.modules.SetupTemplates.SweepMatrix"}], "prev": {"link": "../pyaedt.modules.SetupTemplates.SweepMatrix/", "title": "pyaedt.modules.SetupTemplates.SweepMatrix"}, "next": {"link": "../pyaedt.modules.SetupTemplates.SweepMatrix.create/", "title": "create"}, "title": "add_subrange", "meta": {}, "body": "<section id=\"add-subrange\">\n<h1>add_subrange<a class=\"headerlink\" href=\"#add-subrange\" title=\"Permalink to this heading\">#</a></h1>\n<dl class=\"py method\">\n<dt class=\"sig sig-object py\" id=\"pyaedt.modules.SetupTemplates.SweepMatrix.add_subrange\">\n<span class=\"sig-prename descclassname\"><span class=\"pre\">SweepMatrix.</span></span><span class=\"sig-name descname\"><span class=\"pre\">add_subrange</span></span><span class=\"sig-paren\">(</span><em class=\"sig-param\"><span class=\"n\"><span class=\"pre\">type</span></span></em>, <em class=\"sig-param\"><span class=\"n\"><span class=\"pre\">start</span></span></em>, <em class=\"sig-param\"><span class=\"n\"><span class=\"pre\">end</span></span><span class=\"o\"><span class=\"pre\">=</span></span><span class=\"default_value\"><span class=\"pre\">None</span></span></em>, <em class=\"sig-param\"><span class=\"n\"><span class=\"pre\">count</span></span><span class=\"o\"><span class=\"pre\">=</span></span><span class=\"default_value\"><span class=\"pre\">None</span></span></em>, <em class=\"sig-param\"><span class=\"n\"><span class=\"pre\">unit</span></span><span class=\"o\"><span class=\"pre\">=</span></span><span class=\"default_value\"><span class=\"pre\">'GHz'</span></span></em>, <em class=\"sig-param\"><span class=\"n\"><span class=\"pre\">clear</span></span><span class=\"o\"><span class=\"pre\">=</span></span><span class=\"default_value\"><span class=\"pre\">False</span></span></em><span class=\"sig-paren\">)</span><a class=\"reference internal\" href=\"../../../_modules/pyaedt/modules/SetupTemplates/#SweepMatrix.add_subrange\"><span class=\"viewcode-link\"><span class=\"pre\">[source]</span></span></a><a class=\"headerlink\" href=\"#pyaedt.modules.SetupTemplates.SweepMatrix.add_subrange\" title=\"Permalink to this definition\">#</a></dt>\n<dd><p>Add a subrange to the sweep.</p>\n<dl class=\"field-list\">\n<dt class=\"field-odd\">Parameters<span class=\"colon\">:</span></dt>\n<dd class=\"field-odd\"><dl>\n<dt><strong>type</strong><span class=\"classifier\"><a class=\"reference external\" href=\"https://docs.python.org/dev/library/stdtypes.html#str\" title=\"(in Python v3.12)\"><code class=\"docutils literal notranslate\"><span class=\"pre\">str</span></code></a></span></dt><dd><p>Type of the subrange. Options are <code class=\"docutils literal notranslate\"><span class=\"pre\">&quot;LinearCount&quot;</span></code>,\n<code class=\"docutils literal notranslate\"><span class=\"pre\">&quot;LinearStep&quot;</span></code>, and <code class=\"docutils literal notranslate\"><span class=\"pre\">&quot;LogScale&quot;</span></code>.</p>\n</dd>\n<dt><strong>start</strong><span class=\"classifier\"><a class=\"reference external\" href=\"https://docs.python.org/dev/library/functions.html#float\" title=\"(in Python v3.12)\"><code class=\"docutils literal notranslate\"><span class=\"pre\">float</span></code></a></span></dt><dd><p>Starting frequency.</p>\n</dd>\n<dt><strong>end</strong><span class=\"classifier\"><a class=\"reference external\" href=\"https://docs.python.org/dev/library/functions.html#float\" title=\"(in Python v3.12)\"><code class=\"docutils literal notranslate\"><span class=\"pre\">float</span></code></a></span></dt><dd><p>Stopping frequency.</p>\n</dd>\n<dt><strong>count</strong><span class=\"classifier\"><a class=\"reference external\" href=\"https://docs.python.org/dev/library/functions.html#int\" title=\"(in Python v3.12)\"><code class=\"docutils literal notranslate\"><span class=\"pre\">int</span></code></a> or <a class=\"reference external\" href=\"https://docs.python.org/dev/library/functions.html#float\" title=\"(in Python v3.12)\"><code class=\"docutils literal notranslate\"><span class=\"pre\">float</span></code></a></span></dt><dd><p>Frequency count or frequency step.</p>\n</dd>\n<dt><strong>unit</strong><span class=\"classifier\"><a class=\"reference external\" href=\"https://docs.python.org/dev/library/stdtypes.html#str\" title=\"(in Python v3.12)\"><code class=\"docutils literal notranslate\"><span class=\"pre\">str</span></code></a>, <code class=\"xref py py-obj docutils literal notranslate\"><span class=\"pre\">optional</span></code></span></dt><dd><p>Frequency Units.</p>\n</dd>\n<dt><strong>clear</strong><span class=\"classifier\"><a class=\"reference external\" href=\"https://docs.python.org/dev/library/stdtypes.html#bltin-boolean-values\" title=\"(in Python v3.12)\"><span class=\"xref std std-ref\">bool</span></a>, <code class=\"xref py py-obj docutils literal notranslate\"><span class=\"pre\">optional</span></code></span></dt><dd><p>Either if the subrange has to be appended to existing ones or replace them.</p>\n</dd>\n</dl>\n</dd>\n<dt class=\"field-even\">Returns<span class=\"colon\">:</span></dt>\n<dd class=\"field-even\"><dl class=\"simple\">\n<dt><a class=\"reference external\" href=\"https://docs.python.org/dev/library/stdtypes.html#bltin-boolean-values\" title=\"(in Python v3.12)\"><span class=\"xref std std-ref\">bool</span></a></dt><dd><p><code class=\"docutils literal notranslate\"><span class=\"pre\">True</span></code> when successful, <code class=\"docutils literal notranslate\"><span class=\"pre\">False</span></code> when failed.</p>\n</dd>\n</dl>\n</dd>\n</dl>\n</dd></dl>\n\n</section>\n", "metatags": "<meta name=\"generator\" content=\"Docutils 0.19: https://docutils.sourceforge.io/\" />\n", "rellinks": [["genindex", "General Index", "I", "index"], ["py-modindex", "Python Module Index", "", "modules"], ["API/_autosummary/pyaedt.modules.SetupTemplates.SweepMatrix.create", "create", "N", "next"], ["API/_autosummary/pyaedt.modules.SetupTemplates.SweepMatrix", "pyaedt.modules.SetupTemplates.SweepMatrix", "P", "previous"]], "sourcename": "API/_autosummary/pyaedt.modules.SetupTemplates.SweepMatrix.add_subrange.rst.txt", "toc": "<ul>\n<li><a class=\"reference internal\" href=\"#\">add_subrange</a><ul>\n<li><a class=\"reference internal\" href=\"#pyaedt.modules.SetupTemplates.SweepMatrix.add_subrange\"><code class=\"docutils literal notranslate\"><span class=\"pre\">SweepMatrix.add_subrange()</span></code></a></li>\n</ul>\n</li>\n</ul>\n", "display_toc": true, "page_source_suffix": ".rst", "current_page_name": "API/_autosummary/pyaedt.modules.SetupTemplates.SweepMatrix.add_subrange", "sidebars": ["search-field.html", "sidebar-nav-bs.html"], "customsidebar": null, "favicon_url": null, "logo_url": null, "alabaster_version": "0.7.12", "theme_show_toc_level": 1, "theme_logo": {}}