{"parents": [{"link": "../../", "title": "API reference"}, {"link": "../../Application/", "title": "AEDT apps"}, {"link": "../pyaedt.Icepak/", "title": "pyaedt.Icepak"}], "prev": {"link": "../pyaedt.Icepak.get_gas_objects/", "title": "get_gas_objects"}, "next": {"link": "../pyaedt.Icepak.get_liquid_objects/", "title": "get_liquid_objects"}, "title": "get_link_data", "meta": {}, "body": "<section id=\"get-link-data\">\n<h1>get_link_data<a class=\"headerlink\" href=\"#get-link-data\" title=\"Permalink to this heading\">#</a></h1>\n<dl class=\"py method\">\n<dt class=\"sig sig-object py\" id=\"pyaedt.Icepak.get_link_data\">\n<span class=\"sig-prename descclassname\"><span class=\"pre\">Icepak.</span></span><span class=\"sig-name descname\"><span class=\"pre\">get_link_data</span></span><span class=\"sig-paren\">(</span><em class=\"sig-param\"><span class=\"n\"><span class=\"pre\">linkData</span></span></em><span class=\"sig-paren\">)</span><a class=\"reference internal\" href=\"../../../_modules/pyaedt/icepak/#Icepak.get_link_data\"><span class=\"viewcode-link\"><span class=\"pre\">[source]</span></span></a><a class=\"headerlink\" href=\"#pyaedt.Icepak.get_link_data\" title=\"Permalink to this definition\">#</a></dt>\n<dd><p>Get a list of linked data.</p>\n<dl class=\"field-list\">\n<dt class=\"field-odd\">Parameters<span class=\"colon\">:</span></dt>\n<dd class=\"field-odd\"><dl>\n<dt><strong>linkData</strong><span class=\"classifier\"><a class=\"reference external\" href=\"https://docs.python.org/dev/library/stdtypes.html#list\" title=\"(in Python v3.12)\"><code class=\"docutils literal notranslate\"><span class=\"pre\">list</span></code></a></span></dt><dd><p>List of the data to retrieve for links. Options are:</p>\n<ul class=\"simple\">\n<li><p>Project name, if <code class=\"docutils literal notranslate\"><span class=\"pre\">None</span></code> use the active project</p></li>\n<li><p>Design name</p></li>\n<li><p>HFSS solution name, such as <code class=\"docutils literal notranslate\"><span class=\"pre\">&quot;HFSS</span> <span class=\"pre\">Setup</span> <span class=\"pre\">1</span> <span class=\"pre\">:</span> <span class=\"pre\">Last</span> <span class=\"pre\">Adaptive&quot;</span></code></p></li>\n<li><p>Force source design simulation, <code class=\"docutils literal notranslate\"><span class=\"pre\">True</span></code> or <code class=\"docutils literal notranslate\"><span class=\"pre\">False</span></code></p></li>\n<li><p>Preserve source design solution, <code class=\"docutils literal notranslate\"><span class=\"pre\">True</span></code> or <code class=\"docutils literal notranslate\"><span class=\"pre\">False</span></code></p></li>\n</ul>\n</dd>\n</dl>\n</dd>\n<dt class=\"field-even\">Returns<span class=\"colon\">:</span></dt>\n<dd class=\"field-even\"><dl class=\"simple\">\n<dt><a class=\"reference external\" href=\"https://docs.python.org/dev/library/stdtypes.html#list\" title=\"(in Python v3.12)\"><code class=\"docutils literal notranslate\"><span class=\"pre\">list</span></code></a></dt><dd><p>List containing the requested link data.</p>\n</dd>\n</dl>\n</dd>\n</dl>\n</dd></dl>\n\n</section>\n", "metatags": "<meta name=\"generator\" content=\"Docutils 0.19: https://docutils.sourceforge.io/\" />\n", "rellinks": [["genindex", "General Index", "I", "index"], ["py-modindex", "Python Module Index", "", "modules"], ["API/_autosummary/pyaedt.Icepak.get_liquid_objects", "get_liquid_objects", "N", "next"], ["API/_autosummary/pyaedt.Icepak.get_gas_objects", "get_gas_objects", "P", "previous"]], "sourcename": "API/_autosummary/pyaedt.Icepak.get_link_data.rst.txt", "toc": "<ul>\n<li><a class=\"reference internal\" href=\"#\">get_link_data</a><ul>\n<li><a class=\"reference internal\" href=\"#pyaedt.Icepak.get_link_data\"><code class=\"docutils literal notranslate\"><span class=\"pre\">Icepak.get_link_data()</span></code></a></li>\n</ul>\n</li>\n</ul>\n", "display_toc": true, "page_source_suffix": ".rst", "current_page_name": "API/_autosummary/pyaedt.Icepak.get_link_data", "sidebars": ["search-field.html", "sidebar-nav-bs.html"], "customsidebar": null, "favicon_url": null, "logo_url": null, "alabaster_version": "0.7.12", "theme_show_toc_level": 1, "theme_logo": {}}