{"parents": [{"link": "../../", "title": "API reference"}, {"link": "../../Primitives/", "title": "Modeler and  primitives"}, {"link": "../pyaedt.modeler.Model3D.Modeler3D/", "title": "pyaedt.modeler.Model3D.Modeler3D"}], "prev": {"link": "../pyaedt.modeler.Model3D.Modeler3D.points_by_name/", "title": "points_by_name"}, "next": {"link": "../pyaedt.modeler.Model3D.Modeler3D.projdir/", "title": "projdir"}, "title": "primitives", "meta": {}, "body": "<section id=\"primitives\">\n<h1>primitives<a class=\"headerlink\" href=\"#primitives\" title=\"Permalink to this heading\">#</a></h1>\n<dl class=\"py property\">\n<dt class=\"sig sig-object py\" id=\"pyaedt.modeler.Model3D.Modeler3D.primitives\">\n<em class=\"property\"><span class=\"pre\">property</span><span class=\"w\"> </span></em><span class=\"sig-prename descclassname\"><span class=\"pre\">Modeler3D.</span></span><span class=\"sig-name descname\"><span class=\"pre\">primitives</span></span><a class=\"headerlink\" href=\"#pyaedt.modeler.Model3D.Modeler3D.primitives\" title=\"Permalink to this definition\">#</a></dt>\n<dd><p>Primitives.</p>\n<div class=\"deprecated\">\n<p><span class=\"versionmodified deprecated\">Deprecated since version 0.4.15: </span>No need to use primitives anymore. You can instantiate primitives methods directly from modeler instead.</p>\n</div>\n<dl class=\"field-list simple\">\n<dt class=\"field-odd\">Returns<span class=\"colon\">:</span></dt>\n<dd class=\"field-odd\"><dl class=\"simple\">\n<dt><a class=\"reference internal\" href=\"../pyaedt.modeler.Primitives3D.Primitives3D/#pyaedt.modeler.Primitives3D.Primitives3D\" title=\"pyaedt.modeler.Primitives3D.Primitives3D\"><code class=\"xref py py-class docutils literal notranslate\"><span class=\"pre\">pyaedt.modeler.Primitives3D.Primitives3D</span></code></a></dt><dd></dd>\n</dl>\n</dd>\n</dl>\n</dd></dl>\n\n</section>\n", "metatags": "<meta name=\"generator\" content=\"Docutils 0.19: https://docutils.sourceforge.io/\" />\n", "rellinks": [["genindex", "General Index", "I", "index"], ["py-modindex", "Python Module Index", "", "modules"], ["API/_autosummary/pyaedt.modeler.Model3D.Modeler3D.projdir", "projdir", "N", "next"], ["API/_autosummary/pyaedt.modeler.Model3D.Modeler3D.points_by_name", "points_by_name", "P", "previous"]], "sourcename": "API/_autosummary/pyaedt.modeler.Model3D.Modeler3D.primitives.rst.txt", "toc": "<ul>\n<li><a class=\"reference internal\" href=\"#\">primitives</a><ul>\n<li><a class=\"reference internal\" href=\"#pyaedt.modeler.Model3D.Modeler3D.primitives\"><code class=\"docutils literal notranslate\"><span class=\"pre\">Modeler3D.primitives</span></code></a></li>\n</ul>\n</li>\n</ul>\n", "display_toc": true, "page_source_suffix": ".rst", "current_page_name": "API/_autosummary/pyaedt.modeler.Model3D.Modeler3D.primitives", "sidebars": ["search-field.html", "sidebar-nav-bs.html"], "customsidebar": null, "favicon_url": null, "logo_url": null, "alabaster_version": "0.7.12", "theme_show_toc_level": 1, "theme_logo": {}}