{"parents": [{"link": "../../", "title": "API reference"}, {"link": "../../Application/", "title": "AEDT apps"}, {"link": "../pyaedt.Maxwell2d/", "title": "pyaedt.Maxwell2d"}], "prev": {"link": "../pyaedt.Maxwell2d.oproject/", "title": "oproject"}, "next": {"link": "../pyaedt.Maxwell2d.oreportsetup/", "title": "oreportsetup"}, "title": "oradfield", "meta": {}, "body": "<section id=\"oradfield\">\n<h1>oradfield<a class=\"headerlink\" href=\"#oradfield\" title=\"Permalink to this heading\">#</a></h1>\n<dl class=\"py property\">\n<dt class=\"sig sig-object py\" id=\"pyaedt.Maxwell2d.oradfield\">\n<em class=\"property\"><span class=\"pre\">property</span><span class=\"w\"> </span></em><span class=\"sig-prename descclassname\"><span class=\"pre\">Maxwell2d.</span></span><span class=\"sig-name descname\"><span class=\"pre\">oradfield</span></span><a class=\"headerlink\" href=\"#pyaedt.Maxwell2d.oradfield\" title=\"Permalink to this definition\">#</a></dt>\n<dd><p>AEDT Radiation Field Object.</p>\n<p class=\"rubric\">References</p>\n<div class=\"doctest highlight-default notranslate\"><div class=\"highlight\"><pre><span></span><span class=\"gp\">&gt;&gt;&gt; </span><span class=\"n\">oDesign</span><span class=\"o\">.</span><span class=\"n\">GetModule</span><span class=\"p\">(</span><span class=\"s2\">&quot;RadField&quot;</span><span class=\"p\">)</span>\n</pre></div>\n</div>\n</dd></dl>\n\n</section>\n", "metatags": "<meta name=\"generator\" content=\"Docutils 0.19: https://docutils.sourceforge.io/\" />\n", "rellinks": [["genindex", "General Index", "I", "index"], ["py-modindex", "Python Module Index", "", "modules"], ["API/_autosummary/pyaedt.Maxwell2d.oreportsetup", "oreportsetup", "N", "next"], ["API/_autosummary/pyaedt.Maxwell2d.oproject", "oproject", "P", "previous"]], "sourcename": "API/_autosummary/pyaedt.Maxwell2d.oradfield.rst.txt", "toc": "<ul>\n<li><a class=\"reference internal\" href=\"#\">oradfield</a><ul>\n<li><a class=\"reference internal\" href=\"#pyaedt.Maxwell2d.oradfield\"><code class=\"docutils literal notranslate\"><span class=\"pre\">Maxwell2d.oradfield</span></code></a></li>\n</ul>\n</li>\n</ul>\n", "display_toc": true, "page_source_suffix": ".rst", "current_page_name": "API/_autosummary/pyaedt.Maxwell2d.oradfield", "sidebars": ["search-field.html", "sidebar-nav-bs.html"], "customsidebar": null, "favicon_url": null, "logo_url": null, "alabaster_version": "0.7.12", "theme_show_toc_level": 1, "theme_logo": {}}