{"parents": [{"link": "../../", "title": "API reference"}, {"link": "../../Application/", "title": "AEDT apps"}, {"link": "../pyaedt.Maxwell3d/", "title": "pyaedt.Maxwell3d"}], "prev": {"link": "../pyaedt.Maxwell3d.excitations/", "title": "excitations"}, "next": {"link": "../pyaedt.Maxwell3d.existing_analysis_sweeps/", "title": "existing_analysis_sweeps"}, "title": "existing_analysis_setups", "meta": {}, "body": "<section id=\"existing-analysis-setups\">\n<h1>existing_analysis_setups<a class=\"headerlink\" href=\"#existing-analysis-setups\" title=\"Permalink to this heading\">#</a></h1>\n<dl class=\"py property\">\n<dt class=\"sig sig-object py\" id=\"pyaedt.Maxwell3d.existing_analysis_setups\">\n<em class=\"property\"><span class=\"pre\">property</span><span class=\"w\"> </span></em><span class=\"sig-prename descclassname\"><span class=\"pre\">Maxwell3d.</span></span><span class=\"sig-name descname\"><span class=\"pre\">existing_analysis_setups</span></span><a class=\"headerlink\" href=\"#pyaedt.Maxwell3d.existing_analysis_setups\" title=\"Permalink to this definition\">#</a></dt>\n<dd><p>Existing analysis setups.</p>\n<dl class=\"field-list simple\">\n<dt class=\"field-odd\">Returns<span class=\"colon\">:</span></dt>\n<dd class=\"field-odd\"><dl class=\"simple\">\n<dt><a class=\"reference external\" href=\"https://docs.python.org/dev/library/stdtypes.html#list\" title=\"(in Python v3.12)\"><code class=\"docutils literal notranslate\"><span class=\"pre\">list</span></code></a> <code class=\"xref py py-obj docutils literal notranslate\"><span class=\"pre\">of</span></code> <a class=\"reference external\" href=\"https://docs.python.org/dev/library/stdtypes.html#str\" title=\"(in Python v3.12)\"><code class=\"docutils literal notranslate\"><span class=\"pre\">str</span></code></a></dt><dd><p>List of all analysis setups in the design.</p>\n</dd>\n</dl>\n</dd>\n</dl>\n<p class=\"rubric\">References</p>\n<div class=\"doctest highlight-default notranslate\"><div class=\"highlight\"><pre><span></span><span class=\"gp\">&gt;&gt;&gt; </span><span class=\"n\">oModule</span><span class=\"o\">.</span><span class=\"n\">GetSetups</span>\n</pre></div>\n</div>\n</dd></dl>\n\n</section>\n", "metatags": "<meta name=\"generator\" content=\"Docutils 0.19: https://docutils.sourceforge.io/\" />\n", "rellinks": [["genindex", "General Index", "I", "index"], ["py-modindex", "Python Module Index", "", "modules"], ["API/_autosummary/pyaedt.Maxwell3d.existing_analysis_sweeps", "existing_analysis_sweeps", "N", "next"], ["API/_autosummary/pyaedt.Maxwell3d.excitations", "excitations", "P", "previous"]], "sourcename": "API/_autosummary/pyaedt.Maxwell3d.existing_analysis_setups.rst.txt", "toc": "<ul>\n<li><a class=\"reference internal\" href=\"#\">existing_analysis_setups</a><ul>\n<li><a class=\"reference internal\" href=\"#pyaedt.Maxwell3d.existing_analysis_setups\"><code class=\"docutils literal notranslate\"><span class=\"pre\">Maxwell3d.existing_analysis_setups</span></code></a></li>\n</ul>\n</li>\n</ul>\n", "display_toc": true, "page_source_suffix": ".rst", "current_page_name": "API/_autosummary/pyaedt.Maxwell3d.existing_analysis_setups", "sidebars": ["search-field.html", "sidebar-nav-bs.html"], "customsidebar": null, "favicon_url": null, "logo_url": null, "alabaster_version": "0.7.12", "theme_show_toc_level": 1, "theme_logo": {}}