{"parents": [{"link": "../../", "title": "API reference"}, {"link": "../../Primitives/", "title": "Modeler and  primitives"}, {"link": "../pyaedt.modeler.Model3D.Modeler3D/", "title": "pyaedt.modeler.Model3D.Modeler3D"}], "prev": {"link": "../pyaedt.modeler.Model3D.Modeler3D.get_edge_midpoint/", "title": "get_edge_midpoint"}, "next": {"link": "../pyaedt.modeler.Model3D.Modeler3D.get_edgeid_from_position/", "title": "get_edgeid_from_position"}, "title": "get_edge_vertices", "meta": {}, "body": "<section id=\"get-edge-vertices\">\n<h1>get_edge_vertices<a class=\"headerlink\" href=\"#get-edge-vertices\" title=\"Permalink to this heading\">#</a></h1>\n<dl class=\"py method\">\n<dt class=\"sig sig-object py\" id=\"pyaedt.modeler.Model3D.Modeler3D.get_edge_vertices\">\n<span class=\"sig-prename descclassname\"><span class=\"pre\">Modeler3D.</span></span><span class=\"sig-name descname\"><span class=\"pre\">get_edge_vertices</span></span><span class=\"sig-paren\">(</span><em class=\"sig-param\"><span class=\"n\"><span class=\"pre\">edgeID</span></span></em><span class=\"sig-paren\">)</span><a class=\"headerlink\" href=\"#pyaedt.modeler.Model3D.Modeler3D.get_edge_vertices\" title=\"Permalink to this definition\">#</a></dt>\n<dd><p>Retrieve the vertex IDs of a given edge ID or edge name.</p>\n<dl class=\"field-list\">\n<dt class=\"field-odd\">Parameters<span class=\"colon\">:</span></dt>\n<dd class=\"field-odd\"><dl>\n<dt><strong>edgeID</strong><span class=\"classifier\"><a class=\"reference external\" href=\"https://docs.python.org/dev/library/functions.html#int\" title=\"(in Python v3.12)\"><code class=\"docutils literal notranslate\"><span class=\"pre\">int</span></code></a>, <a class=\"reference external\" href=\"https://docs.python.org/dev/library/stdtypes.html#str\" title=\"(in Python v3.12)\"><code class=\"docutils literal notranslate\"><span class=\"pre\">str</span></code></a></span></dt><dd><p>Object ID or object name, which is available using the\nmethods <a class=\"reference internal\" href=\"../pyaedt.modeler.Primitives3D.Primitives3D.get_object_vertices/#pyaedt.modeler.Primitives3D.Primitives3D.get_object_vertices\" title=\"pyaedt.modeler.Primitives3D.Primitives3D.get_object_vertices\"><code class=\"xref py py-func docutils literal notranslate\"><span class=\"pre\">pyaedt.modeler.Primitives3D.Primitives3D.get_object_vertices()</span></code></a>\nor <a class=\"reference internal\" href=\"../pyaedt.modeler.Primitives2D.Primitives2D.get_object_vertices/#pyaedt.modeler.Primitives2D.Primitives2D.get_object_vertices\" title=\"pyaedt.modeler.Primitives2D.Primitives2D.get_object_vertices\"><code class=\"xref py py-func docutils literal notranslate\"><span class=\"pre\">pyaedt.modeler.Primitives2D.Primitives2D.get_object_vertices()</span></code></a>.</p>\n</dd>\n</dl>\n</dd>\n<dt class=\"field-even\">Returns<span class=\"colon\">:</span></dt>\n<dd class=\"field-even\"><dl class=\"simple\">\n<dt><a class=\"reference external\" href=\"https://docs.python.org/dev/library/stdtypes.html#list\" title=\"(in Python v3.12)\"><code class=\"docutils literal notranslate\"><span class=\"pre\">list</span></code></a></dt><dd><p>List of vertex IDs.</p>\n</dd>\n</dl>\n</dd>\n</dl>\n<p class=\"rubric\">References</p>\n<div class=\"doctest highlight-default notranslate\"><div class=\"highlight\"><pre><span></span><span class=\"gp\">&gt;&gt;&gt; </span><span class=\"n\">oEditor</span><span class=\"o\">.</span><span class=\"n\">GetVertexIDsFromEdge</span>\n</pre></div>\n</div>\n</dd></dl>\n\n</section>\n", "metatags": "<meta name=\"generator\" content=\"Docutils 0.19: https://docutils.sourceforge.io/\" />\n", "rellinks": [["genindex", "General Index", "I", "index"], ["py-modindex", "Python Module Index", "", "modules"], ["API/_autosummary/pyaedt.modeler.Model3D.Modeler3D.get_edgeid_from_position", "get_edgeid_from_position", "N", "next"], ["API/_autosummary/pyaedt.modeler.Model3D.Modeler3D.get_edge_midpoint", "get_edge_midpoint", "P", "previous"]], "sourcename": "API/_autosummary/pyaedt.modeler.Model3D.Modeler3D.get_edge_vertices.rst.txt", "toc": "<ul>\n<li><a class=\"reference internal\" href=\"#\">get_edge_vertices</a><ul>\n<li><a class=\"reference internal\" href=\"#pyaedt.modeler.Model3D.Modeler3D.get_edge_vertices\"><code class=\"docutils literal notranslate\"><span class=\"pre\">Modeler3D.get_edge_vertices()</span></code></a></li>\n</ul>\n</li>\n</ul>\n", "display_toc": true, "page_source_suffix": ".rst", "current_page_name": "API/_autosummary/pyaedt.modeler.Model3D.Modeler3D.get_edge_vertices", "sidebars": ["search-field.html", "sidebar-nav-bs.html"], "customsidebar": null, "favicon_url": null, "logo_url": null, "alabaster_version": "0.7.12", "theme_show_toc_level": 1, "theme_logo": {}}