{"parents": [{"link": "../../", "title": "API reference"}, {"link": "../../Post/", "title": "Postprocessing"}, {"link": "../pyaedt.modules.AdvancedPostProcessing.PostProcessor/", "title": "pyaedt.modules.AdvancedPostProcessing.PostProcessor"}], "prev": {"link": "../pyaedt.modules.AdvancedPostProcessing.PostProcessor.oreportsetup/", "title": "oreportsetup"}, "next": {"link": "../pyaedt.modules.AdvancedPostProcessing.PostProcessor.post_solution_type/", "title": "post_solution_type"}, "title": "post_osolution", "meta": {}, "body": "<section id=\"post-osolution\">\n<h1>post_osolution<a class=\"headerlink\" href=\"#post-osolution\" title=\"Permalink to this heading\">#</a></h1>\n<dl class=\"py property\">\n<dt class=\"sig sig-object py\" id=\"pyaedt.modules.AdvancedPostProcessing.PostProcessor.post_osolution\">\n<em class=\"property\"><span class=\"pre\">property</span><span class=\"w\"> </span></em><span class=\"sig-prename descclassname\"><span class=\"pre\">PostProcessor.</span></span><span class=\"sig-name descname\"><span class=\"pre\">post_osolution</span></span><a class=\"headerlink\" href=\"#pyaedt.modules.AdvancedPostProcessing.PostProcessor.post_osolution\" title=\"Permalink to this definition\">#</a></dt>\n<dd><p>Solution.</p>\n<dl class=\"field-list simple\">\n<dt class=\"field-odd\">Returns<span class=\"colon\">:</span></dt>\n<dd class=\"field-odd\"><dl class=\"simple\">\n<dt><a class=\"reference external\" href=\"https://docs.python.org/dev/library/functions.html#type\" title=\"(in Python v3.12)\"><code class=\"xref py py-obj docutils literal notranslate\"><span class=\"pre\">type</span></code></a></dt><dd><p>Solution module.</p>\n</dd>\n</dl>\n</dd>\n</dl>\n</dd></dl>\n\n</section>\n", "metatags": "<meta name=\"generator\" content=\"Docutils 0.19: https://docutils.sourceforge.io/\" />\n", "rellinks": [["genindex", "General Index", "I", "index"], ["py-modindex", "Python Module Index", "", "modules"], ["API/_autosummary/pyaedt.modules.AdvancedPostProcessing.PostProcessor.post_solution_type", "post_solution_type", "N", "next"], ["API/_autosummary/pyaedt.modules.AdvancedPostProcessing.PostProcessor.oreportsetup", "oreportsetup", "P", "previous"]], "sourcename": "API/_autosummary/pyaedt.modules.AdvancedPostProcessing.PostProcessor.post_osolution.rst.txt", "toc": "<ul>\n<li><a class=\"reference internal\" href=\"#\">post_osolution</a><ul>\n<li><a class=\"reference internal\" href=\"#pyaedt.modules.AdvancedPostProcessing.PostProcessor.post_osolution\"><code class=\"docutils literal notranslate\"><span class=\"pre\">PostProcessor.post_osolution</span></code></a></li>\n</ul>\n</li>\n</ul>\n", "display_toc": true, "page_source_suffix": ".rst", "current_page_name": "API/_autosummary/pyaedt.modules.AdvancedPostProcessing.PostProcessor.post_osolution", "sidebars": ["search-field.html", "sidebar-nav-bs.html"], "customsidebar": null, "favicon_url": null, "logo_url": null, "alabaster_version": "0.7.12", "theme_show_toc_level": 1, "theme_logo": {}}