{"parents": [{"link": "../../", "title": "API reference"}, {"link": "../../CoreEdb/", "title": "EDB editor"}, {"link": "../pyaedt.edb_core.EDB_Data.EDBPadstackInstance/", "title": "pyaedt.edb_core.EDB_Data.EDBPadstackInstance"}], "prev": {"link": "../pyaedt.edb_core.EDB_Data.EDBPadstackInstance.in_voids/", "title": "in_voids"}, "next": {"link": "../pyaedt.edb_core.EDB_Data.EDBPadstackInstance.backdrill_bottom/", "title": "backdrill_bottom"}, "title": "parametrize_position", "meta": {}, "body": "<section id=\"parametrize-position\">\n<h1>parametrize_position<a class=\"headerlink\" href=\"#parametrize-position\" title=\"Permalink to this heading\">#</a></h1>\n<dl class=\"py method\">\n<dt class=\"sig sig-object py\" id=\"pyaedt.edb_core.EDB_Data.EDBPadstackInstance.parametrize_position\">\n<span class=\"sig-prename descclassname\"><span class=\"pre\">EDBPadstackInstance.</span></span><span class=\"sig-name descname\"><span class=\"pre\">parametrize_position</span></span><span class=\"sig-paren\">(</span><em class=\"sig-param\"><span class=\"n\"><span class=\"pre\">prefix</span></span><span class=\"o\"><span class=\"pre\">=</span></span><span class=\"default_value\"><span class=\"pre\">None</span></span></em><span class=\"sig-paren\">)</span><a class=\"reference internal\" href=\"../../../_modules/pyaedt/edb_core/EDB_Data/#EDBPadstackInstance.parametrize_position\"><span class=\"viewcode-link\"><span class=\"pre\">[source]</span></span></a><a class=\"headerlink\" href=\"#pyaedt.edb_core.EDB_Data.EDBPadstackInstance.parametrize_position\" title=\"Permalink to this definition\">#</a></dt>\n<dd><p>Parametrize the instance position.</p>\n<dl class=\"field-list\">\n<dt class=\"field-odd\">Parameters<span class=\"colon\">:</span></dt>\n<dd class=\"field-odd\"><dl>\n<dt><strong>prefix</strong><span class=\"classifier\"><a class=\"reference external\" href=\"https://docs.python.org/dev/library/stdtypes.html#str\" title=\"(in Python v3.12)\"><code class=\"docutils literal notranslate\"><span class=\"pre\">str</span></code></a>, <code class=\"xref py py-obj docutils literal notranslate\"><span class=\"pre\">optional</span></code></span></dt><dd><p>Prefix for the variable name.\nExample <cite>\u201cMyVariableName\u201d</cite> will create 2 Project variables $MyVariableNamesX and $MyVariableNamesY.</p>\n</dd>\n</dl>\n</dd>\n<dt class=\"field-even\">Returns<span class=\"colon\">:</span></dt>\n<dd class=\"field-even\"><dl class=\"simple\">\n<dt><code class=\"xref py py-obj docutils literal notranslate\"><span class=\"pre\">List</span></code></dt><dd><p>Variables created</p>\n</dd>\n</dl>\n</dd>\n</dl>\n</dd></dl>\n\n</section>\n", "metatags": "<meta name=\"generator\" content=\"Docutils 0.19: https://docutils.sourceforge.io/\" />\n", "rellinks": [["genindex", "General Index", "I", "index"], ["py-modindex", "Python Module Index", "", "modules"], ["API/_autosummary/pyaedt.edb_core.EDB_Data.EDBPadstackInstance.backdrill_bottom", "backdrill_bottom", "N", "next"], ["API/_autosummary/pyaedt.edb_core.EDB_Data.EDBPadstackInstance.in_voids", "in_voids", "P", "previous"]], "sourcename": "API/_autosummary/pyaedt.edb_core.EDB_Data.EDBPadstackInstance.parametrize_position.rst.txt", "toc": "<ul>\n<li><a class=\"reference internal\" href=\"#\">parametrize_position</a><ul>\n<li><a class=\"reference internal\" href=\"#pyaedt.edb_core.EDB_Data.EDBPadstackInstance.parametrize_position\"><code class=\"docutils literal notranslate\"><span class=\"pre\">EDBPadstackInstance.parametrize_position()</span></code></a></li>\n</ul>\n</li>\n</ul>\n", "display_toc": true, "page_source_suffix": ".rst", "current_page_name": "API/_autosummary/pyaedt.edb_core.EDB_Data.EDBPadstackInstance.parametrize_position", "sidebars": ["search-field.html", "sidebar-nav-bs.html"], "customsidebar": null, "favicon_url": null, "logo_url": null, "alabaster_version": "0.7.12", "theme_show_toc_level": 1, "theme_logo": {}}