{"parents": [{"link": "../../", "title": "API reference"}, {"link": "../../Primitives/", "title": "Modeler and  primitives"}, {"link": "../pyaedt.modeler.Primitives3DLayout.Primitives3DLayout/", "title": "pyaedt.modeler.Primitives3DLayout.Primitives3DLayout"}], "prev": {"link": "../pyaedt.modeler.Primitives3DLayout.Primitives3DLayout.create_rectangle/", "title": "create_rectangle"}, "next": {"link": "../pyaedt.modeler.Primitives3DLayout.Primitives3DLayout.create_via/", "title": "create_via"}, "title": "create_text", "meta": {}, "body": "<section id=\"create-text\">\n<h1>create_text<a class=\"headerlink\" href=\"#create-text\" title=\"Permalink to this heading\">#</a></h1>\n<dl class=\"py method\">\n<dt class=\"sig sig-object py\" id=\"pyaedt.modeler.Primitives3DLayout.Primitives3DLayout.create_text\">\n<span class=\"sig-prename descclassname\"><span class=\"pre\">Primitives3DLayout.</span></span><span class=\"sig-name descname\"><span class=\"pre\">create_text</span></span><span class=\"sig-paren\">(</span><em class=\"sig-param\"><span class=\"n\"><span class=\"pre\">text</span></span></em>, <em class=\"sig-param\"><span class=\"n\"><span class=\"pre\">position</span></span></em>, <em class=\"sig-param\"><span class=\"n\"><span class=\"pre\">angle</span></span><span class=\"o\"><span class=\"pre\">=</span></span><span class=\"default_value\"><span class=\"pre\">0</span></span></em>, <em class=\"sig-param\"><span class=\"n\"><span class=\"pre\">font_size</span></span><span class=\"o\"><span class=\"pre\">=</span></span><span class=\"default_value\"><span class=\"pre\">12</span></span></em><span class=\"sig-paren\">)</span><a class=\"reference internal\" href=\"../../../_modules/pyaedt/modeler/Primitives3DLayout/#Primitives3DLayout.create_text\"><span class=\"viewcode-link\"><span class=\"pre\">[source]</span></span></a><a class=\"headerlink\" href=\"#pyaedt.modeler.Primitives3DLayout.Primitives3DLayout.create_text\" title=\"Permalink to this definition\">#</a></dt>\n<dd><p>Create a text primitive object.</p>\n<dl class=\"field-list\">\n<dt class=\"field-odd\">Parameters<span class=\"colon\">:</span></dt>\n<dd class=\"field-odd\"><dl>\n<dt><strong>text</strong><span class=\"classifier\"><a class=\"reference external\" href=\"https://docs.python.org/dev/library/stdtypes.html#str\" title=\"(in Python v3.12)\"><code class=\"docutils literal notranslate\"><span class=\"pre\">str</span></code></a></span></dt><dd><p>Name for the text primitive object.</p>\n</dd>\n<dt><strong>position</strong><span class=\"classifier\"><a class=\"reference external\" href=\"https://docs.python.org/dev/library/stdtypes.html#list\" title=\"(in Python v3.12)\"><code class=\"docutils literal notranslate\"><span class=\"pre\">list</span></code></a></span></dt><dd><p>Position of the text.</p>\n</dd>\n<dt><strong>angle</strong><span class=\"classifier\"><a class=\"reference external\" href=\"https://docs.python.org/dev/library/functions.html#float\" title=\"(in Python v3.12)\"><code class=\"docutils literal notranslate\"><span class=\"pre\">float</span></code></a>, <code class=\"xref py py-obj docutils literal notranslate\"><span class=\"pre\">optional</span></code></span></dt><dd><p>Angle of the text. The default value is <code class=\"docutils literal notranslate\"><span class=\"pre\">0</span></code>.</p>\n</dd>\n<dt><strong>font_size</strong><span class=\"classifier\"><a class=\"reference external\" href=\"https://docs.python.org/dev/library/functions.html#int\" title=\"(in Python v3.12)\"><code class=\"docutils literal notranslate\"><span class=\"pre\">int</span></code></a>, <code class=\"xref py py-obj docutils literal notranslate\"><span class=\"pre\">optional</span></code></span></dt><dd><p>Font size. The default value is <code class=\"docutils literal notranslate\"><span class=\"pre\">12</span></code>.</p>\n</dd>\n</dl>\n</dd>\n<dt class=\"field-even\">Returns<span class=\"colon\">:</span></dt>\n<dd class=\"field-even\"><dl class=\"simple\">\n<dt><a class=\"reference external\" href=\"https://docs.python.org/dev/library/stdtypes.html#str\" title=\"(in Python v3.12)\"><code class=\"docutils literal notranslate\"><span class=\"pre\">str</span></code></a></dt><dd><p>Name of the text primitive.</p>\n</dd>\n</dl>\n</dd>\n</dl>\n</dd></dl>\n\n</section>\n", "metatags": "<meta name=\"generator\" content=\"Docutils 0.19: https://docutils.sourceforge.io/\" />\n", "rellinks": [["genindex", "General Index", "I", "index"], ["py-modindex", "Python Module Index", "", "modules"], ["API/_autosummary/pyaedt.modeler.Primitives3DLayout.Primitives3DLayout.create_via", "create_via", "N", "next"], ["API/_autosummary/pyaedt.modeler.Primitives3DLayout.Primitives3DLayout.create_rectangle", "create_rectangle", "P", "previous"]], "sourcename": "API/_autosummary/pyaedt.modeler.Primitives3DLayout.Primitives3DLayout.create_text.rst.txt", "toc": "<ul>\n<li><a class=\"reference internal\" href=\"#\">create_text</a><ul>\n<li><a class=\"reference internal\" href=\"#pyaedt.modeler.Primitives3DLayout.Primitives3DLayout.create_text\"><code class=\"docutils literal notranslate\"><span class=\"pre\">Primitives3DLayout.create_text()</span></code></a></li>\n</ul>\n</li>\n</ul>\n", "display_toc": true, "page_source_suffix": ".rst", "current_page_name": "API/_autosummary/pyaedt.modeler.Primitives3DLayout.Primitives3DLayout.create_text", "sidebars": ["search-field.html", "sidebar-nav-bs.html"], "customsidebar": null, "favicon_url": null, "logo_url": null, "alabaster_version": "0.7.12", "theme_show_toc_level": 1, "theme_logo": {}}