{"parents": [{"link": "../../", "title": "API reference"}, {"link": "../../Primitives/", "title": "Modeler and  primitives"}, {"link": "../pyaedt.modeler.PrimitivesTwinBuilder.TwinBuilderComponents/", "title": "pyaedt.modeler.PrimitivesTwinBuilder.TwinBuilderComponents"}], "prev": {"link": "../pyaedt.modeler.PrimitivesTwinBuilder.TwinBuilderComponents.design_type/", "title": "design_type"}, "next": {"link": "../pyaedt.modeler.PrimitivesTwinBuilder.TwinBuilderComponents.model_units/", "title": "model_units"}, "title": "design_types", "meta": {}, "body": "<section id=\"design-types\">\n<h1>design_types<a class=\"headerlink\" href=\"#design-types\" title=\"Permalink to this heading\">#</a></h1>\n<dl class=\"py property\">\n<dt class=\"sig sig-object py\" id=\"pyaedt.modeler.PrimitivesTwinBuilder.TwinBuilderComponents.design_types\">\n<em class=\"property\"><span class=\"pre\">property</span><span class=\"w\"> </span></em><span class=\"sig-prename descclassname\"><span class=\"pre\">TwinBuilderComponents.</span></span><span class=\"sig-name descname\"><span class=\"pre\">design_types</span></span><a class=\"headerlink\" href=\"#pyaedt.modeler.PrimitivesTwinBuilder.TwinBuilderComponents.design_types\" title=\"Permalink to this definition\">#</a></dt>\n<dd><p>Design types.</p>\n</dd></dl>\n\n</section>\n", "metatags": "<meta name=\"generator\" content=\"Docutils 0.19: https://docutils.sourceforge.io/\" />\n", "rellinks": [["genindex", "General Index", "I", "index"], ["py-modindex", "Python Module Index", "", "modules"], ["API/_autosummary/pyaedt.modeler.PrimitivesTwinBuilder.TwinBuilderComponents.model_units", "model_units", "N", "next"], ["API/_autosummary/pyaedt.modeler.PrimitivesTwinBuilder.TwinBuilderComponents.design_type", "design_type", "P", "previous"]], "sourcename": "API/_autosummary/pyaedt.modeler.PrimitivesTwinBuilder.TwinBuilderComponents.design_types.rst.txt", "toc": "<ul>\n<li><a class=\"reference internal\" href=\"#\">design_types</a><ul>\n<li><a class=\"reference internal\" href=\"#pyaedt.modeler.PrimitivesTwinBuilder.TwinBuilderComponents.design_types\"><code class=\"docutils literal notranslate\"><span class=\"pre\">TwinBuilderComponents.design_types</span></code></a></li>\n</ul>\n</li>\n</ul>\n", "display_toc": true, "page_source_suffix": ".rst", "current_page_name": "API/_autosummary/pyaedt.modeler.PrimitivesTwinBuilder.TwinBuilderComponents.design_types", "sidebars": ["search-field.html", "sidebar-nav-bs.html"], "customsidebar": null, "favicon_url": null, "logo_url": null, "alabaster_version": "0.7.12", "theme_show_toc_level": 1, "theme_logo": {}}