{"parents": [{"link": "../../", "title": "API reference"}, {"link": "../../Common/", "title": "Desktop and common classes"}, {"link": "../../SetupTemplates/", "title": "Setup templates"}], "prev": {"link": "../pyaedt.modules.SetupTemplates.HFSSSBR/", "title": "HFSSSBR"}, "next": {"link": "../pyaedt.modules.SetupTemplates.Magnetostatic/", "title": "Magnetostatic"}, "title": "MaxwellTransient", "meta": {}, "body": "<section id=\"maxwelltransient\">\n<h1>MaxwellTransient<a class=\"headerlink\" href=\"#maxwelltransient\" title=\"Permalink to this heading\">#</a></h1>\n<dl class=\"py data\">\n<dt class=\"sig sig-object py\" id=\"pyaedt.modules.SetupTemplates.MaxwellTransient\">\n<span class=\"sig-prename descclassname\"><span class=\"pre\">pyaedt.modules.SetupTemplates.</span></span><span class=\"sig-name descname\"><span class=\"pre\">MaxwellTransient</span></span><em class=\"property\"><span class=\"w\"> </span><span class=\"p\"><span class=\"pre\">=</span></span><span class=\"w\"> </span><span class=\"pre\">[('Enabled',</span> <span class=\"pre\">True),</span> <span class=\"pre\">('MeshLink',</span> <span class=\"pre\">[('ImportMesh',</span> <span class=\"pre\">False)]),</span> <span class=\"pre\">('NonlinearSolverResidual',</span> <span class=\"pre\">'0.005'),</span> <span class=\"pre\">('ScalarPotential',</span> <span class=\"pre\">'Second</span> <span class=\"pre\">Order'),</span> <span class=\"pre\">('SmoothBHCurve',</span> <span class=\"pre\">False),</span> <span class=\"pre\">('StopTime',</span> <span class=\"pre\">'10000000ns'),</span> <span class=\"pre\">('TimeStep',</span> <span class=\"pre\">'2000000ns'),</span> <span class=\"pre\">('OutputError',</span> <span class=\"pre\">False),</span> <span class=\"pre\">('UseControlProgram',</span> <span class=\"pre\">False),</span> <span class=\"pre\">('ControlProgramName',</span> <span class=\"pre\">''),</span> <span class=\"pre\">('ControlProgramArg',</span> <span class=\"pre\">''),</span> <span class=\"pre\">('CallCtrlProgAfterLastStep',</span> <span class=\"pre\">False),</span> <span class=\"pre\">('FastReachSteadyState',</span> <span class=\"pre\">False),</span> <span class=\"pre\">('AutoDetectSteadyState',</span> <span class=\"pre\">False),</span> <span class=\"pre\">('IsGeneralTransient',</span> <span class=\"pre\">True),</span> <span class=\"pre\">('IsHalfPeriodicTransient',</span> <span class=\"pre\">False),</span> <span class=\"pre\">('SaveFieldsType',</span> <span class=\"pre\">'None'),</span> <span class=\"pre\">('CacheSaveKind',</span> <span class=\"pre\">'Count'),</span> <span class=\"pre\">('NumberSolveSteps',</span> <span class=\"pre\">1),</span> <span class=\"pre\">('RangeStart',</span> <span class=\"pre\">'0s'),</span> <span class=\"pre\">('RangeEnd',</span> <span class=\"pre\">'0.1s')]</span></em><a class=\"headerlink\" href=\"#pyaedt.modules.SetupTemplates.MaxwellTransient\" title=\"Permalink to this definition\">#</a></dt>\n<dd><p>Maxwell transient setup properties and default values.</p>\n</dd></dl>\n\n</section>\n", "metatags": "<meta name=\"generator\" content=\"Docutils 0.19: https://docutils.sourceforge.io/\" />\n", "rellinks": [["genindex", "General Index", "I", "index"], ["py-modindex", "Python Module Index", "", "modules"], ["API/_autosummary/pyaedt.modules.SetupTemplates.Magnetostatic", "Magnetostatic", "N", "next"], ["API/_autosummary/pyaedt.modules.SetupTemplates.HFSSSBR", "HFSSSBR", "P", "previous"]], "sourcename": "API/_autosummary/pyaedt.modules.SetupTemplates.MaxwellTransient.rst.txt", "toc": "<ul>\n<li><a class=\"reference internal\" href=\"#\">MaxwellTransient</a><ul>\n<li><a class=\"reference internal\" href=\"#pyaedt.modules.SetupTemplates.MaxwellTransient\"><code class=\"docutils literal notranslate\"><span class=\"pre\">MaxwellTransient</span></code></a></li>\n</ul>\n</li>\n</ul>\n", "display_toc": true, "page_source_suffix": ".rst", "current_page_name": "API/_autosummary/pyaedt.modules.SetupTemplates.MaxwellTransient", "sidebars": ["search-field.html", "sidebar-nav-bs.html"], "customsidebar": null, "favicon_url": null, "logo_url": null, "alabaster_version": "0.7.12", "theme_show_toc_level": 1, "theme_logo": {}}