{"parents": [{"link": "../../", "title": "API reference"}, {"link": "../../Application/", "title": "AEDT apps"}, {"link": "../pyaedt.Hfss3dLayout/", "title": "pyaedt.Hfss3dLayout"}], "prev": {"link": "../pyaedt.Hfss3dLayout.mesh/", "title": "mesh"}, "next": {"link": "../pyaedt.Hfss3dLayout.native_components/", "title": "native_components"}, "title": "modeler", "meta": {}, "body": "<section id=\"modeler\">\n<h1>modeler<a class=\"headerlink\" href=\"#modeler\" title=\"Permalink to this heading\">#</a></h1>\n<dl class=\"py property\">\n<dt class=\"sig sig-object py\" id=\"pyaedt.Hfss3dLayout.modeler\">\n<em class=\"property\"><span class=\"pre\">property</span><span class=\"w\"> </span></em><span class=\"sig-prename descclassname\"><span class=\"pre\">Hfss3dLayout.</span></span><span class=\"sig-name descname\"><span class=\"pre\">modeler</span></span><a class=\"headerlink\" href=\"#pyaedt.Hfss3dLayout.modeler\" title=\"Permalink to this definition\">#</a></dt>\n<dd><p>Modeler object.</p>\n</dd></dl>\n\n</section>\n", "metatags": "<meta name=\"generator\" content=\"Docutils 0.19: https://docutils.sourceforge.io/\" />\n", "rellinks": [["genindex", "General Index", "I", "index"], ["py-modindex", "Python Module Index", "", "modules"], ["API/_autosummary/pyaedt.Hfss3dLayout.native_components", "native_components", "N", "next"], ["API/_autosummary/pyaedt.Hfss3dLayout.mesh", "mesh", "P", "previous"]], "sourcename": "API/_autosummary/pyaedt.Hfss3dLayout.modeler.rst.txt", "toc": "<ul>\n<li><a class=\"reference internal\" href=\"#\">modeler</a><ul>\n<li><a class=\"reference internal\" href=\"#pyaedt.Hfss3dLayout.modeler\"><code class=\"docutils literal notranslate\"><span class=\"pre\">Hfss3dLayout.modeler</span></code></a></li>\n</ul>\n</li>\n</ul>\n", "display_toc": true, "page_source_suffix": ".rst", "current_page_name": "API/_autosummary/pyaedt.Hfss3dLayout.modeler", "sidebars": ["search-field.html", "sidebar-nav-bs.html"], "customsidebar": null, "favicon_url": null, "logo_url": null, "alabaster_version": "0.7.12", "theme_show_toc_level": 1, "theme_logo": {}}