{"parents": [{"link": "../../", "title": "API reference"}, {"link": "../../Common/", "title": "Desktop and common classes"}, {"link": "../../SetupTemplates/", "title": "Setup templates"}], "prev": {"link": "../pyaedt.modules.SetupTemplates.MechTerm/", "title": "MechTerm"}, "next": {"link": "../pyaedt.modules.SetupTemplates.MechStructural/", "title": "MechStructural"}, "title": "MechModal", "meta": {}, "body": "<section id=\"mechmodal\">\n<h1>MechModal<a class=\"headerlink\" href=\"#mechmodal\" title=\"Permalink to this heading\">#</a></h1>\n<dl class=\"py data\">\n<dt class=\"sig sig-object py\" id=\"pyaedt.modules.SetupTemplates.MechModal\">\n<span class=\"sig-prename descclassname\"><span class=\"pre\">pyaedt.modules.SetupTemplates.</span></span><span class=\"sig-name descname\"><span class=\"pre\">MechModal</span></span><em class=\"property\"><span class=\"w\"> </span><span class=\"p\"><span class=\"pre\">=</span></span><span class=\"w\"> </span><span class=\"pre\">[('Enabled',</span> <span class=\"pre\">True),</span> <span class=\"pre\">('MeshLink',</span> <span class=\"pre\">[('ImportMesh',</span> <span class=\"pre\">False)]),</span> <span class=\"pre\">('Max</span> <span class=\"pre\">Modes',</span> <span class=\"pre\">6),</span> <span class=\"pre\">('Limit</span> <span class=\"pre\">Search',</span> <span class=\"pre\">True),</span> <span class=\"pre\">('Range</span> <span class=\"pre\">Max',</span> <span class=\"pre\">'100MHz'),</span> <span class=\"pre\">('Range</span> <span class=\"pre\">Min',</span> <span class=\"pre\">'0Hz'),</span> <span class=\"pre\">('Solver',</span> <span class=\"pre\">'Program</span> <span class=\"pre\">Controlled')]</span></em><a class=\"headerlink\" href=\"#pyaedt.modules.SetupTemplates.MechModal\" title=\"Permalink to this definition\">#</a></dt>\n<dd><p>Mechanical modal setup properties and default values.</p>\n</dd></dl>\n\n</section>\n", "metatags": "<meta name=\"generator\" content=\"Docutils 0.19: https://docutils.sourceforge.io/\" />\n", "rellinks": [["genindex", "General Index", "I", "index"], ["py-modindex", "Python Module Index", "", "modules"], ["API/_autosummary/pyaedt.modules.SetupTemplates.MechStructural", "MechStructural", "N", "next"], ["API/_autosummary/pyaedt.modules.SetupTemplates.MechTerm", "MechTerm", "P", "previous"]], "sourcename": "API/_autosummary/pyaedt.modules.SetupTemplates.MechModal.rst.txt", "toc": "<ul>\n<li><a class=\"reference internal\" href=\"#\">MechModal</a><ul>\n<li><a class=\"reference internal\" href=\"#pyaedt.modules.SetupTemplates.MechModal\"><code class=\"docutils literal notranslate\"><span class=\"pre\">MechModal</span></code></a></li>\n</ul>\n</li>\n</ul>\n", "display_toc": true, "page_source_suffix": ".rst", "current_page_name": "API/_autosummary/pyaedt.modules.SetupTemplates.MechModal", "sidebars": ["search-field.html", "sidebar-nav-bs.html"], "customsidebar": null, "favicon_url": null, "logo_url": null, "alabaster_version": "0.7.12", "theme_show_toc_level": 1, "theme_logo": {}}