{"parents": [{"link": "../../", "title": "API reference"}, {"link": "../../Application/", "title": "AEDT apps"}, {"link": "../pyaedt.Rmxprt/", "title": "pyaedt.Rmxprt"}], "prev": {"link": "../pyaedt.Rmxprt.native_components/", "title": "native_components"}, "next": {"link": "../pyaedt.Rmxprt.nominal_sweep/", "title": "nominal_sweep"}, "title": "nominal_adaptive", "meta": {}, "body": "<section id=\"nominal-adaptive\">\n<h1>nominal_adaptive<a class=\"headerlink\" href=\"#nominal-adaptive\" title=\"Permalink to this heading\">#</a></h1>\n<dl class=\"py property\">\n<dt class=\"sig sig-object py\" id=\"pyaedt.Rmxprt.nominal_adaptive\">\n<em class=\"property\"><span class=\"pre\">property</span><span class=\"w\"> </span></em><span class=\"sig-prename descclassname\"><span class=\"pre\">Rmxprt.</span></span><span class=\"sig-name descname\"><span class=\"pre\">nominal_adaptive</span></span><a class=\"headerlink\" href=\"#pyaedt.Rmxprt.nominal_adaptive\" title=\"Permalink to this definition\">#</a></dt>\n<dd><p>Nominal adaptive sweep.</p>\n<dl class=\"field-list simple\">\n<dt class=\"field-odd\">Returns<span class=\"colon\">:</span></dt>\n<dd class=\"field-odd\"><dl class=\"simple\">\n<dt><a class=\"reference external\" href=\"https://docs.python.org/dev/library/stdtypes.html#str\" title=\"(in Python v3.12)\"><code class=\"docutils literal notranslate\"><span class=\"pre\">str</span></code></a></dt><dd><p>Name of the nominal adaptive sweep.</p>\n</dd>\n</dl>\n</dd>\n</dl>\n<p class=\"rubric\">References</p>\n<div class=\"doctest highlight-default notranslate\"><div class=\"highlight\"><pre><span></span><span class=\"gp\">&gt;&gt;&gt; </span><span class=\"n\">oModule</span><span class=\"o\">.</span><span class=\"n\">GelAllSolutionNames</span>\n<span class=\"gp\">&gt;&gt;&gt; </span><span class=\"n\">oModule</span><span class=\"o\">.</span><span class=\"n\">GetSweeps</span>\n</pre></div>\n</div>\n</dd></dl>\n\n</section>\n", "metatags": "<meta name=\"generator\" content=\"Docutils 0.19: https://docutils.sourceforge.io/\" />\n", "rellinks": [["genindex", "General Index", "I", "index"], ["py-modindex", "Python Module Index", "", "modules"], ["API/_autosummary/pyaedt.Rmxprt.nominal_sweep", "nominal_sweep", "N", "next"], ["API/_autosummary/pyaedt.Rmxprt.native_components", "native_components", "P", "previous"]], "sourcename": "API/_autosummary/pyaedt.Rmxprt.nominal_adaptive.rst.txt", "toc": "<ul>\n<li><a class=\"reference internal\" href=\"#\">nominal_adaptive</a><ul>\n<li><a class=\"reference internal\" href=\"#pyaedt.Rmxprt.nominal_adaptive\"><code class=\"docutils literal notranslate\"><span class=\"pre\">Rmxprt.nominal_adaptive</span></code></a></li>\n</ul>\n</li>\n</ul>\n", "display_toc": true, "page_source_suffix": ".rst", "current_page_name": "API/_autosummary/pyaedt.Rmxprt.nominal_adaptive", "sidebars": ["search-field.html", "sidebar-nav-bs.html"], "customsidebar": null, "favicon_url": null, "logo_url": null, "alabaster_version": "0.7.12", "theme_show_toc_level": 1, "theme_logo": {}}