{"parents": [{"link": "../../", "title": "API reference"}, {"link": "../../Primitives/", "title": "Modeler and  primitives"}, {"link": "../pyaedt.modeler.Model2D.Modeler2D/", "title": "pyaedt.modeler.Model2D.Modeler2D"}], "prev": {"link": "../pyaedt.modeler.Model2D.Modeler2D.create_circle/", "title": "create_circle"}, "next": {"link": "../pyaedt.modeler.Model2D.Modeler2D.create_ellipse/", "title": "create_ellipse"}, "title": "create_coordinate_system", "meta": {}, "body": "<section id=\"create-coordinate-system\">\n<h1>create_coordinate_system<a class=\"headerlink\" href=\"#create-coordinate-system\" title=\"Permalink to this heading\">#</a></h1>\n<dl class=\"py method\">\n<dt class=\"sig sig-object py\" id=\"pyaedt.modeler.Model2D.Modeler2D.create_coordinate_system\">\n<span class=\"sig-prename descclassname\"><span class=\"pre\">Modeler2D.</span></span><span class=\"sig-name descname\"><span class=\"pre\">create_coordinate_system</span></span><span class=\"sig-paren\">(</span><em class=\"sig-param\"><span class=\"n\"><span class=\"pre\">origin</span></span><span class=\"o\"><span class=\"pre\">=</span></span><span class=\"default_value\"><span class=\"pre\">None</span></span></em>, <em class=\"sig-param\"><span class=\"n\"><span class=\"pre\">reference_cs</span></span><span class=\"o\"><span class=\"pre\">=</span></span><span class=\"default_value\"><span class=\"pre\">'Global'</span></span></em>, <em class=\"sig-param\"><span class=\"n\"><span class=\"pre\">name</span></span><span class=\"o\"><span class=\"pre\">=</span></span><span class=\"default_value\"><span class=\"pre\">None</span></span></em>, <em class=\"sig-param\"><span class=\"n\"><span class=\"pre\">mode</span></span><span class=\"o\"><span class=\"pre\">=</span></span><span class=\"default_value\"><span class=\"pre\">'axis'</span></span></em>, <em class=\"sig-param\"><span class=\"n\"><span class=\"pre\">view</span></span><span class=\"o\"><span class=\"pre\">=</span></span><span class=\"default_value\"><span class=\"pre\">'iso'</span></span></em>, <em class=\"sig-param\"><span class=\"n\"><span class=\"pre\">x_pointing</span></span><span class=\"o\"><span class=\"pre\">=</span></span><span class=\"default_value\"><span class=\"pre\">None</span></span></em>, <em class=\"sig-param\"><span class=\"n\"><span class=\"pre\">y_pointing</span></span><span class=\"o\"><span class=\"pre\">=</span></span><span class=\"default_value\"><span class=\"pre\">None</span></span></em>, <em class=\"sig-param\"><span class=\"n\"><span class=\"pre\">psi</span></span><span class=\"o\"><span class=\"pre\">=</span></span><span class=\"default_value\"><span class=\"pre\">0</span></span></em>, <em class=\"sig-param\"><span class=\"n\"><span class=\"pre\">theta</span></span><span class=\"o\"><span class=\"pre\">=</span></span><span class=\"default_value\"><span class=\"pre\">0</span></span></em>, <em class=\"sig-param\"><span class=\"n\"><span class=\"pre\">phi</span></span><span class=\"o\"><span class=\"pre\">=</span></span><span class=\"default_value\"><span class=\"pre\">0</span></span></em>, <em class=\"sig-param\"><span class=\"n\"><span class=\"pre\">u</span></span><span class=\"o\"><span class=\"pre\">=</span></span><span class=\"default_value\"><span class=\"pre\">None</span></span></em><span class=\"sig-paren\">)</span><a class=\"headerlink\" href=\"#pyaedt.modeler.Model2D.Modeler2D.create_coordinate_system\" title=\"Permalink to this definition\">#</a></dt>\n<dd><p>Create a coordinate system.</p>\n<dl class=\"field-list\">\n<dt class=\"field-odd\">Parameters<span class=\"colon\">:</span></dt>\n<dd class=\"field-odd\"><dl>\n<dt><strong>origin</strong><span class=\"classifier\"><a class=\"reference external\" href=\"https://docs.python.org/dev/library/stdtypes.html#list\" title=\"(in Python v3.12)\"><code class=\"docutils literal notranslate\"><span class=\"pre\">list</span></code></a></span></dt><dd><p>List of <code class=\"docutils literal notranslate\"><span class=\"pre\">[x,</span> <span class=\"pre\">y,</span> <span class=\"pre\">z]</span></code> coordinates for the origin of the\ncoordinate system.  The default is <code class=\"docutils literal notranslate\"><span class=\"pre\">None</span></code>, in which case\n<code class=\"docutils literal notranslate\"><span class=\"pre\">[0,</span> <span class=\"pre\">0,</span> <span class=\"pre\">0]</span></code> is used.</p>\n</dd>\n<dt><strong>reference_cs</strong><span class=\"classifier\"><a class=\"reference external\" href=\"https://docs.python.org/dev/library/stdtypes.html#str\" title=\"(in Python v3.12)\"><code class=\"docutils literal notranslate\"><span class=\"pre\">str</span></code></a>, <code class=\"xref py py-obj docutils literal notranslate\"><span class=\"pre\">optional</span></code></span></dt><dd><p>Name of the reference coordinate system. The default is\n<code class=\"docutils literal notranslate\"><span class=\"pre\">&quot;Global&quot;</span></code>.</p>\n</dd>\n<dt><strong>name</strong><span class=\"classifier\"><a class=\"reference external\" href=\"https://docs.python.org/dev/library/stdtypes.html#str\" title=\"(in Python v3.12)\"><code class=\"docutils literal notranslate\"><span class=\"pre\">str</span></code></a></span></dt><dd><p>Name of the coordinate system. The default is <code class=\"docutils literal notranslate\"><span class=\"pre\">None</span></code>.</p>\n</dd>\n<dt><strong>mode</strong><span class=\"classifier\"><a class=\"reference external\" href=\"https://docs.python.org/dev/library/stdtypes.html#str\" title=\"(in Python v3.12)\"><code class=\"docutils literal notranslate\"><span class=\"pre\">str</span></code></a>, <code class=\"xref py py-obj docutils literal notranslate\"><span class=\"pre\">optional</span></code></span></dt><dd><p>Definition mode. Options are <code class=\"docutils literal notranslate\"><span class=\"pre\">&quot;view&quot;</span></code>, <code class=\"docutils literal notranslate\"><span class=\"pre\">&quot;axis&quot;</span></code>,\n<code class=\"docutils literal notranslate\"><span class=\"pre\">&quot;zxz&quot;</span></code>, <code class=\"docutils literal notranslate\"><span class=\"pre\">&quot;zyz&quot;</span></code>, and <code class=\"docutils literal notranslate\"><span class=\"pre\">&quot;axisrotation&quot;</span></code>. The default\nis <code class=\"docutils literal notranslate\"><span class=\"pre\">&quot;axis&quot;</span></code>.  Enumerator <code class=\"docutils literal notranslate\"><span class=\"pre\">pyaedt.generic.constants.CSMODE</span></code> can be used.</p>\n<ul class=\"simple\">\n<li><p>If <code class=\"docutils literal notranslate\"><span class=\"pre\">mode=&quot;view&quot;</span></code>, specify <code class=\"docutils literal notranslate\"><span class=\"pre\">view</span></code>.</p></li>\n<li><p>If <code class=\"docutils literal notranslate\"><span class=\"pre\">mode=&quot;axis&quot;</span></code>, specify <code class=\"docutils literal notranslate\"><span class=\"pre\">x_pointing</span></code> and <code class=\"docutils literal notranslate\"><span class=\"pre\">y_pointing</span></code>.</p></li>\n<li><p>If <code class=\"docutils literal notranslate\"><span class=\"pre\">mode=&quot;zxz&quot;</span></code> or <code class=\"docutils literal notranslate\"><span class=\"pre\">mode=&quot;zyz&quot;</span></code>, specify <code class=\"docutils literal notranslate\"><span class=\"pre\">phi</span></code>, <code class=\"docutils literal notranslate\"><span class=\"pre\">theta</span></code>, and <code class=\"docutils literal notranslate\"><span class=\"pre\">psi</span></code>.</p></li>\n<li><p>If <code class=\"docutils literal notranslate\"><span class=\"pre\">mode=&quot;axisrotation&quot;</span></code>, specify <code class=\"docutils literal notranslate\"><span class=\"pre\">theta</span></code> and <code class=\"docutils literal notranslate\"><span class=\"pre\">u</span></code>.</p></li>\n</ul>\n<p>Parameters not needed by the specified mode are ignored.\nFor back compatibility, <code class=\"docutils literal notranslate\"><span class=\"pre\">view=&quot;rotate&quot;</span></code> is the same as\n<code class=\"docutils literal notranslate\"><span class=\"pre\">mode=&quot;axis&quot;</span></code>.  The default mode, <code class=\"docutils literal notranslate\"><span class=\"pre\">&quot;axisrotation&quot;</span></code>, is\na coordinate system parallel to the global coordinate\nsystem centered in the global origin.</p>\n</dd>\n<dt><strong>view</strong><span class=\"classifier\"><a class=\"reference external\" href=\"https://docs.python.org/dev/library/stdtypes.html#str\" title=\"(in Python v3.12)\"><code class=\"docutils literal notranslate\"><span class=\"pre\">str</span></code></a>, <a class=\"reference external\" href=\"https://docs.python.org/dev/library/functions.html#int\" title=\"(in Python v3.12)\"><code class=\"docutils literal notranslate\"><span class=\"pre\">int</span></code></a> <code class=\"xref py py-obj docutils literal notranslate\"><span class=\"pre\">optional</span></code></span></dt><dd><p>View for the coordinate system if <code class=\"docutils literal notranslate\"><span class=\"pre\">mode=&quot;view&quot;</span></code>. Options\nare <code class=\"docutils literal notranslate\"><span class=\"pre\">&quot;XY&quot;</span></code>, <code class=\"docutils literal notranslate\"><span class=\"pre\">&quot;XZ&quot;</span></code>, <code class=\"docutils literal notranslate\"><span class=\"pre\">&quot;XY&quot;</span></code>, <code class=\"docutils literal notranslate\"><span class=\"pre\">&quot;iso&quot;</span></code>, <code class=\"docutils literal notranslate\"><span class=\"pre\">None</span></code>, and\n<code class=\"docutils literal notranslate\"><span class=\"pre\">&quot;rotate&quot;</span></code> (obsolete). The default is <code class=\"docutils literal notranslate\"><span class=\"pre\">&quot;iso&quot;</span></code>.\nEnumerator <code class=\"docutils literal notranslate\"><span class=\"pre\">pyaedt.generic.constants.VIEW</span></code> can be used.</p>\n<div class=\"admonition note\">\n<p class=\"admonition-title\">Note</p>\n<p>Because the <code class=\"docutils literal notranslate\"><span class=\"pre\">&quot;rotate&quot;</span></code> option is obsolete, use\n<code class=\"docutils literal notranslate\"><span class=\"pre\">mode=&quot;axis&quot;</span></code> instead.</p>\n</div>\n</dd>\n<dt><strong>x_pointing</strong><span class=\"classifier\"><a class=\"reference external\" href=\"https://docs.python.org/dev/library/stdtypes.html#list\" title=\"(in Python v3.12)\"><code class=\"docutils literal notranslate\"><span class=\"pre\">list</span></code></a>, <code class=\"xref py py-obj docutils literal notranslate\"><span class=\"pre\">optional</span></code></span></dt><dd><p>List of the <code class=\"docutils literal notranslate\"><span class=\"pre\">[x,</span> <span class=\"pre\">y,</span> <span class=\"pre\">z]</span></code> coordinates specifying the X axis\npointing in the global coordinate system if <code class=\"docutils literal notranslate\"><span class=\"pre\">mode=&quot;axis&quot;</span></code>.\nThe default is <code class=\"docutils literal notranslate\"><span class=\"pre\">[1,</span> <span class=\"pre\">0,</span> <span class=\"pre\">0]</span></code>.</p>\n</dd>\n<dt><strong>y_pointing</strong><span class=\"classifier\"><a class=\"reference external\" href=\"https://docs.python.org/dev/library/stdtypes.html#list\" title=\"(in Python v3.12)\"><code class=\"docutils literal notranslate\"><span class=\"pre\">list</span></code></a>, <code class=\"xref py py-obj docutils literal notranslate\"><span class=\"pre\">optional</span></code></span></dt><dd><p>List of the <code class=\"docutils literal notranslate\"><span class=\"pre\">[x,</span> <span class=\"pre\">y,</span> <span class=\"pre\">z]</span></code> coordinates specifying the Y axis\npointing in the global coordinate system if <code class=\"docutils literal notranslate\"><span class=\"pre\">mode=&quot;axis&quot;</span></code>.\nThe default is <code class=\"docutils literal notranslate\"><span class=\"pre\">[0,</span> <span class=\"pre\">1,</span> <span class=\"pre\">0]</span></code>.</p>\n</dd>\n<dt><strong>phi</strong><span class=\"classifier\"><a class=\"reference external\" href=\"https://docs.python.org/dev/library/functions.html#float\" title=\"(in Python v3.12)\"><code class=\"docutils literal notranslate\"><span class=\"pre\">float</span></code></a>, <code class=\"xref py py-obj docutils literal notranslate\"><span class=\"pre\">optional</span></code></span></dt><dd><p>Euler angle phi in degrees if <code class=\"docutils literal notranslate\"><span class=\"pre\">mode=&quot;zxz&quot;</span></code> or <code class=\"docutils literal notranslate\"><span class=\"pre\">mode=&quot;zyz&quot;</span></code>.\nThe default is <code class=\"docutils literal notranslate\"><span class=\"pre\">0</span></code>.</p>\n</dd>\n<dt><strong>theta</strong><span class=\"classifier\"><a class=\"reference external\" href=\"https://docs.python.org/dev/library/functions.html#float\" title=\"(in Python v3.12)\"><code class=\"docutils literal notranslate\"><span class=\"pre\">float</span></code></a>, <code class=\"xref py py-obj docutils literal notranslate\"><span class=\"pre\">optional</span></code></span></dt><dd><p>Euler angle theta or rotation angle in degrees if <code class=\"docutils literal notranslate\"><span class=\"pre\">mode=&quot;zxz&quot;</span></code>,\n<code class=\"docutils literal notranslate\"><span class=\"pre\">mode=&quot;zyz&quot;</span></code>, or <code class=\"docutils literal notranslate\"><span class=\"pre\">mode=&quot;axisrotation&quot;</span></code>. The default is <code class=\"docutils literal notranslate\"><span class=\"pre\">0</span></code>.</p>\n</dd>\n<dt><strong>psi</strong><span class=\"classifier\"><a class=\"reference external\" href=\"https://docs.python.org/dev/library/functions.html#float\" title=\"(in Python v3.12)\"><code class=\"docutils literal notranslate\"><span class=\"pre\">float</span></code></a>, <code class=\"xref py py-obj docutils literal notranslate\"><span class=\"pre\">optional</span></code></span></dt><dd><p>Euler angle psi in degrees if <code class=\"docutils literal notranslate\"><span class=\"pre\">mode=&quot;zxz&quot;</span></code> or <code class=\"docutils literal notranslate\"><span class=\"pre\">mode=&quot;zyz&quot;</span></code>.\nThe default is <code class=\"docutils literal notranslate\"><span class=\"pre\">0</span></code>.</p>\n</dd>\n<dt><strong>u</strong><span class=\"classifier\"><a class=\"reference external\" href=\"https://docs.python.org/dev/library/stdtypes.html#list\" title=\"(in Python v3.12)\"><code class=\"docutils literal notranslate\"><span class=\"pre\">list</span></code></a></span></dt><dd><p>List of the <code class=\"docutils literal notranslate\"><span class=\"pre\">[ux,</span> <span class=\"pre\">uy,</span> <span class=\"pre\">uz]</span></code> coordinates for the rotation axis\nif <code class=\"docutils literal notranslate\"><span class=\"pre\">mode=&quot;zxz&quot;</span></code>. The default is <code class=\"docutils literal notranslate\"><span class=\"pre\">[1,</span> <span class=\"pre\">0,</span> <span class=\"pre\">0]</span></code>.</p>\n</dd>\n</dl>\n</dd>\n<dt class=\"field-even\">Returns<span class=\"colon\">:</span></dt>\n<dd class=\"field-even\"><dl class=\"simple\">\n<dt><a class=\"reference internal\" href=\"../pyaedt.modeler.Modeler.CoordinateSystem/#pyaedt.modeler.Modeler.CoordinateSystem\" title=\"pyaedt.modeler.Modeler.CoordinateSystem\"><code class=\"xref py py-class docutils literal notranslate\"><span class=\"pre\">pyaedt.modeler.Modeler.CoordinateSystem</span></code></a></dt><dd><p>Coordinate System Object.</p>\n</dd>\n</dl>\n</dd>\n</dl>\n<p class=\"rubric\">References</p>\n<div class=\"doctest highlight-default notranslate\"><div class=\"highlight\"><pre><span></span><span class=\"gp\">&gt;&gt;&gt; </span><span class=\"n\">oEditor</span><span class=\"o\">.</span><span class=\"n\">CreateRelativeCS</span>\n</pre></div>\n</div>\n</dd></dl>\n\n</section>\n", "metatags": "<meta name=\"generator\" content=\"Docutils 0.19: https://docutils.sourceforge.io/\" />\n", "rellinks": [["genindex", "General Index", "I", "index"], ["py-modindex", "Python Module Index", "", "modules"], ["API/_autosummary/pyaedt.modeler.Model2D.Modeler2D.create_ellipse", "create_ellipse", "N", "next"], ["API/_autosummary/pyaedt.modeler.Model2D.Modeler2D.create_circle", "create_circle", "P", "previous"]], "sourcename": "API/_autosummary/pyaedt.modeler.Model2D.Modeler2D.create_coordinate_system.rst.txt", "toc": "<ul>\n<li><a class=\"reference internal\" href=\"#\">create_coordinate_system</a><ul>\n<li><a class=\"reference internal\" href=\"#pyaedt.modeler.Model2D.Modeler2D.create_coordinate_system\"><code class=\"docutils literal notranslate\"><span class=\"pre\">Modeler2D.create_coordinate_system()</span></code></a></li>\n</ul>\n</li>\n</ul>\n", "display_toc": true, "page_source_suffix": ".rst", "current_page_name": "API/_autosummary/pyaedt.modeler.Model2D.Modeler2D.create_coordinate_system", "sidebars": ["search-field.html", "sidebar-nav-bs.html"], "customsidebar": null, "favicon_url": null, "logo_url": null, "alabaster_version": "0.7.12", "theme_show_toc_level": 1, "theme_logo": {}}