{"parents": [{"link": "../../", "title": "API reference"}, {"link": "../../Application/", "title": "AEDT apps"}, {"link": "../pyaedt.Hfss/", "title": "pyaedt.Hfss"}], "prev": {"link": "../pyaedt.Hfss.assign_hybrid_region/", "title": "assign_hybrid_region"}, "next": {"link": "../pyaedt.Hfss.assign_lattice_pair/", "title": "assign_lattice_pair"}, "title": "assign_impedance_to_sheet", "meta": {}, "body": "<section id=\"assign-impedance-to-sheet\">\n<h1>assign_impedance_to_sheet<a class=\"headerlink\" href=\"#assign-impedance-to-sheet\" title=\"Permalink to this heading\">#</a></h1>\n<dl class=\"py method\">\n<dt class=\"sig sig-object py\" id=\"pyaedt.Hfss.assign_impedance_to_sheet\">\n<span class=\"sig-prename descclassname\"><span class=\"pre\">Hfss.</span></span><span class=\"sig-name descname\"><span class=\"pre\">assign_impedance_to_sheet</span></span><span class=\"sig-paren\">(</span><em class=\"sig-param\"><span class=\"n\"><span class=\"pre\">sheet_name</span></span></em>, <em class=\"sig-param\"><span class=\"n\"><span class=\"pre\">sourcename</span></span><span class=\"o\"><span class=\"pre\">=</span></span><span class=\"default_value\"><span class=\"pre\">None</span></span></em>, <em class=\"sig-param\"><span class=\"n\"><span class=\"pre\">resistance</span></span><span class=\"o\"><span class=\"pre\">=</span></span><span class=\"default_value\"><span class=\"pre\">50</span></span></em>, <em class=\"sig-param\"><span class=\"n\"><span class=\"pre\">reactance</span></span><span class=\"o\"><span class=\"pre\">=</span></span><span class=\"default_value\"><span class=\"pre\">0</span></span></em>, <em class=\"sig-param\"><span class=\"n\"><span class=\"pre\">is_infground</span></span><span class=\"o\"><span class=\"pre\">=</span></span><span class=\"default_value\"><span class=\"pre\">False</span></span></em><span class=\"sig-paren\">)</span><a class=\"reference internal\" href=\"../../../_modules/pyaedt/hfss/#Hfss.assign_impedance_to_sheet\"><span class=\"viewcode-link\"><span class=\"pre\">[source]</span></span></a><a class=\"headerlink\" href=\"#pyaedt.Hfss.assign_impedance_to_sheet\" title=\"Permalink to this definition\">#</a></dt>\n<dd><p>Create an impedance taking one sheet.</p>\n<dl class=\"field-list\">\n<dt class=\"field-odd\">Parameters<span class=\"colon\">:</span></dt>\n<dd class=\"field-odd\"><dl>\n<dt><strong>sheet_name</strong><span class=\"classifier\"><a class=\"reference external\" href=\"https://docs.python.org/dev/library/stdtypes.html#str\" title=\"(in Python v3.12)\"><code class=\"docutils literal notranslate\"><span class=\"pre\">str</span></code></a></span></dt><dd><p>Name of the sheet to apply the boundary to.</p>\n</dd>\n<dt><strong>sourcename</strong><span class=\"classifier\"><a class=\"reference external\" href=\"https://docs.python.org/dev/library/stdtypes.html#str\" title=\"(in Python v3.12)\"><code class=\"docutils literal notranslate\"><span class=\"pre\">str</span></code></a>, <code class=\"xref py py-obj docutils literal notranslate\"><span class=\"pre\">optional</span></code></span></dt><dd><p>Name of the impedance. The default is <code class=\"docutils literal notranslate\"><span class=\"pre\">None</span></code>.</p>\n</dd>\n<dt><strong>resistance</strong><span class=\"classifier\"><code class=\"xref py py-obj docutils literal notranslate\"><span class=\"pre\">optional</span></code></span></dt><dd><p>Resistance value in ohms. The default is <code class=\"docutils literal notranslate\"><span class=\"pre\">50</span></code>. If <code class=\"docutils literal notranslate\"><span class=\"pre\">None</span></code>,\nthis parameter is disabled.</p>\n</dd>\n<dt><strong>reactance</strong><span class=\"classifier\"><code class=\"xref py py-obj docutils literal notranslate\"><span class=\"pre\">optional</span></code></span></dt><dd><p>Reactance value in ohms. The default is <code class=\"docutils literal notranslate\"><span class=\"pre\">0</span></code>. If <code class=\"docutils literal notranslate\"><span class=\"pre\">None</span></code>,\nthis parameter is disabled.</p>\n</dd>\n<dt><strong>is_infground</strong><span class=\"classifier\"><a class=\"reference external\" href=\"https://docs.python.org/dev/library/stdtypes.html#bltin-boolean-values\" title=\"(in Python v3.12)\"><span class=\"xref std std-ref\">bool</span></a>, <code class=\"xref py py-obj docutils literal notranslate\"><span class=\"pre\">optional</span></code></span></dt><dd><p>Whether the impedance is an infinite ground. The default is <code class=\"docutils literal notranslate\"><span class=\"pre\">False</span></code>.</p>\n</dd>\n</dl>\n</dd>\n<dt class=\"field-even\">Returns<span class=\"colon\">:</span></dt>\n<dd class=\"field-even\"><dl class=\"simple\">\n<dt><a class=\"reference internal\" href=\"../pyaedt.modules.Boundary.BoundaryObject/#pyaedt.modules.Boundary.BoundaryObject\" title=\"pyaedt.modules.Boundary.BoundaryObject\"><code class=\"xref py py-class docutils literal notranslate\"><span class=\"pre\">pyaedt.modules.Boundary.BoundaryObject</span></code></a></dt><dd><p>Boundary object if successful, <code class=\"docutils literal notranslate\"><span class=\"pre\">False</span></code> otherwise.</p>\n</dd>\n</dl>\n</dd>\n</dl>\n<p class=\"rubric\">References</p>\n<div class=\"doctest highlight-default notranslate\"><div class=\"highlight\"><pre><span></span><span class=\"gp\">&gt;&gt;&gt; </span><span class=\"n\">oModule</span><span class=\"o\">.</span><span class=\"n\">AssignImpedance</span>\n</pre></div>\n</div>\n<p class=\"rubric\">Examples</p>\n<p>Create a sheet and use it to create an impedance.</p>\n<div class=\"doctest highlight-default notranslate\"><div class=\"highlight\"><pre><span></span><span class=\"gp\">&gt;&gt;&gt; </span><span class=\"n\">sheet</span> <span class=\"o\">=</span> <span class=\"n\">hfss</span><span class=\"o\">.</span><span class=\"n\">modeler</span><span class=\"o\">.</span><span class=\"n\">create_rectangle</span><span class=\"p\">(</span><span class=\"n\">hfss</span><span class=\"o\">.</span><span class=\"n\">PLANE</span><span class=\"o\">.</span><span class=\"n\">XY</span><span class=\"p\">,</span>\n<span class=\"gp\">... </span>                                      <span class=\"p\">[</span><span class=\"mi\">0</span><span class=\"p\">,</span> <span class=\"mi\">0</span><span class=\"p\">,</span> <span class=\"o\">-</span><span class=\"mi\">90</span><span class=\"p\">],</span> <span class=\"p\">[</span><span class=\"mi\">10</span><span class=\"p\">,</span> <span class=\"mi\">2</span><span class=\"p\">],</span> <span class=\"n\">name</span><span class=\"o\">=</span><span class=\"s2\">&quot;ImpedanceSheet&quot;</span><span class=\"p\">,</span>\n<span class=\"gp\">... </span>                                       <span class=\"n\">matname</span><span class=\"o\">=</span><span class=\"s2\">&quot;Copper&quot;</span><span class=\"p\">)</span>\n<span class=\"gp\">&gt;&gt;&gt; </span><span class=\"n\">impedance_to_sheet</span> <span class=\"o\">=</span> <span class=\"n\">hfss</span><span class=\"o\">.</span><span class=\"n\">assign_impedance_to_sheet</span><span class=\"p\">(</span><span class=\"n\">sheet</span><span class=\"o\">.</span><span class=\"n\">name</span><span class=\"p\">,</span> <span class=\"s2\">&quot;ImpedanceFromSheet&quot;</span><span class=\"p\">,</span> <span class=\"mi\">100</span><span class=\"p\">,</span> <span class=\"mi\">50</span><span class=\"p\">)</span>\n<span class=\"gp\">&gt;&gt;&gt; </span><span class=\"nb\">type</span><span class=\"p\">(</span><span class=\"n\">impedance_to_sheet</span><span class=\"p\">)</span>\n<span class=\"go\">&lt;class &#39;pyaedt.modules.Boundary.BoundaryObject&#39;&gt;</span>\n</pre></div>\n</div>\n</dd></dl>\n\n</section>\n", "metatags": "<meta name=\"generator\" content=\"Docutils 0.19: https://docutils.sourceforge.io/\" />\n", "rellinks": [["genindex", "General Index", "I", "index"], ["py-modindex", "Python Module Index", "", "modules"], ["API/_autosummary/pyaedt.Hfss.assign_lattice_pair", "assign_lattice_pair", "N", "next"], ["API/_autosummary/pyaedt.Hfss.assign_hybrid_region", "assign_hybrid_region", "P", "previous"]], "sourcename": "API/_autosummary/pyaedt.Hfss.assign_impedance_to_sheet.rst.txt", "toc": "<ul>\n<li><a class=\"reference internal\" href=\"#\">assign_impedance_to_sheet</a><ul>\n<li><a class=\"reference internal\" href=\"#pyaedt.Hfss.assign_impedance_to_sheet\"><code class=\"docutils literal notranslate\"><span class=\"pre\">Hfss.assign_impedance_to_sheet()</span></code></a></li>\n</ul>\n</li>\n</ul>\n", "display_toc": true, "page_source_suffix": ".rst", "current_page_name": "API/_autosummary/pyaedt.Hfss.assign_impedance_to_sheet", "sidebars": ["search-field.html", "sidebar-nav-bs.html"], "customsidebar": null, "favicon_url": null, "logo_url": null, "alabaster_version": "0.7.12", "theme_show_toc_level": 1, "theme_logo": {}}