{"parents": [{"link": "../../", "title": "API reference"}, {"link": "../../MaterialManagement/", "title": "Material and stackup"}, {"link": "../pyaedt.modules.Material.Material/", "title": "pyaedt.modules.Material.Material"}], "prev": {"link": "../pyaedt.modules.Material.Material.mass_density/", "title": "mass_density"}, "next": {"link": "../pyaedt.modules.Material.Material.molecular_mass/", "title": "molecular_mass"}, "title": "material_appearance", "meta": {}, "body": "<section id=\"material-appearance\">\n<h1>material_appearance<a class=\"headerlink\" href=\"#material-appearance\" title=\"Permalink to this heading\">#</a></h1>\n<dl class=\"py property\">\n<dt class=\"sig sig-object py\" id=\"pyaedt.modules.Material.Material.material_appearance\">\n<em class=\"property\"><span class=\"pre\">property</span><span class=\"w\"> </span></em><span class=\"sig-prename descclassname\"><span class=\"pre\">Material.</span></span><span class=\"sig-name descname\"><span class=\"pre\">material_appearance</span></span><a class=\"headerlink\" href=\"#pyaedt.modules.Material.Material.material_appearance\" title=\"Permalink to this definition\">#</a></dt>\n<dd><p>Material Appearance specified as an RGB list.</p>\n<dl class=\"field-list simple\">\n<dt class=\"field-odd\">Returns<span class=\"colon\">:</span></dt>\n<dd class=\"field-odd\"><dl class=\"simple\">\n<dt><a class=\"reference external\" href=\"https://docs.python.org/dev/library/stdtypes.html#list\" title=\"(in Python v3.12)\"><code class=\"docutils literal notranslate\"><span class=\"pre\">list</span></code></a></dt><dd><p>Color of the material in RGB.  Values are in the range <code class=\"docutils literal notranslate\"><span class=\"pre\">[0,</span> <span class=\"pre\">255]</span></code>.</p>\n</dd>\n</dl>\n</dd>\n</dl>\n<p class=\"rubric\">Examples</p>\n<p>Create a new material with color <code class=\"docutils literal notranslate\"><span class=\"pre\">[0,</span> <span class=\"pre\">153,</span> <span class=\"pre\">153]</span></code> (darker cyan).</p>\n<div class=\"doctest highlight-default notranslate\"><div class=\"highlight\"><pre><span></span><span class=\"gp\">&gt;&gt;&gt; </span><span class=\"kn\">from</span> <span class=\"nn\">pyaedt</span> <span class=\"kn\">import</span> <span class=\"n\">Hfss</span>\n<span class=\"gp\">&gt;&gt;&gt; </span><span class=\"n\">hfss</span> <span class=\"o\">=</span> <span class=\"n\">Hfss</span><span class=\"p\">(</span><span class=\"n\">specified_version</span><span class=\"o\">=</span><span class=\"s2\">&quot;2021.2&quot;</span><span class=\"p\">)</span>\n<span class=\"gp\">&gt;&gt;&gt; </span><span class=\"n\">mat1</span> <span class=\"o\">=</span> <span class=\"n\">hfss</span><span class=\"o\">.</span><span class=\"n\">materials</span><span class=\"o\">.</span><span class=\"n\">add_material</span><span class=\"p\">(</span><span class=\"s2\">&quot;new_material&quot;</span><span class=\"p\">)</span>\n<span class=\"gp\">&gt;&gt;&gt; </span><span class=\"n\">rgbcolor</span> <span class=\"o\">=</span> <span class=\"n\">mat1</span><span class=\"o\">.</span><span class=\"n\">material_appearance</span>\n<span class=\"gp\">&gt;&gt;&gt; </span><span class=\"n\">mat1</span><span class=\"o\">.</span><span class=\"n\">material_appearance</span> <span class=\"o\">=</span> <span class=\"p\">[</span><span class=\"mi\">0</span><span class=\"p\">,</span> <span class=\"mi\">153</span><span class=\"p\">,</span> <span class=\"mi\">153</span><span class=\"p\">]</span>\n</pre></div>\n</div>\n</dd></dl>\n\n</section>\n", "metatags": "<meta name=\"generator\" content=\"Docutils 0.19: https://docutils.sourceforge.io/\" />\n", "rellinks": [["genindex", "General Index", "I", "index"], ["py-modindex", "Python Module Index", "", "modules"], ["API/_autosummary/pyaedt.modules.Material.Material.molecular_mass", "molecular_mass", "N", "next"], ["API/_autosummary/pyaedt.modules.Material.Material.mass_density", "mass_density", "P", "previous"]], "sourcename": "API/_autosummary/pyaedt.modules.Material.Material.material_appearance.rst.txt", "toc": "<ul>\n<li><a class=\"reference internal\" href=\"#\">material_appearance</a><ul>\n<li><a class=\"reference internal\" href=\"#pyaedt.modules.Material.Material.material_appearance\"><code class=\"docutils literal notranslate\"><span class=\"pre\">Material.material_appearance</span></code></a></li>\n</ul>\n</li>\n</ul>\n", "display_toc": true, "page_source_suffix": ".rst", "current_page_name": "API/_autosummary/pyaedt.modules.Material.Material.material_appearance", "sidebars": ["search-field.html", "sidebar-nav-bs.html"], "customsidebar": null, "favicon_url": null, "logo_url": null, "alabaster_version": "0.7.12", "theme_show_toc_level": 1, "theme_logo": {}}