{"parents": [{"link": "../../", "title": "API reference"}, {"link": "../../CoreEdb/", "title": "EDB editor"}, {"link": "../pyaedt.Edb/", "title": "pyaedt.Edb"}], "prev": {"link": "../pyaedt.Edb.logger/", "title": "logger"}, "next": {"link": "../pyaedt.Edb.pins/", "title": "pins"}, "title": "materials", "meta": {}, "body": "<section id=\"materials\">\n<h1>materials<a class=\"headerlink\" href=\"#materials\" title=\"Permalink to this heading\">#</a></h1>\n<dl class=\"py property\">\n<dt class=\"sig sig-object py\" id=\"pyaedt.Edb.materials\">\n<em class=\"property\"><span class=\"pre\">property</span><span class=\"w\"> </span></em><span class=\"sig-prename descclassname\"><span class=\"pre\">Edb.</span></span><span class=\"sig-name descname\"><span class=\"pre\">materials</span></span><a class=\"headerlink\" href=\"#pyaedt.Edb.materials\" title=\"Permalink to this definition\">#</a></dt>\n<dd><p>Material Database.</p>\n</dd></dl>\n\n</section>\n", "metatags": "<meta name=\"generator\" content=\"Docutils 0.19: https://docutils.sourceforge.io/\" />\n", "rellinks": [["genindex", "General Index", "I", "index"], ["py-modindex", "Python Module Index", "", "modules"], ["API/_autosummary/pyaedt.Edb.pins", "pins", "N", "next"], ["API/_autosummary/pyaedt.Edb.logger", "logger", "P", "previous"]], "sourcename": "API/_autosummary/pyaedt.Edb.materials.rst.txt", "toc": "<ul>\n<li><a class=\"reference internal\" href=\"#\">materials</a><ul>\n<li><a class=\"reference internal\" href=\"#pyaedt.Edb.materials\"><code class=\"docutils literal notranslate\"><span class=\"pre\">Edb.materials</span></code></a></li>\n</ul>\n</li>\n</ul>\n", "display_toc": true, "page_source_suffix": ".rst", "current_page_name": "API/_autosummary/pyaedt.Edb.materials", "sidebars": ["search-field.html", "sidebar-nav-bs.html"], "customsidebar": null, "favicon_url": null, "logo_url": null, "alabaster_version": "0.7.12", "theme_show_toc_level": 1, "theme_logo": {}}