{"parents": [{"link": "../../", "title": "API reference"}, {"link": "../../MaterialManagement/", "title": "Material and stackup"}, {"link": "../pyaedt.modules.Material.SurfMatProperties/", "title": "pyaedt.modules.Material.SurfMatProperties"}], "prev": {"link": "../pyaedt.modules.Material.SurfMatProperties.aedtname/", "title": "aedtname"}, "next": {"link": "../pyaedt.modules.Material.SurfMatProperties.defaultvalue/", "title": "defaultvalue"}, "title": "defaultunit", "meta": {}, "body": "<section id=\"defaultunit\">\n<h1>defaultunit<a class=\"headerlink\" href=\"#defaultunit\" title=\"Permalink to this heading\">#</a></h1>\n<dl class=\"py attribute\">\n<dt class=\"sig sig-object py\" id=\"pyaedt.modules.Material.SurfMatProperties.defaultunit\">\n<span class=\"sig-prename descclassname\"><span class=\"pre\">SurfMatProperties.</span></span><span class=\"sig-name descname\"><span class=\"pre\">defaultunit</span></span><em class=\"property\"><span class=\"w\"> </span><span class=\"p\"><span class=\"pre\">=</span></span><span class=\"w\"> </span><span class=\"pre\">[None,</span> <span class=\"pre\">'[m]',</span> <span class=\"pre\">None,</span> <span class=\"pre\">None]</span></em><a class=\"headerlink\" href=\"#pyaedt.modules.Material.SurfMatProperties.defaultunit\" title=\"Permalink to this definition\">#</a></dt>\n<dd></dd></dl>\n\n</section>\n", "metatags": "<meta name=\"generator\" content=\"Docutils 0.19: https://docutils.sourceforge.io/\" />\n", "rellinks": [["genindex", "General Index", "I", "index"], ["py-modindex", "Python Module Index", "", "modules"], ["API/_autosummary/pyaedt.modules.Material.SurfMatProperties.defaultvalue", "defaultvalue", "N", "next"], ["API/_autosummary/pyaedt.modules.Material.SurfMatProperties.aedtname", "aedtname", "P", "previous"]], "sourcename": "API/_autosummary/pyaedt.modules.Material.SurfMatProperties.defaultunit.rst.txt", "toc": "<ul>\n<li><a class=\"reference internal\" href=\"#\">defaultunit</a><ul>\n<li><a class=\"reference internal\" href=\"#pyaedt.modules.Material.SurfMatProperties.defaultunit\"><code class=\"docutils literal notranslate\"><span class=\"pre\">SurfMatProperties.defaultunit</span></code></a></li>\n</ul>\n</li>\n</ul>\n", "display_toc": true, "page_source_suffix": ".rst", "current_page_name": "API/_autosummary/pyaedt.modules.Material.SurfMatProperties.defaultunit", "sidebars": ["search-field.html", "sidebar-nav-bs.html"], "customsidebar": null, "favicon_url": null, "logo_url": null, "alabaster_version": "0.7.12", "theme_show_toc_level": 1, "theme_logo": {}}