{"parents": [{"link": "../../", "title": "API reference"}, {"link": "../../Primitives/", "title": "Modeler and  primitives"}, {"link": "../pyaedt.modeler.Circuit.ModelerEmit/", "title": "pyaedt.modeler.Circuit.ModelerEmit"}], "prev": {"link": "../pyaedt.modeler.Circuit.ModelerEmit/", "title": "pyaedt.modeler.Circuit.ModelerEmit"}, "next": {"link": "../pyaedt.modeler.Circuit.ModelerEmit.zoom_to_fit/", "title": "zoom_to_fit"}, "title": "connect_schematic_components", "meta": {}, "body": "<section id=\"connect-schematic-components\">\n<h1>connect_schematic_components<a class=\"headerlink\" href=\"#connect-schematic-components\" title=\"Permalink to this heading\">#</a></h1>\n<dl class=\"py method\">\n<dt class=\"sig sig-object py\" id=\"pyaedt.modeler.Circuit.ModelerEmit.connect_schematic_components\">\n<span class=\"sig-prename descclassname\"><span class=\"pre\">ModelerEmit.</span></span><span class=\"sig-name descname\"><span class=\"pre\">connect_schematic_components</span></span><span class=\"sig-paren\">(</span><em class=\"sig-param\"><span class=\"n\"><span class=\"pre\">firstcomponent</span></span></em>, <em class=\"sig-param\"><span class=\"n\"><span class=\"pre\">secondcomponent</span></span></em>, <em class=\"sig-param\"><span class=\"n\"><span class=\"pre\">pinnum_first</span></span><span class=\"o\"><span class=\"pre\">=</span></span><span class=\"default_value\"><span class=\"pre\">2</span></span></em>, <em class=\"sig-param\"><span class=\"n\"><span class=\"pre\">pinnum_second</span></span><span class=\"o\"><span class=\"pre\">=</span></span><span class=\"default_value\"><span class=\"pre\">1</span></span></em><span class=\"sig-paren\">)</span><a class=\"headerlink\" href=\"#pyaedt.modeler.Circuit.ModelerEmit.connect_schematic_components\" title=\"Permalink to this definition\">#</a></dt>\n<dd><p>Connect schematic components.</p>\n<dl class=\"field-list\">\n<dt class=\"field-odd\">Parameters<span class=\"colon\">:</span></dt>\n<dd class=\"field-odd\"><dl>\n<dt><strong>firstcomponent</strong><span class=\"classifier\"><a class=\"reference external\" href=\"https://docs.python.org/dev/library/stdtypes.html#str\" title=\"(in Python v3.12)\"><code class=\"docutils literal notranslate\"><span class=\"pre\">str</span></code></a></span></dt><dd><p>Starting (right) component.</p>\n</dd>\n<dt><strong>secondcomponent</strong><span class=\"classifier\"><a class=\"reference external\" href=\"https://docs.python.org/dev/library/stdtypes.html#str\" title=\"(in Python v3.12)\"><code class=\"docutils literal notranslate\"><span class=\"pre\">str</span></code></a></span></dt><dd><p>Ending (left) component for the connection line.</p>\n</dd>\n<dt><strong>pinnum_first</strong><span class=\"classifier\"><a class=\"reference external\" href=\"https://docs.python.org/dev/library/stdtypes.html#str\" title=\"(in Python v3.12)\"><code class=\"docutils literal notranslate\"><span class=\"pre\">str</span></code></a>, <code class=\"xref py py-obj docutils literal notranslate\"><span class=\"pre\">optional</span></code></span></dt><dd><p>Number of the pin at which to terminate the connection from the right end of the\nstarting component. The default is <code class=\"docutils literal notranslate\"><span class=\"pre\">2</span></code>.</p>\n</dd>\n<dt><strong>pinnum_second</strong><span class=\"classifier\"><a class=\"reference external\" href=\"https://docs.python.org/dev/library/stdtypes.html#str\" title=\"(in Python v3.12)\"><code class=\"docutils literal notranslate\"><span class=\"pre\">str</span></code></a>, <code class=\"xref py py-obj docutils literal notranslate\"><span class=\"pre\">optional</span></code></span></dt><dd><p>Number of the pin at which to termiante the connection from the left end of the\nending component. The default is <code class=\"docutils literal notranslate\"><span class=\"pre\">1</span></code>.</p>\n</dd>\n</dl>\n</dd>\n<dt class=\"field-even\">Returns<span class=\"colon\">:</span></dt>\n<dd class=\"field-even\"><dl class=\"simple\">\n<dt><a class=\"reference external\" href=\"https://docs.python.org/dev/library/stdtypes.html#bltin-boolean-values\" title=\"(in Python v3.12)\"><span class=\"xref std std-ref\">bool</span></a></dt><dd><p><code class=\"docutils literal notranslate\"><span class=\"pre\">True</span></code> when successful, <code class=\"docutils literal notranslate\"><span class=\"pre\">False</span></code> when failed.</p>\n</dd>\n</dl>\n</dd>\n</dl>\n<p class=\"rubric\">References</p>\n<div class=\"doctest highlight-default notranslate\"><div class=\"highlight\"><pre><span></span><span class=\"gp\">&gt;&gt;&gt; </span><span class=\"n\">oEditor</span><span class=\"o\">.</span><span class=\"n\">CreateWire</span>\n</pre></div>\n</div>\n</dd></dl>\n\n</section>\n", "metatags": "<meta name=\"generator\" content=\"Docutils 0.19: https://docutils.sourceforge.io/\" />\n", "rellinks": [["genindex", "General Index", "I", "index"], ["py-modindex", "Python Module Index", "", "modules"], ["API/_autosummary/pyaedt.modeler.Circuit.ModelerEmit.zoom_to_fit", "zoom_to_fit", "N", "next"], ["API/_autosummary/pyaedt.modeler.Circuit.ModelerEmit", "pyaedt.modeler.Circuit.ModelerEmit", "P", "previous"]], "sourcename": "API/_autosummary/pyaedt.modeler.Circuit.ModelerEmit.connect_schematic_components.rst.txt", "toc": "<ul>\n<li><a class=\"reference internal\" href=\"#\">connect_schematic_components</a><ul>\n<li><a class=\"reference internal\" href=\"#pyaedt.modeler.Circuit.ModelerEmit.connect_schematic_components\"><code class=\"docutils literal notranslate\"><span class=\"pre\">ModelerEmit.connect_schematic_components()</span></code></a></li>\n</ul>\n</li>\n</ul>\n", "display_toc": true, "page_source_suffix": ".rst", "current_page_name": "API/_autosummary/pyaedt.modeler.Circuit.ModelerEmit.connect_schematic_components", "sidebars": ["search-field.html", "sidebar-nav-bs.html"], "customsidebar": null, "favicon_url": null, "logo_url": null, "alabaster_version": "0.7.12", "theme_show_toc_level": 1, "theme_logo": {}}