{"parents": [{"link": "../../", "title": "API reference"}, {"link": "../../Application/", "title": "AEDT apps"}, {"link": "../pyaedt.Emit/", "title": "pyaedt.Emit"}], "prev": {"link": "../pyaedt.Emit.lock_file/", "title": "lock_file"}, "next": {"link": "../pyaedt.Emit.modeler/", "title": "modeler"}, "title": "logger", "meta": {}, "body": "<section id=\"logger\">\n<h1>logger<a class=\"headerlink\" href=\"#logger\" title=\"Permalink to this heading\">#</a></h1>\n<dl class=\"py property\">\n<dt class=\"sig sig-object py\" id=\"pyaedt.Emit.logger\">\n<em class=\"property\"><span class=\"pre\">property</span><span class=\"w\"> </span></em><span class=\"sig-prename descclassname\"><span class=\"pre\">Emit.</span></span><span class=\"sig-name descname\"><span class=\"pre\">logger</span></span><a class=\"headerlink\" href=\"#pyaedt.Emit.logger\" title=\"Permalink to this definition\">#</a></dt>\n<dd><p>Logger for the design.</p>\n<dl class=\"field-list simple\">\n<dt class=\"field-odd\">Returns<span class=\"colon\">:</span></dt>\n<dd class=\"field-odd\"><dl class=\"simple\">\n<dt><a class=\"reference internal\" href=\"../pyaedt.aedt_logger.AedtLogger/#pyaedt.aedt_logger.AedtLogger\" title=\"pyaedt.aedt_logger.AedtLogger\"><code class=\"xref py py-class docutils literal notranslate\"><span class=\"pre\">pyaedt.aedt_logger.AedtLogger</span></code></a></dt><dd></dd>\n</dl>\n</dd>\n</dl>\n</dd></dl>\n\n</section>\n", "metatags": "<meta name=\"generator\" content=\"Docutils 0.19: https://docutils.sourceforge.io/\" />\n", "rellinks": [["genindex", "General Index", "I", "index"], ["py-modindex", "Python Module Index", "", "modules"], ["API/_autosummary/pyaedt.Emit.modeler", "modeler", "N", "next"], ["API/_autosummary/pyaedt.Emit.lock_file", "lock_file", "P", "previous"]], "sourcename": "API/_autosummary/pyaedt.Emit.logger.rst.txt", "toc": "<ul>\n<li><a class=\"reference internal\" href=\"#\">logger</a><ul>\n<li><a class=\"reference internal\" href=\"#pyaedt.Emit.logger\"><code class=\"docutils literal notranslate\"><span class=\"pre\">Emit.logger</span></code></a></li>\n</ul>\n</li>\n</ul>\n", "display_toc": true, "page_source_suffix": ".rst", "current_page_name": "API/_autosummary/pyaedt.Emit.logger", "sidebars": ["search-field.html", "sidebar-nav-bs.html"], "customsidebar": null, "favicon_url": null, "logo_url": null, "alabaster_version": "0.7.12", "theme_show_toc_level": 1, "theme_logo": {}}