{"parents": [{"link": "../../", "title": "API reference"}, {"link": "../../Primitives/", "title": "Modeler and  primitives"}, {"link": "../pyaedt.modeler.Object3d.Padstack/", "title": "pyaedt.modeler.Object3d.Padstack"}], "prev": {"link": "../pyaedt.modeler.Object3d.Padstack.create/", "title": "create"}, "next": {"link": "../pyaedt.modeler.Object3d.Padstack.update/", "title": "update"}, "title": "remove", "meta": {}, "body": "<section id=\"remove\">\n<h1>remove<a class=\"headerlink\" href=\"#remove\" title=\"Permalink to this heading\">#</a></h1>\n<dl class=\"py method\">\n<dt class=\"sig sig-object py\" id=\"pyaedt.modeler.Object3d.Padstack.remove\">\n<span class=\"sig-prename descclassname\"><span class=\"pre\">Padstack.</span></span><span class=\"sig-name descname\"><span class=\"pre\">remove</span></span><span class=\"sig-paren\">(</span><span class=\"sig-paren\">)</span><a class=\"reference internal\" href=\"../../../_modules/pyaedt/modeler/Object3d/#Padstack.remove\"><span class=\"viewcode-link\"><span class=\"pre\">[source]</span></span></a><a class=\"headerlink\" href=\"#pyaedt.modeler.Object3d.Padstack.remove\" title=\"Permalink to this definition\">#</a></dt>\n<dd><p>Remove the padstack in AEDT.</p>\n<dl class=\"field-list simple\">\n<dt class=\"field-odd\">Returns<span class=\"colon\">:</span></dt>\n<dd class=\"field-odd\"><dl class=\"simple\">\n<dt><a class=\"reference external\" href=\"https://docs.python.org/dev/library/stdtypes.html#bltin-boolean-values\" title=\"(in Python v3.12)\"><span class=\"xref std std-ref\">bool</span></a></dt><dd><p><code class=\"docutils literal notranslate\"><span class=\"pre\">True</span></code> when successful, <code class=\"docutils literal notranslate\"><span class=\"pre\">False</span></code> when failed.</p>\n</dd>\n</dl>\n</dd>\n</dl>\n<p class=\"rubric\">References</p>\n<div class=\"doctest highlight-default notranslate\"><div class=\"highlight\"><pre><span></span><span class=\"gp\">&gt;&gt;&gt; </span><span class=\"n\">oPadstackManager</span><span class=\"o\">.</span><span class=\"n\">Remove</span>\n</pre></div>\n</div>\n</dd></dl>\n\n</section>\n", "metatags": "<meta name=\"generator\" content=\"Docutils 0.19: https://docutils.sourceforge.io/\" />\n", "rellinks": [["genindex", "General Index", "I", "index"], ["py-modindex", "Python Module Index", "", "modules"], ["API/_autosummary/pyaedt.modeler.Object3d.Padstack.update", "update", "N", "next"], ["API/_autosummary/pyaedt.modeler.Object3d.Padstack.create", "create", "P", "previous"]], "sourcename": "API/_autosummary/pyaedt.modeler.Object3d.Padstack.remove.rst.txt", "toc": "<ul>\n<li><a class=\"reference internal\" href=\"#\">remove</a><ul>\n<li><a class=\"reference internal\" href=\"#pyaedt.modeler.Object3d.Padstack.remove\"><code class=\"docutils literal notranslate\"><span class=\"pre\">Padstack.remove()</span></code></a></li>\n</ul>\n</li>\n</ul>\n", "display_toc": true, "page_source_suffix": ".rst", "current_page_name": "API/_autosummary/pyaedt.modeler.Object3d.Padstack.remove", "sidebars": ["search-field.html", "sidebar-nav-bs.html"], "customsidebar": null, "favicon_url": null, "logo_url": null, "alabaster_version": "0.7.12", "theme_show_toc_level": 1, "theme_logo": {}}