{"parents": [{"link": "../../", "title": "API reference"}, {"link": "../../Post/", "title": "Postprocessing"}], "prev": {"link": "../pyaedt.modules.AdvancedPostProcessing.PostProcessor.post_solution_type/", "title": "post_solution_type"}, "next": {"link": "../pyaedt.modules.solutions.SolutionData.data_db/", "title": "data_db"}, "title": "pyaedt.modules.solutions.SolutionData", "meta": {}, "body": "<section id=\"pyaedt-modules-solutions-solutiondata\">\n<h1>pyaedt.modules.solutions.SolutionData<a class=\"headerlink\" href=\"#pyaedt-modules-solutions-solutiondata\" title=\"Permalink to this heading\">#</a></h1>\n<dl class=\"py class\">\n<dt class=\"sig sig-object py\" id=\"pyaedt.modules.solutions.SolutionData\">\n<em class=\"property\"><span class=\"pre\">class</span><span class=\"w\"> </span></em><span class=\"sig-prename descclassname\"><span class=\"pre\">pyaedt.modules.solutions.</span></span><span class=\"sig-name descname\"><span class=\"pre\">SolutionData</span></span><span class=\"sig-paren\">(</span><em class=\"sig-param\"><span class=\"n\"><span class=\"pre\">aedtdata</span></span></em><span class=\"sig-paren\">)</span><a class=\"reference internal\" href=\"../../../_modules/pyaedt/modules/solutions/#SolutionData\"><span class=\"viewcode-link\"><span class=\"pre\">[source]</span></span></a><a class=\"headerlink\" href=\"#pyaedt.modules.solutions.SolutionData\" title=\"Permalink to this definition\">#</a></dt>\n<dd><p>Contains information from the <code class=\"xref py py-func docutils literal notranslate\"><span class=\"pre\">GetSolutionDataPerVariation()</span></code> method.</p>\n<p class=\"rubric\">Methods</p>\n<table class=\"autosummary longtable docutils align-default\">\n<tbody>\n<tr class=\"row-odd\"><td><p><a class=\"reference internal\" href=\"../pyaedt.modules.solutions.SolutionData.data_db/#pyaedt.modules.solutions.SolutionData.data_db\" title=\"pyaedt.modules.solutions.SolutionData.data_db\"><code class=\"xref py py-obj docutils literal notranslate\"><span class=\"pre\">SolutionData.data_db</span></code></a>([expression,\u00a0convert_to_SI])</p></td>\n<td><p>Retrieve the data in the database for an expression and convert in db10.</p></td>\n</tr>\n<tr class=\"row-even\"><td><p><a class=\"reference internal\" href=\"../pyaedt.modules.solutions.SolutionData.data_db10/#pyaedt.modules.solutions.SolutionData.data_db10\" title=\"pyaedt.modules.solutions.SolutionData.data_db10\"><code class=\"xref py py-obj docutils literal notranslate\"><span class=\"pre\">SolutionData.data_db10</span></code></a>([expression,\u00a0...])</p></td>\n<td><p>Retrieve the data in the database for an expression and convert in db10.</p></td>\n</tr>\n<tr class=\"row-odd\"><td><p><a class=\"reference internal\" href=\"../pyaedt.modules.solutions.SolutionData.data_db20/#pyaedt.modules.solutions.SolutionData.data_db20\" title=\"pyaedt.modules.solutions.SolutionData.data_db20\"><code class=\"xref py py-obj docutils literal notranslate\"><span class=\"pre\">SolutionData.data_db20</span></code></a>([expression,\u00a0...])</p></td>\n<td><p>Retrieve the data in the database for an expression and convert in db20.</p></td>\n</tr>\n<tr class=\"row-even\"><td><p><a class=\"reference internal\" href=\"../pyaedt.modules.solutions.SolutionData.data_imag/#pyaedt.modules.solutions.SolutionData.data_imag\" title=\"pyaedt.modules.solutions.SolutionData.data_imag\"><code class=\"xref py py-obj docutils literal notranslate\"><span class=\"pre\">SolutionData.data_imag</span></code></a>([expression,\u00a0...])</p></td>\n<td><p>Retrieve the imaginary part of the data for an expression.</p></td>\n</tr>\n<tr class=\"row-odd\"><td><p><a class=\"reference internal\" href=\"../pyaedt.modules.solutions.SolutionData.data_magnitude/#pyaedt.modules.solutions.SolutionData.data_magnitude\" title=\"pyaedt.modules.solutions.SolutionData.data_magnitude\"><code class=\"xref py py-obj docutils literal notranslate\"><span class=\"pre\">SolutionData.data_magnitude</span></code></a>([expression,\u00a0...])</p></td>\n<td><p>Retrieve the data magnitude of an expression.</p></td>\n</tr>\n<tr class=\"row-even\"><td><p><a class=\"reference internal\" href=\"../pyaedt.modules.solutions.SolutionData.data_phase/#pyaedt.modules.solutions.SolutionData.data_phase\" title=\"pyaedt.modules.solutions.SolutionData.data_phase\"><code class=\"xref py py-obj docutils literal notranslate\"><span class=\"pre\">SolutionData.data_phase</span></code></a>([expression,\u00a0radians])</p></td>\n<td><p>Retrieve the phase part of the data for an expression.</p></td>\n</tr>\n<tr class=\"row-odd\"><td><p><a class=\"reference internal\" href=\"../pyaedt.modules.solutions.SolutionData.data_real/#pyaedt.modules.solutions.SolutionData.data_real\" title=\"pyaedt.modules.solutions.SolutionData.data_real\"><code class=\"xref py py-obj docutils literal notranslate\"><span class=\"pre\">SolutionData.data_real</span></code></a>([expression,\u00a0...])</p></td>\n<td><p>Retrieve the real part of the data for an expression.</p></td>\n</tr>\n<tr class=\"row-even\"><td><p><a class=\"reference internal\" href=\"../pyaedt.modules.solutions.SolutionData.export_data_to_csv/#pyaedt.modules.solutions.SolutionData.export_data_to_csv\" title=\"pyaedt.modules.solutions.SolutionData.export_data_to_csv\"><code class=\"xref py py-obj docutils literal notranslate\"><span class=\"pre\">SolutionData.export_data_to_csv</span></code></a>(output[,\u00a0...])</p></td>\n<td><p>Save to output csv file the Solution Data.</p></td>\n</tr>\n<tr class=\"row-odd\"><td><p><a class=\"reference internal\" href=\"../pyaedt.modules.solutions.SolutionData.ifft/#pyaedt.modules.solutions.SolutionData.ifft\" title=\"pyaedt.modules.solutions.SolutionData.ifft\"><code class=\"xref py py-obj docutils literal notranslate\"><span class=\"pre\">SolutionData.ifft</span></code></a>([curve_header,\u00a0u_axis,\u00a0...])</p></td>\n<td><p>Create IFFT of given complex data.</p></td>\n</tr>\n<tr class=\"row-even\"><td><p><a class=\"reference internal\" href=\"../pyaedt.modules.solutions.SolutionData.ifft_to_file/#pyaedt.modules.solutions.SolutionData.ifft_to_file\" title=\"pyaedt.modules.solutions.SolutionData.ifft_to_file\"><code class=\"xref py py-obj docutils literal notranslate\"><span class=\"pre\">SolutionData.ifft_to_file</span></code></a>([u_axis,\u00a0v_axis,\u00a0...])</p></td>\n<td><p>Save IFFT Matrix to a list of csv files (one per time step).</p></td>\n</tr>\n<tr class=\"row-odd\"><td><p><a class=\"reference internal\" href=\"../pyaedt.modules.solutions.SolutionData.init_solutions_data/#pyaedt.modules.solutions.SolutionData.init_solutions_data\" title=\"pyaedt.modules.solutions.SolutionData.init_solutions_data\"><code class=\"xref py py-obj docutils literal notranslate\"><span class=\"pre\">SolutionData.init_solutions_data</span></code></a>()</p></td>\n<td><p>Initialize the database and store info in variables.</p></td>\n</tr>\n<tr class=\"row-even\"><td><p><a class=\"reference internal\" href=\"../pyaedt.modules.solutions.SolutionData.is_real_only/#pyaedt.modules.solutions.SolutionData.is_real_only\" title=\"pyaedt.modules.solutions.SolutionData.is_real_only\"><code class=\"xref py py-obj docutils literal notranslate\"><span class=\"pre\">SolutionData.is_real_only</span></code></a>([expression])</p></td>\n<td><p>Check if the expression has only real values or not.</p></td>\n</tr>\n<tr class=\"row-odd\"><td><p><a class=\"reference internal\" href=\"../pyaedt.modules.solutions.SolutionData.plot/#pyaedt.modules.solutions.SolutionData.plot\" title=\"pyaedt.modules.solutions.SolutionData.plot\"><code class=\"xref py py-obj docutils literal notranslate\"><span class=\"pre\">SolutionData.plot</span></code></a>([curves,\u00a0math_formula,\u00a0...])</p></td>\n<td><p>Create a matplotlib plot based on a list of data.</p></td>\n</tr>\n<tr class=\"row-even\"><td><p><a class=\"reference internal\" href=\"../pyaedt.modules.solutions.SolutionData.plot_3d/#pyaedt.modules.solutions.SolutionData.plot_3d\" title=\"pyaedt.modules.solutions.SolutionData.plot_3d\"><code class=\"xref py py-obj docutils literal notranslate\"><span class=\"pre\">SolutionData.plot_3d</span></code></a>([curve,\u00a0x_axis,\u00a0...])</p></td>\n<td><p>Create a matplotlib 3d plot based on a list of data.</p></td>\n</tr>\n<tr class=\"row-odd\"><td><p><a class=\"reference internal\" href=\"../pyaedt.modules.solutions.SolutionData.set_active_variation/#pyaedt.modules.solutions.SolutionData.set_active_variation\" title=\"pyaedt.modules.solutions.SolutionData.set_active_variation\"><code class=\"xref py py-obj docutils literal notranslate\"><span class=\"pre\">SolutionData.set_active_variation</span></code></a>([var_id])</p></td>\n<td><p>Set the active variations to one of available variations in self.variations.</p></td>\n</tr>\n<tr class=\"row-even\"><td><p><a class=\"reference internal\" href=\"../pyaedt.modules.solutions.SolutionData.to_degrees/#pyaedt.modules.solutions.SolutionData.to_degrees\" title=\"pyaedt.modules.solutions.SolutionData.to_degrees\"><code class=\"xref py py-obj docutils literal notranslate\"><span class=\"pre\">SolutionData.to_degrees</span></code></a>(input_list)</p></td>\n<td><p>Convert an input list from radians to degrees.</p></td>\n</tr>\n<tr class=\"row-odd\"><td><p><a class=\"reference internal\" href=\"../pyaedt.modules.solutions.SolutionData.to_radians/#pyaedt.modules.solutions.SolutionData.to_radians\" title=\"pyaedt.modules.solutions.SolutionData.to_radians\"><code class=\"xref py py-obj docutils literal notranslate\"><span class=\"pre\">SolutionData.to_radians</span></code></a>(input_list)</p></td>\n<td><p>Convert an input list from degrees to radians.</p></td>\n</tr>\n<tr class=\"row-even\"><td><p><a class=\"reference internal\" href=\"../pyaedt.modules.solutions.SolutionData.update_sweeps/#pyaedt.modules.solutions.SolutionData.update_sweeps\" title=\"pyaedt.modules.solutions.SolutionData.update_sweeps\"><code class=\"xref py py-obj docutils literal notranslate\"><span class=\"pre\">SolutionData.update_sweeps</span></code></a>()</p></td>\n<td><p>Update sweeps.</p></td>\n</tr>\n<tr class=\"row-odd\"><td><p><a class=\"reference internal\" href=\"../pyaedt.modules.solutions.SolutionData.variation_values/#pyaedt.modules.solutions.SolutionData.variation_values\" title=\"pyaedt.modules.solutions.SolutionData.variation_values\"><code class=\"xref py py-obj docutils literal notranslate\"><span class=\"pre\">SolutionData.variation_values</span></code></a>(variation_name)</p></td>\n<td><p>Get the list of the specific variation available values.</p></td>\n</tr>\n</tbody>\n</table>\n<p class=\"rubric\">Attributes</p>\n<table class=\"autosummary longtable docutils align-default\">\n<tbody>\n<tr class=\"row-odd\"><td><p><a class=\"reference internal\" href=\"../pyaedt.modules.solutions.SolutionData.enable_pandas_output/#pyaedt.modules.solutions.SolutionData.enable_pandas_output\" title=\"pyaedt.modules.solutions.SolutionData.enable_pandas_output\"><code class=\"xref py py-obj docutils literal notranslate\"><span class=\"pre\">SolutionData.enable_pandas_output</span></code></a></p></td>\n<td><p>Set/Get a flag to use Pandas to export dict and lists.</p></td>\n</tr>\n<tr class=\"row-even\"><td><p><a class=\"reference internal\" href=\"../pyaedt.modules.solutions.SolutionData.expressions/#pyaedt.modules.solutions.SolutionData.expressions\" title=\"pyaedt.modules.solutions.SolutionData.expressions\"><code class=\"xref py py-obj docutils literal notranslate\"><span class=\"pre\">SolutionData.expressions</span></code></a></p></td>\n<td><p>Expressions.</p></td>\n</tr>\n<tr class=\"row-odd\"><td><p><a class=\"reference internal\" href=\"../pyaedt.modules.solutions.SolutionData.full_matrix_mag_phase/#pyaedt.modules.solutions.SolutionData.full_matrix_mag_phase\" title=\"pyaedt.modules.solutions.SolutionData.full_matrix_mag_phase\"><code class=\"xref py py-obj docutils literal notranslate\"><span class=\"pre\">SolutionData.full_matrix_mag_phase</span></code></a></p></td>\n<td><p>Get the full available solution data magnitude and phase in radians.</p></td>\n</tr>\n<tr class=\"row-even\"><td><p><a class=\"reference internal\" href=\"../pyaedt.modules.solutions.SolutionData.full_matrix_real_imag/#pyaedt.modules.solutions.SolutionData.full_matrix_real_imag\" title=\"pyaedt.modules.solutions.SolutionData.full_matrix_real_imag\"><code class=\"xref py py-obj docutils literal notranslate\"><span class=\"pre\">SolutionData.full_matrix_real_imag</span></code></a></p></td>\n<td><p>Get the full available solution data in Real and Imaginary parts.</p></td>\n</tr>\n<tr class=\"row-odd\"><td><p><a class=\"reference internal\" href=\"../pyaedt.modules.solutions.SolutionData.intrinsics/#pyaedt.modules.solutions.SolutionData.intrinsics\" title=\"pyaedt.modules.solutions.SolutionData.intrinsics\"><code class=\"xref py py-obj docutils literal notranslate\"><span class=\"pre\">SolutionData.intrinsics</span></code></a></p></td>\n<td><p>Get intrinsics dictionary on active variation.</p></td>\n</tr>\n<tr class=\"row-even\"><td><p><a class=\"reference internal\" href=\"../pyaedt.modules.solutions.SolutionData.nominal_variation/#pyaedt.modules.solutions.SolutionData.nominal_variation\" title=\"pyaedt.modules.solutions.SolutionData.nominal_variation\"><code class=\"xref py py-obj docutils literal notranslate\"><span class=\"pre\">SolutionData.nominal_variation</span></code></a></p></td>\n<td><p>Nominal variation.</p></td>\n</tr>\n<tr class=\"row-odd\"><td><p><a class=\"reference internal\" href=\"../pyaedt.modules.solutions.SolutionData.primary_sweep/#pyaedt.modules.solutions.SolutionData.primary_sweep\" title=\"pyaedt.modules.solutions.SolutionData.primary_sweep\"><code class=\"xref py py-obj docutils literal notranslate\"><span class=\"pre\">SolutionData.primary_sweep</span></code></a></p></td>\n<td><p>Primary sweep.</p></td>\n</tr>\n<tr class=\"row-even\"><td><p><a class=\"reference internal\" href=\"../pyaedt.modules.solutions.SolutionData.primary_sweep_values/#pyaedt.modules.solutions.SolutionData.primary_sweep_values\" title=\"pyaedt.modules.solutions.SolutionData.primary_sweep_values\"><code class=\"xref py py-obj docutils literal notranslate\"><span class=\"pre\">SolutionData.primary_sweep_values</span></code></a></p></td>\n<td><p>Retrieve the primary sweep for a given data and primary variable.</p></td>\n</tr>\n<tr class=\"row-odd\"><td><p><a class=\"reference internal\" href=\"../pyaedt.modules.solutions.SolutionData.primary_sweep_variations/#pyaedt.modules.solutions.SolutionData.primary_sweep_variations\" title=\"pyaedt.modules.solutions.SolutionData.primary_sweep_variations\"><code class=\"xref py py-obj docutils literal notranslate\"><span class=\"pre\">SolutionData.primary_sweep_variations</span></code></a></p></td>\n<td><p>Retrieve the variations lists for a given primary variable.</p></td>\n</tr>\n</tbody>\n</table>\n</dd></dl>\n\n</section>\n", "metatags": "<meta name=\"generator\" content=\"Docutils 0.19: https://docutils.sourceforge.io/\" />\n", "rellinks": [["genindex", "General Index", "I", "index"], ["py-modindex", "Python Module Index", "", "modules"], ["API/_autosummary/pyaedt.modules.solutions.SolutionData.data_db", "data_db", "N", "next"], ["API/_autosummary/pyaedt.modules.AdvancedPostProcessing.PostProcessor.post_solution_type", "post_solution_type", "P", "previous"]], "sourcename": "API/_autosummary/pyaedt.modules.solutions.SolutionData.rst.txt", "toc": "<ul>\n<li><a class=\"reference internal\" href=\"#\">pyaedt.modules.solutions.SolutionData</a><ul>\n<li><a class=\"reference internal\" href=\"#pyaedt.modules.solutions.SolutionData\"><code class=\"docutils literal notranslate\"><span class=\"pre\">SolutionData</span></code></a></li>\n</ul>\n</li>\n</ul>\n", "display_toc": true, "page_source_suffix": ".rst", "current_page_name": "API/_autosummary/pyaedt.modules.solutions.SolutionData", "sidebars": ["search-field.html", "sidebar-nav-bs.html"], "customsidebar": null, "favicon_url": null, "logo_url": null, "alabaster_version": "0.7.12", "theme_show_toc_level": 1, "theme_logo": {}}