{"parents": [{"link": "../../", "title": "API reference"}, {"link": "../../Common/", "title": "Desktop and common classes"}, {"link": "../../MultiPartComponent/", "title": "Multi-part components"}, {"link": "../pyaedt.modeler.actors.Radar/", "title": "pyaedt.modeler.actors.Radar"}], "prev": {"link": "../pyaedt.modeler.actors.Radar.roll_name/", "title": "roll_name"}, "next": {"link": "../pyaedt.modeler.actors.Radar.speed_name/", "title": "speed_name"}, "title": "speed_expression", "meta": {}, "body": "<section id=\"speed-expression\">\n<h1>speed_expression<a class=\"headerlink\" href=\"#speed-expression\" title=\"Permalink to this heading\">#</a></h1>\n<dl class=\"py property\">\n<dt class=\"sig sig-object py\" id=\"pyaedt.modeler.actors.Radar.speed_expression\">\n<em class=\"property\"><span class=\"pre\">property</span><span class=\"w\"> </span></em><span class=\"sig-prename descclassname\"><span class=\"pre\">Radar.</span></span><span class=\"sig-name descname\"><span class=\"pre\">speed_expression</span></span><a class=\"headerlink\" href=\"#pyaedt.modeler.actors.Radar.speed_expression\" title=\"Permalink to this definition\">#</a></dt>\n<dd><p>Speed variable expression.</p>\n<dl class=\"field-list simple\">\n<dt class=\"field-odd\">Returns<span class=\"colon\">:</span></dt>\n<dd class=\"field-odd\"><dl class=\"simple\">\n<dt><a class=\"reference external\" href=\"https://docs.python.org/dev/library/stdtypes.html#str\" title=\"(in Python v3.12)\"><code class=\"docutils literal notranslate\"><span class=\"pre\">str</span></code></a></dt><dd><p>Expression for the speed variable.</p>\n</dd>\n</dl>\n</dd>\n</dl>\n</dd></dl>\n\n</section>\n", "metatags": "<meta name=\"generator\" content=\"Docutils 0.19: https://docutils.sourceforge.io/\" />\n", "rellinks": [["genindex", "General Index", "I", "index"], ["py-modindex", "Python Module Index", "", "modules"], ["API/_autosummary/pyaedt.modeler.actors.Radar.speed_name", "speed_name", "N", "next"], ["API/_autosummary/pyaedt.modeler.actors.Radar.roll_name", "roll_name", "P", "previous"]], "sourcename": "API/_autosummary/pyaedt.modeler.actors.Radar.speed_expression.rst.txt", "toc": "<ul>\n<li><a class=\"reference internal\" href=\"#\">speed_expression</a><ul>\n<li><a class=\"reference internal\" href=\"#pyaedt.modeler.actors.Radar.speed_expression\"><code class=\"docutils literal notranslate\"><span class=\"pre\">Radar.speed_expression</span></code></a></li>\n</ul>\n</li>\n</ul>\n", "display_toc": true, "page_source_suffix": ".rst", "current_page_name": "API/_autosummary/pyaedt.modeler.actors.Radar.speed_expression", "sidebars": ["search-field.html", "sidebar-nav-bs.html"], "customsidebar": null, "favicon_url": null, "logo_url": null, "alabaster_version": "0.7.12", "theme_show_toc_level": 1, "theme_logo": {}}