{"parents": [{"link": "../../", "title": "API reference"}, {"link": "../../Application/", "title": "AEDT apps"}, {"link": "../pyaedt.Icepak/", "title": "pyaedt.Icepak"}], "prev": {"link": "../pyaedt.Icepak.export_parametric_results/", "title": "export_parametric_results"}, "next": {"link": "../pyaedt.Icepak.export_results/", "title": "export_results"}, "title": "export_profile", "meta": {}, "body": "<section id=\"export-profile\">\n<h1>export_profile<a class=\"headerlink\" href=\"#export-profile\" title=\"Permalink to this heading\">#</a></h1>\n<dl class=\"py method\">\n<dt class=\"sig sig-object py\" id=\"pyaedt.Icepak.export_profile\">\n<span class=\"sig-prename descclassname\"><span class=\"pre\">Icepak.</span></span><span class=\"sig-name descname\"><span class=\"pre\">export_profile</span></span><span class=\"sig-paren\">(</span><em class=\"sig-param\"><span class=\"n\"><span class=\"pre\">setup_name</span></span></em>, <em class=\"sig-param\"><span class=\"n\"><span class=\"pre\">variation_string</span></span><span class=\"o\"><span class=\"pre\">=</span></span><span class=\"default_value\"><span class=\"pre\">''</span></span></em>, <em class=\"sig-param\"><span class=\"n\"><span class=\"pre\">file_path</span></span><span class=\"o\"><span class=\"pre\">=</span></span><span class=\"default_value\"><span class=\"pre\">None</span></span></em><span class=\"sig-paren\">)</span><a class=\"headerlink\" href=\"#pyaedt.Icepak.export_profile\" title=\"Permalink to this definition\">#</a></dt>\n<dd><p>Export a solution profile to a PROF file.</p>\n<dl class=\"field-list\">\n<dt class=\"field-odd\">Parameters<span class=\"colon\">:</span></dt>\n<dd class=\"field-odd\"><dl>\n<dt><strong>setup_name</strong><span class=\"classifier\"><a class=\"reference external\" href=\"https://docs.python.org/dev/library/stdtypes.html#str\" title=\"(in Python v3.12)\"><code class=\"docutils literal notranslate\"><span class=\"pre\">str</span></code></a></span></dt><dd><p>Setup name. For example, <code class=\"docutils literal notranslate\"><span class=\"pre\">'Setup1'</span></code>.</p>\n</dd>\n<dt><strong>variation_string</strong><span class=\"classifier\"><a class=\"reference external\" href=\"https://docs.python.org/dev/library/stdtypes.html#str\" title=\"(in Python v3.12)\"><code class=\"docutils literal notranslate\"><span class=\"pre\">str</span></code></a></span></dt><dd><p>Variation string with values. For example, <code class=\"docutils literal notranslate\"><span class=\"pre\">'radius=3mm'</span></code>.</p>\n</dd>\n<dt><strong>file_path</strong><span class=\"classifier\"><a class=\"reference external\" href=\"https://docs.python.org/dev/library/stdtypes.html#str\" title=\"(in Python v3.12)\"><code class=\"docutils literal notranslate\"><span class=\"pre\">str</span></code></a>, <code class=\"xref py py-obj docutils literal notranslate\"><span class=\"pre\">optional</span></code></span></dt><dd><p>Full path to the PROF file. The default is <code class=\"docutils literal notranslate\"><span class=\"pre\">None</span></code>, in which case\nthe working directory is used.</p>\n</dd>\n</dl>\n</dd>\n<dt class=\"field-even\">Returns<span class=\"colon\">:</span></dt>\n<dd class=\"field-even\"><dl class=\"simple\">\n<dt><a class=\"reference external\" href=\"https://docs.python.org/dev/library/stdtypes.html#str\" title=\"(in Python v3.12)\"><code class=\"docutils literal notranslate\"><span class=\"pre\">str</span></code></a></dt><dd><p>File path if created.</p>\n</dd>\n</dl>\n</dd>\n</dl>\n<p class=\"rubric\">References</p>\n<div class=\"doctest highlight-default notranslate\"><div class=\"highlight\"><pre><span></span><span class=\"gp\">&gt;&gt;&gt; </span><span class=\"n\">oDesign</span><span class=\"o\">.</span><span class=\"n\">ExportProfile</span>\n</pre></div>\n</div>\n</dd></dl>\n\n</section>\n", "metatags": "<meta name=\"generator\" content=\"Docutils 0.19: https://docutils.sourceforge.io/\" />\n", "rellinks": [["genindex", "General Index", "I", "index"], ["py-modindex", "Python Module Index", "", "modules"], ["API/_autosummary/pyaedt.Icepak.export_results", "export_results", "N", "next"], ["API/_autosummary/pyaedt.Icepak.export_parametric_results", "export_parametric_results", "P", "previous"]], "sourcename": "API/_autosummary/pyaedt.Icepak.export_profile.rst.txt", "toc": "<ul>\n<li><a class=\"reference internal\" href=\"#\">export_profile</a><ul>\n<li><a class=\"reference internal\" href=\"#pyaedt.Icepak.export_profile\"><code class=\"docutils literal notranslate\"><span class=\"pre\">Icepak.export_profile()</span></code></a></li>\n</ul>\n</li>\n</ul>\n", "display_toc": true, "page_source_suffix": ".rst", "current_page_name": "API/_autosummary/pyaedt.Icepak.export_profile", "sidebars": ["search-field.html", "sidebar-nav-bs.html"], "customsidebar": null, "favicon_url": null, "logo_url": null, "alabaster_version": "0.7.12", "theme_show_toc_level": 1, "theme_logo": {}}