{"parents": [{"link": "../../", "title": "API reference"}, {"link": "../../Post/", "title": "Postprocessing"}, {"link": "../pyaedt.modules.AdvancedPostProcessing.PostProcessor/", "title": "pyaedt.modules.AdvancedPostProcessing.PostProcessor"}], "prev": {"link": "../pyaedt.modules.AdvancedPostProcessing.PostProcessor.create_fieldplot_surface/", "title": "create_fieldplot_surface"}, "next": {"link": "../pyaedt.modules.AdvancedPostProcessing.PostProcessor.create_rectangular_plot/", "title": "create_rectangular_plot"}, "title": "create_fieldplot_volume", "meta": {}, "body": "<section id=\"create-fieldplot-volume\">\n<h1>create_fieldplot_volume<a class=\"headerlink\" href=\"#create-fieldplot-volume\" title=\"Permalink to this heading\">#</a></h1>\n<dl class=\"py method\">\n<dt class=\"sig sig-object py\" id=\"pyaedt.modules.AdvancedPostProcessing.PostProcessor.create_fieldplot_volume\">\n<span class=\"sig-prename descclassname\"><span class=\"pre\">PostProcessor.</span></span><span class=\"sig-name descname\"><span class=\"pre\">create_fieldplot_volume</span></span><span class=\"sig-paren\">(</span><em class=\"sig-param\"><span class=\"n\"><span class=\"pre\">objlist</span></span></em>, <em class=\"sig-param\"><span class=\"n\"><span class=\"pre\">quantityName</span></span></em>, <em class=\"sig-param\"><span class=\"n\"><span class=\"pre\">setup_name</span></span><span class=\"o\"><span class=\"pre\">=</span></span><span class=\"default_value\"><span class=\"pre\">None</span></span></em>, <em class=\"sig-param\"><span class=\"n\"><span class=\"pre\">intrinsincDict</span></span><span class=\"o\"><span class=\"pre\">=</span></span><span class=\"default_value\"><span class=\"pre\">{}</span></span></em>, <em class=\"sig-param\"><span class=\"n\"><span class=\"pre\">plot_name</span></span><span class=\"o\"><span class=\"pre\">=</span></span><span class=\"default_value\"><span class=\"pre\">None</span></span></em><span class=\"sig-paren\">)</span><a class=\"reference internal\" href=\"../../../_modules/pyaedt/modules/PostProcessor/#PostProcessor.create_fieldplot_volume\"><span class=\"viewcode-link\"><span class=\"pre\">[source]</span></span></a><a class=\"headerlink\" href=\"#pyaedt.modules.AdvancedPostProcessing.PostProcessor.create_fieldplot_volume\" title=\"Permalink to this definition\">#</a></dt>\n<dd><p>Create a field plot of volumes.</p>\n<dl class=\"field-list\">\n<dt class=\"field-odd\">Parameters<span class=\"colon\">:</span></dt>\n<dd class=\"field-odd\"><dl>\n<dt><strong>objlist</strong><span class=\"classifier\"><a class=\"reference external\" href=\"https://docs.python.org/dev/library/stdtypes.html#list\" title=\"(in Python v3.12)\"><code class=\"docutils literal notranslate\"><span class=\"pre\">list</span></code></a></span></dt><dd><p>List of volumes to plot.</p>\n</dd>\n<dt><strong>quantityName</strong></dt><dd><p>Name of the quantity to plot.</p>\n</dd>\n<dt><strong>setup_name</strong><span class=\"classifier\"><a class=\"reference external\" href=\"https://docs.python.org/dev/library/stdtypes.html#str\" title=\"(in Python v3.12)\"><code class=\"docutils literal notranslate\"><span class=\"pre\">str</span></code></a>, <code class=\"xref py py-obj docutils literal notranslate\"><span class=\"pre\">optional</span></code></span></dt><dd><p>Name of the setup in the format\n<code class=\"docutils literal notranslate\"><span class=\"pre\">&quot;setupName</span> <span class=\"pre\">:</span> <span class=\"pre\">sweepName&quot;</span></code>. The default is <code class=\"docutils literal notranslate\"><span class=\"pre\">None</span></code>,\nin which case <code class=\"docutils literal notranslate\"><span class=\"pre\">&quot;nominal,</span> <span class=\"pre\">lastadaptive&quot;</span></code> is used.</p>\n</dd>\n<dt><strong>intrinsincDict</strong><span class=\"classifier\"><a class=\"reference external\" href=\"https://docs.python.org/dev/library/stdtypes.html#dict\" title=\"(in Python v3.12)\"><code class=\"docutils literal notranslate\"><span class=\"pre\">dict</span></code></a>, <code class=\"xref py py-obj docutils literal notranslate\"><span class=\"pre\">optional</span></code></span></dt><dd><p>Dictionary containing all intrinsic variables. The default\nis <code class=\"docutils literal notranslate\"><span class=\"pre\">{}</span></code>.</p>\n</dd>\n<dt><strong>plot_name</strong><span class=\"classifier\"><a class=\"reference external\" href=\"https://docs.python.org/dev/library/stdtypes.html#str\" title=\"(in Python v3.12)\"><code class=\"docutils literal notranslate\"><span class=\"pre\">str</span></code></a>, <code class=\"xref py py-obj docutils literal notranslate\"><span class=\"pre\">optional</span></code></span></dt><dd><p>Name of the fieldplot to create.</p>\n</dd>\n</dl>\n</dd>\n<dt class=\"field-even\">Returns<span class=\"colon\">:</span></dt>\n<dd class=\"field-even\"><dl class=\"simple\">\n<dt>:class:<code class=\"docutils literal notranslate\"><span class=\"pre\">pyaedt.modules.solutions.FieldPlot</span></code></dt><dd><p>Plot object</p>\n</dd>\n</dl>\n</dd>\n</dl>\n<p class=\"rubric\">References</p>\n<div class=\"doctest highlight-default notranslate\"><div class=\"highlight\"><pre><span></span><span class=\"gp\">&gt;&gt;&gt; </span><span class=\"n\">oModule</span><span class=\"o\">.</span><span class=\"n\">CreateFieldPlot</span>\n</pre></div>\n</div>\n</dd></dl>\n\n</section>\n", "metatags": "<meta name=\"generator\" content=\"Docutils 0.19: https://docutils.sourceforge.io/\" />\n", "rellinks": [["genindex", "General Index", "I", "index"], ["py-modindex", "Python Module Index", "", "modules"], ["API/_autosummary/pyaedt.modules.AdvancedPostProcessing.PostProcessor.create_rectangular_plot", "create_rectangular_plot", "N", "next"], ["API/_autosummary/pyaedt.modules.AdvancedPostProcessing.PostProcessor.create_fieldplot_surface", "create_fieldplot_surface", "P", "previous"]], "sourcename": "API/_autosummary/pyaedt.modules.AdvancedPostProcessing.PostProcessor.create_fieldplot_volume.rst.txt", "toc": "<ul>\n<li><a class=\"reference internal\" href=\"#\">create_fieldplot_volume</a><ul>\n<li><a class=\"reference internal\" href=\"#pyaedt.modules.AdvancedPostProcessing.PostProcessor.create_fieldplot_volume\"><code class=\"docutils literal notranslate\"><span class=\"pre\">PostProcessor.create_fieldplot_volume()</span></code></a></li>\n</ul>\n</li>\n</ul>\n", "display_toc": true, "page_source_suffix": ".rst", "current_page_name": "API/_autosummary/pyaedt.modules.AdvancedPostProcessing.PostProcessor.create_fieldplot_volume", "sidebars": ["search-field.html", "sidebar-nav-bs.html"], "customsidebar": null, "favicon_url": null, "logo_url": null, "alabaster_version": "0.7.12", "theme_show_toc_level": 1, "theme_logo": {}}