{"parents": [{"link": "../../", "title": "API reference"}, {"link": "../../Application/", "title": "AEDT apps"}, {"link": "../pyaedt.Hfss/", "title": "pyaedt.Hfss"}], "prev": {"link": "../pyaedt.Hfss.edit_setup/", "title": "edit_setup"}, "next": {"link": "../pyaedt.Hfss.edit_sources/", "title": "edit_sources"}, "title": "edit_source", "meta": {}, "body": "<section id=\"edit-source\">\n<h1>edit_source<a class=\"headerlink\" href=\"#edit-source\" title=\"Permalink to this heading\">#</a></h1>\n<dl class=\"py method\">\n<dt class=\"sig sig-object py\" id=\"pyaedt.Hfss.edit_source\">\n<span class=\"sig-prename descclassname\"><span class=\"pre\">Hfss.</span></span><span class=\"sig-name descname\"><span class=\"pre\">edit_source</span></span><span class=\"sig-paren\">(</span><em class=\"sig-param\"><span class=\"n\"><span class=\"pre\">portandmode</span></span><span class=\"o\"><span class=\"pre\">=</span></span><span class=\"default_value\"><span class=\"pre\">None</span></span></em>, <em class=\"sig-param\"><span class=\"n\"><span class=\"pre\">powerin</span></span><span class=\"o\"><span class=\"pre\">=</span></span><span class=\"default_value\"><span class=\"pre\">'1W'</span></span></em>, <em class=\"sig-param\"><span class=\"n\"><span class=\"pre\">phase</span></span><span class=\"o\"><span class=\"pre\">=</span></span><span class=\"default_value\"><span class=\"pre\">'0deg'</span></span></em><span class=\"sig-paren\">)</span><a class=\"reference internal\" href=\"../../../_modules/pyaedt/hfss/#Hfss.edit_source\"><span class=\"viewcode-link\"><span class=\"pre\">[source]</span></span></a><a class=\"headerlink\" href=\"#pyaedt.Hfss.edit_source\" title=\"Permalink to this definition\">#</a></dt>\n<dd><p>Set up the power loaded for HFSS postprocessing.</p>\n<dl class=\"field-list\">\n<dt class=\"field-odd\">Parameters<span class=\"colon\">:</span></dt>\n<dd class=\"field-odd\"><dl>\n<dt><strong>portandmode</strong><span class=\"classifier\"><a class=\"reference external\" href=\"https://docs.python.org/dev/library/stdtypes.html#str\" title=\"(in Python v3.12)\"><code class=\"docutils literal notranslate\"><span class=\"pre\">str</span></code></a>, <code class=\"xref py py-obj docutils literal notranslate\"><span class=\"pre\">optional</span></code></span></dt><dd><p>Port name and mode. For example, <code class=\"docutils literal notranslate\"><span class=\"pre\">&quot;Port1:1&quot;</span></code>.\nThe port name must be defined if the solution type is other than Eigenmodal. This parameter\nis ignored if the solution type is Eigenmodal.</p>\n</dd>\n<dt><strong>powerin</strong><span class=\"classifier\"><a class=\"reference external\" href=\"https://docs.python.org/dev/library/stdtypes.html#str\" title=\"(in Python v3.12)\"><code class=\"docutils literal notranslate\"><span class=\"pre\">str</span></code></a>, <code class=\"xref py py-obj docutils literal notranslate\"><span class=\"pre\">optional</span></code></span></dt><dd><p>Power in watts (W) or the project variable to put as stored energy in the project.\nThe default is <code class=\"docutils literal notranslate\"><span class=\"pre\">&quot;1W&quot;</span></code>.</p>\n</dd>\n<dt><strong>phase</strong><span class=\"classifier\"><a class=\"reference external\" href=\"https://docs.python.org/dev/library/stdtypes.html#str\" title=\"(in Python v3.12)\"><code class=\"docutils literal notranslate\"><span class=\"pre\">str</span></code></a>, <code class=\"xref py py-obj docutils literal notranslate\"><span class=\"pre\">optional</span></code></span></dt><dd><p>Phase of the excitation. The default is <code class=\"docutils literal notranslate\"><span class=\"pre\">&quot;0deg&quot;</span></code>.</p>\n</dd>\n</dl>\n</dd>\n<dt class=\"field-even\">Returns<span class=\"colon\">:</span></dt>\n<dd class=\"field-even\"><dl class=\"simple\">\n<dt><a class=\"reference external\" href=\"https://docs.python.org/dev/library/stdtypes.html#bltin-boolean-values\" title=\"(in Python v3.12)\"><span class=\"xref std std-ref\">bool</span></a></dt><dd><p><code class=\"docutils literal notranslate\"><span class=\"pre\">True</span></code> when successful, <code class=\"docutils literal notranslate\"><span class=\"pre\">False</span></code> when failed.</p>\n</dd>\n</dl>\n</dd>\n</dl>\n<p class=\"rubric\">References</p>\n<div class=\"doctest highlight-default notranslate\"><div class=\"highlight\"><pre><span></span><span class=\"gp\">&gt;&gt;&gt; </span><span class=\"n\">oModule</span><span class=\"o\">.</span><span class=\"n\">EditSources</span>\n</pre></div>\n</div>\n<p class=\"rubric\">Examples</p>\n<p>Create a circle sheet and use it to create a wave port.\nSet up the thermal power for this wave port.</p>\n<div class=\"doctest highlight-default notranslate\"><div class=\"highlight\"><pre><span></span><span class=\"gp\">&gt;&gt;&gt; </span><span class=\"n\">sheet</span> <span class=\"o\">=</span> <span class=\"n\">hfss</span><span class=\"o\">.</span><span class=\"n\">modeler</span><span class=\"o\">.</span><span class=\"n\">create_circle</span><span class=\"p\">(</span><span class=\"n\">hfss</span><span class=\"o\">.</span><span class=\"n\">PLANE</span><span class=\"o\">.</span><span class=\"n\">YZ</span><span class=\"p\">,</span>\n<span class=\"gp\">... </span>                                   <span class=\"p\">[</span><span class=\"o\">-</span><span class=\"mi\">20</span><span class=\"p\">,</span> <span class=\"mi\">0</span><span class=\"p\">,</span> <span class=\"mi\">0</span><span class=\"p\">],</span> <span class=\"mi\">10</span><span class=\"p\">,</span>\n<span class=\"gp\">... </span>                                   <span class=\"n\">name</span><span class=\"o\">=</span><span class=\"s2\">&quot;sheet_for_source&quot;</span><span class=\"p\">)</span>\n<span class=\"gp\">&gt;&gt;&gt; </span><span class=\"n\">hfss</span><span class=\"o\">.</span><span class=\"n\">solution_type</span> <span class=\"o\">=</span> <span class=\"s2\">&quot;Modal&quot;</span>\n<span class=\"gp\">&gt;&gt;&gt; </span><span class=\"n\">wave_port</span> <span class=\"o\">=</span> <span class=\"n\">hfss</span><span class=\"o\">.</span><span class=\"n\">create_wave_port_from_sheet</span><span class=\"p\">(</span><span class=\"n\">sheet</span><span class=\"p\">,</span> <span class=\"mi\">5</span><span class=\"p\">,</span> <span class=\"n\">hfss</span><span class=\"o\">.</span><span class=\"n\">AxisDir</span><span class=\"o\">.</span><span class=\"n\">XNeg</span><span class=\"p\">,</span> <span class=\"mi\">40</span><span class=\"p\">,</span>\n<span class=\"gp\">... </span>                                             <span class=\"mi\">2</span><span class=\"p\">,</span> <span class=\"s2\">&quot;SheetWavePort&quot;</span><span class=\"p\">,</span> <span class=\"kc\">True</span><span class=\"p\">)</span>\n<span class=\"gp\">&gt;&gt;&gt; </span><span class=\"n\">hfss</span><span class=\"o\">.</span><span class=\"n\">edit_source</span><span class=\"p\">(</span><span class=\"s2\">&quot;SheetWavePort&quot;</span> <span class=\"o\">+</span> <span class=\"s2\">&quot;:1&quot;</span><span class=\"p\">,</span> <span class=\"s2\">&quot;10W&quot;</span><span class=\"p\">)</span>\n<span class=\"go\">pyaedt info: Setting up power to &quot;SheetWavePort:1&quot; = 10W</span>\n<span class=\"go\">True</span>\n</pre></div>\n</div>\n</dd></dl>\n\n</section>\n", "metatags": "<meta name=\"generator\" content=\"Docutils 0.19: https://docutils.sourceforge.io/\" />\n", "rellinks": [["genindex", "General Index", "I", "index"], ["py-modindex", "Python Module Index", "", "modules"], ["API/_autosummary/pyaedt.Hfss.edit_sources", "edit_sources", "N", "next"], ["API/_autosummary/pyaedt.Hfss.edit_setup", "edit_setup", "P", "previous"]], "sourcename": "API/_autosummary/pyaedt.Hfss.edit_source.rst.txt", "toc": "<ul>\n<li><a class=\"reference internal\" href=\"#\">edit_source</a><ul>\n<li><a class=\"reference internal\" href=\"#pyaedt.Hfss.edit_source\"><code class=\"docutils literal notranslate\"><span class=\"pre\">Hfss.edit_source()</span></code></a></li>\n</ul>\n</li>\n</ul>\n", "display_toc": true, "page_source_suffix": ".rst", "current_page_name": "API/_autosummary/pyaedt.Hfss.edit_source", "sidebars": ["search-field.html", "sidebar-nav-bs.html"], "customsidebar": null, "favicon_url": null, "logo_url": null, "alabaster_version": "0.7.12", "theme_show_toc_level": 1, "theme_logo": {}}