{"parents": [{"link": "../../", "title": "API reference"}, {"link": "../../CoreEdb/", "title": "EDB editor"}, {"link": "../pyaedt.edb_core.hfss.EdbHfss/", "title": "pyaedt.edb_core.hfss.EdbHfss"}], "prev": {"link": "../pyaedt.edb_core.hfss.EdbHfss.create_circuit_port_on_pin/", "title": "create_circuit_port_on_pin"}, "next": {"link": "../pyaedt.edb_core.hfss.EdbHfss.create_coax_port_on_component/", "title": "create_coax_port_on_component"}, "title": "create_circuit_ports_on_components_no_pin_group", "meta": {}, "body": "<section id=\"create-circuit-ports-on-components-no-pin-group\">\n<h1>create_circuit_ports_on_components_no_pin_group<a class=\"headerlink\" href=\"#create-circuit-ports-on-components-no-pin-group\" title=\"Permalink to this heading\">#</a></h1>\n<dl class=\"py method\">\n<dt class=\"sig sig-object py\" id=\"pyaedt.edb_core.hfss.EdbHfss.create_circuit_ports_on_components_no_pin_group\">\n<span class=\"sig-prename descclassname\"><span class=\"pre\">EdbHfss.</span></span><span class=\"sig-name descname\"><span class=\"pre\">create_circuit_ports_on_components_no_pin_group</span></span><span class=\"sig-paren\">(</span><em class=\"sig-param\"><span class=\"n\"><span class=\"pre\">signal_nets</span></span><span class=\"o\"><span class=\"pre\">=</span></span><span class=\"default_value\"><span class=\"pre\">None</span></span></em>, <em class=\"sig-param\"><span class=\"n\"><span class=\"pre\">power_nets</span></span><span class=\"o\"><span class=\"pre\">=</span></span><span class=\"default_value\"><span class=\"pre\">None</span></span></em>, <em class=\"sig-param\"><span class=\"n\"><span class=\"pre\">simulation_setup</span></span><span class=\"o\"><span class=\"pre\">=</span></span><span class=\"default_value\"><span class=\"pre\">None</span></span></em>, <em class=\"sig-param\"><span class=\"n\"><span class=\"pre\">component_list</span></span><span class=\"o\"><span class=\"pre\">=</span></span><span class=\"default_value\"><span class=\"pre\">None</span></span></em><span class=\"sig-paren\">)</span><a class=\"reference internal\" href=\"../../../_modules/pyaedt/edb_core/hfss/#EdbHfss.create_circuit_ports_on_components_no_pin_group\"><span class=\"viewcode-link\"><span class=\"pre\">[source]</span></span></a><a class=\"headerlink\" href=\"#pyaedt.edb_core.hfss.EdbHfss.create_circuit_ports_on_components_no_pin_group\" title=\"Permalink to this definition\">#</a></dt>\n<dd><p>Create circuit ports on given components.\nFor each component, create a coplanar circuit port at each signalNet pin.\nUse the closest powerNet pin as a reference, regardless of component.</p>\n<dl class=\"field-list\">\n<dt class=\"field-odd\">Parameters<span class=\"colon\">:</span></dt>\n<dd class=\"field-odd\"><dl>\n<dt><strong>signal_nets</strong><span class=\"classifier\"><a class=\"reference external\" href=\"https://docs.python.org/dev/library/stdtypes.html#list\" title=\"(in Python v3.12)\"><code class=\"docutils literal notranslate\"><span class=\"pre\">list</span></code></a>, <code class=\"xref py py-obj docutils literal notranslate\"><span class=\"pre\">optional</span></code> <code class=\"xref py py-obj docutils literal notranslate\"><span class=\"pre\">if</span></code> <code class=\"xref py py-obj docutils literal notranslate\"><span class=\"pre\">simulation_setup</span></code> <code class=\"xref py py-obj docutils literal notranslate\"><span class=\"pre\">is</span></code> <code class=\"xref py py-obj docutils literal notranslate\"><span class=\"pre\">provided</span></code></span></dt><dd><p>List of signal net names. This list is ignored if a <code class=\"docutils literal notranslate\"><span class=\"pre\">simulation_setup</span></code> object is provided.</p>\n</dd>\n<dt><strong>power_nets</strong><span class=\"classifier\"><a class=\"reference external\" href=\"https://docs.python.org/dev/library/stdtypes.html#list\" title=\"(in Python v3.12)\"><code class=\"docutils literal notranslate\"><span class=\"pre\">list</span></code></a>, <code class=\"xref py py-obj docutils literal notranslate\"><span class=\"pre\">optional</span></code> <code class=\"xref py py-obj docutils literal notranslate\"><span class=\"pre\">if</span></code> <code class=\"xref py py-obj docutils literal notranslate\"><span class=\"pre\">a</span></code> <code class=\"docutils literal notranslate\"><span class=\"pre\">simulatiom_setup</span></code> <a class=\"reference external\" href=\"https://docs.python.org/dev/library/functions.html#object\" title=\"(in Python v3.12)\"><code class=\"xref py py-obj docutils literal notranslate\"><span class=\"pre\">object</span></code></a> <code class=\"xref py py-obj docutils literal notranslate\"><span class=\"pre\">is</span></code> <code class=\"xref py py-obj docutils literal notranslate\"><span class=\"pre\">provided</span></code></span></dt><dd><p>List of power net names. This list is ignored if a <code class=\"docutils literal notranslate\"><span class=\"pre\">simulation_setup</span></code> object\nis provided.</p>\n</dd>\n<dt><strong>component_list</strong><span class=\"classifier\"><a class=\"reference external\" href=\"https://docs.python.org/dev/library/stdtypes.html#list\" title=\"(in Python v3.12)\"><code class=\"docutils literal notranslate\"><span class=\"pre\">list</span></code></a> <code class=\"xref py py-obj docutils literal notranslate\"><span class=\"pre\">optional</span></code> <code class=\"xref py py-obj docutils literal notranslate\"><span class=\"pre\">if</span></code> <code class=\"xref py py-obj docutils literal notranslate\"><span class=\"pre\">simulatiom_setup</span></code> provided.</span></dt><dd><p>The list of component names. will be ignored if simulation_setup object is provided</p>\n</dd>\n</dl>\n</dd>\n<dt class=\"field-even\">Returns<span class=\"colon\">:</span></dt>\n<dd class=\"field-even\"><dl class=\"simple\">\n<dt><a class=\"reference external\" href=\"https://docs.python.org/dev/library/stdtypes.html#bltin-boolean-values\" title=\"(in Python v3.12)\"><span class=\"xref std std-ref\">bool</span></a></dt><dd><p><code class=\"docutils literal notranslate\"><span class=\"pre\">True</span></code> when successful, <code class=\"docutils literal notranslate\"><span class=\"pre\">False</span></code> when failed.</p>\n</dd>\n</dl>\n</dd>\n</dl>\n</dd></dl>\n\n</section>\n", "metatags": "<meta name=\"generator\" content=\"Docutils 0.19: https://docutils.sourceforge.io/\" />\n", "rellinks": [["genindex", "General Index", "I", "index"], ["py-modindex", "Python Module Index", "", "modules"], ["API/_autosummary/pyaedt.edb_core.hfss.EdbHfss.create_coax_port_on_component", "create_coax_port_on_component", "N", "next"], ["API/_autosummary/pyaedt.edb_core.hfss.EdbHfss.create_circuit_port_on_pin", "create_circuit_port_on_pin", "P", "previous"]], "sourcename": "API/_autosummary/pyaedt.edb_core.hfss.EdbHfss.create_circuit_ports_on_components_no_pin_group.rst.txt", "toc": "<ul>\n<li><a class=\"reference internal\" href=\"#\">create_circuit_ports_on_components_no_pin_group</a><ul>\n<li><a class=\"reference internal\" href=\"#pyaedt.edb_core.hfss.EdbHfss.create_circuit_ports_on_components_no_pin_group\"><code class=\"docutils literal notranslate\"><span class=\"pre\">EdbHfss.create_circuit_ports_on_components_no_pin_group()</span></code></a></li>\n</ul>\n</li>\n</ul>\n", "display_toc": true, "page_source_suffix": ".rst", "current_page_name": "API/_autosummary/pyaedt.edb_core.hfss.EdbHfss.create_circuit_ports_on_components_no_pin_group", "sidebars": ["search-field.html", "sidebar-nav-bs.html"], "customsidebar": null, "favicon_url": null, "logo_url": null, "alabaster_version": "0.7.12", "theme_show_toc_level": 1, "theme_logo": {}}