{"parents": [{"link": "../../", "title": "API reference"}, {"link": "../../Primitives/", "title": "Modeler and  primitives"}, {"link": "../pyaedt.modeler.Primitives.Polyline/", "title": "pyaedt.modeler.Primitives.Polyline"}], "prev": {"link": "../pyaedt.modeler.Primitives.Polyline.export_image/", "title": "export_image"}, "next": {"link": "../pyaedt.modeler.Primitives.Polyline.get_touching_faces/", "title": "get_touching_faces"}, "title": "faces_by_area", "meta": {}, "body": "<section id=\"faces-by-area\">\n<h1>faces_by_area<a class=\"headerlink\" href=\"#faces-by-area\" title=\"Permalink to this heading\">#</a></h1>\n<dl class=\"py method\">\n<dt class=\"sig sig-object py\" id=\"pyaedt.modeler.Primitives.Polyline.faces_by_area\">\n<span class=\"sig-prename descclassname\"><span class=\"pre\">Polyline.</span></span><span class=\"sig-name descname\"><span class=\"pre\">faces_by_area</span></span><span class=\"sig-paren\">(</span><em class=\"sig-param\"><span class=\"n\"><span class=\"pre\">area</span></span></em>, <em class=\"sig-param\"><span class=\"n\"><span class=\"pre\">area_filter</span></span><span class=\"o\"><span class=\"pre\">=</span></span><span class=\"default_value\"><span class=\"pre\">'=='</span></span></em>, <em class=\"sig-param\"><span class=\"n\"><span class=\"pre\">tolerance</span></span><span class=\"o\"><span class=\"pre\">=</span></span><span class=\"default_value\"><span class=\"pre\">1e-12</span></span></em><span class=\"sig-paren\">)</span><a class=\"headerlink\" href=\"#pyaedt.modeler.Primitives.Polyline.faces_by_area\" title=\"Permalink to this definition\">#</a></dt>\n<dd><p>Filter faces by area.</p>\n<dl class=\"field-list\">\n<dt class=\"field-odd\">Parameters<span class=\"colon\">:</span></dt>\n<dd class=\"field-odd\"><dl>\n<dt><strong>area</strong><span class=\"classifier\"><a class=\"reference external\" href=\"https://docs.python.org/dev/library/functions.html#float\" title=\"(in Python v3.12)\"><code class=\"docutils literal notranslate\"><span class=\"pre\">float</span></code></a></span></dt><dd><p>Value of the area to filter in model units.</p>\n</dd>\n<dt><strong>area_filter</strong><span class=\"classifier\"><a class=\"reference external\" href=\"https://docs.python.org/dev/library/stdtypes.html#str\" title=\"(in Python v3.12)\"><code class=\"docutils literal notranslate\"><span class=\"pre\">str</span></code></a>, <code class=\"xref py py-obj docutils literal notranslate\"><span class=\"pre\">optional</span></code></span></dt><dd><p>Comparer symbol.\nDefault value is \u201c==\u201d.</p>\n</dd>\n<dt><strong>tolerance</strong><span class=\"classifier\"><a class=\"reference external\" href=\"https://docs.python.org/dev/library/functions.html#float\" title=\"(in Python v3.12)\"><code class=\"docutils literal notranslate\"><span class=\"pre\">float</span></code></a>, <code class=\"xref py py-obj docutils literal notranslate\"><span class=\"pre\">optional</span></code></span></dt><dd><p>tolerance for comparison.</p>\n</dd>\n</dl>\n</dd>\n<dt class=\"field-even\">Returns<span class=\"colon\">:</span></dt>\n<dd class=\"field-even\"><dl>\n<dt><strong>list of</strong><span class=\"classifier\">class:<cite>pyaedt.modeler.Object3d.FacePrimitive</cite></span></dt><dd><p>list of face primitives.</p>\n</dd>\n</dl>\n</dd>\n</dl>\n</dd></dl>\n\n</section>\n", "metatags": "<meta name=\"generator\" content=\"Docutils 0.19: https://docutils.sourceforge.io/\" />\n", "rellinks": [["genindex", "General Index", "I", "index"], ["py-modindex", "Python Module Index", "", "modules"], ["API/_autosummary/pyaedt.modeler.Primitives.Polyline.get_touching_faces", "get_touching_faces", "N", "next"], ["API/_autosummary/pyaedt.modeler.Primitives.Polyline.export_image", "export_image", "P", "previous"]], "sourcename": "API/_autosummary/pyaedt.modeler.Primitives.Polyline.faces_by_area.rst.txt", "toc": "<ul>\n<li><a class=\"reference internal\" href=\"#\">faces_by_area</a><ul>\n<li><a class=\"reference internal\" href=\"#pyaedt.modeler.Primitives.Polyline.faces_by_area\"><code class=\"docutils literal notranslate\"><span class=\"pre\">Polyline.faces_by_area()</span></code></a></li>\n</ul>\n</li>\n</ul>\n", "display_toc": true, "page_source_suffix": ".rst", "current_page_name": "API/_autosummary/pyaedt.modeler.Primitives.Polyline.faces_by_area", "sidebars": ["search-field.html", "sidebar-nav-bs.html"], "customsidebar": null, "favicon_url": null, "logo_url": null, "alabaster_version": "0.7.12", "theme_show_toc_level": 1, "theme_logo": {}}