{"parents": [{"link": "../../", "title": "API reference"}, {"link": "../../Application/", "title": "AEDT apps"}, {"link": "../pyaedt.Maxwell3d/", "title": "pyaedt.Maxwell3d"}], "prev": {"link": "../pyaedt.Maxwell3d.ooptimetrics/", "title": "ooptimetrics"}, "next": {"link": "../pyaedt.Maxwell3d.opadstackmanager/", "title": "opadstackmanager"}, "title": "ooutput_variable", "meta": {}, "body": "<section id=\"ooutput-variable\">\n<h1>ooutput_variable<a class=\"headerlink\" href=\"#ooutput-variable\" title=\"Permalink to this heading\">#</a></h1>\n<dl class=\"py property\">\n<dt class=\"sig sig-object py\" id=\"pyaedt.Maxwell3d.ooutput_variable\">\n<em class=\"property\"><span class=\"pre\">property</span><span class=\"w\"> </span></em><span class=\"sig-prename descclassname\"><span class=\"pre\">Maxwell3d.</span></span><span class=\"sig-name descname\"><span class=\"pre\">ooutput_variable</span></span><a class=\"headerlink\" href=\"#pyaedt.Maxwell3d.ooutput_variable\" title=\"Permalink to this definition\">#</a></dt>\n<dd><p>AEDT Output Variable Module.</p>\n<p class=\"rubric\">References</p>\n<div class=\"doctest highlight-default notranslate\"><div class=\"highlight\"><pre><span></span><span class=\"gp\">&gt;&gt;&gt; </span><span class=\"n\">oDesign</span><span class=\"o\">.</span><span class=\"n\">GetModule</span><span class=\"p\">(</span><span class=\"s2\">&quot;OutputVariable&quot;</span><span class=\"p\">)</span>\n</pre></div>\n</div>\n</dd></dl>\n\n</section>\n", "metatags": "<meta name=\"generator\" content=\"Docutils 0.19: https://docutils.sourceforge.io/\" />\n", "rellinks": [["genindex", "General Index", "I", "index"], ["py-modindex", "Python Module Index", "", "modules"], ["API/_autosummary/pyaedt.Maxwell3d.opadstackmanager", "opadstackmanager", "N", "next"], ["API/_autosummary/pyaedt.Maxwell3d.ooptimetrics", "ooptimetrics", "P", "previous"]], "sourcename": "API/_autosummary/pyaedt.Maxwell3d.ooutput_variable.rst.txt", "toc": "<ul>\n<li><a class=\"reference internal\" href=\"#\">ooutput_variable</a><ul>\n<li><a class=\"reference internal\" href=\"#pyaedt.Maxwell3d.ooutput_variable\"><code class=\"docutils literal notranslate\"><span class=\"pre\">Maxwell3d.ooutput_variable</span></code></a></li>\n</ul>\n</li>\n</ul>\n", "display_toc": true, "page_source_suffix": ".rst", "current_page_name": "API/_autosummary/pyaedt.Maxwell3d.ooutput_variable", "sidebars": ["search-field.html", "sidebar-nav-bs.html"], "customsidebar": null, "favicon_url": null, "logo_url": null, "alabaster_version": "0.7.12", "theme_show_toc_level": 1, "theme_logo": {}}