{"parents": [{"link": "../../", "title": "API reference"}, {"link": "../../Application/", "title": "AEDT apps"}, {"link": "../pyaedt.Circuit/", "title": "pyaedt.Circuit"}], "prev": {"link": "../pyaedt.Circuit.create_dataset3d/", "title": "create_dataset3d"}, "next": {"link": "../pyaedt.Circuit.create_output_variable/", "title": "create_output_variable"}, "title": "create_new_project", "meta": {}, "body": "<section id=\"create-new-project\">\n<h1>create_new_project<a class=\"headerlink\" href=\"#create-new-project\" title=\"Permalink to this heading\">#</a></h1>\n<dl class=\"py method\">\n<dt class=\"sig sig-object py\" id=\"pyaedt.Circuit.create_new_project\">\n<span class=\"sig-prename descclassname\"><span class=\"pre\">Circuit.</span></span><span class=\"sig-name descname\"><span class=\"pre\">create_new_project</span></span><span class=\"sig-paren\">(</span><em class=\"sig-param\"><span class=\"n\"><span class=\"pre\">proj_name</span></span></em><span class=\"sig-paren\">)</span><a class=\"headerlink\" href=\"#pyaedt.Circuit.create_new_project\" title=\"Permalink to this definition\">#</a></dt>\n<dd><p>Create a project within AEDT.</p>\n<dl class=\"field-list simple\">\n<dt class=\"field-odd\">Parameters<span class=\"colon\">:</span></dt>\n<dd class=\"field-odd\"><dl class=\"simple\">\n<dt><strong>proj_name</strong></dt><dd><p>Name of the project.</p>\n</dd>\n</dl>\n</dd>\n<dt class=\"field-even\">Returns<span class=\"colon\">:</span></dt>\n<dd class=\"field-even\"><dl class=\"simple\">\n<dt><a class=\"reference external\" href=\"https://docs.python.org/dev/library/stdtypes.html#bltin-boolean-values\" title=\"(in Python v3.12)\"><span class=\"xref std std-ref\">bool</span></a></dt><dd><p><code class=\"docutils literal notranslate\"><span class=\"pre\">True</span></code> when successful, <code class=\"docutils literal notranslate\"><span class=\"pre\">False</span></code> when failed.</p>\n</dd>\n</dl>\n</dd>\n</dl>\n<p class=\"rubric\">References</p>\n<div class=\"doctest highlight-default notranslate\"><div class=\"highlight\"><pre><span></span><span class=\"gp\">&gt;&gt;&gt; </span><span class=\"n\">oDesktop</span><span class=\"o\">.</span><span class=\"n\">NewProject</span>\n</pre></div>\n</div>\n</dd></dl>\n\n</section>\n", "metatags": "<meta name=\"generator\" content=\"Docutils 0.19: https://docutils.sourceforge.io/\" />\n", "rellinks": [["genindex", "General Index", "I", "index"], ["py-modindex", "Python Module Index", "", "modules"], ["API/_autosummary/pyaedt.Circuit.create_output_variable", "create_output_variable", "N", "next"], ["API/_autosummary/pyaedt.Circuit.create_dataset3d", "create_dataset3d", "P", "previous"]], "sourcename": "API/_autosummary/pyaedt.Circuit.create_new_project.rst.txt", "toc": "<ul>\n<li><a class=\"reference internal\" href=\"#\">create_new_project</a><ul>\n<li><a class=\"reference internal\" href=\"#pyaedt.Circuit.create_new_project\"><code class=\"docutils literal notranslate\"><span class=\"pre\">Circuit.create_new_project()</span></code></a></li>\n</ul>\n</li>\n</ul>\n", "display_toc": true, "page_source_suffix": ".rst", "current_page_name": "API/_autosummary/pyaedt.Circuit.create_new_project", "sidebars": ["search-field.html", "sidebar-nav-bs.html"], "customsidebar": null, "favicon_url": null, "logo_url": null, "alabaster_version": "0.7.12", "theme_show_toc_level": 1, "theme_logo": {}}