{"parents": [{"link": "../../", "title": "API reference"}, {"link": "../../CoreEdb/", "title": "EDB editor"}, {"link": "../pyaedt.edb_core.EDB_Data.EDBComponent/", "title": "pyaedt.edb_core.EDB_Data.EDBComponent"}], "prev": {"link": "../pyaedt.edb_core.EDB_Data.EDBComponent.is_parallel_rlc/", "title": "is_parallel_rlc"}, "next": {"link": "../pyaedt.edb_core.EDB_Data.EDBComponent.model_type/", "title": "model_type"}, "title": "lower_elevation", "meta": {}, "body": "<section id=\"lower-elevation\">\n<h1>lower_elevation<a class=\"headerlink\" href=\"#lower-elevation\" title=\"Permalink to this heading\">#</a></h1>\n<dl class=\"py property\">\n<dt class=\"sig sig-object py\" id=\"pyaedt.edb_core.EDB_Data.EDBComponent.lower_elevation\">\n<em class=\"property\"><span class=\"pre\">property</span><span class=\"w\"> </span></em><span class=\"sig-prename descclassname\"><span class=\"pre\">EDBComponent.</span></span><span class=\"sig-name descname\"><span class=\"pre\">lower_elevation</span></span><a class=\"headerlink\" href=\"#pyaedt.edb_core.EDB_Data.EDBComponent.lower_elevation\" title=\"Permalink to this definition\">#</a></dt>\n<dd><p>Lower elevation of the placement layer.</p>\n<dl class=\"field-list simple\">\n<dt class=\"field-odd\">Returns<span class=\"colon\">:</span></dt>\n<dd class=\"field-odd\"><dl class=\"simple\">\n<dt><a class=\"reference external\" href=\"https://docs.python.org/dev/library/functions.html#float\" title=\"(in Python v3.12)\"><code class=\"docutils literal notranslate\"><span class=\"pre\">float</span></code></a></dt><dd><p>Lower elevation of the placement layer.</p>\n</dd>\n</dl>\n</dd>\n</dl>\n</dd></dl>\n\n</section>\n", "metatags": "<meta name=\"generator\" content=\"Docutils 0.19: https://docutils.sourceforge.io/\" />\n", "rellinks": [["genindex", "General Index", "I", "index"], ["py-modindex", "Python Module Index", "", "modules"], ["API/_autosummary/pyaedt.edb_core.EDB_Data.EDBComponent.model_type", "model_type", "N", "next"], ["API/_autosummary/pyaedt.edb_core.EDB_Data.EDBComponent.is_parallel_rlc", "is_parallel_rlc", "P", "previous"]], "sourcename": "API/_autosummary/pyaedt.edb_core.EDB_Data.EDBComponent.lower_elevation.rst.txt", "toc": "<ul>\n<li><a class=\"reference internal\" href=\"#\">lower_elevation</a><ul>\n<li><a class=\"reference internal\" href=\"#pyaedt.edb_core.EDB_Data.EDBComponent.lower_elevation\"><code class=\"docutils literal notranslate\"><span class=\"pre\">EDBComponent.lower_elevation</span></code></a></li>\n</ul>\n</li>\n</ul>\n", "display_toc": true, "page_source_suffix": ".rst", "current_page_name": "API/_autosummary/pyaedt.edb_core.EDB_Data.EDBComponent.lower_elevation", "sidebars": ["search-field.html", "sidebar-nav-bs.html"], "customsidebar": null, "favicon_url": null, "logo_url": null, "alabaster_version": "0.7.12", "theme_show_toc_level": 1, "theme_logo": {}}