{"parents": [{"link": "../../", "title": "API reference"}, {"link": "../../CoreEdb/", "title": "EDB editor"}, {"link": "../pyaedt.edb_core.components.Components/", "title": "pyaedt.edb_core.components.Components"}], "prev": {"link": "../pyaedt.edb_core.components.Components.get_solder_ball_height/", "title": "get_solder_ball_height"}, "next": {"link": "../pyaedt.edb_core.components.Components.import_bom/", "title": "import_bom"}, "title": "get_through_resistor_list", "meta": {}, "body": "<section id=\"get-through-resistor-list\">\n<h1>get_through_resistor_list<a class=\"headerlink\" href=\"#get-through-resistor-list\" title=\"Permalink to this heading\">#</a></h1>\n<dl class=\"py method\">\n<dt class=\"sig sig-object py\" id=\"pyaedt.edb_core.components.Components.get_through_resistor_list\">\n<span class=\"sig-prename descclassname\"><span class=\"pre\">Components.</span></span><span class=\"sig-name descname\"><span class=\"pre\">get_through_resistor_list</span></span><span class=\"sig-paren\">(</span><em class=\"sig-param\"><span class=\"n\"><span class=\"pre\">threshold</span></span><span class=\"o\"><span class=\"pre\">=</span></span><span class=\"default_value\"><span class=\"pre\">1</span></span></em><span class=\"sig-paren\">)</span><a class=\"reference internal\" href=\"../../../_modules/pyaedt/edb_core/components/#Components.get_through_resistor_list\"><span class=\"viewcode-link\"><span class=\"pre\">[source]</span></span></a><a class=\"headerlink\" href=\"#pyaedt.edb_core.components.Components.get_through_resistor_list\" title=\"Permalink to this definition\">#</a></dt>\n<dd><p>Retrieve through resistors.</p>\n<dl class=\"field-list\">\n<dt class=\"field-odd\">Parameters<span class=\"colon\">:</span></dt>\n<dd class=\"field-odd\"><dl>\n<dt><strong>threshold</strong><span class=\"classifier\"><a class=\"reference external\" href=\"https://docs.python.org/dev/library/functions.html#int\" title=\"(in Python v3.12)\"><code class=\"docutils literal notranslate\"><span class=\"pre\">int</span></code></a>, <code class=\"xref py py-obj docutils literal notranslate\"><span class=\"pre\">optional</span></code></span></dt><dd><p>Threshold value. The default is <code class=\"docutils literal notranslate\"><span class=\"pre\">1</span></code>.</p>\n</dd>\n</dl>\n</dd>\n<dt class=\"field-even\">Returns<span class=\"colon\">:</span></dt>\n<dd class=\"field-even\"><dl class=\"simple\">\n<dt><a class=\"reference external\" href=\"https://docs.python.org/dev/library/stdtypes.html#list\" title=\"(in Python v3.12)\"><code class=\"docutils literal notranslate\"><span class=\"pre\">list</span></code></a></dt><dd><p>List of through resistors.</p>\n</dd>\n</dl>\n</dd>\n</dl>\n<p class=\"rubric\">Examples</p>\n<div class=\"doctest highlight-default notranslate\"><div class=\"highlight\"><pre><span></span><span class=\"gp\">&gt;&gt;&gt; </span><span class=\"kn\">from</span> <span class=\"nn\">pyaedt</span> <span class=\"kn\">import</span> <span class=\"n\">Edb</span>\n<span class=\"gp\">&gt;&gt;&gt; </span><span class=\"n\">edbapp</span> <span class=\"o\">=</span> <span class=\"n\">Edb</span><span class=\"p\">(</span><span class=\"s2\">&quot;myaedbfolder&quot;</span><span class=\"p\">,</span> <span class=\"s2\">&quot;project name&quot;</span><span class=\"p\">,</span> <span class=\"s2\">&quot;release version&quot;</span><span class=\"p\">)</span>\n<span class=\"gp\">&gt;&gt;&gt; </span><span class=\"n\">edbapp</span><span class=\"o\">.</span><span class=\"n\">core_components</span><span class=\"o\">.</span><span class=\"n\">get_through_resistor_list</span><span class=\"p\">()</span>\n</pre></div>\n</div>\n</dd></dl>\n\n</section>\n", "metatags": "<meta name=\"generator\" content=\"Docutils 0.19: https://docutils.sourceforge.io/\" />\n", "rellinks": [["genindex", "General Index", "I", "index"], ["py-modindex", "Python Module Index", "", "modules"], ["API/_autosummary/pyaedt.edb_core.components.Components.import_bom", "import_bom", "N", "next"], ["API/_autosummary/pyaedt.edb_core.components.Components.get_solder_ball_height", "get_solder_ball_height", "P", "previous"]], "sourcename": "API/_autosummary/pyaedt.edb_core.components.Components.get_through_resistor_list.rst.txt", "toc": "<ul>\n<li><a class=\"reference internal\" href=\"#\">get_through_resistor_list</a><ul>\n<li><a class=\"reference internal\" href=\"#pyaedt.edb_core.components.Components.get_through_resistor_list\"><code class=\"docutils literal notranslate\"><span class=\"pre\">Components.get_through_resistor_list()</span></code></a></li>\n</ul>\n</li>\n</ul>\n", "display_toc": true, "page_source_suffix": ".rst", "current_page_name": "API/_autosummary/pyaedt.edb_core.components.Components.get_through_resistor_list", "sidebars": ["search-field.html", "sidebar-nav-bs.html"], "customsidebar": null, "favicon_url": null, "logo_url": null, "alabaster_version": "0.7.12", "theme_show_toc_level": 1, "theme_logo": {}}