{"parents": [{"link": "../../", "title": "API reference"}, {"link": "../../Post/", "title": "Postprocessing"}, {"link": "../pyaedt.modules.report_templates.Spectral/", "title": "pyaedt.modules.report_templates.Spectral"}], "prev": {"link": "../pyaedt.modules.report_templates.Spectral.matrix/", "title": "matrix"}, "next": {"link": "../pyaedt.modules.report_templates.Spectral.notes/", "title": "notes"}, "title": "max_frequency", "meta": {}, "body": "<section id=\"max-frequency\">\n<h1>max_frequency<a class=\"headerlink\" href=\"#max-frequency\" title=\"Permalink to this heading\">#</a></h1>\n<dl class=\"py property\">\n<dt class=\"sig sig-object py\" id=\"pyaedt.modules.report_templates.Spectral.max_frequency\">\n<em class=\"property\"><span class=\"pre\">property</span><span class=\"w\"> </span></em><span class=\"sig-prename descclassname\"><span class=\"pre\">Spectral.</span></span><span class=\"sig-name descname\"><span class=\"pre\">max_frequency</span></span><a class=\"headerlink\" href=\"#pyaedt.modules.report_templates.Spectral.max_frequency\" title=\"Permalink to this definition\">#</a></dt>\n<dd><p>Maximum spectrum  frequency.</p>\n<dl class=\"field-list simple\">\n<dt class=\"field-odd\">Returns<span class=\"colon\">:</span></dt>\n<dd class=\"field-odd\"><dl class=\"simple\">\n<dt><a class=\"reference external\" href=\"https://docs.python.org/dev/library/stdtypes.html#str\" title=\"(in Python v3.12)\"><code class=\"docutils literal notranslate\"><span class=\"pre\">str</span></code></a></dt><dd></dd>\n</dl>\n</dd>\n</dl>\n</dd></dl>\n\n</section>\n", "metatags": "<meta name=\"generator\" content=\"Docutils 0.19: https://docutils.sourceforge.io/\" />\n", "rellinks": [["genindex", "General Index", "I", "index"], ["py-modindex", "Python Module Index", "", "modules"], ["API/_autosummary/pyaedt.modules.report_templates.Spectral.notes", "notes", "N", "next"], ["API/_autosummary/pyaedt.modules.report_templates.Spectral.matrix", "matrix", "P", "previous"]], "sourcename": "API/_autosummary/pyaedt.modules.report_templates.Spectral.max_frequency.rst.txt", "toc": "<ul>\n<li><a class=\"reference internal\" href=\"#\">max_frequency</a><ul>\n<li><a class=\"reference internal\" href=\"#pyaedt.modules.report_templates.Spectral.max_frequency\"><code class=\"docutils literal notranslate\"><span class=\"pre\">Spectral.max_frequency</span></code></a></li>\n</ul>\n</li>\n</ul>\n", "display_toc": true, "page_source_suffix": ".rst", "current_page_name": "API/_autosummary/pyaedt.modules.report_templates.Spectral.max_frequency", "sidebars": ["search-field.html", "sidebar-nav-bs.html"], "customsidebar": null, "favicon_url": null, "logo_url": null, "alabaster_version": "0.7.12", "theme_show_toc_level": 1, "theme_logo": {}}