{"parents": [{"link": "../../", "title": "API reference"}, {"link": "../../Application/", "title": "AEDT apps"}, {"link": "../pyaedt.Icepak/", "title": "pyaedt.Icepak"}], "prev": {"link": "../pyaedt.Icepak.assignmaterial_from_sherlock_files/", "title": "assignmaterial_from_sherlock_files"}, "next": {"link": "../pyaedt.Icepak.autosave_enable/", "title": "autosave_enable"}, "title": "autosave_disable", "meta": {}, "body": "<section id=\"autosave-disable\">\n<h1>autosave_disable<a class=\"headerlink\" href=\"#autosave-disable\" title=\"Permalink to this heading\">#</a></h1>\n<dl class=\"py method\">\n<dt class=\"sig sig-object py\" id=\"pyaedt.Icepak.autosave_disable\">\n<span class=\"sig-prename descclassname\"><span class=\"pre\">Icepak.</span></span><span class=\"sig-name descname\"><span class=\"pre\">autosave_disable</span></span><span class=\"sig-paren\">(</span><span class=\"sig-paren\">)</span><a class=\"headerlink\" href=\"#pyaedt.Icepak.autosave_disable\" title=\"Permalink to this definition\">#</a></dt>\n<dd><p>Disable autosave in AEDT.</p>\n<dl class=\"field-list simple\">\n<dt class=\"field-odd\">Returns<span class=\"colon\">:</span></dt>\n<dd class=\"field-odd\"><dl class=\"simple\">\n<dt><a class=\"reference external\" href=\"https://docs.python.org/dev/library/stdtypes.html#bltin-boolean-values\" title=\"(in Python v3.12)\"><span class=\"xref std std-ref\">bool</span></a></dt><dd><p><code class=\"docutils literal notranslate\"><span class=\"pre\">True</span></code> when successful, <code class=\"docutils literal notranslate\"><span class=\"pre\">False</span></code> when failed.</p>\n</dd>\n</dl>\n</dd>\n</dl>\n<p class=\"rubric\">References</p>\n<div class=\"doctest highlight-default notranslate\"><div class=\"highlight\"><pre><span></span><span class=\"gp\">&gt;&gt;&gt; </span><span class=\"n\">oDesktop</span><span class=\"o\">.</span><span class=\"n\">EnableAutoSave</span>\n</pre></div>\n</div>\n</dd></dl>\n\n</section>\n", "metatags": "<meta name=\"generator\" content=\"Docutils 0.19: https://docutils.sourceforge.io/\" />\n", "rellinks": [["genindex", "General Index", "I", "index"], ["py-modindex", "Python Module Index", "", "modules"], ["API/_autosummary/pyaedt.Icepak.autosave_enable", "autosave_enable", "N", "next"], ["API/_autosummary/pyaedt.Icepak.assignmaterial_from_sherlock_files", "assignmaterial_from_sherlock_files", "P", "previous"]], "sourcename": "API/_autosummary/pyaedt.Icepak.autosave_disable.rst.txt", "toc": "<ul>\n<li><a class=\"reference internal\" href=\"#\">autosave_disable</a><ul>\n<li><a class=\"reference internal\" href=\"#pyaedt.Icepak.autosave_disable\"><code class=\"docutils literal notranslate\"><span class=\"pre\">Icepak.autosave_disable()</span></code></a></li>\n</ul>\n</li>\n</ul>\n", "display_toc": true, "page_source_suffix": ".rst", "current_page_name": "API/_autosummary/pyaedt.Icepak.autosave_disable", "sidebars": ["search-field.html", "sidebar-nav-bs.html"], "customsidebar": null, "favicon_url": null, "logo_url": null, "alabaster_version": "0.7.12", "theme_show_toc_level": 1, "theme_logo": {}}