{"parents": [{"link": "../../", "title": "API reference"}, {"link": "../../Application/", "title": "AEDT apps"}, {"link": "../pyaedt.Q3d/", "title": "pyaedt.Q3d"}], "prev": {"link": "../pyaedt.Q3d.set_source_context/", "title": "set_source_context"}, "next": {"link": "../pyaedt.Q3d.submit_job/", "title": "submit_job"}, "title": "solve_in_batch", "meta": {}, "body": "<section id=\"solve-in-batch\">\n<h1>solve_in_batch<a class=\"headerlink\" href=\"#solve-in-batch\" title=\"Permalink to this heading\">#</a></h1>\n<dl class=\"py method\">\n<dt class=\"sig sig-object py\" id=\"pyaedt.Q3d.solve_in_batch\">\n<span class=\"sig-prename descclassname\"><span class=\"pre\">Q3d.</span></span><span class=\"sig-name descname\"><span class=\"pre\">solve_in_batch</span></span><span class=\"sig-paren\">(</span><em class=\"sig-param\"><span class=\"n\"><span class=\"pre\">filename</span></span><span class=\"o\"><span class=\"pre\">=</span></span><span class=\"default_value\"><span class=\"pre\">None</span></span></em>, <em class=\"sig-param\"><span class=\"n\"><span class=\"pre\">machine</span></span><span class=\"o\"><span class=\"pre\">=</span></span><span class=\"default_value\"><span class=\"pre\">'local'</span></span></em>, <em class=\"sig-param\"><span class=\"n\"><span class=\"pre\">run_in_thread</span></span><span class=\"o\"><span class=\"pre\">=</span></span><span class=\"default_value\"><span class=\"pre\">False</span></span></em><span class=\"sig-paren\">)</span><a class=\"headerlink\" href=\"#pyaedt.Q3d.solve_in_batch\" title=\"Permalink to this definition\">#</a></dt>\n<dd><p>Analyze a design setup in batch mode.</p>\n<div class=\"admonition note\">\n<p class=\"admonition-title\">Note</p>\n<p>To use this function, the project must be closed.</p>\n</div>\n<dl class=\"field-list\">\n<dt class=\"field-odd\">Parameters<span class=\"colon\">:</span></dt>\n<dd class=\"field-odd\"><dl>\n<dt><strong>filename</strong><span class=\"classifier\"><a class=\"reference external\" href=\"https://docs.python.org/dev/library/stdtypes.html#str\" title=\"(in Python v3.12)\"><code class=\"docutils literal notranslate\"><span class=\"pre\">str</span></code></a>, <code class=\"xref py py-obj docutils literal notranslate\"><span class=\"pre\">optional</span></code></span></dt><dd><p>Name of the setup. The default is <code class=\"docutils literal notranslate\"><span class=\"pre\">None</span></code>, which means that the active project\nis to be solved.</p>\n</dd>\n<dt><strong>machine</strong><span class=\"classifier\"><a class=\"reference external\" href=\"https://docs.python.org/dev/library/stdtypes.html#str\" title=\"(in Python v3.12)\"><code class=\"docutils literal notranslate\"><span class=\"pre\">str</span></code></a>, <code class=\"xref py py-obj docutils literal notranslate\"><span class=\"pre\">optional</span></code></span></dt><dd><p>Name of the machine if remote.  The default is <code class=\"docutils literal notranslate\"><span class=\"pre\">&quot;local&quot;</span></code>.</p>\n</dd>\n<dt><strong>run_in_thread</strong><span class=\"classifier\"><a class=\"reference external\" href=\"https://docs.python.org/dev/library/stdtypes.html#bltin-boolean-values\" title=\"(in Python v3.12)\"><span class=\"xref std std-ref\">bool</span></a>, <code class=\"xref py py-obj docutils literal notranslate\"><span class=\"pre\">optional</span></code></span></dt><dd><p>Whether to submit the batch command as a thread. The default is\n<code class=\"docutils literal notranslate\"><span class=\"pre\">False</span></code>.</p>\n</dd>\n</dl>\n</dd>\n<dt class=\"field-even\">Returns<span class=\"colon\">:</span></dt>\n<dd class=\"field-even\"><dl class=\"simple\">\n<dt><a class=\"reference external\" href=\"https://docs.python.org/dev/library/stdtypes.html#bltin-boolean-values\" title=\"(in Python v3.12)\"><span class=\"xref std std-ref\">bool</span></a></dt><dd><p><code class=\"docutils literal notranslate\"><span class=\"pre\">True</span></code> when successful, <code class=\"docutils literal notranslate\"><span class=\"pre\">False</span></code> when failed.</p>\n</dd>\n</dl>\n</dd>\n</dl>\n</dd></dl>\n\n</section>\n", "metatags": "<meta name=\"generator\" content=\"Docutils 0.19: https://docutils.sourceforge.io/\" />\n", "rellinks": [["genindex", "General Index", "I", "index"], ["py-modindex", "Python Module Index", "", "modules"], ["API/_autosummary/pyaedt.Q3d.submit_job", "submit_job", "N", "next"], ["API/_autosummary/pyaedt.Q3d.set_source_context", "set_source_context", "P", "previous"]], "sourcename": "API/_autosummary/pyaedt.Q3d.solve_in_batch.rst.txt", "toc": "<ul>\n<li><a class=\"reference internal\" href=\"#\">solve_in_batch</a><ul>\n<li><a class=\"reference internal\" href=\"#pyaedt.Q3d.solve_in_batch\"><code class=\"docutils literal notranslate\"><span class=\"pre\">Q3d.solve_in_batch()</span></code></a></li>\n</ul>\n</li>\n</ul>\n", "display_toc": true, "page_source_suffix": ".rst", "current_page_name": "API/_autosummary/pyaedt.Q3d.solve_in_batch", "sidebars": ["search-field.html", "sidebar-nav-bs.html"], "customsidebar": null, "favicon_url": null, "logo_url": null, "alabaster_version": "0.7.12", "theme_show_toc_level": 1, "theme_logo": {}}