{"parents": [{"link": "../../", "title": "API reference"}, {"link": "../../Application/", "title": "AEDT apps"}, {"link": "../pyaedt.TwinBuilder/", "title": "pyaedt.TwinBuilder"}], "prev": {"link": "../pyaedt.TwinBuilder.insert_design/", "title": "insert_design"}, "next": {"link": "../pyaedt.TwinBuilder.load_project/", "title": "load_project"}, "title": "list_of_variations", "meta": {}, "body": "<section id=\"list-of-variations\">\n<h1>list_of_variations<a class=\"headerlink\" href=\"#list-of-variations\" title=\"Permalink to this heading\">#</a></h1>\n<dl class=\"py method\">\n<dt class=\"sig sig-object py\" id=\"pyaedt.TwinBuilder.list_of_variations\">\n<span class=\"sig-prename descclassname\"><span class=\"pre\">TwinBuilder.</span></span><span class=\"sig-name descname\"><span class=\"pre\">list_of_variations</span></span><span class=\"sig-paren\">(</span><em class=\"sig-param\"><span class=\"n\"><span class=\"pre\">setup_name</span></span><span class=\"o\"><span class=\"pre\">=</span></span><span class=\"default_value\"><span class=\"pre\">None</span></span></em>, <em class=\"sig-param\"><span class=\"n\"><span class=\"pre\">sweep_name</span></span><span class=\"o\"><span class=\"pre\">=</span></span><span class=\"default_value\"><span class=\"pre\">None</span></span></em><span class=\"sig-paren\">)</span><a class=\"headerlink\" href=\"#pyaedt.TwinBuilder.list_of_variations\" title=\"Permalink to this definition\">#</a></dt>\n<dd><p>Retrieve a list of active variations for input setup.</p>\n<dl class=\"field-list\">\n<dt class=\"field-odd\">Parameters<span class=\"colon\">:</span></dt>\n<dd class=\"field-odd\"><dl>\n<dt><strong>setup_name</strong><span class=\"classifier\"><a class=\"reference external\" href=\"https://docs.python.org/dev/library/stdtypes.html#str\" title=\"(in Python v3.12)\"><code class=\"docutils literal notranslate\"><span class=\"pre\">str</span></code></a>, <code class=\"xref py py-obj docutils literal notranslate\"><span class=\"pre\">optional</span></code></span></dt><dd><p>Setup name. The default is <code class=\"docutils literal notranslate\"><span class=\"pre\">None</span></code>, in which case the nominal adaptive\nis used.</p>\n</dd>\n<dt><strong>sweep_name</strong><span class=\"classifier\"><a class=\"reference external\" href=\"https://docs.python.org/dev/library/stdtypes.html#str\" title=\"(in Python v3.12)\"><code class=\"docutils literal notranslate\"><span class=\"pre\">str</span></code></a>, <code class=\"xref py py-obj docutils literal notranslate\"><span class=\"pre\">optional</span></code></span></dt><dd><p>Sweep name. The default is``None``, in which case the nominal adaptive\nis used.</p>\n</dd>\n</dl>\n</dd>\n<dt class=\"field-even\">Returns<span class=\"colon\">:</span></dt>\n<dd class=\"field-even\"><dl class=\"simple\">\n<dt><a class=\"reference external\" href=\"https://docs.python.org/dev/library/stdtypes.html#list\" title=\"(in Python v3.12)\"><code class=\"docutils literal notranslate\"><span class=\"pre\">list</span></code></a></dt><dd><p>List of active variations for input setup.</p>\n</dd>\n</dl>\n</dd>\n</dl>\n<p class=\"rubric\">References</p>\n<div class=\"doctest highlight-default notranslate\"><div class=\"highlight\"><pre><span></span><span class=\"gp\">&gt;&gt;&gt; </span><span class=\"n\">oModule</span><span class=\"o\">.</span><span class=\"n\">ListVariations</span>\n</pre></div>\n</div>\n</dd></dl>\n\n</section>\n", "metatags": "<meta name=\"generator\" content=\"Docutils 0.19: https://docutils.sourceforge.io/\" />\n", "rellinks": [["genindex", "General Index", "I", "index"], ["py-modindex", "Python Module Index", "", "modules"], ["API/_autosummary/pyaedt.TwinBuilder.load_project", "load_project", "N", "next"], ["API/_autosummary/pyaedt.TwinBuilder.insert_design", "insert_design", "P", "previous"]], "sourcename": "API/_autosummary/pyaedt.TwinBuilder.list_of_variations.rst.txt", "toc": "<ul>\n<li><a class=\"reference internal\" href=\"#\">list_of_variations</a><ul>\n<li><a class=\"reference internal\" href=\"#pyaedt.TwinBuilder.list_of_variations\"><code class=\"docutils literal notranslate\"><span class=\"pre\">TwinBuilder.list_of_variations()</span></code></a></li>\n</ul>\n</li>\n</ul>\n", "display_toc": true, "page_source_suffix": ".rst", "current_page_name": "API/_autosummary/pyaedt.TwinBuilder.list_of_variations", "sidebars": ["search-field.html", "sidebar-nav-bs.html"], "customsidebar": null, "favicon_url": null, "logo_url": null, "alabaster_version": "0.7.12", "theme_show_toc_level": 1, "theme_logo": {}}