{"parents": [{"link": "../../", "title": "API reference"}, {"link": "../../Application/", "title": "AEDT apps"}, {"link": "../pyaedt.Q2d/", "title": "pyaedt.Q2d"}], "prev": {"link": "../pyaedt.Q2d.edit_setup/", "title": "edit_setup"}, "next": {"link": "../pyaedt.Q2d.evaluate_expression/", "title": "evaluate_expression"}, "title": "edit_sources", "meta": {}, "body": "<section id=\"edit-sources\">\n<h1>edit_sources<a class=\"headerlink\" href=\"#edit-sources\" title=\"Permalink to this heading\">#</a></h1>\n<dl class=\"py method\">\n<dt class=\"sig sig-object py\" id=\"pyaedt.Q2d.edit_sources\">\n<span class=\"sig-prename descclassname\"><span class=\"pre\">Q2d.</span></span><span class=\"sig-name descname\"><span class=\"pre\">edit_sources</span></span><span class=\"sig-paren\">(</span><em class=\"sig-param\"><span class=\"n\"><span class=\"pre\">cg</span></span><span class=\"o\"><span class=\"pre\">=</span></span><span class=\"default_value\"><span class=\"pre\">None</span></span></em>, <em class=\"sig-param\"><span class=\"n\"><span class=\"pre\">acrl</span></span><span class=\"o\"><span class=\"pre\">=</span></span><span class=\"default_value\"><span class=\"pre\">None</span></span></em>, <em class=\"sig-param\"><span class=\"n\"><span class=\"pre\">dcrl</span></span><span class=\"o\"><span class=\"pre\">=</span></span><span class=\"default_value\"><span class=\"pre\">None</span></span></em><span class=\"sig-paren\">)</span><a class=\"headerlink\" href=\"#pyaedt.Q2d.edit_sources\" title=\"Permalink to this definition\">#</a></dt>\n<dd><p>Set up the source loaded for Q3D or Q2D in multiple sources simultaneously.</p>\n<dl class=\"field-list\">\n<dt class=\"field-odd\">Parameters<span class=\"colon\">:</span></dt>\n<dd class=\"field-odd\"><dl>\n<dt><strong>cg</strong><span class=\"classifier\"><a class=\"reference external\" href=\"https://docs.python.org/dev/library/stdtypes.html#dict\" title=\"(in Python v3.12)\"><code class=\"docutils literal notranslate\"><span class=\"pre\">dict</span></code></a>, <code class=\"xref py py-obj docutils literal notranslate\"><span class=\"pre\">optional</span></code></span></dt><dd><p>Dictionary of input sources to modify the module and phase of a CG solution.\nDictionary values can be:\n- 1 Value to set up <code class=\"docutils literal notranslate\"><span class=\"pre\">0deg</span></code> as the default\n- 2 Values tuple or list (magnitude and phase)</p>\n</dd>\n<dt><strong>acrl</strong><span class=\"classifier\"><a class=\"reference external\" href=\"https://docs.python.org/dev/library/stdtypes.html#dict\" title=\"(in Python v3.12)\"><code class=\"docutils literal notranslate\"><span class=\"pre\">dict</span></code></a>, <code class=\"xref py py-obj docutils literal notranslate\"><span class=\"pre\">optional</span></code></span></dt><dd><p>Dictionary of input sources to modify the module and phase of an ACRL solution.\nDictionary values can be:\n- 1 Value to set up 0deg as the default\n- 2 Values tuple or list (magnitude and phase)</p>\n</dd>\n<dt><strong>dcrl</strong><span class=\"classifier\"><a class=\"reference external\" href=\"https://docs.python.org/dev/library/stdtypes.html#dict\" title=\"(in Python v3.12)\"><code class=\"docutils literal notranslate\"><span class=\"pre\">dict</span></code></a>, <code class=\"xref py py-obj docutils literal notranslate\"><span class=\"pre\">optional</span></code></span></dt><dd><p>Dictionary of input sources to modify the module and phase of a DCRL solution, This\nparameter is only available for Q3D. Dictionary values can be:\n- 1 Value to set up <code class=\"docutils literal notranslate\"><span class=\"pre\">0deg</span></code> as the default\n- 2 Values tuple or list (magnitude and phase)</p>\n</dd>\n</dl>\n</dd>\n<dt class=\"field-even\">Returns<span class=\"colon\">:</span></dt>\n<dd class=\"field-even\"><dl class=\"simple\">\n<dt><a class=\"reference external\" href=\"https://docs.python.org/dev/library/stdtypes.html#bltin-boolean-values\" title=\"(in Python v3.12)\"><span class=\"xref std std-ref\">bool</span></a></dt><dd><p><code class=\"docutils literal notranslate\"><span class=\"pre\">True</span></code> when successful, <code class=\"docutils literal notranslate\"><span class=\"pre\">False</span></code> when failed.</p>\n</dd>\n</dl>\n</dd>\n</dl>\n<p class=\"rubric\">Examples</p>\n<div class=\"doctest highlight-default notranslate\"><div class=\"highlight\"><pre><span></span><span class=\"gp\">&gt;&gt;&gt; </span><span class=\"n\">sources_cg</span> <span class=\"o\">=</span> <span class=\"p\">{</span><span class=\"s2\">&quot;Box1&quot;</span><span class=\"p\">:</span> <span class=\"p\">(</span><span class=\"s2\">&quot;1V&quot;</span><span class=\"p\">,</span> <span class=\"s2\">&quot;0deg&quot;</span><span class=\"p\">),</span> <span class=\"s2\">&quot;Box1_2&quot;</span><span class=\"p\">:</span> <span class=\"s2\">&quot;1V&quot;</span><span class=\"p\">}</span>\n<span class=\"gp\">&gt;&gt;&gt; </span><span class=\"n\">sources_acrl</span> <span class=\"o\">=</span> <span class=\"p\">{</span><span class=\"s2\">&quot;Box1:Source1&quot;</span><span class=\"p\">:</span> <span class=\"p\">(</span><span class=\"s2\">&quot;5A&quot;</span><span class=\"p\">,</span> <span class=\"s2\">&quot;0deg&quot;</span><span class=\"p\">)}</span>\n<span class=\"gp\">&gt;&gt;&gt; </span><span class=\"n\">sources_dcrl</span> <span class=\"o\">=</span> <span class=\"p\">{</span><span class=\"s2\">&quot;Box1_1:Source2&quot;</span><span class=\"p\">:</span> <span class=\"p\">(</span><span class=\"s2\">&quot;5V&quot;</span><span class=\"p\">,</span> <span class=\"s2\">&quot;0deg&quot;</span><span class=\"p\">)}</span>\n<span class=\"gp\">&gt;&gt;&gt; </span><span class=\"n\">hfss</span><span class=\"o\">.</span><span class=\"n\">edit_sources</span><span class=\"p\">(</span><span class=\"n\">sources_cg</span><span class=\"p\">,</span> <span class=\"n\">sources_acrl</span><span class=\"p\">,</span> <span class=\"n\">sources_dcrl</span><span class=\"p\">)</span>\n</pre></div>\n</div>\n</dd></dl>\n\n</section>\n", "metatags": "<meta name=\"generator\" content=\"Docutils 0.19: https://docutils.sourceforge.io/\" />\n", "rellinks": [["genindex", "General Index", "I", "index"], ["py-modindex", "Python Module Index", "", "modules"], ["API/_autosummary/pyaedt.Q2d.evaluate_expression", "evaluate_expression", "N", "next"], ["API/_autosummary/pyaedt.Q2d.edit_setup", "edit_setup", "P", "previous"]], "sourcename": "API/_autosummary/pyaedt.Q2d.edit_sources.rst.txt", "toc": "<ul>\n<li><a class=\"reference internal\" href=\"#\">edit_sources</a><ul>\n<li><a class=\"reference internal\" href=\"#pyaedt.Q2d.edit_sources\"><code class=\"docutils literal notranslate\"><span class=\"pre\">Q2d.edit_sources()</span></code></a></li>\n</ul>\n</li>\n</ul>\n", "display_toc": true, "page_source_suffix": ".rst", "current_page_name": "API/_autosummary/pyaedt.Q2d.edit_sources", "sidebars": ["search-field.html", "sidebar-nav-bs.html"], "customsidebar": null, "favicon_url": null, "logo_url": null, "alabaster_version": "0.7.12", "theme_show_toc_level": 1, "theme_logo": {}}