{"parents": [{"link": "../../", "title": "API reference"}, {"link": "../../Application/", "title": "AEDT apps"}, {"link": "../pyaedt.TwinBuilder/", "title": "pyaedt.TwinBuilder"}], "prev": {"link": "../pyaedt.TwinBuilder.omeshmodule/", "title": "omeshmodule"}, "next": {"link": "../pyaedt.TwinBuilder.omonitor/", "title": "omonitor"}, "title": "omodelsetup", "meta": {}, "body": "<section id=\"omodelsetup\">\n<h1>omodelsetup<a class=\"headerlink\" href=\"#omodelsetup\" title=\"Permalink to this heading\">#</a></h1>\n<dl class=\"py property\">\n<dt class=\"sig sig-object py\" id=\"pyaedt.TwinBuilder.omodelsetup\">\n<em class=\"property\"><span class=\"pre\">property</span><span class=\"w\"> </span></em><span class=\"sig-prename descclassname\"><span class=\"pre\">TwinBuilder.</span></span><span class=\"sig-name descname\"><span class=\"pre\">omodelsetup</span></span><a class=\"headerlink\" href=\"#pyaedt.TwinBuilder.omodelsetup\" title=\"Permalink to this definition\">#</a></dt>\n<dd><p>AEDT Model Setup Object.</p>\n<p class=\"rubric\">References</p>\n<div class=\"doctest highlight-default notranslate\"><div class=\"highlight\"><pre><span></span><span class=\"gp\">&gt;&gt;&gt; </span><span class=\"n\">oDesign</span><span class=\"o\">.</span><span class=\"n\">GetModule</span><span class=\"p\">(</span><span class=\"s2\">&quot;ModelSetup&quot;</span><span class=\"p\">)</span>\n</pre></div>\n</div>\n</dd></dl>\n\n</section>\n", "metatags": "<meta name=\"generator\" content=\"Docutils 0.19: https://docutils.sourceforge.io/\" />\n", "rellinks": [["genindex", "General Index", "I", "index"], ["py-modindex", "Python Module Index", "", "modules"], ["API/_autosummary/pyaedt.TwinBuilder.omonitor", "omonitor", "N", "next"], ["API/_autosummary/pyaedt.TwinBuilder.omeshmodule", "omeshmodule", "P", "previous"]], "sourcename": "API/_autosummary/pyaedt.TwinBuilder.omodelsetup.rst.txt", "toc": "<ul>\n<li><a class=\"reference internal\" href=\"#\">omodelsetup</a><ul>\n<li><a class=\"reference internal\" href=\"#pyaedt.TwinBuilder.omodelsetup\"><code class=\"docutils literal notranslate\"><span class=\"pre\">TwinBuilder.omodelsetup</span></code></a></li>\n</ul>\n</li>\n</ul>\n", "display_toc": true, "page_source_suffix": ".rst", "current_page_name": "API/_autosummary/pyaedt.TwinBuilder.omodelsetup", "sidebars": ["search-field.html", "sidebar-nav-bs.html"], "customsidebar": null, "favicon_url": null, "logo_url": null, "alabaster_version": "0.7.12", "theme_show_toc_level": 1, "theme_logo": {}}