{"parents": [{"link": "../../", "title": "API reference"}, {"link": "../../Setup/", "title": "Setup"}, {"link": "../pyaedt.modules.SolveSetup.Setup/", "title": "pyaedt.modules.SolveSetup.Setup"}], "prev": {"link": "../pyaedt.modules.SolveSetup.Setup.available_properties/", "title": "available_properties"}, "next": {"link": "../pyaedt.modules.SolveSetup.Setup.name/", "title": "name"}, "title": "is_solved", "meta": {}, "body": "<section id=\"is-solved\">\n<h1>is_solved<a class=\"headerlink\" href=\"#is-solved\" title=\"Permalink to this heading\">#</a></h1>\n<dl class=\"py property\">\n<dt class=\"sig sig-object py\" id=\"pyaedt.modules.SolveSetup.Setup.is_solved\">\n<em class=\"property\"><span class=\"pre\">property</span><span class=\"w\"> </span></em><span class=\"sig-prename descclassname\"><span class=\"pre\">Setup.</span></span><span class=\"sig-name descname\"><span class=\"pre\">is_solved</span></span><a class=\"headerlink\" href=\"#pyaedt.modules.SolveSetup.Setup.is_solved\" title=\"Permalink to this definition\">#</a></dt>\n<dd><p>Verify if solutions are available for given setup.</p>\n<dl class=\"field-list simple\">\n<dt class=\"field-odd\">Returns<span class=\"colon\">:</span></dt>\n<dd class=\"field-odd\"><dl class=\"simple\">\n<dt><a class=\"reference external\" href=\"https://docs.python.org/dev/library/stdtypes.html#bltin-boolean-values\" title=\"(in Python v3.12)\"><span class=\"xref std std-ref\">bool</span></a></dt><dd><p><cite>True</cite> if solutions are available.</p>\n</dd>\n</dl>\n</dd>\n</dl>\n</dd></dl>\n\n</section>\n", "metatags": "<meta name=\"generator\" content=\"Docutils 0.19: https://docutils.sourceforge.io/\" />\n", "rellinks": [["genindex", "General Index", "I", "index"], ["py-modindex", "Python Module Index", "", "modules"], ["API/_autosummary/pyaedt.modules.SolveSetup.Setup.name", "name", "N", "next"], ["API/_autosummary/pyaedt.modules.SolveSetup.Setup.available_properties", "available_properties", "P", "previous"]], "sourcename": "API/_autosummary/pyaedt.modules.SolveSetup.Setup.is_solved.rst.txt", "toc": "<ul>\n<li><a class=\"reference internal\" href=\"#\">is_solved</a><ul>\n<li><a class=\"reference internal\" href=\"#pyaedt.modules.SolveSetup.Setup.is_solved\"><code class=\"docutils literal notranslate\"><span class=\"pre\">Setup.is_solved</span></code></a></li>\n</ul>\n</li>\n</ul>\n", "display_toc": true, "page_source_suffix": ".rst", "current_page_name": "API/_autosummary/pyaedt.modules.SolveSetup.Setup.is_solved", "sidebars": ["search-field.html", "sidebar-nav-bs.html"], "customsidebar": null, "favicon_url": null, "logo_url": null, "alabaster_version": "0.7.12", "theme_show_toc_level": 1, "theme_logo": {}}