{"parents": [{"link": "../../", "title": "API reference"}, {"link": "../../Application/", "title": "AEDT apps"}, {"link": "../pyaedt.Hfss/", "title": "pyaedt.Hfss"}], "prev": {"link": "../pyaedt.Hfss.opadstackmanager/", "title": "opadstackmanager"}, "next": {"link": "../pyaedt.Hfss.oradfield/", "title": "oradfield"}, "title": "oproject", "meta": {}, "body": "<section id=\"oproject\">\n<h1>oproject<a class=\"headerlink\" href=\"#oproject\" title=\"Permalink to this heading\">#</a></h1>\n<dl class=\"py property\">\n<dt class=\"sig sig-object py\" id=\"pyaedt.Hfss.oproject\">\n<em class=\"property\"><span class=\"pre\">property</span><span class=\"w\"> </span></em><span class=\"sig-prename descclassname\"><span class=\"pre\">Hfss.</span></span><span class=\"sig-name descname\"><span class=\"pre\">oproject</span></span><a class=\"headerlink\" href=\"#pyaedt.Hfss.oproject\" title=\"Permalink to this definition\">#</a></dt>\n<dd><p>Project property.</p>\n<dl class=\"field-list simple\">\n<dt class=\"field-odd\">Returns<span class=\"colon\">:</span></dt>\n<dd class=\"field-odd\"><dl class=\"simple\">\n<dt><code class=\"xref py py-obj docutils literal notranslate\"><span class=\"pre\">Project</span></code> <a class=\"reference external\" href=\"https://docs.python.org/dev/library/functions.html#object\" title=\"(in Python v3.12)\"><code class=\"xref py py-obj docutils literal notranslate\"><span class=\"pre\">object</span></code></a></dt><dd></dd>\n</dl>\n</dd>\n</dl>\n<p class=\"rubric\">References</p>\n<div class=\"doctest highlight-default notranslate\"><div class=\"highlight\"><pre><span></span><span class=\"gp\">&gt;&gt;&gt; </span><span class=\"n\">oDesktop</span><span class=\"o\">.</span><span class=\"n\">GetActiveProject</span>\n<span class=\"gp\">&gt;&gt;&gt; </span><span class=\"n\">oDesktop</span><span class=\"o\">.</span><span class=\"n\">SetActiveProject</span>\n<span class=\"gp\">&gt;&gt;&gt; </span><span class=\"n\">oDesktop</span><span class=\"o\">.</span><span class=\"n\">NewProject</span>\n</pre></div>\n</div>\n</dd></dl>\n\n</section>\n", "metatags": "<meta name=\"generator\" content=\"Docutils 0.19: https://docutils.sourceforge.io/\" />\n", "rellinks": [["genindex", "General Index", "I", "index"], ["py-modindex", "Python Module Index", "", "modules"], ["API/_autosummary/pyaedt.Hfss.oradfield", "oradfield", "N", "next"], ["API/_autosummary/pyaedt.Hfss.opadstackmanager", "opadstackmanager", "P", "previous"]], "sourcename": "API/_autosummary/pyaedt.Hfss.oproject.rst.txt", "toc": "<ul>\n<li><a class=\"reference internal\" href=\"#\">oproject</a><ul>\n<li><a class=\"reference internal\" href=\"#pyaedt.Hfss.oproject\"><code class=\"docutils literal notranslate\"><span class=\"pre\">Hfss.oproject</span></code></a></li>\n</ul>\n</li>\n</ul>\n", "display_toc": true, "page_source_suffix": ".rst", "current_page_name": "API/_autosummary/pyaedt.Hfss.oproject", "sidebars": ["search-field.html", "sidebar-nav-bs.html"], "customsidebar": null, "favicon_url": null, "logo_url": null, "alabaster_version": "0.7.12", "theme_show_toc_level": 1, "theme_logo": {}}