{"parents": [{"link": "../../", "title": "API reference"}, {"link": "../../Application/", "title": "AEDT apps"}, {"link": "../pyaedt.Maxwell3d/", "title": "pyaedt.Maxwell3d"}], "prev": {"link": "../pyaedt.Maxwell3d.assign_material/", "title": "assign_material"}, "next": {"link": "../pyaedt.Maxwell3d.assign_rotate_motion/", "title": "assign_rotate_motion"}, "title": "assign_matrix", "meta": {}, "body": "<section id=\"assign-matrix\">\n<h1>assign_matrix<a class=\"headerlink\" href=\"#assign-matrix\" title=\"Permalink to this heading\">#</a></h1>\n<dl class=\"py method\">\n<dt class=\"sig sig-object py\" id=\"pyaedt.Maxwell3d.assign_matrix\">\n<span class=\"sig-prename descclassname\"><span class=\"pre\">Maxwell3d.</span></span><span class=\"sig-name descname\"><span class=\"pre\">assign_matrix</span></span><span class=\"sig-paren\">(</span><em class=\"sig-param\"><span class=\"n\"><span class=\"pre\">sources</span></span></em>, <em class=\"sig-param\"><span class=\"n\"><span class=\"pre\">matrix_name</span></span><span class=\"o\"><span class=\"pre\">=</span></span><span class=\"default_value\"><span class=\"pre\">None</span></span></em>, <em class=\"sig-param\"><span class=\"n\"><span class=\"pre\">turns</span></span><span class=\"o\"><span class=\"pre\">=</span></span><span class=\"default_value\"><span class=\"pre\">None</span></span></em>, <em class=\"sig-param\"><span class=\"n\"><span class=\"pre\">return_path</span></span><span class=\"o\"><span class=\"pre\">=</span></span><span class=\"default_value\"><span class=\"pre\">None</span></span></em>, <em class=\"sig-param\"><span class=\"n\"><span class=\"pre\">group_sources</span></span><span class=\"o\"><span class=\"pre\">=</span></span><span class=\"default_value\"><span class=\"pre\">None</span></span></em>, <em class=\"sig-param\"><span class=\"n\"><span class=\"pre\">branches</span></span><span class=\"o\"><span class=\"pre\">=</span></span><span class=\"default_value\"><span class=\"pre\">None</span></span></em><span class=\"sig-paren\">)</span><a class=\"headerlink\" href=\"#pyaedt.Maxwell3d.assign_matrix\" title=\"Permalink to this definition\">#</a></dt>\n<dd><p>Assign a matrix to the selection.</p>\n<dl class=\"field-list\">\n<dt class=\"field-odd\">Parameters<span class=\"colon\">:</span></dt>\n<dd class=\"field-odd\"><dl>\n<dt><strong>sources</strong><span class=\"classifier\"><a class=\"reference external\" href=\"https://docs.python.org/dev/library/stdtypes.html#list\" title=\"(in Python v3.12)\"><code class=\"docutils literal notranslate\"><span class=\"pre\">list</span></code></a>, <a class=\"reference external\" href=\"https://docs.python.org/dev/library/stdtypes.html#str\" title=\"(in Python v3.12)\"><code class=\"docutils literal notranslate\"><span class=\"pre\">str</span></code></a></span></dt><dd><p>List of sources to assign a matrix to.</p>\n</dd>\n<dt><strong>matrix_name</strong><span class=\"classifier\"><a class=\"reference external\" href=\"https://docs.python.org/dev/library/stdtypes.html#str\" title=\"(in Python v3.12)\"><code class=\"docutils literal notranslate\"><span class=\"pre\">str</span></code></a>, <code class=\"xref py py-obj docutils literal notranslate\"><span class=\"pre\">optional</span></code></span></dt><dd><p>Name of the matrix. The default is <code class=\"docutils literal notranslate\"><span class=\"pre\">None</span></code>.</p>\n</dd>\n<dt><strong>turns</strong><span class=\"classifier\"><a class=\"reference external\" href=\"https://docs.python.org/dev/library/stdtypes.html#list\" title=\"(in Python v3.12)\"><code class=\"docutils literal notranslate\"><span class=\"pre\">list</span></code></a>, <a class=\"reference external\" href=\"https://docs.python.org/dev/library/functions.html#int\" title=\"(in Python v3.12)\"><code class=\"docutils literal notranslate\"><span class=\"pre\">int</span></code></a>, <code class=\"xref py py-obj docutils literal notranslate\"><span class=\"pre\">optional</span></code></span></dt><dd><p>Number of turns. The default is 1.</p>\n</dd>\n<dt><strong>return_path</strong><span class=\"classifier\"><a class=\"reference external\" href=\"https://docs.python.org/dev/library/stdtypes.html#list\" title=\"(in Python v3.12)\"><code class=\"docutils literal notranslate\"><span class=\"pre\">list</span></code></a>, <a class=\"reference external\" href=\"https://docs.python.org/dev/library/stdtypes.html#str\" title=\"(in Python v3.12)\"><code class=\"docutils literal notranslate\"><span class=\"pre\">str</span></code></a>, <code class=\"xref py py-obj docutils literal notranslate\"><span class=\"pre\">optional</span></code></span></dt><dd><p>Return path. The default is <code class=\"docutils literal notranslate\"><span class=\"pre\">infinite</span></code></p>\n</dd>\n<dt><strong>group_sources</strong><span class=\"classifier\"><a class=\"reference external\" href=\"https://docs.python.org/dev/library/stdtypes.html#dict\" title=\"(in Python v3.12)\"><code class=\"docutils literal notranslate\"><span class=\"pre\">dict</span></code></a>, <a class=\"reference external\" href=\"https://docs.python.org/dev/library/stdtypes.html#list\" title=\"(in Python v3.12)\"><code class=\"docutils literal notranslate\"><span class=\"pre\">list</span></code></a> <code class=\"xref py py-obj docutils literal notranslate\"><span class=\"pre\">optional</span></code></span></dt><dd><p>Dictionary consisting of <code class=\"docutils literal notranslate\"><span class=\"pre\">{Group</span> <span class=\"pre\">Name:</span> <span class=\"pre\">list</span> <span class=\"pre\">of</span> <span class=\"pre\">source</span> <span class=\"pre\">names}</span></code> to add\nmultiple groups. You can also define a list of strings. The default is <code class=\"docutils literal notranslate\"><span class=\"pre\">None</span></code>.</p>\n</dd>\n<dt><strong>branches</strong><span class=\"classifier\">: <a class=\"reference external\" href=\"https://docs.python.org/dev/library/stdtypes.html#list\" title=\"(in Python v3.12)\"><code class=\"docutils literal notranslate\"><span class=\"pre\">list</span></code></a>, <a class=\"reference external\" href=\"https://docs.python.org/dev/library/functions.html#int\" title=\"(in Python v3.12)\"><code class=\"docutils literal notranslate\"><span class=\"pre\">int</span></code></a>, <code class=\"xref py py-obj docutils literal notranslate\"><span class=\"pre\">optional</span></code></span></dt><dd><p>Number of branches. The default is <code class=\"docutils literal notranslate\"><span class=\"pre\">None</span></code>, which indicates that only one\nbranch exists.</p>\n</dd>\n</dl>\n</dd>\n<dt class=\"field-even\">Returns<span class=\"colon\">:</span></dt>\n<dd class=\"field-even\"><dl class=\"simple\">\n<dt><a class=\"reference internal\" href=\"../pyaedt.modules.Boundary.BoundaryObject/#pyaedt.modules.Boundary.BoundaryObject\" title=\"pyaedt.modules.Boundary.BoundaryObject\"><code class=\"xref py py-class docutils literal notranslate\"><span class=\"pre\">pyaedt.modules.Boundary.BoundaryObject</span></code></a></dt><dd><p>Boundary object.</p>\n</dd>\n</dl>\n</dd>\n</dl>\n<p class=\"rubric\">References</p>\n<div class=\"doctest highlight-default notranslate\"><div class=\"highlight\"><pre><span></span><span class=\"gp\">&gt;&gt;&gt; </span><span class=\"n\">oModule</span><span class=\"o\">.</span><span class=\"n\">AssignMatrix</span>\n</pre></div>\n</div>\n<p class=\"rubric\">Examples</p>\n<p>Set matrix in a Maxwell analysis.</p>\n<div class=\"doctest highlight-default notranslate\"><div class=\"highlight\"><pre><span></span><span class=\"gp\">&gt;&gt;&gt; </span><span class=\"n\">m2d</span> <span class=\"o\">=</span> <span class=\"n\">Maxwell2d</span><span class=\"p\">(</span><span class=\"n\">solution_type</span><span class=\"o\">=</span><span class=\"s2\">&quot;MagnetostaticXY&quot;</span><span class=\"p\">,</span> <span class=\"n\">close_on_exit</span><span class=\"o\">=</span><span class=\"kc\">True</span><span class=\"p\">,</span> <span class=\"n\">specified_version</span><span class=\"o\">=</span><span class=\"s2\">&quot;2022.1&quot;</span><span class=\"p\">)</span>\n<span class=\"gp\">&gt;&gt;&gt; </span><span class=\"n\">coil1</span> <span class=\"o\">=</span> <span class=\"n\">m2d</span><span class=\"o\">.</span><span class=\"n\">modeler</span><span class=\"o\">.</span><span class=\"n\">create_rectangle</span><span class=\"p\">([</span><span class=\"mi\">0</span><span class=\"p\">,</span> <span class=\"mf\">1.5</span><span class=\"p\">,</span> <span class=\"mi\">0</span><span class=\"p\">],</span> <span class=\"p\">[</span><span class=\"mi\">8</span><span class=\"p\">,</span> <span class=\"mi\">3</span><span class=\"p\">],</span> <span class=\"n\">is_covered</span><span class=\"o\">=</span><span class=\"kc\">True</span><span class=\"p\">,</span> <span class=\"n\">name</span><span class=\"o\">=</span><span class=\"s2\">&quot;Coil_1&quot;</span><span class=\"p\">)</span>\n<span class=\"gp\">&gt;&gt;&gt; </span><span class=\"n\">coil2</span> <span class=\"o\">=</span> <span class=\"n\">m2d</span><span class=\"o\">.</span><span class=\"n\">modeler</span><span class=\"o\">.</span><span class=\"n\">create_rectangle</span><span class=\"p\">([</span><span class=\"mf\">8.5</span><span class=\"p\">,</span> <span class=\"mf\">1.5</span><span class=\"p\">,</span> <span class=\"mi\">0</span><span class=\"p\">],</span> <span class=\"p\">[</span><span class=\"mi\">8</span><span class=\"p\">,</span> <span class=\"mi\">3</span><span class=\"p\">],</span> <span class=\"n\">is_covered</span><span class=\"o\">=</span><span class=\"kc\">True</span><span class=\"p\">,</span> <span class=\"n\">name</span><span class=\"o\">=</span><span class=\"s2\">&quot;Coil_2&quot;</span><span class=\"p\">)</span>\n<span class=\"gp\">&gt;&gt;&gt; </span><span class=\"n\">coil3</span> <span class=\"o\">=</span> <span class=\"n\">m2d</span><span class=\"o\">.</span><span class=\"n\">modeler</span><span class=\"o\">.</span><span class=\"n\">create_rectangle</span><span class=\"p\">([</span><span class=\"mi\">16</span><span class=\"p\">,</span> <span class=\"mf\">1.5</span><span class=\"p\">,</span> <span class=\"mi\">0</span><span class=\"p\">],</span> <span class=\"p\">[</span><span class=\"mi\">8</span><span class=\"p\">,</span> <span class=\"mi\">3</span><span class=\"p\">],</span> <span class=\"n\">is_covered</span><span class=\"o\">=</span><span class=\"kc\">True</span><span class=\"p\">,</span> <span class=\"n\">name</span><span class=\"o\">=</span><span class=\"s2\">&quot;Coil_3&quot;</span><span class=\"p\">)</span>\n<span class=\"gp\">&gt;&gt;&gt; </span><span class=\"n\">coil4</span> <span class=\"o\">=</span> <span class=\"n\">m2d</span><span class=\"o\">.</span><span class=\"n\">modeler</span><span class=\"o\">.</span><span class=\"n\">create_rectangle</span><span class=\"p\">([</span><span class=\"mi\">32</span><span class=\"p\">,</span> <span class=\"mf\">1.5</span><span class=\"p\">,</span> <span class=\"mi\">0</span><span class=\"p\">],</span> <span class=\"p\">[</span><span class=\"mi\">8</span><span class=\"p\">,</span> <span class=\"mi\">3</span><span class=\"p\">],</span> <span class=\"n\">is_covered</span><span class=\"o\">=</span><span class=\"kc\">True</span><span class=\"p\">,</span> <span class=\"n\">name</span><span class=\"o\">=</span><span class=\"s2\">&quot;Coil_4&quot;</span><span class=\"p\">)</span>\n<span class=\"gp\">&gt;&gt;&gt; </span><span class=\"n\">current1</span> <span class=\"o\">=</span> <span class=\"n\">m2d</span><span class=\"o\">.</span><span class=\"n\">assign_current</span><span class=\"p\">(</span><span class=\"s2\">&quot;Coil_1&quot;</span><span class=\"p\">,</span> <span class=\"n\">amplitude</span><span class=\"o\">=</span><span class=\"mi\">1</span><span class=\"p\">,</span> <span class=\"n\">swap_direction</span><span class=\"o\">=</span><span class=\"kc\">False</span><span class=\"p\">,</span> <span class=\"n\">name</span><span class=\"o\">=</span><span class=\"s2\">&quot;Current1&quot;</span><span class=\"p\">)</span>\n<span class=\"gp\">&gt;&gt;&gt; </span><span class=\"n\">current2</span> <span class=\"o\">=</span> <span class=\"n\">m2d</span><span class=\"o\">.</span><span class=\"n\">assign_current</span><span class=\"p\">(</span><span class=\"s2\">&quot;Coil_2&quot;</span><span class=\"p\">,</span> <span class=\"n\">amplitude</span><span class=\"o\">=</span><span class=\"mi\">1</span><span class=\"p\">,</span> <span class=\"n\">swap_direction</span><span class=\"o\">=</span><span class=\"kc\">True</span><span class=\"p\">,</span> <span class=\"n\">name</span><span class=\"o\">=</span><span class=\"s2\">&quot;Current2&quot;</span><span class=\"p\">)</span>\n<span class=\"gp\">&gt;&gt;&gt; </span><span class=\"n\">current3</span> <span class=\"o\">=</span> <span class=\"n\">m2d</span><span class=\"o\">.</span><span class=\"n\">assign_current</span><span class=\"p\">(</span><span class=\"s2\">&quot;Coil_3&quot;</span><span class=\"p\">,</span> <span class=\"n\">amplitude</span><span class=\"o\">=</span><span class=\"mi\">1</span><span class=\"p\">,</span> <span class=\"n\">swap_direction</span><span class=\"o\">=</span><span class=\"kc\">True</span><span class=\"p\">,</span> <span class=\"n\">name</span><span class=\"o\">=</span><span class=\"s2\">&quot;Current3&quot;</span><span class=\"p\">)</span>\n<span class=\"gp\">&gt;&gt;&gt; </span><span class=\"n\">current4</span> <span class=\"o\">=</span> <span class=\"n\">m2d</span><span class=\"o\">.</span><span class=\"n\">assign_current</span><span class=\"p\">(</span><span class=\"s2\">&quot;Coil_4&quot;</span><span class=\"p\">,</span> <span class=\"n\">amplitude</span><span class=\"o\">=</span><span class=\"mi\">1</span><span class=\"p\">,</span> <span class=\"n\">swap_direction</span><span class=\"o\">=</span><span class=\"kc\">True</span><span class=\"p\">,</span> <span class=\"n\">name</span><span class=\"o\">=</span><span class=\"s2\">&quot;Current4&quot;</span><span class=\"p\">)</span>\n<span class=\"gp\">&gt;&gt;&gt; </span><span class=\"n\">group_sources</span> <span class=\"o\">=</span> <span class=\"p\">{</span><span class=\"s2\">&quot;Group1_Test&quot;</span><span class=\"p\">:</span> <span class=\"p\">[</span><span class=\"s2\">&quot;Current1&quot;</span><span class=\"p\">,</span> <span class=\"s2\">&quot;Current3&quot;</span><span class=\"p\">],</span> <span class=\"s2\">&quot;Group2_Test&quot;</span><span class=\"p\">:</span> <span class=\"p\">[</span><span class=\"s2\">&quot;Current2&quot;</span><span class=\"p\">,</span> <span class=\"s2\">&quot;Current4&quot;</span><span class=\"p\">]}</span>\n<span class=\"gp\">&gt;&gt;&gt; </span><span class=\"n\">selection</span> <span class=\"o\">=</span> <span class=\"p\">[</span><span class=\"s1\">&#39;Current1&#39;</span><span class=\"p\">,</span> <span class=\"s1\">&#39;Current2&#39;</span><span class=\"p\">,</span> <span class=\"s1\">&#39;Current3&#39;</span><span class=\"p\">,</span> <span class=\"s1\">&#39;Current4&#39;</span><span class=\"p\">]</span>\n<span class=\"gp\">&gt;&gt;&gt; </span><span class=\"n\">turns</span> <span class=\"o\">=</span> <span class=\"p\">[</span><span class=\"mi\">5</span><span class=\"p\">,</span> <span class=\"mi\">1</span><span class=\"p\">,</span> <span class=\"mi\">2</span><span class=\"p\">,</span> <span class=\"mi\">3</span><span class=\"p\">]</span>\n<span class=\"gp\">&gt;&gt;&gt; </span><span class=\"n\">L</span> <span class=\"o\">=</span> <span class=\"n\">m2d</span><span class=\"o\">.</span><span class=\"n\">assign_matrix</span><span class=\"p\">(</span><span class=\"n\">sources</span><span class=\"o\">=</span><span class=\"n\">selection</span><span class=\"p\">,</span> <span class=\"n\">matrix_name</span><span class=\"o\">=</span><span class=\"s2\">&quot;Test2&quot;</span><span class=\"p\">,</span> <span class=\"n\">turns</span><span class=\"o\">=</span><span class=\"n\">turns</span><span class=\"p\">,</span> <span class=\"n\">group_sources</span><span class=\"o\">=</span><span class=\"n\">group_sources</span><span class=\"p\">)</span>\n</pre></div>\n</div>\n</dd></dl>\n\n</section>\n", "metatags": "<meta name=\"generator\" content=\"Docutils 0.19: https://docutils.sourceforge.io/\" />\n", "rellinks": [["genindex", "General Index", "I", "index"], ["py-modindex", "Python Module Index", "", "modules"], ["API/_autosummary/pyaedt.Maxwell3d.assign_rotate_motion", "assign_rotate_motion", "N", "next"], ["API/_autosummary/pyaedt.Maxwell3d.assign_material", "assign_material", "P", "previous"]], "sourcename": "API/_autosummary/pyaedt.Maxwell3d.assign_matrix.rst.txt", "toc": "<ul>\n<li><a class=\"reference internal\" href=\"#\">assign_matrix</a><ul>\n<li><a class=\"reference internal\" href=\"#pyaedt.Maxwell3d.assign_matrix\"><code class=\"docutils literal notranslate\"><span class=\"pre\">Maxwell3d.assign_matrix()</span></code></a></li>\n</ul>\n</li>\n</ul>\n", "display_toc": true, "page_source_suffix": ".rst", "current_page_name": "API/_autosummary/pyaedt.Maxwell3d.assign_matrix", "sidebars": ["search-field.html", "sidebar-nav-bs.html"], "customsidebar": null, "favicon_url": null, "logo_url": null, "alabaster_version": "0.7.12", "theme_show_toc_level": 1, "theme_logo": {}}