{"parents": [{"link": "../../", "title": "API reference"}, {"link": "../../Application/", "title": "AEDT apps"}, {"link": "../pyaedt.Maxwell2d/", "title": "pyaedt.Maxwell2d"}], "prev": {"link": "../pyaedt.Maxwell2d.omodelsetup/", "title": "omodelsetup"}, "next": {"link": "../pyaedt.Maxwell2d.ooptimetrics/", "title": "ooptimetrics"}, "title": "omonitor", "meta": {}, "body": "<section id=\"omonitor\">\n<h1>omonitor<a class=\"headerlink\" href=\"#omonitor\" title=\"Permalink to this heading\">#</a></h1>\n<dl class=\"py property\">\n<dt class=\"sig sig-object py\" id=\"pyaedt.Maxwell2d.omonitor\">\n<em class=\"property\"><span class=\"pre\">property</span><span class=\"w\"> </span></em><span class=\"sig-prename descclassname\"><span class=\"pre\">Maxwell2d.</span></span><span class=\"sig-name descname\"><span class=\"pre\">omonitor</span></span><a class=\"headerlink\" href=\"#pyaedt.Maxwell2d.omonitor\" title=\"Permalink to this definition\">#</a></dt>\n<dd><p>AEDT Monitor Object.</p>\n</dd></dl>\n\n</section>\n", "metatags": "<meta name=\"generator\" content=\"Docutils 0.19: https://docutils.sourceforge.io/\" />\n", "rellinks": [["genindex", "General Index", "I", "index"], ["py-modindex", "Python Module Index", "", "modules"], ["API/_autosummary/pyaedt.Maxwell2d.ooptimetrics", "ooptimetrics", "N", "next"], ["API/_autosummary/pyaedt.Maxwell2d.omodelsetup", "omodelsetup", "P", "previous"]], "sourcename": "API/_autosummary/pyaedt.Maxwell2d.omonitor.rst.txt", "toc": "<ul>\n<li><a class=\"reference internal\" href=\"#\">omonitor</a><ul>\n<li><a class=\"reference internal\" href=\"#pyaedt.Maxwell2d.omonitor\"><code class=\"docutils literal notranslate\"><span class=\"pre\">Maxwell2d.omonitor</span></code></a></li>\n</ul>\n</li>\n</ul>\n", "display_toc": true, "page_source_suffix": ".rst", "current_page_name": "API/_autosummary/pyaedt.Maxwell2d.omonitor", "sidebars": ["search-field.html", "sidebar-nav-bs.html"], "customsidebar": null, "favicon_url": null, "logo_url": null, "alabaster_version": "0.7.12", "theme_show_toc_level": 1, "theme_logo": {}}