{"parents": [{"link": "../../", "title": "API reference"}, {"link": "../../Primitives/", "title": "Modeler and  primitives"}, {"link": "../pyaedt.modeler.Model2D.Modeler2D/", "title": "pyaedt.modeler.Model2D.Modeler2D"}], "prev": {"link": "../pyaedt.modeler.Model2D.Modeler2D.sweep_along_normal/", "title": "sweep_along_normal"}, "next": {"link": "../pyaedt.modeler.Model2D.Modeler2D.sweep_along_vector/", "title": "sweep_along_vector"}, "title": "sweep_along_path", "meta": {}, "body": "<section id=\"sweep-along-path\">\n<h1>sweep_along_path<a class=\"headerlink\" href=\"#sweep-along-path\" title=\"Permalink to this heading\">#</a></h1>\n<dl class=\"py method\">\n<dt class=\"sig sig-object py\" id=\"pyaedt.modeler.Model2D.Modeler2D.sweep_along_path\">\n<span class=\"sig-prename descclassname\"><span class=\"pre\">Modeler2D.</span></span><span class=\"sig-name descname\"><span class=\"pre\">sweep_along_path</span></span><span class=\"sig-paren\">(</span><em class=\"sig-param\"><span class=\"n\"><span class=\"pre\">objid</span></span></em>, <em class=\"sig-param\"><span class=\"n\"><span class=\"pre\">sweep_object</span></span></em>, <em class=\"sig-param\"><span class=\"n\"><span class=\"pre\">draft_angle</span></span><span class=\"o\"><span class=\"pre\">=</span></span><span class=\"default_value\"><span class=\"pre\">0</span></span></em>, <em class=\"sig-param\"><span class=\"n\"><span class=\"pre\">draft_type</span></span><span class=\"o\"><span class=\"pre\">=</span></span><span class=\"default_value\"><span class=\"pre\">'Round'</span></span></em>, <em class=\"sig-param\"><span class=\"n\"><span class=\"pre\">is_check_face_intersection</span></span><span class=\"o\"><span class=\"pre\">=</span></span><span class=\"default_value\"><span class=\"pre\">False</span></span></em>, <em class=\"sig-param\"><span class=\"n\"><span class=\"pre\">twist_angle</span></span><span class=\"o\"><span class=\"pre\">=</span></span><span class=\"default_value\"><span class=\"pre\">0</span></span></em><span class=\"sig-paren\">)</span><a class=\"headerlink\" href=\"#pyaedt.modeler.Model2D.Modeler2D.sweep_along_path\" title=\"Permalink to this definition\">#</a></dt>\n<dd><p>Sweep the selection along a path.</p>\n<dl class=\"field-list\">\n<dt class=\"field-odd\">Parameters<span class=\"colon\">:</span></dt>\n<dd class=\"field-odd\"><dl>\n<dt><strong>objid</strong><span class=\"classifier\"><a class=\"reference external\" href=\"https://docs.python.org/dev/library/stdtypes.html#list\" title=\"(in Python v3.12)\"><code class=\"docutils literal notranslate\"><span class=\"pre\">list</span></code></a>, <a class=\"reference external\" href=\"https://docs.python.org/dev/library/stdtypes.html#str\" title=\"(in Python v3.12)\"><code class=\"docutils literal notranslate\"><span class=\"pre\">str</span></code></a>, <a class=\"reference external\" href=\"https://docs.python.org/dev/library/functions.html#int\" title=\"(in Python v3.12)\"><code class=\"docutils literal notranslate\"><span class=\"pre\">int</span></code></a>, <a class=\"reference internal\" href=\"../pyaedt.modeler.Object3d.Object3d/#pyaedt.modeler.Object3d.Object3d\" title=\"pyaedt.modeler.Object3d.Object3d\"><code class=\"xref py py-class docutils literal notranslate\"><span class=\"pre\">pyaedt.modeler.Object3d.Object3d</span></code></a></span></dt><dd><p>Name or ID of the object.</p>\n</dd>\n<dt><strong>sweep_object</strong><span class=\"classifier\"><a class=\"reference external\" href=\"https://docs.python.org/dev/library/stdtypes.html#str\" title=\"(in Python v3.12)\"><code class=\"docutils literal notranslate\"><span class=\"pre\">str</span></code></a>, <a class=\"reference external\" href=\"https://docs.python.org/dev/library/functions.html#int\" title=\"(in Python v3.12)\"><code class=\"docutils literal notranslate\"><span class=\"pre\">int</span></code></a></span></dt><dd><p>Name or ID of the sweep.</p>\n</dd>\n<dt><strong>draft_angle</strong><span class=\"classifier\"><a class=\"reference external\" href=\"https://docs.python.org/dev/library/functions.html#float\" title=\"(in Python v3.12)\"><code class=\"docutils literal notranslate\"><span class=\"pre\">float</span></code></a>, <code class=\"xref py py-obj docutils literal notranslate\"><span class=\"pre\">optional</span></code></span></dt><dd><p>Draft angle in degrees. The default is <code class=\"docutils literal notranslate\"><span class=\"pre\">0</span></code>.</p>\n</dd>\n<dt><strong>draft_type</strong><span class=\"classifier\"><a class=\"reference external\" href=\"https://docs.python.org/dev/library/stdtypes.html#str\" title=\"(in Python v3.12)\"><code class=\"docutils literal notranslate\"><span class=\"pre\">str</span></code></a></span></dt><dd><p>Type of the draft. Options are <code class=\"docutils literal notranslate\"><span class=\"pre\">&quot;Round&quot;</span></code>, <code class=\"docutils literal notranslate\"><span class=\"pre\">&quot;Natural&quot;</span></code>,\nand <code class=\"docutils literal notranslate\"><span class=\"pre\">&quot;Extended&quot;</span></code>. The default is <code class=\"docutils literal notranslate\"><span class=\"pre\">&quot;Round&quot;</span></code>.</p>\n</dd>\n<dt><strong>is_check_face_intersection</strong><span class=\"classifier\"><a class=\"reference external\" href=\"https://docs.python.org/dev/library/stdtypes.html#bltin-boolean-values\" title=\"(in Python v3.12)\"><span class=\"xref std std-ref\">bool</span></a>, <code class=\"xref py py-obj docutils literal notranslate\"><span class=\"pre\">optional</span></code></span></dt><dd><p>The default is <code class=\"docutils literal notranslate\"><span class=\"pre\">False</span></code>.</p>\n</dd>\n<dt><strong>twist_angle</strong><span class=\"classifier\"><a class=\"reference external\" href=\"https://docs.python.org/dev/library/functions.html#float\" title=\"(in Python v3.12)\"><code class=\"docutils literal notranslate\"><span class=\"pre\">float</span></code></a>, <code class=\"xref py py-obj docutils literal notranslate\"><span class=\"pre\">optional</span></code></span></dt><dd><p>Twist angle in degrees. The default is <code class=\"docutils literal notranslate\"><span class=\"pre\">0</span></code>.</p>\n</dd>\n</dl>\n</dd>\n<dt class=\"field-even\">Returns<span class=\"colon\">:</span></dt>\n<dd class=\"field-even\"><dl class=\"simple\">\n<dt><a class=\"reference external\" href=\"https://docs.python.org/dev/library/stdtypes.html#bltin-boolean-values\" title=\"(in Python v3.12)\"><span class=\"xref std std-ref\">bool</span></a></dt><dd><p><code class=\"docutils literal notranslate\"><span class=\"pre\">True</span></code> when successful, <code class=\"docutils literal notranslate\"><span class=\"pre\">False</span></code> when failed.</p>\n</dd>\n</dl>\n</dd>\n</dl>\n<p class=\"rubric\">References</p>\n<div class=\"doctest highlight-default notranslate\"><div class=\"highlight\"><pre><span></span><span class=\"gp\">&gt;&gt;&gt; </span><span class=\"n\">oEditor</span><span class=\"o\">.</span><span class=\"n\">SweepAlongPath</span>\n</pre></div>\n</div>\n</dd></dl>\n\n</section>\n", "metatags": "<meta name=\"generator\" content=\"Docutils 0.19: https://docutils.sourceforge.io/\" />\n", "rellinks": [["genindex", "General Index", "I", "index"], ["py-modindex", "Python Module Index", "", "modules"], ["API/_autosummary/pyaedt.modeler.Model2D.Modeler2D.sweep_along_vector", "sweep_along_vector", "N", "next"], ["API/_autosummary/pyaedt.modeler.Model2D.Modeler2D.sweep_along_normal", "sweep_along_normal", "P", "previous"]], "sourcename": "API/_autosummary/pyaedt.modeler.Model2D.Modeler2D.sweep_along_path.rst.txt", "toc": "<ul>\n<li><a class=\"reference internal\" href=\"#\">sweep_along_path</a><ul>\n<li><a class=\"reference internal\" href=\"#pyaedt.modeler.Model2D.Modeler2D.sweep_along_path\"><code class=\"docutils literal notranslate\"><span class=\"pre\">Modeler2D.sweep_along_path()</span></code></a></li>\n</ul>\n</li>\n</ul>\n", "display_toc": true, "page_source_suffix": ".rst", "current_page_name": "API/_autosummary/pyaedt.modeler.Model2D.Modeler2D.sweep_along_path", "sidebars": ["search-field.html", "sidebar-nav-bs.html"], "customsidebar": null, "favicon_url": null, "logo_url": null, "alabaster_version": "0.7.12", "theme_show_toc_level": 1, "theme_logo": {}}