{"parents": [{"link": "../../", "title": "API reference"}, {"link": "../../CoreEdb/", "title": "EDB editor"}, {"link": "../pyaedt.Edb/", "title": "pyaedt.Edb"}], "prev": {"link": "../pyaedt.Edb.write_export3d_option_config_file/", "title": "write_export3d_option_config_file"}, "next": {"link": "../pyaedt.Edb.active_layout/", "title": "active_layout"}, "title": "active_cell", "meta": {}, "body": "<section id=\"active-cell\">\n<h1>active_cell<a class=\"headerlink\" href=\"#active-cell\" title=\"Permalink to this heading\">#</a></h1>\n<dl class=\"py property\">\n<dt class=\"sig sig-object py\" id=\"pyaedt.Edb.active_cell\">\n<em class=\"property\"><span class=\"pre\">property</span><span class=\"w\"> </span></em><span class=\"sig-prename descclassname\"><span class=\"pre\">Edb.</span></span><span class=\"sig-name descname\"><span class=\"pre\">active_cell</span></span><a class=\"headerlink\" href=\"#pyaedt.Edb.active_cell\" title=\"Permalink to this definition\">#</a></dt>\n<dd><p>Active cell.</p>\n</dd></dl>\n\n</section>\n", "metatags": "<meta name=\"generator\" content=\"Docutils 0.19: https://docutils.sourceforge.io/\" />\n", "rellinks": [["genindex", "General Index", "I", "index"], ["py-modindex", "Python Module Index", "", "modules"], ["API/_autosummary/pyaedt.Edb.active_layout", "active_layout", "N", "next"], ["API/_autosummary/pyaedt.Edb.write_export3d_option_config_file", "write_export3d_option_config_file", "P", "previous"]], "sourcename": "API/_autosummary/pyaedt.Edb.active_cell.rst.txt", "toc": "<ul>\n<li><a class=\"reference internal\" href=\"#\">active_cell</a><ul>\n<li><a class=\"reference internal\" href=\"#pyaedt.Edb.active_cell\"><code class=\"docutils literal notranslate\"><span class=\"pre\">Edb.active_cell</span></code></a></li>\n</ul>\n</li>\n</ul>\n", "display_toc": true, "page_source_suffix": ".rst", "current_page_name": "API/_autosummary/pyaedt.Edb.active_cell", "sidebars": ["search-field.html", "sidebar-nav-bs.html"], "customsidebar": null, "favicon_url": null, "logo_url": null, "alabaster_version": "0.7.12", "theme_show_toc_level": 1, "theme_logo": {}}