{"parents": [{"link": "../../", "title": "API reference"}, {"link": "../../Setup/", "title": "Setup"}, {"link": "../pyaedt.modules.SetupTemplates.SweepHFSS3DLayout/", "title": "pyaedt.modules.SetupTemplates.SweepHFSS3DLayout"}], "prev": {"link": "../pyaedt.modules.SetupTemplates.SweepHFSS3DLayout.change_range/", "title": "change_range"}, "next": {"link": "../pyaedt.modules.SetupTemplates.SweepHFSS3DLayout.create/", "title": "create"}, "title": "change_type", "meta": {}, "body": "<section id=\"change-type\">\n<h1>change_type<a class=\"headerlink\" href=\"#change-type\" title=\"Permalink to this heading\">#</a></h1>\n<dl class=\"py method\">\n<dt class=\"sig sig-object py\" id=\"pyaedt.modules.SetupTemplates.SweepHFSS3DLayout.change_type\">\n<span class=\"sig-prename descclassname\"><span class=\"pre\">SweepHFSS3DLayout.</span></span><span class=\"sig-name descname\"><span class=\"pre\">change_type</span></span><span class=\"sig-paren\">(</span><em class=\"sig-param\"><span class=\"n\"><span class=\"pre\">sweeptype</span></span></em><span class=\"sig-paren\">)</span><a class=\"reference internal\" href=\"../../../_modules/pyaedt/modules/SetupTemplates/#SweepHFSS3DLayout.change_type\"><span class=\"viewcode-link\"><span class=\"pre\">[source]</span></span></a><a class=\"headerlink\" href=\"#pyaedt.modules.SetupTemplates.SweepHFSS3DLayout.change_type\" title=\"Permalink to this definition\">#</a></dt>\n<dd><p>Change the type of the sweep.</p>\n<dl class=\"field-list\">\n<dt class=\"field-odd\">Parameters<span class=\"colon\">:</span></dt>\n<dd class=\"field-odd\"><dl>\n<dt><strong>sweeptype</strong><span class=\"classifier\"><a class=\"reference external\" href=\"https://docs.python.org/dev/library/stdtypes.html#str\" title=\"(in Python v3.12)\"><code class=\"docutils literal notranslate\"><span class=\"pre\">str</span></code></a></span></dt><dd><p>Type of the sweep. Options are <code class=\"docutils literal notranslate\"><span class=\"pre\">&quot;Interpolating&quot;</span></code> and <code class=\"docutils literal notranslate\"><span class=\"pre\">&quot;Discrete&quot;</span></code>.\nThe default is <code class=\"docutils literal notranslate\"><span class=\"pre\">&quot;Interpolating&quot;</span></code>.</p>\n</dd>\n</dl>\n</dd>\n<dt class=\"field-even\">Returns<span class=\"colon\">:</span></dt>\n<dd class=\"field-even\"><dl class=\"simple\">\n<dt><a class=\"reference external\" href=\"https://docs.python.org/dev/library/stdtypes.html#bltin-boolean-values\" title=\"(in Python v3.12)\"><span class=\"xref std std-ref\">bool</span></a></dt><dd><p><code class=\"docutils literal notranslate\"><span class=\"pre\">True</span></code> when successful, <code class=\"docutils literal notranslate\"><span class=\"pre\">False</span></code> when failed.</p>\n</dd>\n</dl>\n</dd>\n</dl>\n</dd></dl>\n\n</section>\n", "metatags": "<meta name=\"generator\" content=\"Docutils 0.19: https://docutils.sourceforge.io/\" />\n", "rellinks": [["genindex", "General Index", "I", "index"], ["py-modindex", "Python Module Index", "", "modules"], ["API/_autosummary/pyaedt.modules.SetupTemplates.SweepHFSS3DLayout.create", "create", "N", "next"], ["API/_autosummary/pyaedt.modules.SetupTemplates.SweepHFSS3DLayout.change_range", "change_range", "P", "previous"]], "sourcename": "API/_autosummary/pyaedt.modules.SetupTemplates.SweepHFSS3DLayout.change_type.rst.txt", "toc": "<ul>\n<li><a class=\"reference internal\" href=\"#\">change_type</a><ul>\n<li><a class=\"reference internal\" href=\"#pyaedt.modules.SetupTemplates.SweepHFSS3DLayout.change_type\"><code class=\"docutils literal notranslate\"><span class=\"pre\">SweepHFSS3DLayout.change_type()</span></code></a></li>\n</ul>\n</li>\n</ul>\n", "display_toc": true, "page_source_suffix": ".rst", "current_page_name": "API/_autosummary/pyaedt.modules.SetupTemplates.SweepHFSS3DLayout.change_type", "sidebars": ["search-field.html", "sidebar-nav-bs.html"], "customsidebar": null, "favicon_url": null, "logo_url": null, "alabaster_version": "0.7.12", "theme_show_toc_level": 1, "theme_logo": {}}