{"parents": [{"link": "../../", "title": "API reference"}, {"link": "../../Application/", "title": "AEDT apps"}, {"link": "../pyaedt.Hfss/", "title": "pyaedt.Hfss"}], "prev": {"link": "../pyaedt.Hfss.set_export_touchstone/", "title": "set_export_touchstone"}, "next": {"link": "../pyaedt.Hfss.set_material_threshold/", "title": "set_material_threshold"}, "title": "set_license_type", "meta": {}, "body": "<section id=\"set-license-type\">\n<h1>set_license_type<a class=\"headerlink\" href=\"#set-license-type\" title=\"Permalink to this heading\">#</a></h1>\n<dl class=\"py method\">\n<dt class=\"sig sig-object py\" id=\"pyaedt.Hfss.set_license_type\">\n<span class=\"sig-prename descclassname\"><span class=\"pre\">Hfss.</span></span><span class=\"sig-name descname\"><span class=\"pre\">set_license_type</span></span><span class=\"sig-paren\">(</span><em class=\"sig-param\"><span class=\"n\"><span class=\"pre\">license_type</span></span><span class=\"o\"><span class=\"pre\">=</span></span><span class=\"default_value\"><span class=\"pre\">'Pool'</span></span></em><span class=\"sig-paren\">)</span><a class=\"headerlink\" href=\"#pyaedt.Hfss.set_license_type\" title=\"Permalink to this definition\">#</a></dt>\n<dd><p>Change the license type between <code class=\"docutils literal notranslate\"><span class=\"pre\">&quot;Pack&quot;</span></code> and <code class=\"docutils literal notranslate\"><span class=\"pre\">&quot;Pool&quot;</span></code>.</p>\n<dl class=\"field-list\">\n<dt class=\"field-odd\">Parameters<span class=\"colon\">:</span></dt>\n<dd class=\"field-odd\"><dl>\n<dt><strong>license_type</strong><span class=\"classifier\"><a class=\"reference external\" href=\"https://docs.python.org/dev/library/stdtypes.html#str\" title=\"(in Python v3.12)\"><code class=\"docutils literal notranslate\"><span class=\"pre\">str</span></code></a>, <code class=\"xref py py-obj docutils literal notranslate\"><span class=\"pre\">optional</span></code></span></dt><dd><p>Type of license type, which can be either <code class=\"docutils literal notranslate\"><span class=\"pre\">&quot;Pack&quot;</span></code> or <code class=\"docutils literal notranslate\"><span class=\"pre\">&quot;Pool&quot;</span></code>.</p>\n</dd>\n</dl>\n</dd>\n<dt class=\"field-even\">Returns<span class=\"colon\">:</span></dt>\n<dd class=\"field-even\"><dl>\n<dt><a class=\"reference external\" href=\"https://docs.python.org/dev/library/stdtypes.html#bltin-boolean-values\" title=\"(in Python v3.12)\"><span class=\"xref std std-ref\">bool</span></a></dt><dd><p><code class=\"docutils literal notranslate\"><span class=\"pre\">True</span></code>.</p>\n<div class=\"admonition note\">\n<p class=\"admonition-title\">Note</p>\n<p>Because of an API limitation, the command returns <code class=\"docutils literal notranslate\"><span class=\"pre\">True</span></code> even when the key is wrong.</p>\n</div>\n</dd>\n</dl>\n</dd>\n</dl>\n<p class=\"rubric\">References</p>\n<div class=\"doctest highlight-default notranslate\"><div class=\"highlight\"><pre><span></span><span class=\"gp\">&gt;&gt;&gt; </span><span class=\"n\">oDesktop</span><span class=\"o\">.</span><span class=\"n\">SetRegistryString</span>\n</pre></div>\n</div>\n</dd></dl>\n\n</section>\n", "metatags": "<meta name=\"generator\" content=\"Docutils 0.19: https://docutils.sourceforge.io/\" />\n", "rellinks": [["genindex", "General Index", "I", "index"], ["py-modindex", "Python Module Index", "", "modules"], ["API/_autosummary/pyaedt.Hfss.set_material_threshold", "set_material_threshold", "N", "next"], ["API/_autosummary/pyaedt.Hfss.set_export_touchstone", "set_export_touchstone", "P", "previous"]], "sourcename": "API/_autosummary/pyaedt.Hfss.set_license_type.rst.txt", "toc": "<ul>\n<li><a class=\"reference internal\" href=\"#\">set_license_type</a><ul>\n<li><a class=\"reference internal\" href=\"#pyaedt.Hfss.set_license_type\"><code class=\"docutils literal notranslate\"><span class=\"pre\">Hfss.set_license_type()</span></code></a></li>\n</ul>\n</li>\n</ul>\n", "display_toc": true, "page_source_suffix": ".rst", "current_page_name": "API/_autosummary/pyaedt.Hfss.set_license_type", "sidebars": ["search-field.html", "sidebar-nav-bs.html"], "customsidebar": null, "favicon_url": null, "logo_url": null, "alabaster_version": "0.7.12", "theme_show_toc_level": 1, "theme_logo": {}}