{"parents": [{"link": "../../", "title": "API reference"}, {"link": "../../Primitives/", "title": "Modeler and  primitives"}], "prev": {"link": "../pyaedt.modeler.PrimitivesNexxim.NexximComponents.version/", "title": "version"}, "next": {"link": "../pyaedt.modeler.PrimitivesTwinBuilder.TwinBuilderComponents.add_id_to_component/", "title": "add_id_to_component"}, "title": "pyaedt.modeler.PrimitivesTwinBuilder.TwinBuilderComponents", "meta": {}, "body": "<section id=\"pyaedt-modeler-primitivestwinbuilder-twinbuildercomponents\">\n<h1>pyaedt.modeler.PrimitivesTwinBuilder.TwinBuilderComponents<a class=\"headerlink\" href=\"#pyaedt-modeler-primitivestwinbuilder-twinbuildercomponents\" title=\"Permalink to this heading\">#</a></h1>\n<dl class=\"py class\">\n<dt class=\"sig sig-object py\" id=\"pyaedt.modeler.PrimitivesTwinBuilder.TwinBuilderComponents\">\n<em class=\"property\"><span class=\"pre\">class</span><span class=\"w\"> </span></em><span class=\"sig-prename descclassname\"><span class=\"pre\">pyaedt.modeler.PrimitivesTwinBuilder.</span></span><span class=\"sig-name descname\"><span class=\"pre\">TwinBuilderComponents</span></span><span class=\"sig-paren\">(</span><em class=\"sig-param\"><span class=\"n\"><span class=\"pre\">modeler</span></span></em><span class=\"sig-paren\">)</span><a class=\"reference internal\" href=\"../../../_modules/pyaedt/modeler/PrimitivesTwinBuilder/#TwinBuilderComponents\"><span class=\"viewcode-link\"><span class=\"pre\">[source]</span></span></a><a class=\"headerlink\" href=\"#pyaedt.modeler.PrimitivesTwinBuilder.TwinBuilderComponents\" title=\"Permalink to this definition\">#</a></dt>\n<dd><p>TwinBuilderComponents class.</p>\n<p>This class is for managing all circuit components for Twin Builder.</p>\n<dl class=\"field-list simple\">\n<dt class=\"field-odd\">Parameters<span class=\"colon\">:</span></dt>\n<dd class=\"field-odd\"><dl class=\"simple\">\n<dt><strong>parent</strong></dt><dd></dd>\n<dt><strong>modeler</strong></dt><dd></dd>\n</dl>\n</dd>\n</dl>\n<p class=\"rubric\">Examples</p>\n<p>Basic usage demonstrated with a Twin Builder design:</p>\n<div class=\"doctest highlight-default notranslate\"><div class=\"highlight\"><pre><span></span><span class=\"gp\">&gt;&gt;&gt; </span><span class=\"kn\">from</span> <span class=\"nn\">pyaedt</span> <span class=\"kn\">import</span> <span class=\"n\">Twin</span> <span class=\"n\">Builder</span>\n<span class=\"gp\">&gt;&gt;&gt; </span><span class=\"n\">aedtapp</span> <span class=\"o\">=</span> <span class=\"n\">TwinBuilder</span><span class=\"p\">()</span>\n<span class=\"gp\">&gt;&gt;&gt; </span><span class=\"n\">prim</span> <span class=\"o\">=</span> <span class=\"n\">aedtapp</span><span class=\"o\">.</span><span class=\"n\">modeler</span><span class=\"o\">.</span><span class=\"n\">schematic</span>\n</pre></div>\n</div>\n<p class=\"rubric\">Methods</p>\n<table class=\"autosummary longtable docutils align-default\">\n<tbody>\n<tr class=\"row-odd\"><td><p><a class=\"reference internal\" href=\"../pyaedt.modeler.PrimitivesTwinBuilder.TwinBuilderComponents.add_id_to_component/#pyaedt.modeler.PrimitivesTwinBuilder.TwinBuilderComponents.add_id_to_component\" title=\"pyaedt.modeler.PrimitivesTwinBuilder.TwinBuilderComponents.add_id_to_component\"><code class=\"xref py py-obj docutils literal notranslate\"><span class=\"pre\">TwinBuilderComponents.add_id_to_component</span></code></a>(id)</p></td>\n<td><p>Add an ID to a component.</p></td>\n</tr>\n<tr class=\"row-even\"><td><p><a class=\"reference internal\" href=\"../pyaedt.modeler.PrimitivesTwinBuilder.TwinBuilderComponents.add_pin_iports/#pyaedt.modeler.PrimitivesTwinBuilder.TwinBuilderComponents.add_pin_iports\" title=\"pyaedt.modeler.PrimitivesTwinBuilder.TwinBuilderComponents.add_pin_iports\"><code class=\"xref py py-obj docutils literal notranslate\"><span class=\"pre\">TwinBuilderComponents.add_pin_iports</span></code></a>(name,\u00a0...)</p></td>\n<td><p>Add ports on pins.</p></td>\n</tr>\n<tr class=\"row-odd\"><td><p><a class=\"reference internal\" href=\"../pyaedt.modeler.PrimitivesTwinBuilder.TwinBuilderComponents.arg_with_dim/#pyaedt.modeler.PrimitivesTwinBuilder.TwinBuilderComponents.arg_with_dim\" title=\"pyaedt.modeler.PrimitivesTwinBuilder.TwinBuilderComponents.arg_with_dim\"><code class=\"xref py py-obj docutils literal notranslate\"><span class=\"pre\">TwinBuilderComponents.arg_with_dim</span></code></a>(Value[,\u00a0...])</p></td>\n<td><p>Format an argument with dimensions.</p></td>\n</tr>\n<tr class=\"row-even\"><td><p><a class=\"reference internal\" href=\"../pyaedt.modeler.PrimitivesTwinBuilder.TwinBuilderComponents.create_capacitor/#pyaedt.modeler.PrimitivesTwinBuilder.TwinBuilderComponents.create_capacitor\" title=\"pyaedt.modeler.PrimitivesTwinBuilder.TwinBuilderComponents.create_capacitor\"><code class=\"xref py py-obj docutils literal notranslate\"><span class=\"pre\">TwinBuilderComponents.create_capacitor</span></code></a>([...])</p></td>\n<td><p>Create a capacitor.</p></td>\n</tr>\n<tr class=\"row-odd\"><td><p><a class=\"reference internal\" href=\"../pyaedt.modeler.PrimitivesTwinBuilder.TwinBuilderComponents.create_component/#pyaedt.modeler.PrimitivesTwinBuilder.TwinBuilderComponents.create_component\" title=\"pyaedt.modeler.PrimitivesTwinBuilder.TwinBuilderComponents.create_component\"><code class=\"xref py py-obj docutils literal notranslate\"><span class=\"pre\">TwinBuilderComponents.create_component</span></code></a>([...])</p></td>\n<td><p>Create a component from a library.</p></td>\n</tr>\n<tr class=\"row-even\"><td><p><a class=\"reference internal\" href=\"../pyaedt.modeler.PrimitivesTwinBuilder.TwinBuilderComponents.create_component_from_touchstonmodel/#pyaedt.modeler.PrimitivesTwinBuilder.TwinBuilderComponents.create_component_from_touchstonmodel\" title=\"pyaedt.modeler.PrimitivesTwinBuilder.TwinBuilderComponents.create_component_from_touchstonmodel\"><code class=\"xref py py-obj docutils literal notranslate\"><span class=\"pre\">TwinBuilderComponents.create_component_from_touchstonmodel</span></code></a>(...)</p></td>\n<td><p>Create a component from a Touchstone model.</p></td>\n</tr>\n<tr class=\"row-odd\"><td><p><a class=\"reference internal\" href=\"../pyaedt.modeler.PrimitivesTwinBuilder.TwinBuilderComponents.create_diode/#pyaedt.modeler.PrimitivesTwinBuilder.TwinBuilderComponents.create_diode\" title=\"pyaedt.modeler.PrimitivesTwinBuilder.TwinBuilderComponents.create_diode\"><code class=\"xref py py-obj docutils literal notranslate\"><span class=\"pre\">TwinBuilderComponents.create_diode</span></code></a>([...])</p></td>\n<td><p>Create a diode.</p></td>\n</tr>\n<tr class=\"row-even\"><td><p><a class=\"reference internal\" href=\"../pyaedt.modeler.PrimitivesTwinBuilder.TwinBuilderComponents.create_gnd/#pyaedt.modeler.PrimitivesTwinBuilder.TwinBuilderComponents.create_gnd\" title=\"pyaedt.modeler.PrimitivesTwinBuilder.TwinBuilderComponents.create_gnd\"><code class=\"xref py py-obj docutils literal notranslate\"><span class=\"pre\">TwinBuilderComponents.create_gnd</span></code></a>([location,\u00a0...])</p></td>\n<td><p>Create a ground.</p></td>\n</tr>\n<tr class=\"row-odd\"><td><p><a class=\"reference internal\" href=\"../pyaedt.modeler.PrimitivesTwinBuilder.TwinBuilderComponents.create_inductor/#pyaedt.modeler.PrimitivesTwinBuilder.TwinBuilderComponents.create_inductor\" title=\"pyaedt.modeler.PrimitivesTwinBuilder.TwinBuilderComponents.create_inductor\"><code class=\"xref py py-obj docutils literal notranslate\"><span class=\"pre\">TwinBuilderComponents.create_inductor</span></code></a>([...])</p></td>\n<td><p>Create an inductor.</p></td>\n</tr>\n<tr class=\"row-even\"><td><p><a class=\"reference internal\" href=\"../pyaedt.modeler.PrimitivesTwinBuilder.TwinBuilderComponents.create_interface_port/#pyaedt.modeler.PrimitivesTwinBuilder.TwinBuilderComponents.create_interface_port\" title=\"pyaedt.modeler.PrimitivesTwinBuilder.TwinBuilderComponents.create_interface_port\"><code class=\"xref py py-obj docutils literal notranslate\"><span class=\"pre\">TwinBuilderComponents.create_interface_port</span></code></a>(name)</p></td>\n<td><p>Create an interface port.</p></td>\n</tr>\n<tr class=\"row-odd\"><td><p><a class=\"reference internal\" href=\"../pyaedt.modeler.PrimitivesTwinBuilder.TwinBuilderComponents.create_iport/#pyaedt.modeler.PrimitivesTwinBuilder.TwinBuilderComponents.create_iport\" title=\"pyaedt.modeler.PrimitivesTwinBuilder.TwinBuilderComponents.create_iport\"><code class=\"xref py py-obj docutils literal notranslate\"><span class=\"pre\">TwinBuilderComponents.create_iport</span></code></a>(name[,\u00a0...])</p></td>\n<td><p>Create an interface port.</p></td>\n</tr>\n<tr class=\"row-even\"><td><p><a class=\"reference internal\" href=\"../pyaedt.modeler.PrimitivesTwinBuilder.TwinBuilderComponents.create_line/#pyaedt.modeler.PrimitivesTwinBuilder.TwinBuilderComponents.create_line\" title=\"pyaedt.modeler.PrimitivesTwinBuilder.TwinBuilderComponents.create_line\"><code class=\"xref py py-obj docutils literal notranslate\"><span class=\"pre\">TwinBuilderComponents.create_line</span></code></a>(points_array)</p></td>\n<td><p>Draw a graphical line.</p></td>\n</tr>\n<tr class=\"row-odd\"><td><p><a class=\"reference internal\" href=\"../pyaedt.modeler.PrimitivesTwinBuilder.TwinBuilderComponents.create_model_from_touchstone/#pyaedt.modeler.PrimitivesTwinBuilder.TwinBuilderComponents.create_model_from_touchstone\" title=\"pyaedt.modeler.PrimitivesTwinBuilder.TwinBuilderComponents.create_model_from_touchstone\"><code class=\"xref py py-obj docutils literal notranslate\"><span class=\"pre\">TwinBuilderComponents.create_model_from_touchstone</span></code></a>(...)</p></td>\n<td><p>Create a model from a Touchstone file.</p></td>\n</tr>\n<tr class=\"row-even\"><td><p><a class=\"reference internal\" href=\"../pyaedt.modeler.PrimitivesTwinBuilder.TwinBuilderComponents.create_npn/#pyaedt.modeler.PrimitivesTwinBuilder.TwinBuilderComponents.create_npn\" title=\"pyaedt.modeler.PrimitivesTwinBuilder.TwinBuilderComponents.create_npn\"><code class=\"xref py py-obj docutils literal notranslate\"><span class=\"pre\">TwinBuilderComponents.create_npn</span></code></a>([compname,\u00a0...])</p></td>\n<td><p>Create an NPN transistor.</p></td>\n</tr>\n<tr class=\"row-odd\"><td><p><a class=\"reference internal\" href=\"../pyaedt.modeler.PrimitivesTwinBuilder.TwinBuilderComponents.create_page_port/#pyaedt.modeler.PrimitivesTwinBuilder.TwinBuilderComponents.create_page_port\" title=\"pyaedt.modeler.PrimitivesTwinBuilder.TwinBuilderComponents.create_page_port\"><code class=\"xref py py-obj docutils literal notranslate\"><span class=\"pre\">TwinBuilderComponents.create_page_port</span></code></a>(name)</p></td>\n<td><p>Create a page port.</p></td>\n</tr>\n<tr class=\"row-even\"><td><p><a class=\"reference internal\" href=\"../pyaedt.modeler.PrimitivesTwinBuilder.TwinBuilderComponents.create_periodic_waveform_source/#pyaedt.modeler.PrimitivesTwinBuilder.TwinBuilderComponents.create_periodic_waveform_source\" title=\"pyaedt.modeler.PrimitivesTwinBuilder.TwinBuilderComponents.create_periodic_waveform_source\"><code class=\"xref py py-obj docutils literal notranslate\"><span class=\"pre\">TwinBuilderComponents.create_periodic_waveform_source</span></code></a>([...])</p></td>\n<td><p>Create a periodic waveform source (non conservative real output).</p></td>\n</tr>\n<tr class=\"row-odd\"><td><p><a class=\"reference internal\" href=\"../pyaedt.modeler.PrimitivesTwinBuilder.TwinBuilderComponents.create_pnp/#pyaedt.modeler.PrimitivesTwinBuilder.TwinBuilderComponents.create_pnp\" title=\"pyaedt.modeler.PrimitivesTwinBuilder.TwinBuilderComponents.create_pnp\"><code class=\"xref py py-obj docutils literal notranslate\"><span class=\"pre\">TwinBuilderComponents.create_pnp</span></code></a>([compname,\u00a0...])</p></td>\n<td><p>Create a PNP transistor.</p></td>\n</tr>\n<tr class=\"row-even\"><td><p><a class=\"reference internal\" href=\"../pyaedt.modeler.PrimitivesTwinBuilder.TwinBuilderComponents.create_resistor/#pyaedt.modeler.PrimitivesTwinBuilder.TwinBuilderComponents.create_resistor\" title=\"pyaedt.modeler.PrimitivesTwinBuilder.TwinBuilderComponents.create_resistor\"><code class=\"xref py py-obj docutils literal notranslate\"><span class=\"pre\">TwinBuilderComponents.create_resistor</span></code></a>([...])</p></td>\n<td><p>Create a resistor.</p></td>\n</tr>\n<tr class=\"row-odd\"><td><p><a class=\"reference internal\" href=\"../pyaedt.modeler.PrimitivesTwinBuilder.TwinBuilderComponents.create_symbol/#pyaedt.modeler.PrimitivesTwinBuilder.TwinBuilderComponents.create_symbol\" title=\"pyaedt.modeler.PrimitivesTwinBuilder.TwinBuilderComponents.create_symbol\"><code class=\"xref py py-obj docutils literal notranslate\"><span class=\"pre\">TwinBuilderComponents.create_symbol</span></code></a>(...)</p></td>\n<td><p>Create a symbol.</p></td>\n</tr>\n<tr class=\"row-even\"><td><p><a class=\"reference internal\" href=\"../pyaedt.modeler.PrimitivesTwinBuilder.TwinBuilderComponents.create_touchsthone_component/#pyaedt.modeler.PrimitivesTwinBuilder.TwinBuilderComponents.create_touchsthone_component\" title=\"pyaedt.modeler.PrimitivesTwinBuilder.TwinBuilderComponents.create_touchsthone_component\"><code class=\"xref py py-obj docutils literal notranslate\"><span class=\"pre\">TwinBuilderComponents.create_touchsthone_component</span></code></a>(...)</p></td>\n<td><p>Create a component from a Touchstone model.</p></td>\n</tr>\n<tr class=\"row-odd\"><td><p><a class=\"reference internal\" href=\"../pyaedt.modeler.PrimitivesTwinBuilder.TwinBuilderComponents.create_unique_id/#pyaedt.modeler.PrimitivesTwinBuilder.TwinBuilderComponents.create_unique_id\" title=\"pyaedt.modeler.PrimitivesTwinBuilder.TwinBuilderComponents.create_unique_id\"><code class=\"xref py py-obj docutils literal notranslate\"><span class=\"pre\">TwinBuilderComponents.create_unique_id</span></code></a>()</p></td>\n<td><p>Create an unique ID.</p></td>\n</tr>\n<tr class=\"row-even\"><td><p><a class=\"reference internal\" href=\"../pyaedt.modeler.PrimitivesTwinBuilder.TwinBuilderComponents.create_voltage_source/#pyaedt.modeler.PrimitivesTwinBuilder.TwinBuilderComponents.create_voltage_source\" title=\"pyaedt.modeler.PrimitivesTwinBuilder.TwinBuilderComponents.create_voltage_source\"><code class=\"xref py py-obj docutils literal notranslate\"><span class=\"pre\">TwinBuilderComponents.create_voltage_source</span></code></a>([...])</p></td>\n<td><p>Create a voltage source (conservative electrical output).</p></td>\n</tr>\n<tr class=\"row-odd\"><td><p><a class=\"reference internal\" href=\"../pyaedt.modeler.PrimitivesTwinBuilder.TwinBuilderComponents.create_wire/#pyaedt.modeler.PrimitivesTwinBuilder.TwinBuilderComponents.create_wire\" title=\"pyaedt.modeler.PrimitivesTwinBuilder.TwinBuilderComponents.create_wire\"><code class=\"xref py py-obj docutils literal notranslate\"><span class=\"pre\">TwinBuilderComponents.create_wire</span></code></a>(points_array)</p></td>\n<td><p>Create a wire.</p></td>\n</tr>\n<tr class=\"row-even\"><td><p><a class=\"reference internal\" href=\"../pyaedt.modeler.PrimitivesTwinBuilder.TwinBuilderComponents.disable_data_netlist/#pyaedt.modeler.PrimitivesTwinBuilder.TwinBuilderComponents.disable_data_netlist\" title=\"pyaedt.modeler.PrimitivesTwinBuilder.TwinBuilderComponents.disable_data_netlist\"><code class=\"xref py py-obj docutils literal notranslate\"><span class=\"pre\">TwinBuilderComponents.disable_data_netlist</span></code></a>(...)</p></td>\n<td><p>Disable the Nexxim global net list.</p></td>\n</tr>\n<tr class=\"row-odd\"><td><p><a class=\"reference internal\" href=\"../pyaedt.modeler.PrimitivesTwinBuilder.TwinBuilderComponents.enable_global_netlist/#pyaedt.modeler.PrimitivesTwinBuilder.TwinBuilderComponents.enable_global_netlist\" title=\"pyaedt.modeler.PrimitivesTwinBuilder.TwinBuilderComponents.enable_global_netlist\"><code class=\"xref py py-obj docutils literal notranslate\"><span class=\"pre\">TwinBuilderComponents.enable_global_netlist</span></code></a>(...)</p></td>\n<td><p>Enable Nexxim global net list.</p></td>\n</tr>\n<tr class=\"row-even\"><td><p><a class=\"reference internal\" href=\"../pyaedt.modeler.PrimitivesTwinBuilder.TwinBuilderComponents.enable_use_instance_name/#pyaedt.modeler.PrimitivesTwinBuilder.TwinBuilderComponents.enable_use_instance_name\" title=\"pyaedt.modeler.PrimitivesTwinBuilder.TwinBuilderComponents.enable_use_instance_name\"><code class=\"xref py py-obj docutils literal notranslate\"><span class=\"pre\">TwinBuilderComponents.enable_use_instance_name</span></code></a>([...])</p></td>\n<td><p>Enable the use of the instance name.</p></td>\n</tr>\n<tr class=\"row-odd\"><td><p><a class=\"reference internal\" href=\"../pyaedt.modeler.PrimitivesTwinBuilder.TwinBuilderComponents.get_obj_id/#pyaedt.modeler.PrimitivesTwinBuilder.TwinBuilderComponents.get_obj_id\" title=\"pyaedt.modeler.PrimitivesTwinBuilder.TwinBuilderComponents.get_obj_id\"><code class=\"xref py py-obj docutils literal notranslate\"><span class=\"pre\">TwinBuilderComponents.get_obj_id</span></code></a>(objname)</p></td>\n<td><p>Retrieve the ID of an object.</p></td>\n</tr>\n<tr class=\"row-even\"><td><p><a class=\"reference internal\" href=\"../pyaedt.modeler.PrimitivesTwinBuilder.TwinBuilderComponents.get_pin_location/#pyaedt.modeler.PrimitivesTwinBuilder.TwinBuilderComponents.get_pin_location\" title=\"pyaedt.modeler.PrimitivesTwinBuilder.TwinBuilderComponents.get_pin_location\"><code class=\"xref py py-obj docutils literal notranslate\"><span class=\"pre\">TwinBuilderComponents.get_pin_location</span></code></a>(...)</p></td>\n<td><p>Retrieve the location of a pin.</p></td>\n</tr>\n<tr class=\"row-odd\"><td><p><a class=\"reference internal\" href=\"../pyaedt.modeler.PrimitivesTwinBuilder.TwinBuilderComponents.get_pins/#pyaedt.modeler.PrimitivesTwinBuilder.TwinBuilderComponents.get_pins\" title=\"pyaedt.modeler.PrimitivesTwinBuilder.TwinBuilderComponents.get_pins\"><code class=\"xref py py-obj docutils literal notranslate\"><span class=\"pre\">TwinBuilderComponents.get_pins</span></code></a>(partid)</p></td>\n<td><p>Retrieve one or more pins.</p></td>\n</tr>\n<tr class=\"row-even\"><td><p><a class=\"reference internal\" href=\"../pyaedt.modeler.PrimitivesTwinBuilder.TwinBuilderComponents.refresh_all_ids/#pyaedt.modeler.PrimitivesTwinBuilder.TwinBuilderComponents.refresh_all_ids\" title=\"pyaedt.modeler.PrimitivesTwinBuilder.TwinBuilderComponents.refresh_all_ids\"><code class=\"xref py py-obj docutils literal notranslate\"><span class=\"pre\">TwinBuilderComponents.refresh_all_ids</span></code></a>()</p></td>\n<td><p>Refresh all IDs and return the number of components.</p></td>\n</tr>\n</tbody>\n</table>\n<p class=\"rubric\">Attributes</p>\n<table class=\"autosummary longtable docutils align-default\">\n<tbody>\n<tr class=\"row-odd\"><td><p><a class=\"reference internal\" href=\"../pyaedt.modeler.PrimitivesTwinBuilder.TwinBuilderComponents.components_catalog/#pyaedt.modeler.PrimitivesTwinBuilder.TwinBuilderComponents.components_catalog\" title=\"pyaedt.modeler.PrimitivesTwinBuilder.TwinBuilderComponents.components_catalog\"><code class=\"xref py py-obj docutils literal notranslate\"><span class=\"pre\">TwinBuilderComponents.components_catalog</span></code></a></p></td>\n<td><p>Return the syslib component catalog with all info.</p></td>\n</tr>\n<tr class=\"row-even\"><td><p><a class=\"reference internal\" href=\"../pyaedt.modeler.PrimitivesTwinBuilder.TwinBuilderComponents.design_libray/#pyaedt.modeler.PrimitivesTwinBuilder.TwinBuilderComponents.design_libray\" title=\"pyaedt.modeler.PrimitivesTwinBuilder.TwinBuilderComponents.design_libray\"><code class=\"xref py py-obj docutils literal notranslate\"><span class=\"pre\">TwinBuilderComponents.design_libray</span></code></a></p></td>\n<td><p>Design Library.</p></td>\n</tr>\n<tr class=\"row-odd\"><td><p><a class=\"reference internal\" href=\"../pyaedt.modeler.PrimitivesTwinBuilder.TwinBuilderComponents.design_type/#pyaedt.modeler.PrimitivesTwinBuilder.TwinBuilderComponents.design_type\" title=\"pyaedt.modeler.PrimitivesTwinBuilder.TwinBuilderComponents.design_type\"><code class=\"xref py py-obj docutils literal notranslate\"><span class=\"pre\">TwinBuilderComponents.design_type</span></code></a></p></td>\n<td><p>Design type.</p></td>\n</tr>\n<tr class=\"row-even\"><td><p><a class=\"reference internal\" href=\"../pyaedt.modeler.PrimitivesTwinBuilder.TwinBuilderComponents.design_types/#pyaedt.modeler.PrimitivesTwinBuilder.TwinBuilderComponents.design_types\" title=\"pyaedt.modeler.PrimitivesTwinBuilder.TwinBuilderComponents.design_types\"><code class=\"xref py py-obj docutils literal notranslate\"><span class=\"pre\">TwinBuilderComponents.design_types</span></code></a></p></td>\n<td><p>Design types.</p></td>\n</tr>\n<tr class=\"row-odd\"><td><p><a class=\"reference internal\" href=\"../pyaedt.modeler.PrimitivesTwinBuilder.TwinBuilderComponents.model_units/#pyaedt.modeler.PrimitivesTwinBuilder.TwinBuilderComponents.model_units\" title=\"pyaedt.modeler.PrimitivesTwinBuilder.TwinBuilderComponents.model_units\"><code class=\"xref py py-obj docutils literal notranslate\"><span class=\"pre\">TwinBuilderComponents.model_units</span></code></a></p></td>\n<td><p>Model units.</p></td>\n</tr>\n<tr class=\"row-even\"><td><p><a class=\"reference internal\" href=\"../pyaedt.modeler.PrimitivesTwinBuilder.TwinBuilderComponents.nets/#pyaedt.modeler.PrimitivesTwinBuilder.TwinBuilderComponents.nets\" title=\"pyaedt.modeler.PrimitivesTwinBuilder.TwinBuilderComponents.nets\"><code class=\"xref py py-obj docutils literal notranslate\"><span class=\"pre\">TwinBuilderComponents.nets</span></code></a></p></td>\n<td><p>List of all schematic nets.</p></td>\n</tr>\n<tr class=\"row-odd\"><td><p><a class=\"reference internal\" href=\"../pyaedt.modeler.PrimitivesTwinBuilder.TwinBuilderComponents.o_component_manager/#pyaedt.modeler.PrimitivesTwinBuilder.TwinBuilderComponents.o_component_manager\" title=\"pyaedt.modeler.PrimitivesTwinBuilder.TwinBuilderComponents.o_component_manager\"><code class=\"xref py py-obj docutils literal notranslate\"><span class=\"pre\">TwinBuilderComponents.o_component_manager</span></code></a></p></td>\n<td><p>Component manager object.</p></td>\n</tr>\n<tr class=\"row-even\"><td><p><a class=\"reference internal\" href=\"../pyaedt.modeler.PrimitivesTwinBuilder.TwinBuilderComponents.o_definition_manager/#pyaedt.modeler.PrimitivesTwinBuilder.TwinBuilderComponents.o_definition_manager\" title=\"pyaedt.modeler.PrimitivesTwinBuilder.TwinBuilderComponents.o_definition_manager\"><code class=\"xref py py-obj docutils literal notranslate\"><span class=\"pre\">TwinBuilderComponents.o_definition_manager</span></code></a></p></td>\n<td><p>Aedt oDefinitionManager.</p></td>\n</tr>\n<tr class=\"row-odd\"><td><p><a class=\"reference internal\" href=\"../pyaedt.modeler.PrimitivesTwinBuilder.TwinBuilderComponents.o_symbol_manager/#pyaedt.modeler.PrimitivesTwinBuilder.TwinBuilderComponents.o_symbol_manager\" title=\"pyaedt.modeler.PrimitivesTwinBuilder.TwinBuilderComponents.o_symbol_manager\"><code class=\"xref py py-obj docutils literal notranslate\"><span class=\"pre\">TwinBuilderComponents.o_symbol_manager</span></code></a></p></td>\n<td><p>Model manager object.</p></td>\n</tr>\n<tr class=\"row-even\"><td><p><a class=\"reference internal\" href=\"../pyaedt.modeler.PrimitivesTwinBuilder.TwinBuilderComponents.tab_name/#pyaedt.modeler.PrimitivesTwinBuilder.TwinBuilderComponents.tab_name\" title=\"pyaedt.modeler.PrimitivesTwinBuilder.TwinBuilderComponents.tab_name\"><code class=\"xref py py-obj docutils literal notranslate\"><span class=\"pre\">TwinBuilderComponents.tab_name</span></code></a></p></td>\n<td><p>Tab name.</p></td>\n</tr>\n<tr class=\"row-odd\"><td><p><a class=\"reference internal\" href=\"../pyaedt.modeler.PrimitivesTwinBuilder.TwinBuilderComponents.version/#pyaedt.modeler.PrimitivesTwinBuilder.TwinBuilderComponents.version\" title=\"pyaedt.modeler.PrimitivesTwinBuilder.TwinBuilderComponents.version\"><code class=\"xref py py-obj docutils literal notranslate\"><span class=\"pre\">TwinBuilderComponents.version</span></code></a></p></td>\n<td><p>Version.</p></td>\n</tr>\n</tbody>\n</table>\n</dd></dl>\n\n</section>\n", "metatags": "<meta name=\"generator\" content=\"Docutils 0.19: https://docutils.sourceforge.io/\" />\n", "rellinks": [["genindex", "General Index", "I", "index"], ["py-modindex", "Python Module Index", "", "modules"], ["API/_autosummary/pyaedt.modeler.PrimitivesTwinBuilder.TwinBuilderComponents.add_id_to_component", "add_id_to_component", "N", "next"], ["API/_autosummary/pyaedt.modeler.PrimitivesNexxim.NexximComponents.version", "version", "P", "previous"]], "sourcename": "API/_autosummary/pyaedt.modeler.PrimitivesTwinBuilder.TwinBuilderComponents.rst.txt", "toc": "<ul>\n<li><a class=\"reference internal\" href=\"#\">pyaedt.modeler.PrimitivesTwinBuilder.TwinBuilderComponents</a><ul>\n<li><a class=\"reference internal\" href=\"#pyaedt.modeler.PrimitivesTwinBuilder.TwinBuilderComponents\"><code class=\"docutils literal notranslate\"><span class=\"pre\">TwinBuilderComponents</span></code></a></li>\n</ul>\n</li>\n</ul>\n", "display_toc": true, "page_source_suffix": ".rst", "current_page_name": "API/_autosummary/pyaedt.modeler.PrimitivesTwinBuilder.TwinBuilderComponents", "sidebars": ["search-field.html", "sidebar-nav-bs.html"], "customsidebar": null, "favicon_url": null, "logo_url": null, "alabaster_version": "0.7.12", "theme_show_toc_level": 1, "theme_logo": {}}