{"parents": [{"link": "../../", "title": "API reference"}, {"link": "../../CoreEdb/", "title": "EDB editor"}, {"link": "../pyaedt.edb_core.layout.EdbLayout/", "title": "pyaedt.edb_core.layout.EdbLayout"}], "prev": {"link": "../pyaedt.edb_core.layout.EdbLayout.get_polygons_by_layer/", "title": "get_polygons_by_layer"}, "next": {"link": "../pyaedt.edb_core.layout.EdbLayout.parametrize_polygon/", "title": "parametrize_polygon"}, "title": "get_primitives", "meta": {}, "body": "<section id=\"get-primitives\">\n<h1>get_primitives<a class=\"headerlink\" href=\"#get-primitives\" title=\"Permalink to this heading\">#</a></h1>\n<dl class=\"py method\">\n<dt class=\"sig sig-object py\" id=\"pyaedt.edb_core.layout.EdbLayout.get_primitives\">\n<span class=\"sig-prename descclassname\"><span class=\"pre\">EdbLayout.</span></span><span class=\"sig-name descname\"><span class=\"pre\">get_primitives</span></span><span class=\"sig-paren\">(</span><em class=\"sig-param\"><span class=\"n\"><span class=\"pre\">net_name</span></span><span class=\"o\"><span class=\"pre\">=</span></span><span class=\"default_value\"><span class=\"pre\">None</span></span></em>, <em class=\"sig-param\"><span class=\"n\"><span class=\"pre\">layer_name</span></span><span class=\"o\"><span class=\"pre\">=</span></span><span class=\"default_value\"><span class=\"pre\">None</span></span></em>, <em class=\"sig-param\"><span class=\"n\"><span class=\"pre\">prim_type</span></span><span class=\"o\"><span class=\"pre\">=</span></span><span class=\"default_value\"><span class=\"pre\">None</span></span></em>, <em class=\"sig-param\"><span class=\"n\"><span class=\"pre\">is_void</span></span><span class=\"o\"><span class=\"pre\">=</span></span><span class=\"default_value\"><span class=\"pre\">False</span></span></em><span class=\"sig-paren\">)</span><a class=\"reference internal\" href=\"../../../_modules/pyaedt/edb_core/layout/#EdbLayout.get_primitives\"><span class=\"viewcode-link\"><span class=\"pre\">[source]</span></span></a><a class=\"headerlink\" href=\"#pyaedt.edb_core.layout.EdbLayout.get_primitives\" title=\"Permalink to this definition\">#</a></dt>\n<dd><p>Get primitives by conditions.</p>\n<dl class=\"field-list\">\n<dt class=\"field-odd\">Parameters<span class=\"colon\">:</span></dt>\n<dd class=\"field-odd\"><dl>\n<dt><strong>net_name</strong><span class=\"classifier\"><a class=\"reference external\" href=\"https://docs.python.org/dev/library/stdtypes.html#str\" title=\"(in Python v3.12)\"><code class=\"docutils literal notranslate\"><span class=\"pre\">str</span></code></a>, <code class=\"xref py py-obj docutils literal notranslate\"><span class=\"pre\">optional</span></code></span></dt><dd><p>Set filter on net_name. Default is <cite>None\u201d</cite>.</p>\n</dd>\n<dt><strong>layer_name</strong><span class=\"classifier\"><a class=\"reference external\" href=\"https://docs.python.org/dev/library/stdtypes.html#str\" title=\"(in Python v3.12)\"><code class=\"docutils literal notranslate\"><span class=\"pre\">str</span></code></a>, <code class=\"xref py py-obj docutils literal notranslate\"><span class=\"pre\">optional</span></code></span></dt><dd><p>Set filter on layer_name. Default is <cite>None\u201d</cite>.</p>\n</dd>\n<dt><strong>prim_type</strong><span class=\"classifier\"><a class=\"reference external\" href=\"https://docs.python.org/dev/library/stdtypes.html#str\" title=\"(in Python v3.12)\"><code class=\"docutils literal notranslate\"><span class=\"pre\">str</span></code></a>, <code class=\"xref py py-obj docutils literal notranslate\"><span class=\"pre\">optional</span></code></span></dt><dd><p>Set filter on primitive type. Default is <cite>None\u201d</cite>.</p>\n</dd>\n<dt><strong>is_void</strong><span class=\"classifier\"><a class=\"reference external\" href=\"https://docs.python.org/dev/library/stdtypes.html#bltin-boolean-values\" title=\"(in Python v3.12)\"><span class=\"xref std std-ref\">bool</span></a></span></dt><dd><p>Set filter on is_void. Default is \u2018False\u2019</p>\n</dd>\n<dt><strong>Returns</strong></dt><dd></dd>\n<dt><strong>\u2014\u2014-</strong></dt><dd></dd>\n<dt><strong>list</strong></dt><dd><p>List of filtered primitives</p>\n</dd>\n</dl>\n</dd>\n</dl>\n</dd></dl>\n\n</section>\n", "metatags": "<meta name=\"generator\" content=\"Docutils 0.19: https://docutils.sourceforge.io/\" />\n", "rellinks": [["genindex", "General Index", "I", "index"], ["py-modindex", "Python Module Index", "", "modules"], ["API/_autosummary/pyaedt.edb_core.layout.EdbLayout.parametrize_polygon", "parametrize_polygon", "N", "next"], ["API/_autosummary/pyaedt.edb_core.layout.EdbLayout.get_polygons_by_layer", "get_polygons_by_layer", "P", "previous"]], "sourcename": "API/_autosummary/pyaedt.edb_core.layout.EdbLayout.get_primitives.rst.txt", "toc": "<ul>\n<li><a class=\"reference internal\" href=\"#\">get_primitives</a><ul>\n<li><a class=\"reference internal\" href=\"#pyaedt.edb_core.layout.EdbLayout.get_primitives\"><code class=\"docutils literal notranslate\"><span class=\"pre\">EdbLayout.get_primitives()</span></code></a></li>\n</ul>\n</li>\n</ul>\n", "display_toc": true, "page_source_suffix": ".rst", "current_page_name": "API/_autosummary/pyaedt.edb_core.layout.EdbLayout.get_primitives", "sidebars": ["search-field.html", "sidebar-nav-bs.html"], "customsidebar": null, "favicon_url": null, "logo_url": null, "alabaster_version": "0.7.12", "theme_show_toc_level": 1, "theme_logo": {}}