{"parents": [{"link": "../../", "title": "API reference"}, {"link": "../../Application/", "title": "AEDT apps"}, {"link": "../pyaedt.Hfss/", "title": "pyaedt.Hfss"}], "prev": {"link": "../pyaedt.Hfss.create_dataset3d/", "title": "create_dataset3d"}, "next": {"link": "../pyaedt.Hfss.create_frequency_sweep/", "title": "create_frequency_sweep"}, "title": "create_floquet_port", "meta": {}, "body": "<section id=\"create-floquet-port\">\n<h1>create_floquet_port<a class=\"headerlink\" href=\"#create-floquet-port\" title=\"Permalink to this heading\">#</a></h1>\n<dl class=\"py method\">\n<dt class=\"sig sig-object py\" id=\"pyaedt.Hfss.create_floquet_port\">\n<span class=\"sig-prename descclassname\"><span class=\"pre\">Hfss.</span></span><span class=\"sig-name descname\"><span class=\"pre\">create_floquet_port</span></span><span class=\"sig-paren\">(</span><em class=\"sig-param\"><span class=\"n\"><span class=\"pre\">face</span></span></em>, <em class=\"sig-param\"><span class=\"n\"><span class=\"pre\">lattice_origin</span></span><span class=\"o\"><span class=\"pre\">=</span></span><span class=\"default_value\"><span class=\"pre\">None</span></span></em>, <em class=\"sig-param\"><span class=\"n\"><span class=\"pre\">lattice_a_end</span></span><span class=\"o\"><span class=\"pre\">=</span></span><span class=\"default_value\"><span class=\"pre\">None</span></span></em>, <em class=\"sig-param\"><span class=\"n\"><span class=\"pre\">lattice_b_end</span></span><span class=\"o\"><span class=\"pre\">=</span></span><span class=\"default_value\"><span class=\"pre\">None</span></span></em>, <em class=\"sig-param\"><span class=\"n\"><span class=\"pre\">nummodes</span></span><span class=\"o\"><span class=\"pre\">=</span></span><span class=\"default_value\"><span class=\"pre\">2</span></span></em>, <em class=\"sig-param\"><span class=\"n\"><span class=\"pre\">portname</span></span><span class=\"o\"><span class=\"pre\">=</span></span><span class=\"default_value\"><span class=\"pre\">None</span></span></em>, <em class=\"sig-param\"><span class=\"n\"><span class=\"pre\">renorm</span></span><span class=\"o\"><span class=\"pre\">=</span></span><span class=\"default_value\"><span class=\"pre\">True</span></span></em>, <em class=\"sig-param\"><span class=\"n\"><span class=\"pre\">deembed_dist</span></span><span class=\"o\"><span class=\"pre\">=</span></span><span class=\"default_value\"><span class=\"pre\">0</span></span></em>, <em class=\"sig-param\"><span class=\"n\"><span class=\"pre\">reporter_filter</span></span><span class=\"o\"><span class=\"pre\">=</span></span><span class=\"default_value\"><span class=\"pre\">True</span></span></em>, <em class=\"sig-param\"><span class=\"n\"><span class=\"pre\">lattice_cs</span></span><span class=\"o\"><span class=\"pre\">=</span></span><span class=\"default_value\"><span class=\"pre\">'Global'</span></span></em><span class=\"sig-paren\">)</span><a class=\"reference internal\" href=\"../../../_modules/pyaedt/hfss/#Hfss.create_floquet_port\"><span class=\"viewcode-link\"><span class=\"pre\">[source]</span></span></a><a class=\"headerlink\" href=\"#pyaedt.Hfss.create_floquet_port\" title=\"Permalink to this definition\">#</a></dt>\n<dd><p>Create a floquet port on a face.</p>\n<dl class=\"field-list\">\n<dt class=\"field-odd\">Parameters<span class=\"colon\">:</span></dt>\n<dd class=\"field-odd\"><dl>\n<dt><strong>face</strong></dt><dd><p>Face or sheet to apply the floquet port to.</p>\n</dd>\n<dt><strong>lattice_origin</strong><span class=\"classifier\"><a class=\"reference external\" href=\"https://docs.python.org/dev/library/stdtypes.html#list\" title=\"(in Python v3.12)\"><code class=\"docutils literal notranslate\"><span class=\"pre\">list</span></code></a></span></dt><dd><p>List of <code class=\"docutils literal notranslate\"><span class=\"pre\">[x,y,z]</span></code> coordinates for the lattice A-B origin. The default is <code class=\"docutils literal notranslate\"><span class=\"pre\">None</span></code>,\nin which case the method tries to compute the A-B automatically.</p>\n</dd>\n<dt><strong>lattice_a_end</strong><span class=\"classifier\"><a class=\"reference external\" href=\"https://docs.python.org/dev/library/stdtypes.html#list\" title=\"(in Python v3.12)\"><code class=\"docutils literal notranslate\"><span class=\"pre\">list</span></code></a></span></dt><dd><p>List of <code class=\"docutils literal notranslate\"><span class=\"pre\">[x,y,z]</span></code> coordinates for the lattice A end point. The default is <code class=\"docutils literal notranslate\"><span class=\"pre\">None</span></code>,\nin which case the method tries to compute the A-B automatically.</p>\n</dd>\n<dt><strong>lattice_b_end</strong><span class=\"classifier\"><a class=\"reference external\" href=\"https://docs.python.org/dev/library/stdtypes.html#list\" title=\"(in Python v3.12)\"><code class=\"docutils literal notranslate\"><span class=\"pre\">list</span></code></a></span></dt><dd><p>List of <code class=\"docutils literal notranslate\"><span class=\"pre\">[x,y,z]</span></code> coordinates for the lattice B end point. The default is <code class=\"docutils literal notranslate\"><span class=\"pre\">None</span></code>,\nin which case the method tries to compute the A-B automatically.</p>\n</dd>\n<dt><strong>nummodes</strong><span class=\"classifier\"><a class=\"reference external\" href=\"https://docs.python.org/dev/library/functions.html#int\" title=\"(in Python v3.12)\"><code class=\"docutils literal notranslate\"><span class=\"pre\">int</span></code></a>, <code class=\"xref py py-obj docutils literal notranslate\"><span class=\"pre\">optional</span></code></span></dt><dd><p>Number of modes. The default is <code class=\"docutils literal notranslate\"><span class=\"pre\">2</span></code>.</p>\n</dd>\n<dt><strong>portname</strong><span class=\"classifier\"><a class=\"reference external\" href=\"https://docs.python.org/dev/library/stdtypes.html#str\" title=\"(in Python v3.12)\"><code class=\"docutils literal notranslate\"><span class=\"pre\">str</span></code></a>, <code class=\"xref py py-obj docutils literal notranslate\"><span class=\"pre\">optional</span></code></span></dt><dd><p>Name of the port. The default is <code class=\"docutils literal notranslate\"><span class=\"pre\">None</span></code>.</p>\n</dd>\n<dt><strong>renorm</strong><span class=\"classifier\"><a class=\"reference external\" href=\"https://docs.python.org/dev/library/stdtypes.html#bltin-boolean-values\" title=\"(in Python v3.12)\"><span class=\"xref std std-ref\">bool</span></a>, <code class=\"xref py py-obj docutils literal notranslate\"><span class=\"pre\">optional</span></code></span></dt><dd><p>Whether to renormalize the mode. The default is <code class=\"docutils literal notranslate\"><span class=\"pre\">True</span></code>.</p>\n</dd>\n<dt><strong>deembed_dist</strong><span class=\"classifier\"><a class=\"reference external\" href=\"https://docs.python.org/dev/library/functions.html#float\" title=\"(in Python v3.12)\"><code class=\"docutils literal notranslate\"><span class=\"pre\">float</span></code></a>, <a class=\"reference external\" href=\"https://docs.python.org/dev/library/stdtypes.html#str\" title=\"(in Python v3.12)\"><code class=\"docutils literal notranslate\"><span class=\"pre\">str</span></code></a>, <code class=\"xref py py-obj docutils literal notranslate\"><span class=\"pre\">optional</span></code></span></dt><dd><p>Deembed distance in millimeters. The default is <code class=\"docutils literal notranslate\"><span class=\"pre\">0</span></code>,\nin which case deembed is disabled.</p>\n</dd>\n<dt><strong>reporter_filter</strong><span class=\"classifier\"><a class=\"reference external\" href=\"https://docs.python.org/dev/library/stdtypes.html#bltin-boolean-values\" title=\"(in Python v3.12)\"><span class=\"xref std std-ref\">bool</span></a>, <a class=\"reference external\" href=\"https://docs.python.org/dev/library/stdtypes.html#list\" title=\"(in Python v3.12)\"><code class=\"docutils literal notranslate\"><span class=\"pre\">list</span></code></a> <code class=\"xref py py-obj docutils literal notranslate\"><span class=\"pre\">of</span></code> <a class=\"reference external\" href=\"https://docs.python.org/dev/library/stdtypes.html#bltin-boolean-values\" title=\"(in Python v3.12)\"><span class=\"xref std std-ref\">bool</span></a></span></dt><dd><p>Whether to include modes in the report. The default is <code class=\"docutils literal notranslate\"><span class=\"pre\">True</span></code>. If a single\nBoolean value is specified, it applies to all modes. If a list of Boolean values is specified, it applies\nto each mode in the list. A list must have <code class=\"docutils literal notranslate\"><span class=\"pre\">nummodes</span></code> elements.</p>\n</dd>\n<dt><strong>lattice_cs</strong><span class=\"classifier\"><a class=\"reference external\" href=\"https://docs.python.org/dev/library/stdtypes.html#str\" title=\"(in Python v3.12)\"><code class=\"docutils literal notranslate\"><span class=\"pre\">str</span></code></a>, <code class=\"xref py py-obj docutils literal notranslate\"><span class=\"pre\">optional</span></code></span></dt><dd><p>Coordinate system for the lattice A-B vector reference. The default is <code class=\"docutils literal notranslate\"><span class=\"pre\">Global</span></code>.</p>\n</dd>\n</dl>\n</dd>\n<dt class=\"field-even\">Returns<span class=\"colon\">:</span></dt>\n<dd class=\"field-even\"><dl class=\"simple\">\n<dt><a class=\"reference internal\" href=\"../pyaedt.modules.Boundary.BoundaryObject/#pyaedt.modules.Boundary.BoundaryObject\" title=\"pyaedt.modules.Boundary.BoundaryObject\"><code class=\"xref py py-class docutils literal notranslate\"><span class=\"pre\">pyaedt.modules.Boundary.BoundaryObject</span></code></a></dt><dd><p>Boundary object.</p>\n</dd>\n</dl>\n</dd>\n</dl>\n<p class=\"rubric\">References</p>\n<div class=\"doctest highlight-default notranslate\"><div class=\"highlight\"><pre><span></span><span class=\"gp\">&gt;&gt;&gt; </span><span class=\"n\">oModule</span><span class=\"o\">.</span><span class=\"n\">AssignFloquetPort</span>\n</pre></div>\n</div>\n</dd></dl>\n\n</section>\n", "metatags": "<meta name=\"generator\" content=\"Docutils 0.19: https://docutils.sourceforge.io/\" />\n", "rellinks": [["genindex", "General Index", "I", "index"], ["py-modindex", "Python Module Index", "", "modules"], ["API/_autosummary/pyaedt.Hfss.create_frequency_sweep", "create_frequency_sweep", "N", "next"], ["API/_autosummary/pyaedt.Hfss.create_dataset3d", "create_dataset3d", "P", "previous"]], "sourcename": "API/_autosummary/pyaedt.Hfss.create_floquet_port.rst.txt", "toc": "<ul>\n<li><a class=\"reference internal\" href=\"#\">create_floquet_port</a><ul>\n<li><a class=\"reference internal\" href=\"#pyaedt.Hfss.create_floquet_port\"><code class=\"docutils literal notranslate\"><span class=\"pre\">Hfss.create_floquet_port()</span></code></a></li>\n</ul>\n</li>\n</ul>\n", "display_toc": true, "page_source_suffix": ".rst", "current_page_name": "API/_autosummary/pyaedt.Hfss.create_floquet_port", "sidebars": ["search-field.html", "sidebar-nav-bs.html"], "customsidebar": null, "favicon_url": null, "logo_url": null, "alabaster_version": "0.7.12", "theme_show_toc_level": 1, "theme_logo": {}}