{"parents": [{"link": "../../", "title": "API reference"}, {"link": "../../Common/", "title": "Desktop and common classes"}, {"link": "../../MultiPartComponent/", "title": "Multi-part components"}], "prev": {"link": "../pyaedt.modeler.actors.Bird.yaw_name/", "title": "yaw_name"}, "next": {"link": "../pyaedt.modeler.actors.Radar.insert/", "title": "insert"}, "title": "pyaedt.modeler.actors.Radar", "meta": {}, "body": "<section id=\"pyaedt-modeler-actors-radar\">\n<h1>pyaedt.modeler.actors.Radar<a class=\"headerlink\" href=\"#pyaedt-modeler-actors-radar\" title=\"Permalink to this heading\">#</a></h1>\n<dl class=\"py class\">\n<dt class=\"sig sig-object py\" id=\"pyaedt.modeler.actors.Radar\">\n<em class=\"property\"><span class=\"pre\">class</span><span class=\"w\"> </span></em><span class=\"sig-prename descclassname\"><span class=\"pre\">pyaedt.modeler.actors.</span></span><span class=\"sig-name descname\"><span class=\"pre\">Radar</span></span><span class=\"sig-paren\">(</span><em class=\"sig-param\"><span class=\"n\"><span class=\"pre\">radar_folder</span></span></em>, <em class=\"sig-param\"><span class=\"n\"><span class=\"pre\">name</span></span><span class=\"o\"><span class=\"pre\">=</span></span><span class=\"default_value\"><span class=\"pre\">None</span></span></em>, <em class=\"sig-param\"><span class=\"n\"><span class=\"pre\">motion</span></span><span class=\"o\"><span class=\"pre\">=</span></span><span class=\"default_value\"><span class=\"pre\">False</span></span></em>, <em class=\"sig-param\"><span class=\"n\"><span class=\"pre\">use_relative_cs</span></span><span class=\"o\"><span class=\"pre\">=</span></span><span class=\"default_value\"><span class=\"pre\">False</span></span></em>, <em class=\"sig-param\"><span class=\"n\"><span class=\"pre\">offset</span></span><span class=\"o\"><span class=\"pre\">=</span></span><span class=\"default_value\"><span class=\"pre\">('0',</span> <span class=\"pre\">'0',</span> <span class=\"pre\">'0')</span></span></em>, <em class=\"sig-param\"><span class=\"n\"><span class=\"pre\">speed</span></span><span class=\"o\"><span class=\"pre\">=</span></span><span class=\"default_value\"><span class=\"pre\">0</span></span></em>, <em class=\"sig-param\"><span class=\"n\"><span class=\"pre\">relative_cs_name</span></span><span class=\"o\"><span class=\"pre\">=</span></span><span class=\"default_value\"><span class=\"pre\">None</span></span></em><span class=\"sig-paren\">)</span><a class=\"reference internal\" href=\"../../../_modules/pyaedt/modeler/actors/#Radar\"><span class=\"viewcode-link\"><span class=\"pre\">[source]</span></span></a><a class=\"headerlink\" href=\"#pyaedt.modeler.actors.Radar\" title=\"Permalink to this definition\">#</a></dt>\n<dd><p>Manages the radar definition and placement in the HFSS design.</p>\n<dl class=\"field-list\">\n<dt class=\"field-odd\">Parameters<span class=\"colon\">:</span></dt>\n<dd class=\"field-odd\"><dl>\n<dt><strong>radar_folder</strong><span class=\"classifier\"><a class=\"reference external\" href=\"https://docs.python.org/dev/library/stdtypes.html#str\" title=\"(in Python v3.12)\"><code class=\"docutils literal notranslate\"><span class=\"pre\">str</span></code></a></span></dt><dd><p>Full path to the folder containing the radar file.</p>\n</dd>\n<dt><strong>name</strong><span class=\"classifier\"><a class=\"reference external\" href=\"https://docs.python.org/dev/library/stdtypes.html#str\" title=\"(in Python v3.12)\"><code class=\"docutils literal notranslate\"><span class=\"pre\">str</span></code></a>, <code class=\"xref py py-obj docutils literal notranslate\"><span class=\"pre\">optional</span></code></span></dt><dd><p>Name of the radar file. The default is <code class=\"docutils literal notranslate\"><span class=\"pre\">None</span></code>.</p>\n</dd>\n<dt><strong>motion</strong><span class=\"classifier\"><a class=\"reference external\" href=\"https://docs.python.org/dev/library/stdtypes.html#bltin-boolean-values\" title=\"(in Python v3.12)\"><span class=\"xref std std-ref\">bool</span></a>, <code class=\"xref py py-obj docutils literal notranslate\"><span class=\"pre\">optional</span></code></span></dt><dd><p>Whether the actor is in motion. The default is <code class=\"docutils literal notranslate\"><span class=\"pre\">False</span></code>.</p>\n</dd>\n<dt><strong>use_relative_cs</strong><span class=\"classifier\"><a class=\"reference external\" href=\"https://docs.python.org/dev/library/stdtypes.html#bltin-boolean-values\" title=\"(in Python v3.12)\"><span class=\"xref std std-ref\">bool</span></a>, <code class=\"xref py py-obj docutils literal notranslate\"><span class=\"pre\">optional</span></code></span></dt><dd><p>Whether to use the relative coordinate system. The default is <code class=\"docutils literal notranslate\"><span class=\"pre\">False</span></code>.</p>\n</dd>\n<dt><strong>offset</strong><span class=\"classifier\"><a class=\"reference external\" href=\"https://docs.python.org/dev/library/stdtypes.html#list\" title=\"(in Python v3.12)\"><code class=\"docutils literal notranslate\"><span class=\"pre\">list</span></code></a>, <code class=\"xref py py-obj docutils literal notranslate\"><span class=\"pre\">optional</span></code></span></dt><dd><p>List of offset values. The default is <code class=\"docutils literal notranslate\"><span class=\"pre\">(&quot;0&quot;,</span> <span class=\"pre\">&quot;0&quot;,</span> <span class=\"pre\">&quot;0&quot;)</span></code>.</p>\n</dd>\n<dt><strong>speed</strong><span class=\"classifier\"><a class=\"reference external\" href=\"https://docs.python.org/dev/library/functions.html#float\" title=\"(in Python v3.12)\"><code class=\"docutils literal notranslate\"><span class=\"pre\">float</span></code></a> or <a class=\"reference external\" href=\"https://docs.python.org/dev/library/stdtypes.html#str\" title=\"(in Python v3.12)\"><code class=\"docutils literal notranslate\"><span class=\"pre\">str</span></code></a>, <code class=\"xref py py-obj docutils literal notranslate\"><span class=\"pre\">optional</span></code></span></dt><dd><p>Speed of the vehicle. The default is <code class=\"docutils literal notranslate\"><span class=\"pre\">0</span></code>.</p>\n</dd>\n<dt><strong>relative_cs_name</strong><span class=\"classifier\"><a class=\"reference external\" href=\"https://docs.python.org/dev/library/stdtypes.html#str\" title=\"(in Python v3.12)\"><code class=\"docutils literal notranslate\"><span class=\"pre\">str</span></code></a>, <code class=\"xref py py-obj docutils literal notranslate\"><span class=\"pre\">optional</span></code></span></dt><dd><p>Name of the relative coordinate system of the actor. The\ndefault is <code class=\"docutils literal notranslate\"><span class=\"pre\">None</span></code>, in which case the global coordinate\nsystem is used.</p>\n</dd>\n</dl>\n</dd>\n</dl>\n<p class=\"rubric\">Methods</p>\n<table class=\"autosummary longtable docutils align-default\">\n<tbody>\n<tr class=\"row-odd\"><td><p><a class=\"reference internal\" href=\"../pyaedt.modeler.actors.Radar.insert/#pyaedt.modeler.actors.Radar.insert\" title=\"pyaedt.modeler.actors.Radar.insert\"><code class=\"xref py py-obj docutils literal notranslate\"><span class=\"pre\">Radar.insert</span></code></a>(app[,\u00a0motion])</p></td>\n<td><p>Insert radar in the HFSS application instance.</p></td>\n</tr>\n<tr class=\"row-even\"><td><p><a class=\"reference internal\" href=\"../pyaedt.modeler.actors.Radar.position_in_app/#pyaedt.modeler.actors.Radar.position_in_app\" title=\"pyaedt.modeler.actors.Radar.position_in_app\"><code class=\"xref py py-obj docutils literal notranslate\"><span class=\"pre\">Radar.position_in_app</span></code></a>(app)</p></td>\n<td><p>Set up design variables and values to enable motion for the multi-part 3D component.</p></td>\n</tr>\n<tr class=\"row-odd\"><td><p><a class=\"reference internal\" href=\"../pyaedt.modeler.actors.Radar.start/#pyaedt.modeler.actors.Radar.start\" title=\"pyaedt.modeler.actors.Radar.start\"><code class=\"xref py py-obj docutils literal notranslate\"><span class=\"pre\">Radar.start</span></code></a>(app)</p></td>\n<td><p>Initialize app for SBR+ simulation.</p></td>\n</tr>\n</tbody>\n</table>\n<p class=\"rubric\">Attributes</p>\n<table class=\"autosummary longtable docutils align-default\">\n<tbody>\n<tr class=\"row-odd\"><td><p><a class=\"reference internal\" href=\"../pyaedt.modeler.actors.Radar.cs_name/#pyaedt.modeler.actors.Radar.cs_name\" title=\"pyaedt.modeler.actors.Radar.cs_name\"><code class=\"xref py py-obj docutils literal notranslate\"><span class=\"pre\">Radar.cs_name</span></code></a></p></td>\n<td><p>Coordinate system name.</p></td>\n</tr>\n<tr class=\"row-even\"><td><p><a class=\"reference internal\" href=\"../pyaedt.modeler.actors.Radar.index/#pyaedt.modeler.actors.Radar.index\" title=\"pyaedt.modeler.actors.Radar.index\"><code class=\"xref py py-obj docutils literal notranslate\"><span class=\"pre\">Radar.index</span></code></a></p></td>\n<td><p>Number of multi-part components.</p></td>\n</tr>\n<tr class=\"row-odd\"><td><p><a class=\"reference internal\" href=\"../pyaedt.modeler.actors.Radar.modeler_units/#pyaedt.modeler.actors.Radar.modeler_units\" title=\"pyaedt.modeler.actors.Radar.modeler_units\"><code class=\"xref py py-obj docutils literal notranslate\"><span class=\"pre\">Radar.modeler_units</span></code></a></p></td>\n<td><p></p></td>\n</tr>\n<tr class=\"row-even\"><td><p><a class=\"reference internal\" href=\"../pyaedt.modeler.actors.Radar.name/#pyaedt.modeler.actors.Radar.name\" title=\"pyaedt.modeler.actors.Radar.name\"><code class=\"xref py py-obj docutils literal notranslate\"><span class=\"pre\">Radar.name</span></code></a></p></td>\n<td><p>Unique instance name.</p></td>\n</tr>\n<tr class=\"row-odd\"><td><p><a class=\"reference internal\" href=\"../pyaedt.modeler.actors.Radar.offset/#pyaedt.modeler.actors.Radar.offset\" title=\"pyaedt.modeler.actors.Radar.offset\"><code class=\"xref py py-obj docutils literal notranslate\"><span class=\"pre\">Radar.offset</span></code></a></p></td>\n<td><p>Offset values for the multi-part component.</p></td>\n</tr>\n<tr class=\"row-even\"><td><p><a class=\"reference internal\" href=\"../pyaedt.modeler.actors.Radar.offset_names/#pyaedt.modeler.actors.Radar.offset_names\" title=\"pyaedt.modeler.actors.Radar.offset_names\"><code class=\"xref py py-obj docutils literal notranslate\"><span class=\"pre\">Radar.offset_names</span></code></a></p></td>\n<td><p>X-, Y-, and Z-axis offset names.</p></td>\n</tr>\n<tr class=\"row-odd\"><td><p><a class=\"reference internal\" href=\"../pyaedt.modeler.actors.Radar.offset_x_name/#pyaedt.modeler.actors.Radar.offset_x_name\" title=\"pyaedt.modeler.actors.Radar.offset_x_name\"><code class=\"xref py py-obj docutils literal notranslate\"><span class=\"pre\">Radar.offset_x_name</span></code></a></p></td>\n<td><p>X-axis offset name.</p></td>\n</tr>\n<tr class=\"row-even\"><td><p><a class=\"reference internal\" href=\"../pyaedt.modeler.actors.Radar.offset_y_name/#pyaedt.modeler.actors.Radar.offset_y_name\" title=\"pyaedt.modeler.actors.Radar.offset_y_name\"><code class=\"xref py py-obj docutils literal notranslate\"><span class=\"pre\">Radar.offset_y_name</span></code></a></p></td>\n<td><p>Y-axis offset name.</p></td>\n</tr>\n<tr class=\"row-odd\"><td><p><a class=\"reference internal\" href=\"../pyaedt.modeler.actors.Radar.offset_z_name/#pyaedt.modeler.actors.Radar.offset_z_name\" title=\"pyaedt.modeler.actors.Radar.offset_z_name\"><code class=\"xref py py-obj docutils literal notranslate\"><span class=\"pre\">Radar.offset_z_name</span></code></a></p></td>\n<td><p>Z-axis offset name.</p></td>\n</tr>\n<tr class=\"row-even\"><td><p><a class=\"reference internal\" href=\"../pyaedt.modeler.actors.Radar.pitch/#pyaedt.modeler.actors.Radar.pitch\" title=\"pyaedt.modeler.actors.Radar.pitch\"><code class=\"xref py py-obj docutils literal notranslate\"><span class=\"pre\">Radar.pitch</span></code></a></p></td>\n<td><p>Pitch variable value.</p></td>\n</tr>\n<tr class=\"row-odd\"><td><p><a class=\"reference internal\" href=\"../pyaedt.modeler.actors.Radar.pitch_name/#pyaedt.modeler.actors.Radar.pitch_name\" title=\"pyaedt.modeler.actors.Radar.pitch_name\"><code class=\"xref py py-obj docutils literal notranslate\"><span class=\"pre\">Radar.pitch_name</span></code></a></p></td>\n<td><p>Pitch variable name.</p></td>\n</tr>\n<tr class=\"row-even\"><td><p><a class=\"reference internal\" href=\"../pyaedt.modeler.actors.Radar.roll/#pyaedt.modeler.actors.Radar.roll\" title=\"pyaedt.modeler.actors.Radar.roll\"><code class=\"xref py py-obj docutils literal notranslate\"><span class=\"pre\">Radar.roll</span></code></a></p></td>\n<td><p>Roll variable value.</p></td>\n</tr>\n<tr class=\"row-odd\"><td><p><a class=\"reference internal\" href=\"../pyaedt.modeler.actors.Radar.roll_name/#pyaedt.modeler.actors.Radar.roll_name\" title=\"pyaedt.modeler.actors.Radar.roll_name\"><code class=\"xref py py-obj docutils literal notranslate\"><span class=\"pre\">Radar.roll_name</span></code></a></p></td>\n<td><p>Roll variable name.</p></td>\n</tr>\n<tr class=\"row-even\"><td><p><a class=\"reference internal\" href=\"../pyaedt.modeler.actors.Radar.speed_expression/#pyaedt.modeler.actors.Radar.speed_expression\" title=\"pyaedt.modeler.actors.Radar.speed_expression\"><code class=\"xref py py-obj docutils literal notranslate\"><span class=\"pre\">Radar.speed_expression</span></code></a></p></td>\n<td><p>Speed variable expression.</p></td>\n</tr>\n<tr class=\"row-odd\"><td><p><a class=\"reference internal\" href=\"../pyaedt.modeler.actors.Radar.speed_name/#pyaedt.modeler.actors.Radar.speed_name\" title=\"pyaedt.modeler.actors.Radar.speed_name\"><code class=\"xref py py-obj docutils literal notranslate\"><span class=\"pre\">Radar.speed_name</span></code></a></p></td>\n<td><p>Speed variable name.</p></td>\n</tr>\n<tr class=\"row-even\"><td><p><a class=\"reference internal\" href=\"../pyaedt.modeler.actors.Radar.units/#pyaedt.modeler.actors.Radar.units\" title=\"pyaedt.modeler.actors.Radar.units\"><code class=\"xref py py-obj docutils literal notranslate\"><span class=\"pre\">Radar.units</span></code></a></p></td>\n<td><p>Multi-part units.</p></td>\n</tr>\n<tr class=\"row-odd\"><td><p><a class=\"reference internal\" href=\"../pyaedt.modeler.actors.Radar.use_global_cs/#pyaedt.modeler.actors.Radar.use_global_cs\" title=\"pyaedt.modeler.actors.Radar.use_global_cs\"><code class=\"xref py py-obj docutils literal notranslate\"><span class=\"pre\">Radar.use_global_cs</span></code></a></p></td>\n<td><p>Global coordinate system.</p></td>\n</tr>\n<tr class=\"row-even\"><td><p><a class=\"reference internal\" href=\"../pyaedt.modeler.actors.Radar.yaw/#pyaedt.modeler.actors.Radar.yaw\" title=\"pyaedt.modeler.actors.Radar.yaw\"><code class=\"xref py py-obj docutils literal notranslate\"><span class=\"pre\">Radar.yaw</span></code></a></p></td>\n<td><p>Yaw variable value.</p></td>\n</tr>\n<tr class=\"row-odd\"><td><p><a class=\"reference internal\" href=\"../pyaedt.modeler.actors.Radar.yaw_name/#pyaedt.modeler.actors.Radar.yaw_name\" title=\"pyaedt.modeler.actors.Radar.yaw_name\"><code class=\"xref py py-obj docutils literal notranslate\"><span class=\"pre\">Radar.yaw_name</span></code></a></p></td>\n<td><p>Yaw variable name.</p></td>\n</tr>\n</tbody>\n</table>\n</dd></dl>\n\n</section>\n", "metatags": "<meta name=\"generator\" content=\"Docutils 0.19: https://docutils.sourceforge.io/\" />\n", "rellinks": [["genindex", "General Index", "I", "index"], ["py-modindex", "Python Module Index", "", "modules"], ["API/_autosummary/pyaedt.modeler.actors.Radar.insert", "insert", "N", "next"], ["API/_autosummary/pyaedt.modeler.actors.Bird.yaw_name", "yaw_name", "P", "previous"]], "sourcename": "API/_autosummary/pyaedt.modeler.actors.Radar.rst.txt", "toc": "<ul>\n<li><a class=\"reference internal\" href=\"#\">pyaedt.modeler.actors.Radar</a><ul>\n<li><a class=\"reference internal\" href=\"#pyaedt.modeler.actors.Radar\"><code class=\"docutils literal notranslate\"><span class=\"pre\">Radar</span></code></a></li>\n</ul>\n</li>\n</ul>\n", "display_toc": true, "page_source_suffix": ".rst", "current_page_name": "API/_autosummary/pyaedt.modeler.actors.Radar", "sidebars": ["search-field.html", "sidebar-nav-bs.html"], "customsidebar": null, "favicon_url": null, "logo_url": null, "alabaster_version": "0.7.12", "theme_show_toc_level": 1, "theme_logo": {}}