{"parents": [{"link": "../../", "title": "API reference"}, {"link": "../../CoreEdb/", "title": "EDB editor"}, {"link": "../pyaedt.Edb/", "title": "pyaedt.Edb"}], "prev": {"link": "../pyaedt.Edb.arg_with_dim/", "title": "arg_with_dim"}, "next": {"link": "../pyaedt.Edb.build_simulation_project/", "title": "build_simulation_project"}, "title": "build_power_module_project", "meta": {}, "body": "<section id=\"build-power-module-project\">\n<h1>build_power_module_project<a class=\"headerlink\" href=\"#build-power-module-project\" title=\"Permalink to this heading\">#</a></h1>\n<dl class=\"py method\">\n<dt class=\"sig sig-object py\" id=\"pyaedt.Edb.build_power_module_project\">\n<span class=\"sig-prename descclassname\"><span class=\"pre\">Edb.</span></span><span class=\"sig-name descname\"><span class=\"pre\">build_power_module_project</span></span><span class=\"sig-paren\">(</span><em class=\"sig-param\"><span class=\"n\"><span class=\"pre\">inverter_model</span></span><span class=\"o\"><span class=\"pre\">=</span></span><span class=\"default_value\"><span class=\"pre\">None</span></span></em><span class=\"sig-paren\">)</span><a class=\"reference internal\" href=\"../../../_modules/pyaedt/edb/#Edb.build_power_module_project\"><span class=\"viewcode-link\"><span class=\"pre\">[source]</span></span></a><a class=\"headerlink\" href=\"#pyaedt.Edb.build_power_module_project\" title=\"Permalink to this definition\">#</a></dt>\n<dd></dd></dl>\n\n</section>\n", "metatags": "<meta name=\"generator\" content=\"Docutils 0.19: https://docutils.sourceforge.io/\" />\n", "rellinks": [["genindex", "General Index", "I", "index"], ["py-modindex", "Python Module Index", "", "modules"], ["API/_autosummary/pyaedt.Edb.build_simulation_project", "build_simulation_project", "N", "next"], ["API/_autosummary/pyaedt.Edb.arg_with_dim", "arg_with_dim", "P", "previous"]], "sourcename": "API/_autosummary/pyaedt.Edb.build_power_module_project.rst.txt", "toc": "<ul>\n<li><a class=\"reference internal\" href=\"#\">build_power_module_project</a><ul>\n<li><a class=\"reference internal\" href=\"#pyaedt.Edb.build_power_module_project\"><code class=\"docutils literal notranslate\"><span class=\"pre\">Edb.build_power_module_project()</span></code></a></li>\n</ul>\n</li>\n</ul>\n", "display_toc": true, "page_source_suffix": ".rst", "current_page_name": "API/_autosummary/pyaedt.Edb.build_power_module_project", "sidebars": ["search-field.html", "sidebar-nav-bs.html"], "customsidebar": null, "favicon_url": null, "logo_url": null, "alabaster_version": "0.7.12", "theme_show_toc_level": 1, "theme_logo": {}}