{"parents": [{"link": "../../", "title": "API reference"}, {"link": "../../Primitives/", "title": "Modeler and  primitives"}, {"link": "../pyaedt.modeler.Model3D.Modeler3D/", "title": "pyaedt.modeler.Model3D.Modeler3D"}], "prev": {"link": "../pyaedt.modeler.Model3D.Modeler3D.get_vertex_position/", "title": "get_vertex_position"}, "next": {"link": "../pyaedt.modeler.Model3D.Modeler3D.global_to_cs/", "title": "global_to_cs"}, "title": "get_vertices_of_line", "meta": {}, "body": "<section id=\"get-vertices-of-line\">\n<h1>get_vertices_of_line<a class=\"headerlink\" href=\"#get-vertices-of-line\" title=\"Permalink to this heading\">#</a></h1>\n<dl class=\"py method\">\n<dt class=\"sig sig-object py\" id=\"pyaedt.modeler.Model3D.Modeler3D.get_vertices_of_line\">\n<span class=\"sig-prename descclassname\"><span class=\"pre\">Modeler3D.</span></span><span class=\"sig-name descname\"><span class=\"pre\">get_vertices_of_line</span></span><span class=\"sig-paren\">(</span><em class=\"sig-param\"><span class=\"n\"><span class=\"pre\">sLineName</span></span></em><span class=\"sig-paren\">)</span><a class=\"headerlink\" href=\"#pyaedt.modeler.Model3D.Modeler3D.get_vertices_of_line\" title=\"Permalink to this definition\">#</a></dt>\n<dd><p>Generate a list of vertex positions for a line object from AEDT in model units.</p>\n<dl class=\"field-list\">\n<dt class=\"field-odd\">Parameters<span class=\"colon\">:</span></dt>\n<dd class=\"field-odd\"><dl>\n<dt><strong>sLineName</strong><span class=\"classifier\"><a class=\"reference external\" href=\"https://docs.python.org/dev/library/stdtypes.html#str\" title=\"(in Python v3.12)\"><code class=\"docutils literal notranslate\"><span class=\"pre\">str</span></code></a></span></dt><dd><p>Name of the line object in AEDT.</p>\n</dd>\n</dl>\n</dd>\n<dt class=\"field-even\">Returns<span class=\"colon\">:</span></dt>\n<dd class=\"field-even\"><dl class=\"simple\">\n<dt><a class=\"reference external\" href=\"https://docs.python.org/dev/library/stdtypes.html#list\" title=\"(in Python v3.12)\"><code class=\"docutils literal notranslate\"><span class=\"pre\">list</span></code></a></dt><dd><p>List of the <code class=\"docutils literal notranslate\"><span class=\"pre\">[x,</span> <span class=\"pre\">y,</span> <span class=\"pre\">(z)]</span></code> coordinates for the 2D or 3D line object.</p>\n</dd>\n</dl>\n</dd>\n</dl>\n<p class=\"rubric\">References</p>\n<div class=\"doctest highlight-default notranslate\"><div class=\"highlight\"><pre><span></span><span class=\"gp\">&gt;&gt;&gt; </span><span class=\"n\">oEditor</span><span class=\"o\">.</span><span class=\"n\">GetVertexIDsFromObject</span>\n</pre></div>\n</div>\n</dd></dl>\n\n</section>\n", "metatags": "<meta name=\"generator\" content=\"Docutils 0.19: https://docutils.sourceforge.io/\" />\n", "rellinks": [["genindex", "General Index", "I", "index"], ["py-modindex", "Python Module Index", "", "modules"], ["API/_autosummary/pyaedt.modeler.Model3D.Modeler3D.global_to_cs", "global_to_cs", "N", "next"], ["API/_autosummary/pyaedt.modeler.Model3D.Modeler3D.get_vertex_position", "get_vertex_position", "P", "previous"]], "sourcename": "API/_autosummary/pyaedt.modeler.Model3D.Modeler3D.get_vertices_of_line.rst.txt", "toc": "<ul>\n<li><a class=\"reference internal\" href=\"#\">get_vertices_of_line</a><ul>\n<li><a class=\"reference internal\" href=\"#pyaedt.modeler.Model3D.Modeler3D.get_vertices_of_line\"><code class=\"docutils literal notranslate\"><span class=\"pre\">Modeler3D.get_vertices_of_line()</span></code></a></li>\n</ul>\n</li>\n</ul>\n", "display_toc": true, "page_source_suffix": ".rst", "current_page_name": "API/_autosummary/pyaedt.modeler.Model3D.Modeler3D.get_vertices_of_line", "sidebars": ["search-field.html", "sidebar-nav-bs.html"], "customsidebar": null, "favicon_url": null, "logo_url": null, "alabaster_version": "0.7.12", "theme_show_toc_level": 1, "theme_logo": {}}