{"parents": [{"link": "../../", "title": "API reference"}, {"link": "../../Primitives/", "title": "Modeler and  primitives"}, {"link": "../pyaedt.modeler.Primitives3D.Primitives3D/", "title": "pyaedt.modeler.Primitives3D.Primitives3D"}], "prev": {"link": "../pyaedt.modeler.Primitives3D.Primitives3D.add_person/", "title": "add_person"}, "next": {"link": "../pyaedt.modeler.Primitives3D.Primitives3D.check_choke_values/", "title": "check_choke_values"}, "title": "add_vehicle", "meta": {}, "body": "<section id=\"add-vehicle\">\n<h1>add_vehicle<a class=\"headerlink\" href=\"#add-vehicle\" title=\"Permalink to this heading\">#</a></h1>\n<dl class=\"py method\">\n<dt class=\"sig sig-object py\" id=\"pyaedt.modeler.Primitives3D.Primitives3D.add_vehicle\">\n<span class=\"sig-prename descclassname\"><span class=\"pre\">Primitives3D.</span></span><span class=\"sig-name descname\"><span class=\"pre\">add_vehicle</span></span><span class=\"sig-paren\">(</span><em class=\"sig-param\"><span class=\"n\"><span class=\"pre\">actor_folder</span></span></em>, <em class=\"sig-param\"><span class=\"n\"><span class=\"pre\">speed</span></span><span class=\"o\"><span class=\"pre\">=</span></span><span class=\"default_value\"><span class=\"pre\">0</span></span></em>, <em class=\"sig-param\"><span class=\"n\"><span class=\"pre\">global_offset</span></span><span class=\"o\"><span class=\"pre\">=</span></span><span class=\"default_value\"><span class=\"pre\">[0,</span> <span class=\"pre\">0,</span> <span class=\"pre\">0]</span></span></em>, <em class=\"sig-param\"><span class=\"n\"><span class=\"pre\">yaw</span></span><span class=\"o\"><span class=\"pre\">=</span></span><span class=\"default_value\"><span class=\"pre\">0</span></span></em>, <em class=\"sig-param\"><span class=\"n\"><span class=\"pre\">pitch</span></span><span class=\"o\"><span class=\"pre\">=</span></span><span class=\"default_value\"><span class=\"pre\">0</span></span></em>, <em class=\"sig-param\"><span class=\"n\"><span class=\"pre\">roll</span></span><span class=\"o\"><span class=\"pre\">=</span></span><span class=\"default_value\"><span class=\"pre\">0</span></span></em>, <em class=\"sig-param\"><span class=\"n\"><span class=\"pre\">relative_cs_name</span></span><span class=\"o\"><span class=\"pre\">=</span></span><span class=\"default_value\"><span class=\"pre\">None</span></span></em>, <em class=\"sig-param\"><span class=\"n\"><span class=\"pre\">actor_name</span></span><span class=\"o\"><span class=\"pre\">=</span></span><span class=\"default_value\"><span class=\"pre\">None</span></span></em><span class=\"sig-paren\">)</span><a class=\"reference internal\" href=\"../../../_modules/pyaedt/modeler/Primitives3D/#Primitives3D.add_vehicle\"><span class=\"viewcode-link\"><span class=\"pre\">[source]</span></span></a><a class=\"headerlink\" href=\"#pyaedt.modeler.Primitives3D.Primitives3D.add_vehicle\" title=\"Permalink to this definition\">#</a></dt>\n<dd><p>Add a Moving Vehicle Multipart from 3D Components.</p>\n<p>It requires a json file in the folder containing vehicle\ninfos. An example json file follows:</p>\n<blockquote>\n<div><div class=\"highlight-json notranslate\"><div class=\"highlight\"><pre><span></span><span class=\"p\">{</span><span class=\"w\"></span>\n<span class=\"w\">    </span><span class=\"nt\">&quot;name&quot;</span><span class=\"p\">:</span><span class=\"w\"> </span><span class=\"s2\">&quot;vehicle3&quot;</span><span class=\"p\">,</span><span class=\"w\"></span>\n<span class=\"w\">    </span><span class=\"nt\">&quot;version&quot;</span><span class=\"p\">:</span><span class=\"w\"> </span><span class=\"mi\">1</span><span class=\"p\">,</span><span class=\"w\"></span>\n<span class=\"w\">    </span><span class=\"nt\">&quot;type&quot;</span><span class=\"p\">:</span><span class=\"s2\">&quot;mustang&quot;</span><span class=\"p\">,</span><span class=\"w\"></span>\n<span class=\"w\">    </span><span class=\"nt\">&quot;class&quot;</span><span class=\"p\">:</span><span class=\"s2\">&quot;vehicle&quot;</span><span class=\"p\">,</span><span class=\"w\"></span>\n<span class=\"w\">    </span><span class=\"nt\">&quot;xlim&quot;</span><span class=\"p\">:[</span><span class=\"s2\">&quot;-1.94&quot;</span><span class=\"p\">,</span><span class=\"s2\">&quot;2.8&quot;</span><span class=\"p\">],</span><span class=\"w\"></span>\n<span class=\"w\">    </span><span class=\"nt\">&quot;ylim&quot;</span><span class=\"p\">:[</span><span class=\"s2\">&quot;-.91&quot;</span><span class=\"p\">,</span><span class=\"s2\">&quot;.91&quot;</span><span class=\"p\">],</span><span class=\"w\"></span>\n<span class=\"w\">    </span><span class=\"nt\">&quot;parts&quot;</span><span class=\"p\">:</span><span class=\"w\"> </span><span class=\"p\">{</span><span class=\"w\"></span>\n<span class=\"w\">        </span><span class=\"nt\">&quot;wheels_front&quot;</span><span class=\"p\">:</span><span class=\"w\"> </span><span class=\"p\">{</span><span class=\"w\"></span>\n<span class=\"w\">            </span><span class=\"nt\">&quot;comp_name&quot;</span><span class=\"p\">:</span><span class=\"w\"> </span><span class=\"s2\">&quot;wheels_front.a3dcomp&quot;</span><span class=\"p\">,</span><span class=\"w\"></span>\n<span class=\"w\">            </span><span class=\"nt\">&quot;rotation_cs&quot;</span><span class=\"p\">:[</span><span class=\"s2\">&quot;1.8970271810532&quot;</span><span class=\"w\"> </span><span class=\"p\">,</span><span class=\"s2\">&quot;0&quot;</span><span class=\"w\"> </span><span class=\"p\">,</span><span class=\"s2\">&quot;0.34809664860487&quot;</span><span class=\"p\">],</span><span class=\"w\"></span>\n<span class=\"w\">            </span><span class=\"nt\">&quot;tire_radius&quot;</span><span class=\"p\">:</span><span class=\"s2\">&quot;0.349&quot;</span><span class=\"p\">,</span><span class=\"w\"></span>\n<span class=\"w\">            </span><span class=\"nt\">&quot;rotation_axis&quot;</span><span class=\"p\">:</span><span class=\"s2\">&quot;Y&quot;</span><span class=\"w\"></span>\n<span class=\"w\">            </span><span class=\"p\">},</span><span class=\"w\"></span>\n<span class=\"w\">        </span><span class=\"nt\">&quot;wheels_rear&quot;</span><span class=\"p\">:</span><span class=\"w\"> </span><span class=\"p\">{</span><span class=\"w\"></span>\n<span class=\"w\">            </span><span class=\"nt\">&quot;comp_name&quot;</span><span class=\"p\">:</span><span class=\"w\"> </span><span class=\"s2\">&quot;wheels_rear.a3dcomp&quot;</span><span class=\"p\">,</span><span class=\"w\"></span>\n<span class=\"w\">            </span><span class=\"nt\">&quot;rotation_cs&quot;</span><span class=\"p\">:[</span><span class=\"s2\">&quot;-0.82228746728897&quot;</span><span class=\"w\"> </span><span class=\"p\">,</span><span class=\"s2\">&quot;0&quot;</span><span class=\"p\">,</span><span class=\"s2\">&quot;0.34809664860487&quot;</span><span class=\"p\">],</span><span class=\"w\"></span>\n<span class=\"w\">            </span><span class=\"nt\">&quot;tire_radius&quot;</span><span class=\"p\">:</span><span class=\"s2\">&quot;0.349&quot;</span><span class=\"p\">,</span><span class=\"w\"></span>\n<span class=\"w\">            </span><span class=\"nt\">&quot;rotation_axis&quot;</span><span class=\"p\">:</span><span class=\"s2\">&quot;Y&quot;</span><span class=\"w\"></span>\n<span class=\"w\">            </span><span class=\"p\">},</span><span class=\"w\"></span>\n<span class=\"w\">        </span><span class=\"nt\">&quot;body&quot;</span><span class=\"p\">:</span><span class=\"w\"> </span><span class=\"p\">{</span><span class=\"w\"></span>\n<span class=\"w\">            </span><span class=\"nt\">&quot;comp_name&quot;</span><span class=\"p\">:</span><span class=\"w\"> </span><span class=\"s2\">&quot;body.a3dcomp&quot;</span><span class=\"p\">,</span><span class=\"w\"></span>\n<span class=\"w\">            </span><span class=\"nt\">&quot;rotation_cs&quot;</span><span class=\"p\">:</span><span class=\"kc\">null</span><span class=\"p\">,</span><span class=\"w\"></span>\n<span class=\"w\">            </span><span class=\"nt\">&quot;tire_radius&quot;</span><span class=\"p\">:</span><span class=\"kc\">null</span><span class=\"p\">,</span><span class=\"w\"></span>\n<span class=\"w\">            </span><span class=\"nt\">&quot;rotation_axis&quot;</span><span class=\"p\">:</span><span class=\"kc\">null</span><span class=\"w\"></span>\n<span class=\"w\">            </span><span class=\"p\">}</span><span class=\"w\"></span>\n<span class=\"w\">    </span><span class=\"p\">}</span><span class=\"w\"></span>\n<span class=\"p\">}</span><span class=\"w\"></span>\n</pre></div>\n</div>\n</div></blockquote>\n<dl class=\"field-list\">\n<dt class=\"field-odd\">Parameters<span class=\"colon\">:</span></dt>\n<dd class=\"field-odd\"><dl>\n<dt><strong>actor_folder</strong><span class=\"classifier\"><a class=\"reference external\" href=\"https://docs.python.org/dev/library/stdtypes.html#str\" title=\"(in Python v3.12)\"><code class=\"docutils literal notranslate\"><span class=\"pre\">str</span></code></a></span></dt><dd><p>Path to the actor directory. It must contain a json settings file\nand a 3dcomponent (<code class=\"docutils literal notranslate\"><span class=\"pre\">.a3dcomp</span></code> file).</p>\n</dd>\n<dt><strong>speed</strong><span class=\"classifier\"><a class=\"reference external\" href=\"https://docs.python.org/dev/library/functions.html#float\" title=\"(in Python v3.12)\"><code class=\"docutils literal notranslate\"><span class=\"pre\">float</span></code></a>, <code class=\"xref py py-obj docutils literal notranslate\"><span class=\"pre\">optional</span></code></span></dt><dd><p>Object movement speed with time (m_per_sec).</p>\n</dd>\n<dt><strong>global_offset</strong><span class=\"classifier\"><a class=\"reference external\" href=\"https://docs.python.org/dev/library/stdtypes.html#list\" title=\"(in Python v3.12)\"><code class=\"docutils literal notranslate\"><span class=\"pre\">list</span></code></a>, <code class=\"xref py py-obj docutils literal notranslate\"><span class=\"pre\">optional</span></code></span></dt><dd><p>Offset from Global Coordinate System [x,y,z] in meters.</p>\n</dd>\n<dt><strong>yaw</strong><span class=\"classifier\"><a class=\"reference external\" href=\"https://docs.python.org/dev/library/functions.html#float\" title=\"(in Python v3.12)\"><code class=\"docutils literal notranslate\"><span class=\"pre\">float</span></code></a>, <code class=\"xref py py-obj docutils literal notranslate\"><span class=\"pre\">optional</span></code></span></dt><dd><p>Yaw Rotation from Global Coordinate System in deg.</p>\n</dd>\n<dt><strong>pitch</strong><span class=\"classifier\"><a class=\"reference external\" href=\"https://docs.python.org/dev/library/functions.html#float\" title=\"(in Python v3.12)\"><code class=\"docutils literal notranslate\"><span class=\"pre\">float</span></code></a>, <code class=\"xref py py-obj docutils literal notranslate\"><span class=\"pre\">optional</span></code></span></dt><dd><p>Pitch Rotation from Global Coordinate System in deg.</p>\n</dd>\n<dt><strong>roll</strong><span class=\"classifier\"><a class=\"reference external\" href=\"https://docs.python.org/dev/library/functions.html#float\" title=\"(in Python v3.12)\"><code class=\"docutils literal notranslate\"><span class=\"pre\">float</span></code></a>, <code class=\"xref py py-obj docutils literal notranslate\"><span class=\"pre\">optional</span></code></span></dt><dd><p>Roll Rotation from Global Coordinate System in deg.</p>\n</dd>\n<dt><strong>relative_cs_name</strong><span class=\"classifier\"><a class=\"reference external\" href=\"https://docs.python.org/dev/library/stdtypes.html#str\" title=\"(in Python v3.12)\"><code class=\"docutils literal notranslate\"><span class=\"pre\">str</span></code></a></span></dt><dd><p>Relative CS Name of the actor. <code class=\"docutils literal notranslate\"><span class=\"pre\">None</span></code> for Global CS.</p>\n</dd>\n</dl>\n</dd>\n<dt class=\"field-even\">Returns<span class=\"colon\">:</span></dt>\n<dd class=\"field-even\"><dl class=\"simple\">\n<dt><a class=\"reference internal\" href=\"../pyaedt.modeler.actors.Vehicle/#pyaedt.modeler.actors.Vehicle\" title=\"pyaedt.modeler.actors.Vehicle\"><code class=\"xref py py-class docutils literal notranslate\"><span class=\"pre\">pyaedt.modeler.actors.Vehicle</span></code></a></dt><dd></dd>\n</dl>\n</dd>\n</dl>\n<p class=\"rubric\">References</p>\n<div class=\"doctest highlight-default notranslate\"><div class=\"highlight\"><pre><span></span><span class=\"gp\">&gt;&gt;&gt; </span><span class=\"n\">oEditor</span><span class=\"o\">.</span><span class=\"n\">Insert3DComponent</span>\n</pre></div>\n</div>\n</dd></dl>\n\n</section>\n", "metatags": "<meta name=\"generator\" content=\"Docutils 0.19: https://docutils.sourceforge.io/\" />\n", "rellinks": [["genindex", "General Index", "I", "index"], ["py-modindex", "Python Module Index", "", "modules"], ["API/_autosummary/pyaedt.modeler.Primitives3D.Primitives3D.check_choke_values", "check_choke_values", "N", "next"], ["API/_autosummary/pyaedt.modeler.Primitives3D.Primitives3D.add_person", "add_person", "P", "previous"]], "sourcename": "API/_autosummary/pyaedt.modeler.Primitives3D.Primitives3D.add_vehicle.rst.txt", "toc": "<ul>\n<li><a class=\"reference internal\" href=\"#\">add_vehicle</a><ul>\n<li><a class=\"reference internal\" href=\"#pyaedt.modeler.Primitives3D.Primitives3D.add_vehicle\"><code class=\"docutils literal notranslate\"><span class=\"pre\">Primitives3D.add_vehicle()</span></code></a></li>\n</ul>\n</li>\n</ul>\n", "display_toc": true, "page_source_suffix": ".rst", "current_page_name": "API/_autosummary/pyaedt.modeler.Primitives3D.Primitives3D.add_vehicle", "sidebars": ["search-field.html", "sidebar-nav-bs.html"], "customsidebar": null, "favicon_url": null, "logo_url": null, "alabaster_version": "0.7.12", "theme_show_toc_level": 1, "theme_logo": {}}