{"parents": [{"link": "../../", "title": "API reference"}, {"link": "../../Application/", "title": "AEDT apps"}, {"link": "../pyaedt.Hfss/", "title": "pyaedt.Hfss"}], "prev": {"link": "../pyaedt.Hfss.create_qfactor_report/", "title": "create_qfactor_report"}, "next": {"link": "../pyaedt.Hfss.create_sbr_chirp_i_doppler_setup/", "title": "create_sbr_chirp_i_doppler_setup"}, "title": "create_sbr_antenna", "meta": {}, "body": "<section id=\"create-sbr-antenna\">\n<h1>create_sbr_antenna<a class=\"headerlink\" href=\"#create-sbr-antenna\" title=\"Permalink to this heading\">#</a></h1>\n<dl class=\"py method\">\n<dt class=\"sig sig-object py\" id=\"pyaedt.Hfss.create_sbr_antenna\">\n<span class=\"sig-prename descclassname\"><span class=\"pre\">Hfss.</span></span><span class=\"sig-name descname\"><span class=\"pre\">create_sbr_antenna</span></span><span class=\"sig-paren\">(</span><em class=\"sig-param\"><span class=\"n\"><span class=\"pre\">antenna_type</span></span><span class=\"o\"><span class=\"pre\">=</span></span><span class=\"default_value\"><span class=\"pre\">'Conical</span> <span class=\"pre\">Horn'</span></span></em>, <em class=\"sig-param\"><span class=\"n\"><span class=\"pre\">target_cs</span></span><span class=\"o\"><span class=\"pre\">=</span></span><span class=\"default_value\"><span class=\"pre\">None</span></span></em>, <em class=\"sig-param\"><span class=\"n\"><span class=\"pre\">model_units</span></span><span class=\"o\"><span class=\"pre\">=</span></span><span class=\"default_value\"><span class=\"pre\">None</span></span></em>, <em class=\"sig-param\"><span class=\"n\"><span class=\"pre\">parameters_dict</span></span><span class=\"o\"><span class=\"pre\">=</span></span><span class=\"default_value\"><span class=\"pre\">None</span></span></em>, <em class=\"sig-param\"><span class=\"n\"><span class=\"pre\">use_current_source_representation</span></span><span class=\"o\"><span class=\"pre\">=</span></span><span class=\"default_value\"><span class=\"pre\">False</span></span></em>, <em class=\"sig-param\"><span class=\"n\"><span class=\"pre\">is_array</span></span><span class=\"o\"><span class=\"pre\">=</span></span><span class=\"default_value\"><span class=\"pre\">False</span></span></em>, <em class=\"sig-param\"><span class=\"n\"><span class=\"pre\">antenna_name</span></span><span class=\"o\"><span class=\"pre\">=</span></span><span class=\"default_value\"><span class=\"pre\">None</span></span></em><span class=\"sig-paren\">)</span><a class=\"reference internal\" href=\"../../../_modules/pyaedt/hfss/#Hfss.create_sbr_antenna\"><span class=\"viewcode-link\"><span class=\"pre\">[source]</span></span></a><a class=\"headerlink\" href=\"#pyaedt.Hfss.create_sbr_antenna\" title=\"Permalink to this definition\">#</a></dt>\n<dd><p>Create a parametric beam antenna in SBR+.</p>\n<dl class=\"field-list\">\n<dt class=\"field-odd\">Parameters<span class=\"colon\">:</span></dt>\n<dd class=\"field-odd\"><dl>\n<dt><strong>antenna_type</strong><span class=\"classifier\"><a class=\"reference external\" href=\"https://docs.python.org/dev/library/stdtypes.html#str\" title=\"(in Python v3.12)\"><code class=\"docutils literal notranslate\"><span class=\"pre\">str</span></code></a>, <cite>SbrAntennas.ConicalHorn</cite></span></dt><dd><p>Name of the antenna type. The enumerator <code class=\"docutils literal notranslate\"><span class=\"pre\">SbrAntennas</span></code> can also be used.\nThe default is <code class=\"docutils literal notranslate\"><span class=\"pre\">&quot;SbrAntennas.Conical</span> <span class=\"pre\">Horn&quot;</span></code>.</p>\n</dd>\n<dt><strong>target_cs</strong><span class=\"classifier\"><a class=\"reference external\" href=\"https://docs.python.org/dev/library/stdtypes.html#str\" title=\"(in Python v3.12)\"><code class=\"docutils literal notranslate\"><span class=\"pre\">str</span></code></a>, <code class=\"xref py py-obj docutils literal notranslate\"><span class=\"pre\">optional</span></code></span></dt><dd><p>Target coordinate system. The default is <code class=\"docutils literal notranslate\"><span class=\"pre\">None</span></code>, in which case\nthe active coodiante system is used.</p>\n</dd>\n<dt><strong>model_units</strong><span class=\"classifier\"><a class=\"reference external\" href=\"https://docs.python.org/dev/library/stdtypes.html#str\" title=\"(in Python v3.12)\"><code class=\"docutils literal notranslate\"><span class=\"pre\">str</span></code></a>, <code class=\"xref py py-obj docutils literal notranslate\"><span class=\"pre\">optional</span></code></span></dt><dd><p>Model units to apply to the object. The default is\n<code class=\"docutils literal notranslate\"><span class=\"pre\">None</span></code>, in which case the active modeler units are applied.</p>\n</dd>\n<dt><strong>parameters_dict</strong><span class=\"classifier\"><a class=\"reference external\" href=\"https://docs.python.org/dev/library/stdtypes.html#dict\" title=\"(in Python v3.12)\"><code class=\"docutils literal notranslate\"><span class=\"pre\">dict</span></code></a>, <code class=\"xref py py-obj docutils literal notranslate\"><span class=\"pre\">optional</span></code></span></dt><dd><p>Dictionary of parameters. The default is <code class=\"docutils literal notranslate\"><span class=\"pre\">None</span></code>.</p>\n</dd>\n<dt><strong>use_current_source_representation</strong><span class=\"classifier\"><a class=\"reference external\" href=\"https://docs.python.org/dev/library/stdtypes.html#bltin-boolean-values\" title=\"(in Python v3.12)\"><span class=\"xref std std-ref\">bool</span></a>, <code class=\"xref py py-obj docutils literal notranslate\"><span class=\"pre\">optional</span></code></span></dt><dd><p>Whether to use the current source representation. The default is <code class=\"docutils literal notranslate\"><span class=\"pre\">False</span></code>.</p>\n</dd>\n<dt><strong>is_array</strong><span class=\"classifier\"><a class=\"reference external\" href=\"https://docs.python.org/dev/library/stdtypes.html#bltin-boolean-values\" title=\"(in Python v3.12)\"><span class=\"xref std std-ref\">bool</span></a>, <code class=\"xref py py-obj docutils literal notranslate\"><span class=\"pre\">optional</span></code></span></dt><dd><p>The default is <code class=\"docutils literal notranslate\"><span class=\"pre\">False</span></code>.</p>\n</dd>\n<dt><strong>antenna_name</strong><span class=\"classifier\"><a class=\"reference external\" href=\"https://docs.python.org/dev/library/stdtypes.html#str\" title=\"(in Python v3.12)\"><code class=\"docutils literal notranslate\"><span class=\"pre\">str</span></code></a>, <code class=\"xref py py-obj docutils literal notranslate\"><span class=\"pre\">optional</span></code></span></dt><dd><p>Name of the 3D component. The default is <code class=\"docutils literal notranslate\"><span class=\"pre\">None</span></code>, in which case the\nname is auto-generated based on the antenna type.</p>\n</dd>\n</dl>\n</dd>\n<dt class=\"field-even\">Returns<span class=\"colon\">:</span></dt>\n<dd class=\"field-even\"><dl class=\"simple\">\n<dt><a class=\"reference internal\" href=\"../pyaedt.modules.Boundary.NativeComponentObject/#pyaedt.modules.Boundary.NativeComponentObject\" title=\"pyaedt.modules.Boundary.NativeComponentObject\"><code class=\"xref py py-class docutils literal notranslate\"><span class=\"pre\">pyaedt.modules.Boundary.NativeComponentObject</span></code></a></dt><dd><p>NativeComponentObject object.</p>\n</dd>\n</dl>\n</dd>\n</dl>\n<p class=\"rubric\">References</p>\n<div class=\"doctest highlight-default notranslate\"><div class=\"highlight\"><pre><span></span><span class=\"gp\">&gt;&gt;&gt; </span><span class=\"n\">oEditor</span><span class=\"o\">.</span><span class=\"n\">InsertNativeComponent</span>\n</pre></div>\n</div>\n<p class=\"rubric\">Examples</p>\n<div class=\"doctest highlight-default notranslate\"><div class=\"highlight\"><pre><span></span><span class=\"gp\">&gt;&gt;&gt; </span><span class=\"kn\">from</span> <span class=\"nn\">pyaedt</span> <span class=\"kn\">import</span> <span class=\"n\">Hfss</span>\n<span class=\"gp\">&gt;&gt;&gt; </span><span class=\"n\">hfss</span> <span class=\"o\">=</span> <span class=\"n\">Hfss</span><span class=\"p\">(</span><span class=\"n\">solution_type</span><span class=\"o\">=</span><span class=\"s2\">&quot;SBR+&quot;</span><span class=\"p\">)</span>  \n<span class=\"go\">pyaedt info: Added design &#39;HFSS_IPO&#39; of type HFSS.</span>\n<span class=\"gp\">&gt;&gt;&gt; </span><span class=\"n\">parm</span> <span class=\"o\">=</span> <span class=\"p\">{</span><span class=\"s2\">&quot;polarization&quot;</span><span class=\"p\">:</span> <span class=\"s2\">&quot;Vertical&quot;</span><span class=\"p\">}</span>  \n<span class=\"gp\">&gt;&gt;&gt; </span><span class=\"n\">par_beam</span> <span class=\"o\">=</span> <span class=\"n\">hfss</span><span class=\"o\">.</span><span class=\"n\">create_sbr_antenna</span><span class=\"p\">(</span><span class=\"n\">hfss</span><span class=\"o\">.</span><span class=\"n\">SbrAntennas</span><span class=\"o\">.</span><span class=\"n\">ShortDipole</span><span class=\"p\">,</span>\n<span class=\"gp\">... </span>                                   <span class=\"n\">parameters_dict</span><span class=\"o\">=</span><span class=\"n\">parm</span><span class=\"p\">,</span>\n<span class=\"gp\">... </span>                                   <span class=\"n\">antenna_name</span><span class=\"o\">=</span><span class=\"s2\">&quot;TX1&quot;</span><span class=\"p\">)</span>  \n</pre></div>\n</div>\n</dd></dl>\n\n</section>\n", "metatags": "<meta name=\"generator\" content=\"Docutils 0.19: https://docutils.sourceforge.io/\" />\n", "rellinks": [["genindex", "General Index", "I", "index"], ["py-modindex", "Python Module Index", "", "modules"], ["API/_autosummary/pyaedt.Hfss.create_sbr_chirp_i_doppler_setup", "create_sbr_chirp_i_doppler_setup", "N", "next"], ["API/_autosummary/pyaedt.Hfss.create_qfactor_report", "create_qfactor_report", "P", "previous"]], "sourcename": "API/_autosummary/pyaedt.Hfss.create_sbr_antenna.rst.txt", "toc": "<ul>\n<li><a class=\"reference internal\" href=\"#\">create_sbr_antenna</a><ul>\n<li><a class=\"reference internal\" href=\"#pyaedt.Hfss.create_sbr_antenna\"><code class=\"docutils literal notranslate\"><span class=\"pre\">Hfss.create_sbr_antenna()</span></code></a></li>\n</ul>\n</li>\n</ul>\n", "display_toc": true, "page_source_suffix": ".rst", "current_page_name": "API/_autosummary/pyaedt.Hfss.create_sbr_antenna", "sidebars": ["search-field.html", "sidebar-nav-bs.html"], "customsidebar": null, "favicon_url": null, "logo_url": null, "alabaster_version": "0.7.12", "theme_show_toc_level": 1, "theme_logo": {}}