{"parents": [{"link": "../../", "title": "API reference"}, {"link": "../../Application/", "title": "AEDT apps"}], "prev": {"link": "../pyaedt.Maxwell2d.xy_plane/", "title": "xy_plane"}, "next": {"link": "../pyaedt.Maxwell3d.activate_variable_optimization/", "title": "activate_variable_optimization"}, "title": "pyaedt.Maxwell3d", "meta": {}, "body": "<section id=\"pyaedt-maxwell3d\">\n<h1>pyaedt.Maxwell3d<a class=\"headerlink\" href=\"#pyaedt-maxwell3d\" title=\"Permalink to this heading\">#</a></h1>\n<dl class=\"py class\">\n<dt class=\"sig sig-object py\" id=\"pyaedt.Maxwell3d\">\n<em class=\"property\"><span class=\"pre\">class</span><span class=\"w\"> </span></em><span class=\"sig-prename descclassname\"><span class=\"pre\">pyaedt.</span></span><span class=\"sig-name descname\"><span class=\"pre\">Maxwell3d</span></span><span class=\"sig-paren\">(</span><em class=\"sig-param\"><span class=\"n\"><span class=\"pre\">projectname</span></span><span class=\"o\"><span class=\"pre\">=</span></span><span class=\"default_value\"><span class=\"pre\">None</span></span></em>, <em class=\"sig-param\"><span class=\"n\"><span class=\"pre\">designname</span></span><span class=\"o\"><span class=\"pre\">=</span></span><span class=\"default_value\"><span class=\"pre\">None</span></span></em>, <em class=\"sig-param\"><span class=\"n\"><span class=\"pre\">solution_type</span></span><span class=\"o\"><span class=\"pre\">=</span></span><span class=\"default_value\"><span class=\"pre\">None</span></span></em>, <em class=\"sig-param\"><span class=\"n\"><span class=\"pre\">setup_name</span></span><span class=\"o\"><span class=\"pre\">=</span></span><span class=\"default_value\"><span class=\"pre\">None</span></span></em>, <em class=\"sig-param\"><span class=\"n\"><span class=\"pre\">specified_version</span></span><span class=\"o\"><span class=\"pre\">=</span></span><span class=\"default_value\"><span class=\"pre\">None</span></span></em>, <em class=\"sig-param\"><span class=\"n\"><span class=\"pre\">non_graphical</span></span><span class=\"o\"><span class=\"pre\">=</span></span><span class=\"default_value\"><span class=\"pre\">False</span></span></em>, <em class=\"sig-param\"><span class=\"n\"><span class=\"pre\">new_desktop_session</span></span><span class=\"o\"><span class=\"pre\">=</span></span><span class=\"default_value\"><span class=\"pre\">False</span></span></em>, <em class=\"sig-param\"><span class=\"n\"><span class=\"pre\">close_on_exit</span></span><span class=\"o\"><span class=\"pre\">=</span></span><span class=\"default_value\"><span class=\"pre\">False</span></span></em>, <em class=\"sig-param\"><span class=\"n\"><span class=\"pre\">student_version</span></span><span class=\"o\"><span class=\"pre\">=</span></span><span class=\"default_value\"><span class=\"pre\">False</span></span></em>, <em class=\"sig-param\"><span class=\"n\"><span class=\"pre\">machine</span></span><span class=\"o\"><span class=\"pre\">=</span></span><span class=\"default_value\"><span class=\"pre\">''</span></span></em>, <em class=\"sig-param\"><span class=\"n\"><span class=\"pre\">port</span></span><span class=\"o\"><span class=\"pre\">=</span></span><span class=\"default_value\"><span class=\"pre\">0</span></span></em>, <em class=\"sig-param\"><span class=\"n\"><span class=\"pre\">aedt_process_id</span></span><span class=\"o\"><span class=\"pre\">=</span></span><span class=\"default_value\"><span class=\"pre\">None</span></span></em><span class=\"sig-paren\">)</span><a class=\"reference internal\" href=\"../../../_modules/pyaedt/maxwell/#Maxwell3d\"><span class=\"viewcode-link\"><span class=\"pre\">[source]</span></span></a><a class=\"headerlink\" href=\"#pyaedt.Maxwell3d\" title=\"Permalink to this definition\">#</a></dt>\n<dd><p>Provides the Maxwell 3D application interface.</p>\n<p>This class allows you to connect to an existing Maxwell 3D design or create a\nnew Maxwell 3D design if one does not exist.</p>\n<dl class=\"field-list\">\n<dt class=\"field-odd\">Parameters<span class=\"colon\">:</span></dt>\n<dd class=\"field-odd\"><dl>\n<dt><strong>projectname</strong><span class=\"classifier\"><a class=\"reference external\" href=\"https://docs.python.org/dev/library/stdtypes.html#str\" title=\"(in Python v3.12)\"><code class=\"docutils literal notranslate\"><span class=\"pre\">str</span></code></a>, <code class=\"xref py py-obj docutils literal notranslate\"><span class=\"pre\">optional</span></code></span></dt><dd><p>Name of the project to select or the full path to the project\nor AEDTZ archive to open. The default is <code class=\"docutils literal notranslate\"><span class=\"pre\">None</span></code>, in which\ncase an attempt is made to get an active project. If no\nprojects are present, an empty project is created.</p>\n</dd>\n<dt><strong>designname</strong><span class=\"classifier\"><a class=\"reference external\" href=\"https://docs.python.org/dev/library/stdtypes.html#str\" title=\"(in Python v3.12)\"><code class=\"docutils literal notranslate\"><span class=\"pre\">str</span></code></a>, <code class=\"xref py py-obj docutils literal notranslate\"><span class=\"pre\">optional</span></code></span></dt><dd><p>Name of the design to select. The default is <code class=\"docutils literal notranslate\"><span class=\"pre\">None</span></code>, in\nwhich case an attempt is made to get an active design. If no\ndesigns are present, an empty design is created.</p>\n</dd>\n<dt><strong>solution_type</strong><span class=\"classifier\"><a class=\"reference external\" href=\"https://docs.python.org/dev/library/stdtypes.html#str\" title=\"(in Python v3.12)\"><code class=\"docutils literal notranslate\"><span class=\"pre\">str</span></code></a>, <code class=\"xref py py-obj docutils literal notranslate\"><span class=\"pre\">optional</span></code></span></dt><dd><p>Solution type to apply to the design. The default is\n<code class=\"docutils literal notranslate\"><span class=\"pre\">None</span></code>, in which case the default type is applied.</p>\n</dd>\n<dt><strong>setup_name</strong><span class=\"classifier\"><a class=\"reference external\" href=\"https://docs.python.org/dev/library/stdtypes.html#str\" title=\"(in Python v3.12)\"><code class=\"docutils literal notranslate\"><span class=\"pre\">str</span></code></a>, <code class=\"xref py py-obj docutils literal notranslate\"><span class=\"pre\">optional</span></code></span></dt><dd><p>Name of the setup to use as the nominal. The default is\n<code class=\"docutils literal notranslate\"><span class=\"pre\">None</span></code>, in which case the active setup is used or\nnothing is used.</p>\n</dd>\n<dt><strong>specified_version</strong><span class=\"classifier\"><a class=\"reference external\" href=\"https://docs.python.org/dev/library/stdtypes.html#str\" title=\"(in Python v3.12)\"><code class=\"docutils literal notranslate\"><span class=\"pre\">str</span></code></a>, <code class=\"xref py py-obj docutils literal notranslate\"><span class=\"pre\">optional</span></code></span></dt><dd><p>Version of AEDT to use. The default is <code class=\"docutils literal notranslate\"><span class=\"pre\">None</span></code>, in which case\nthe active version or latest installed version is used. This\nparameter is ignored when a script is launched within AEDT.</p>\n</dd>\n<dt><strong>non_graphical</strong><span class=\"classifier\"><a class=\"reference external\" href=\"https://docs.python.org/dev/library/stdtypes.html#bltin-boolean-values\" title=\"(in Python v3.12)\"><span class=\"xref std std-ref\">bool</span></a>, <code class=\"xref py py-obj docutils literal notranslate\"><span class=\"pre\">optional</span></code></span></dt><dd><p>Whether to launch AEDT in non-graphical mode. The default\nis <code class=\"docutils literal notranslate\"><span class=\"pre\">False</span></code>, in which case AEDT is launched in graphical\nmode. This parameter is ignored when a script is launched within\nAEDT.</p>\n</dd>\n<dt><strong>new_desktop_session</strong><span class=\"classifier\"><a class=\"reference external\" href=\"https://docs.python.org/dev/library/stdtypes.html#bltin-boolean-values\" title=\"(in Python v3.12)\"><span class=\"xref std std-ref\">bool</span></a>, <code class=\"xref py py-obj docutils literal notranslate\"><span class=\"pre\">optional</span></code></span></dt><dd><p>Whether to launch an instance of AEDT in a new thread, even if\nanother instance of the <code class=\"docutils literal notranslate\"><span class=\"pre\">specified_version</span></code> is active on the\nmachine. The default is <code class=\"docutils literal notranslate\"><span class=\"pre\">True</span></code>. This parameter is ignored\nwhen a script is launched within AEDT.</p>\n</dd>\n<dt><strong>close_on_exit</strong><span class=\"classifier\"><a class=\"reference external\" href=\"https://docs.python.org/dev/library/stdtypes.html#bltin-boolean-values\" title=\"(in Python v3.12)\"><span class=\"xref std std-ref\">bool</span></a>, <code class=\"xref py py-obj docutils literal notranslate\"><span class=\"pre\">optional</span></code></span></dt><dd><p>Whether to release AEDT on exit. The default is <code class=\"docutils literal notranslate\"><span class=\"pre\">False</span></code>.</p>\n</dd>\n<dt><strong>student_version</strong><span class=\"classifier\"><a class=\"reference external\" href=\"https://docs.python.org/dev/library/stdtypes.html#bltin-boolean-values\" title=\"(in Python v3.12)\"><span class=\"xref std std-ref\">bool</span></a>, <code class=\"xref py py-obj docutils literal notranslate\"><span class=\"pre\">optional</span></code></span></dt><dd><p>Whether to open the AEDT student version. The default is\n<code class=\"docutils literal notranslate\"><span class=\"pre\">False</span></code>. This parameter is ignored when a script is launched\nwithin AEDT.</p>\n</dd>\n<dt><strong>machine</strong><span class=\"classifier\"><a class=\"reference external\" href=\"https://docs.python.org/dev/library/stdtypes.html#str\" title=\"(in Python v3.12)\"><code class=\"docutils literal notranslate\"><span class=\"pre\">str</span></code></a>, <code class=\"xref py py-obj docutils literal notranslate\"><span class=\"pre\">optional</span></code></span></dt><dd><p>Machine name to connect the oDesktop session to. This works only in 2022 R2\nor later. The remote server must be up and running with the command\n<cite>\u201cansysedt.exe -grpcsrv portnum\u201d</cite>. If the machine is <cite>\u201clocalhost\u201d</cite>, the\nserver also starts if not present.</p>\n</dd>\n<dt><strong>port</strong><span class=\"classifier\"><a class=\"reference external\" href=\"https://docs.python.org/dev/library/functions.html#int\" title=\"(in Python v3.12)\"><code class=\"docutils literal notranslate\"><span class=\"pre\">int</span></code></a>, <code class=\"xref py py-obj docutils literal notranslate\"><span class=\"pre\">optional</span></code></span></dt><dd><p>Port number on which to start the oDesktop communication on an already existing server.\nThis parameter is ignored when a new server is created. It works only in 2022 R2 or later.\nThe remote server must be up and running with the command <cite>\u201cansysedt.exe -grpcsrv portnum\u201d</cite>.</p>\n</dd>\n<dt><strong>aedt_process_id</strong><span class=\"classifier\"><a class=\"reference external\" href=\"https://docs.python.org/dev/library/functions.html#int\" title=\"(in Python v3.12)\"><code class=\"docutils literal notranslate\"><span class=\"pre\">int</span></code></a>, <code class=\"xref py py-obj docutils literal notranslate\"><span class=\"pre\">optional</span></code></span></dt><dd><p>Process ID for the instance of AEDT to point PyAEDT at. The default is\n<code class=\"docutils literal notranslate\"><span class=\"pre\">None</span></code>. This parameter is only used when <code class=\"docutils literal notranslate\"><span class=\"pre\">new_desktop_session</span> <span class=\"pre\">=</span> <span class=\"pre\">False</span></code>.</p>\n</dd>\n</dl>\n</dd>\n</dl>\n<p class=\"rubric\">Examples</p>\n<p>Create an instance of Maxwell 3D and open the specified\nproject, which is named <code class=\"docutils literal notranslate\"><span class=\"pre\">mymaxwell.aedt</span></code>.</p>\n<div class=\"doctest highlight-default notranslate\"><div class=\"highlight\"><pre><span></span><span class=\"gp\">&gt;&gt;&gt; </span><span class=\"kn\">from</span> <span class=\"nn\">pyaedt</span> <span class=\"kn\">import</span> <span class=\"n\">Maxwell3d</span>\n<span class=\"gp\">&gt;&gt;&gt; </span><span class=\"n\">aedtapp</span> <span class=\"o\">=</span> <span class=\"n\">Maxwell3d</span><span class=\"p\">(</span><span class=\"s2\">&quot;mymaxwell.aedt&quot;</span><span class=\"p\">)</span>\n<span class=\"go\">pyaedt info: Added design ...</span>\n</pre></div>\n</div>\n<p>Create an instance of Maxwell 3D using the 2021 R1 release and open\nthe specified project, which is named <code class=\"docutils literal notranslate\"><span class=\"pre\">mymaxwell2.aedt</span></code>.</p>\n<div class=\"doctest highlight-default notranslate\"><div class=\"highlight\"><pre><span></span><span class=\"gp\">&gt;&gt;&gt; </span><span class=\"n\">aedtapp</span> <span class=\"o\">=</span> <span class=\"n\">Maxwell3d</span><span class=\"p\">(</span><span class=\"n\">specified_version</span><span class=\"o\">=</span><span class=\"s2\">&quot;2021.2&quot;</span><span class=\"p\">,</span> <span class=\"n\">projectname</span><span class=\"o\">=</span><span class=\"s2\">&quot;mymaxwell2.aedt&quot;</span><span class=\"p\">)</span>\n<span class=\"go\">pyaedt info: Added design ...</span>\n</pre></div>\n</div>\n<p class=\"rubric\">Methods</p>\n<table class=\"autosummary longtable docutils align-default\">\n<tbody>\n<tr class=\"row-odd\"><td><p><a class=\"reference internal\" href=\"../pyaedt.Maxwell3d.activate_variable_optimization/#pyaedt.Maxwell3d.activate_variable_optimization\" title=\"pyaedt.Maxwell3d.activate_variable_optimization\"><code class=\"xref py py-obj docutils literal notranslate\"><span class=\"pre\">Maxwell3d.activate_variable_optimization</span></code></a>(...)</p></td>\n<td><p>Activate optimization analysis for a variable and optionally set up ranges.</p></td>\n</tr>\n<tr class=\"row-even\"><td><p><a class=\"reference internal\" href=\"../pyaedt.Maxwell3d.activate_variable_sensitivity/#pyaedt.Maxwell3d.activate_variable_sensitivity\" title=\"pyaedt.Maxwell3d.activate_variable_sensitivity\"><code class=\"xref py py-obj docutils literal notranslate\"><span class=\"pre\">Maxwell3d.activate_variable_sensitivity</span></code></a>(...)</p></td>\n<td><p>Activate sensitivity analysis for a variable and optionally set up ranges.</p></td>\n</tr>\n<tr class=\"row-odd\"><td><p><a class=\"reference internal\" href=\"../pyaedt.Maxwell3d.activate_variable_statistical/#pyaedt.Maxwell3d.activate_variable_statistical\" title=\"pyaedt.Maxwell3d.activate_variable_statistical\"><code class=\"xref py py-obj docutils literal notranslate\"><span class=\"pre\">Maxwell3d.activate_variable_statistical</span></code></a>(...)</p></td>\n<td><p>Activate statitistical analysis for a variable and optionally set up ranges.</p></td>\n</tr>\n<tr class=\"row-even\"><td><p><a class=\"reference internal\" href=\"../pyaedt.Maxwell3d.activate_variable_tuning/#pyaedt.Maxwell3d.activate_variable_tuning\" title=\"pyaedt.Maxwell3d.activate_variable_tuning\"><code class=\"xref py py-obj docutils literal notranslate\"><span class=\"pre\">Maxwell3d.activate_variable_tuning</span></code></a>(variable_name)</p></td>\n<td><p>Activate tuning analysis for a variable and optionally set up ranges.</p></td>\n</tr>\n<tr class=\"row-odd\"><td><p><a class=\"reference internal\" href=\"../pyaedt.Maxwell3d.add_error_message/#pyaedt.Maxwell3d.add_error_message\" title=\"pyaedt.Maxwell3d.add_error_message\"><code class=\"xref py py-obj docutils literal notranslate\"><span class=\"pre\">Maxwell3d.add_error_message</span></code></a>(message_text[,\u00a0...])</p></td>\n<td><p>Add a type 0 &quot;Error&quot; message to either the global, active project, or active design level of the message mmanager tree.</p></td>\n</tr>\n<tr class=\"row-even\"><td><p><a class=\"reference internal\" href=\"../pyaedt.Maxwell3d.add_info_message/#pyaedt.Maxwell3d.add_info_message\" title=\"pyaedt.Maxwell3d.add_info_message\"><code class=\"xref py py-obj docutils literal notranslate\"><span class=\"pre\">Maxwell3d.add_info_message</span></code></a>(message_text[,\u00a0...])</p></td>\n<td><p>Add a type 0 &quot;Info&quot; message to either the global, active project, or active design level of the message manager tree.</p></td>\n</tr>\n<tr class=\"row-odd\"><td><p><a class=\"reference internal\" href=\"../pyaedt.Maxwell3d.add_stackup_3d/#pyaedt.Maxwell3d.add_stackup_3d\" title=\"pyaedt.Maxwell3d.add_stackup_3d\"><code class=\"xref py py-obj docutils literal notranslate\"><span class=\"pre\">Maxwell3d.add_stackup_3d</span></code></a>()</p></td>\n<td><p>Create a stackup 3D object.</p></td>\n</tr>\n<tr class=\"row-even\"><td><p><a class=\"reference internal\" href=\"../pyaedt.Maxwell3d.add_warning_message/#pyaedt.Maxwell3d.add_warning_message\" title=\"pyaedt.Maxwell3d.add_warning_message\"><code class=\"xref py py-obj docutils literal notranslate\"><span class=\"pre\">Maxwell3d.add_warning_message</span></code></a>(message_text)</p></td>\n<td><p>Add a type 0 &quot;Warning&quot; message to either the global, active project, or active design level of the message manager tree.</p></td>\n</tr>\n<tr class=\"row-odd\"><td><p><a class=\"reference internal\" href=\"../pyaedt.Maxwell3d.add_winding_coils/#pyaedt.Maxwell3d.add_winding_coils\" title=\"pyaedt.Maxwell3d.add_winding_coils\"><code class=\"xref py py-obj docutils literal notranslate\"><span class=\"pre\">Maxwell3d.add_winding_coils</span></code></a>(windingname,\u00a0...)</p></td>\n<td><p>Add coils to the winding.</p></td>\n</tr>\n<tr class=\"row-even\"><td><p><a class=\"reference internal\" href=\"../pyaedt.Maxwell3d.analyse_nominal/#pyaedt.Maxwell3d.analyse_nominal\" title=\"pyaedt.Maxwell3d.analyse_nominal\"><code class=\"xref py py-obj docutils literal notranslate\"><span class=\"pre\">Maxwell3d.analyse_nominal</span></code></a>()</p></td>\n<td><p>Solve the nominal design.</p></td>\n</tr>\n<tr class=\"row-odd\"><td><p><a class=\"reference internal\" href=\"../pyaedt.Maxwell3d.analyze_all/#pyaedt.Maxwell3d.analyze_all\" title=\"pyaedt.Maxwell3d.analyze_all\"><code class=\"xref py py-obj docutils literal notranslate\"><span class=\"pre\">Maxwell3d.analyze_all</span></code></a>()</p></td>\n<td><p>Analyze all setups in a design.</p></td>\n</tr>\n<tr class=\"row-even\"><td><p><a class=\"reference internal\" href=\"../pyaedt.Maxwell3d.analyze_from_initial_mesh/#pyaedt.Maxwell3d.analyze_from_initial_mesh\" title=\"pyaedt.Maxwell3d.analyze_from_initial_mesh\"><code class=\"xref py py-obj docutils literal notranslate\"><span class=\"pre\">Maxwell3d.analyze_from_initial_mesh</span></code></a>()</p></td>\n<td><p>Revert the solution to the initial mesh and re-run the solve.</p></td>\n</tr>\n<tr class=\"row-odd\"><td><p><a class=\"reference internal\" href=\"../pyaedt.Maxwell3d.analyze_from_zero/#pyaedt.Maxwell3d.analyze_from_zero\" title=\"pyaedt.Maxwell3d.analyze_from_zero\"><code class=\"xref py py-obj docutils literal notranslate\"><span class=\"pre\">Maxwell3d.analyze_from_zero</span></code></a>()</p></td>\n<td><p>Analyze from zero.</p></td>\n</tr>\n<tr class=\"row-even\"><td><p><a class=\"reference internal\" href=\"../pyaedt.Maxwell3d.analyze_nominal/#pyaedt.Maxwell3d.analyze_nominal\" title=\"pyaedt.Maxwell3d.analyze_nominal\"><code class=\"xref py py-obj docutils literal notranslate\"><span class=\"pre\">Maxwell3d.analyze_nominal</span></code></a>([num_cores,\u00a0...])</p></td>\n<td><p>Solve the nominal design.</p></td>\n</tr>\n<tr class=\"row-odd\"><td><p><a class=\"reference internal\" href=\"../pyaedt.Maxwell3d.analyze_setup/#pyaedt.Maxwell3d.analyze_setup\" title=\"pyaedt.Maxwell3d.analyze_setup\"><code class=\"xref py py-obj docutils literal notranslate\"><span class=\"pre\">Maxwell3d.analyze_setup</span></code></a>(name[,\u00a0num_cores,\u00a0...])</p></td>\n<td><p>Analyze a design setup.</p></td>\n</tr>\n<tr class=\"row-even\"><td><p><a class=\"reference internal\" href=\"../pyaedt.Maxwell3d.archive_project/#pyaedt.Maxwell3d.archive_project\" title=\"pyaedt.Maxwell3d.archive_project\"><code class=\"xref py py-obj docutils literal notranslate\"><span class=\"pre\">Maxwell3d.archive_project</span></code></a>([project_file,\u00a0...])</p></td>\n<td><p>Archive the AEDT project and add a message.</p></td>\n</tr>\n<tr class=\"row-odd\"><td><p><a class=\"reference internal\" href=\"../pyaedt.Maxwell3d.assign_coil/#pyaedt.Maxwell3d.assign_coil\" title=\"pyaedt.Maxwell3d.assign_coil\"><code class=\"xref py py-obj docutils literal notranslate\"><span class=\"pre\">Maxwell3d.assign_coil</span></code></a>(input_object[,\u00a0...])</p></td>\n<td><p>Assign coils to a list of objects or face IDs.</p></td>\n</tr>\n<tr class=\"row-even\"><td><p><a class=\"reference internal\" href=\"../pyaedt.Maxwell3d.assign_current/#pyaedt.Maxwell3d.assign_current\" title=\"pyaedt.Maxwell3d.assign_current\"><code class=\"xref py py-obj docutils literal notranslate\"><span class=\"pre\">Maxwell3d.assign_current</span></code></a>(object_list[,\u00a0...])</p></td>\n<td><p>Assign the source of the current.</p></td>\n</tr>\n<tr class=\"row-odd\"><td><p><a class=\"reference internal\" href=\"../pyaedt.Maxwell3d.assign_current_density/#pyaedt.Maxwell3d.assign_current_density\" title=\"pyaedt.Maxwell3d.assign_current_density\"><code class=\"xref py py-obj docutils literal notranslate\"><span class=\"pre\">Maxwell3d.assign_current_density</span></code></a>(entities[,\u00a0...])</p></td>\n<td><p>Assign current density to a single or list of entities.</p></td>\n</tr>\n<tr class=\"row-even\"><td><p><a class=\"reference internal\" href=\"../pyaedt.Maxwell3d.assign_current_density_terminal/#pyaedt.Maxwell3d.assign_current_density_terminal\" title=\"pyaedt.Maxwell3d.assign_current_density_terminal\"><code class=\"xref py py-obj docutils literal notranslate\"><span class=\"pre\">Maxwell3d.assign_current_density_terminal</span></code></a>(...)</p></td>\n<td><p>Assign current density terminal to a single or list of entities.</p></td>\n</tr>\n<tr class=\"row-odd\"><td><p><a class=\"reference internal\" href=\"../pyaedt.Maxwell3d.assign_force/#pyaedt.Maxwell3d.assign_force\" title=\"pyaedt.Maxwell3d.assign_force\"><code class=\"xref py py-obj docutils literal notranslate\"><span class=\"pre\">Maxwell3d.assign_force</span></code></a>(input_object[,\u00a0...])</p></td>\n<td><p>Assign a force to one or more objects.</p></td>\n</tr>\n<tr class=\"row-even\"><td><p><a class=\"reference internal\" href=\"../pyaedt.Maxwell3d.assign_impedance/#pyaedt.Maxwell3d.assign_impedance\" title=\"pyaedt.Maxwell3d.assign_impedance\"><code class=\"xref py py-obj docutils literal notranslate\"><span class=\"pre\">Maxwell3d.assign_impedance</span></code></a>(geometry_selection)</p></td>\n<td><p>Create an impedance boundary condition.</p></td>\n</tr>\n<tr class=\"row-odd\"><td><p><a class=\"reference internal\" href=\"../pyaedt.Maxwell3d.assign_insulating/#pyaedt.Maxwell3d.assign_insulating\" title=\"pyaedt.Maxwell3d.assign_insulating\"><code class=\"xref py py-obj docutils literal notranslate\"><span class=\"pre\">Maxwell3d.assign_insulating</span></code></a>(geometry_selection)</p></td>\n<td><p>Create an insulating boundary condition.</p></td>\n</tr>\n<tr class=\"row-even\"><td><p><a class=\"reference internal\" href=\"../pyaedt.Maxwell3d.assign_material/#pyaedt.Maxwell3d.assign_material\" title=\"pyaedt.Maxwell3d.assign_material\"><code class=\"xref py py-obj docutils literal notranslate\"><span class=\"pre\">Maxwell3d.assign_material</span></code></a>(obj,\u00a0mat)</p></td>\n<td><p>Assign a material to one or more objects.</p></td>\n</tr>\n<tr class=\"row-odd\"><td><p><a class=\"reference internal\" href=\"../pyaedt.Maxwell3d.assign_matrix/#pyaedt.Maxwell3d.assign_matrix\" title=\"pyaedt.Maxwell3d.assign_matrix\"><code class=\"xref py py-obj docutils literal notranslate\"><span class=\"pre\">Maxwell3d.assign_matrix</span></code></a>(sources[,\u00a0...])</p></td>\n<td><p>Assign a matrix to the selection.</p></td>\n</tr>\n<tr class=\"row-even\"><td><p><a class=\"reference internal\" href=\"../pyaedt.Maxwell3d.assign_rotate_motion/#pyaedt.Maxwell3d.assign_rotate_motion\" title=\"pyaedt.Maxwell3d.assign_rotate_motion\"><code class=\"xref py py-obj docutils literal notranslate\"><span class=\"pre\">Maxwell3d.assign_rotate_motion</span></code></a>(band_object)</p></td>\n<td><p>Assign a rotation motion to an object container.</p></td>\n</tr>\n<tr class=\"row-odd\"><td><p><a class=\"reference internal\" href=\"../pyaedt.Maxwell3d.assign_symmetry/#pyaedt.Maxwell3d.assign_symmetry\" title=\"pyaedt.Maxwell3d.assign_symmetry\"><code class=\"xref py py-obj docutils literal notranslate\"><span class=\"pre\">Maxwell3d.assign_symmetry</span></code></a>(entity_list[,\u00a0...])</p></td>\n<td><p>Assign symmetry boundary.</p></td>\n</tr>\n<tr class=\"row-even\"><td><p><a class=\"reference internal\" href=\"../pyaedt.Maxwell3d.assign_torque/#pyaedt.Maxwell3d.assign_torque\" title=\"pyaedt.Maxwell3d.assign_torque\"><code class=\"xref py py-obj docutils literal notranslate\"><span class=\"pre\">Maxwell3d.assign_torque</span></code></a>(input_object[,\u00a0...])</p></td>\n<td><p>Assign a torque to one or more objects.</p></td>\n</tr>\n<tr class=\"row-odd\"><td><p><a class=\"reference internal\" href=\"../pyaedt.Maxwell3d.assign_translate_motion/#pyaedt.Maxwell3d.assign_translate_motion\" title=\"pyaedt.Maxwell3d.assign_translate_motion\"><code class=\"xref py py-obj docutils literal notranslate\"><span class=\"pre\">Maxwell3d.assign_translate_motion</span></code></a>(band_object)</p></td>\n<td><p>Assign a translation motion to an object container.</p></td>\n</tr>\n<tr class=\"row-even\"><td><p><a class=\"reference internal\" href=\"../pyaedt.Maxwell3d.assign_voltage/#pyaedt.Maxwell3d.assign_voltage\" title=\"pyaedt.Maxwell3d.assign_voltage\"><code class=\"xref py py-obj docutils literal notranslate\"><span class=\"pre\">Maxwell3d.assign_voltage</span></code></a>(face_list[,\u00a0...])</p></td>\n<td><p>Assign a voltage source to a list of faces in Maxwell 3D or a list of Objects in Maxwell 2D.</p></td>\n</tr>\n<tr class=\"row-odd\"><td><p><a class=\"reference internal\" href=\"../pyaedt.Maxwell3d.assign_voltage_drop/#pyaedt.Maxwell3d.assign_voltage_drop\" title=\"pyaedt.Maxwell3d.assign_voltage_drop\"><code class=\"xref py py-obj docutils literal notranslate\"><span class=\"pre\">Maxwell3d.assign_voltage_drop</span></code></a>(face_list[,\u00a0...])</p></td>\n<td><p>Assign a voltage drop to a list of faces.</p></td>\n</tr>\n<tr class=\"row-even\"><td><p><a class=\"reference internal\" href=\"../pyaedt.Maxwell3d.assign_winding/#pyaedt.Maxwell3d.assign_winding\" title=\"pyaedt.Maxwell3d.assign_winding\"><code class=\"xref py py-obj docutils literal notranslate\"><span class=\"pre\">Maxwell3d.assign_winding</span></code></a>([coil_terminals,\u00a0...])</p></td>\n<td><p>Assign a winding to a Maxwell design.</p></td>\n</tr>\n<tr class=\"row-odd\"><td><p><a class=\"reference internal\" href=\"../pyaedt.Maxwell3d.assignmaterial_from_sherlock_files/#pyaedt.Maxwell3d.assignmaterial_from_sherlock_files\" title=\"pyaedt.Maxwell3d.assignmaterial_from_sherlock_files\"><code class=\"xref py py-obj docutils literal notranslate\"><span class=\"pre\">Maxwell3d.assignmaterial_from_sherlock_files</span></code></a>(...)</p></td>\n<td><p>Assign material to objects in a design based on a CSV file obtained from Sherlock.</p></td>\n</tr>\n<tr class=\"row-even\"><td><p><a class=\"reference internal\" href=\"../pyaedt.Maxwell3d.autosave_disable/#pyaedt.Maxwell3d.autosave_disable\" title=\"pyaedt.Maxwell3d.autosave_disable\"><code class=\"xref py py-obj docutils literal notranslate\"><span class=\"pre\">Maxwell3d.autosave_disable</span></code></a>()</p></td>\n<td><p>Disable autosave in AEDT.</p></td>\n</tr>\n<tr class=\"row-odd\"><td><p><a class=\"reference internal\" href=\"../pyaedt.Maxwell3d.autosave_enable/#pyaedt.Maxwell3d.autosave_enable\" title=\"pyaedt.Maxwell3d.autosave_enable\"><code class=\"xref py py-obj docutils literal notranslate\"><span class=\"pre\">Maxwell3d.autosave_enable</span></code></a>()</p></td>\n<td><p>Enable autosave in AEDT.</p></td>\n</tr>\n<tr class=\"row-even\"><td><p><a class=\"reference internal\" href=\"../pyaedt.Maxwell3d.change_automatically_use_causal_materials/#pyaedt.Maxwell3d.change_automatically_use_causal_materials\" title=\"pyaedt.Maxwell3d.change_automatically_use_causal_materials\"><code class=\"xref py py-obj docutils literal notranslate\"><span class=\"pre\">Maxwell3d.change_automatically_use_causal_materials</span></code></a>([...])</p></td>\n<td><p>Enable or disable the automatic use of causal materials for lossy dielectrics.</p></td>\n</tr>\n<tr class=\"row-odd\"><td><p><a class=\"reference internal\" href=\"../pyaedt.Maxwell3d.change_design_settings/#pyaedt.Maxwell3d.change_design_settings\" title=\"pyaedt.Maxwell3d.change_design_settings\"><code class=\"xref py py-obj docutils literal notranslate\"><span class=\"pre\">Maxwell3d.change_design_settings</span></code></a>(settings)</p></td>\n<td><p>Set Design Settings.</p></td>\n</tr>\n<tr class=\"row-even\"><td><p><a class=\"reference internal\" href=\"../pyaedt.Maxwell3d.change_inductance_computation/#pyaedt.Maxwell3d.change_inductance_computation\" title=\"pyaedt.Maxwell3d.change_inductance_computation\"><code class=\"xref py py-obj docutils literal notranslate\"><span class=\"pre\">Maxwell3d.change_inductance_computation</span></code></a>([...])</p></td>\n<td><p>Enable the inductance computation for the transient analysis and set the incremental matrix.</p></td>\n</tr>\n<tr class=\"row-odd\"><td><p><a class=\"reference internal\" href=\"../pyaedt.Maxwell3d.change_material_override/#pyaedt.Maxwell3d.change_material_override\" title=\"pyaedt.Maxwell3d.change_material_override\"><code class=\"xref py py-obj docutils literal notranslate\"><span class=\"pre\">Maxwell3d.change_material_override</span></code></a>([...])</p></td>\n<td><p>Enable or disable the material override in the project.</p></td>\n</tr>\n<tr class=\"row-even\"><td><p><a class=\"reference internal\" href=\"../pyaedt.Maxwell3d.change_property/#pyaedt.Maxwell3d.change_property\" title=\"pyaedt.Maxwell3d.change_property\"><code class=\"xref py py-obj docutils literal notranslate\"><span class=\"pre\">Maxwell3d.change_property</span></code></a>(aedt_object,\u00a0...)</p></td>\n<td><p>Change a property.</p></td>\n</tr>\n<tr class=\"row-odd\"><td><p><a class=\"reference internal\" href=\"../pyaedt.Maxwell3d.change_symmetry_multiplier/#pyaedt.Maxwell3d.change_symmetry_multiplier\" title=\"pyaedt.Maxwell3d.change_symmetry_multiplier\"><code class=\"xref py py-obj docutils literal notranslate\"><span class=\"pre\">Maxwell3d.change_symmetry_multiplier</span></code></a>([value])</p></td>\n<td><p>Set the Design Symmetry Multiplier to a specified value.</p></td>\n</tr>\n<tr class=\"row-even\"><td><p><a class=\"reference internal\" href=\"../pyaedt.Maxwell3d.change_validation_settings/#pyaedt.Maxwell3d.change_validation_settings\" title=\"pyaedt.Maxwell3d.change_validation_settings\"><code class=\"xref py py-obj docutils literal notranslate\"><span class=\"pre\">Maxwell3d.change_validation_settings</span></code></a>([...])</p></td>\n<td><p>Update the validation design settings.</p></td>\n</tr>\n<tr class=\"row-odd\"><td><p><a class=\"reference internal\" href=\"../pyaedt.Maxwell3d.check_beta_option_enabled/#pyaedt.Maxwell3d.check_beta_option_enabled\" title=\"pyaedt.Maxwell3d.check_beta_option_enabled\"><code class=\"xref py py-obj docutils literal notranslate\"><span class=\"pre\">Maxwell3d.check_beta_option_enabled</span></code></a>(...)</p></td>\n<td><p>Check if a beta option is enabled.</p></td>\n</tr>\n<tr class=\"row-even\"><td><p><a class=\"reference internal\" href=\"../pyaedt.Maxwell3d.clean_proj_folder/#pyaedt.Maxwell3d.clean_proj_folder\" title=\"pyaedt.Maxwell3d.clean_proj_folder\"><code class=\"xref py py-obj docutils literal notranslate\"><span class=\"pre\">Maxwell3d.clean_proj_folder</span></code></a>([directory,\u00a0name])</p></td>\n<td><p>Delete a project folder.</p></td>\n</tr>\n<tr class=\"row-odd\"><td><p><a class=\"reference internal\" href=\"../pyaedt.Maxwell3d.cleanup_solution/#pyaedt.Maxwell3d.cleanup_solution\" title=\"pyaedt.Maxwell3d.cleanup_solution\"><code class=\"xref py py-obj docutils literal notranslate\"><span class=\"pre\">Maxwell3d.cleanup_solution</span></code></a>([variations,\u00a0...])</p></td>\n<td><p>Delete a set of Solution Variations or part of them.</p></td>\n</tr>\n<tr class=\"row-even\"><td><p><a class=\"reference internal\" href=\"../pyaedt.Maxwell3d.close_desktop/#pyaedt.Maxwell3d.close_desktop\" title=\"pyaedt.Maxwell3d.close_desktop\"><code class=\"xref py py-obj docutils literal notranslate\"><span class=\"pre\">Maxwell3d.close_desktop</span></code></a>()</p></td>\n<td><p>Close AEDT and release it.</p></td>\n</tr>\n<tr class=\"row-odd\"><td><p><a class=\"reference internal\" href=\"../pyaedt.Maxwell3d.close_project/#pyaedt.Maxwell3d.close_project\" title=\"pyaedt.Maxwell3d.close_project\"><code class=\"xref py py-obj docutils literal notranslate\"><span class=\"pre\">Maxwell3d.close_project</span></code></a>([name,\u00a0saveproject])</p></td>\n<td><p>Close an AEDT project.</p></td>\n</tr>\n<tr class=\"row-even\"><td><p><a class=\"reference internal\" href=\"../pyaedt.Maxwell3d.copy_design_from/#pyaedt.Maxwell3d.copy_design_from\" title=\"pyaedt.Maxwell3d.copy_design_from\"><code class=\"xref py py-obj docutils literal notranslate\"><span class=\"pre\">Maxwell3d.copy_design_from</span></code></a>(project_fullname,\u00a0...)</p></td>\n<td><p>Copy a design from a project into the active design.</p></td>\n</tr>\n<tr class=\"row-odd\"><td><p><a class=\"reference internal\" href=\"../pyaedt.Maxwell3d.copy_project/#pyaedt.Maxwell3d.copy_project\" title=\"pyaedt.Maxwell3d.copy_project\"><code class=\"xref py py-obj docutils literal notranslate\"><span class=\"pre\">Maxwell3d.copy_project</span></code></a>(path,\u00a0dest)</p></td>\n<td><p>Copy the project to another destination.</p></td>\n</tr>\n<tr class=\"row-even\"><td><p><a class=\"reference internal\" href=\"../pyaedt.Maxwell3d.copy_solid_bodies_from/#pyaedt.Maxwell3d.copy_solid_bodies_from\" title=\"pyaedt.Maxwell3d.copy_solid_bodies_from\"><code class=\"xref py py-obj docutils literal notranslate\"><span class=\"pre\">Maxwell3d.copy_solid_bodies_from</span></code></a>(design[,\u00a0...])</p></td>\n<td><p>Copy a list of objects and user defined models from one design to the active design.</p></td>\n</tr>\n<tr class=\"row-odd\"><td><p><a class=\"reference internal\" href=\"../pyaedt.Maxwell3d.create_dataset/#pyaedt.Maxwell3d.create_dataset\" title=\"pyaedt.Maxwell3d.create_dataset\"><code class=\"xref py py-obj docutils literal notranslate\"><span class=\"pre\">Maxwell3d.create_dataset</span></code></a>(dsname,\u00a0xlist,\u00a0ylist)</p></td>\n<td><p>Create a dataset.</p></td>\n</tr>\n<tr class=\"row-even\"><td><p><a class=\"reference internal\" href=\"../pyaedt.Maxwell3d.create_dataset1d_design/#pyaedt.Maxwell3d.create_dataset1d_design\" title=\"pyaedt.Maxwell3d.create_dataset1d_design\"><code class=\"xref py py-obj docutils literal notranslate\"><span class=\"pre\">Maxwell3d.create_dataset1d_design</span></code></a>(dsname,\u00a0...)</p></td>\n<td><p>Create a design dataset.</p></td>\n</tr>\n<tr class=\"row-odd\"><td><p><a class=\"reference internal\" href=\"../pyaedt.Maxwell3d.create_dataset1d_project/#pyaedt.Maxwell3d.create_dataset1d_project\" title=\"pyaedt.Maxwell3d.create_dataset1d_project\"><code class=\"xref py py-obj docutils literal notranslate\"><span class=\"pre\">Maxwell3d.create_dataset1d_project</span></code></a>(dsname,\u00a0...)</p></td>\n<td><p>Create a project dataset.</p></td>\n</tr>\n<tr class=\"row-even\"><td><p><a class=\"reference internal\" href=\"../pyaedt.Maxwell3d.create_dataset3d/#pyaedt.Maxwell3d.create_dataset3d\" title=\"pyaedt.Maxwell3d.create_dataset3d\"><code class=\"xref py py-obj docutils literal notranslate\"><span class=\"pre\">Maxwell3d.create_dataset3d</span></code></a>(dsname,\u00a0xlist,\u00a0ylist)</p></td>\n<td><p>Create a 3D dataset.</p></td>\n</tr>\n<tr class=\"row-odd\"><td><p><a class=\"reference internal\" href=\"../pyaedt.Maxwell3d.create_new_project/#pyaedt.Maxwell3d.create_new_project\" title=\"pyaedt.Maxwell3d.create_new_project\"><code class=\"xref py py-obj docutils literal notranslate\"><span class=\"pre\">Maxwell3d.create_new_project</span></code></a>(proj_name)</p></td>\n<td><p>Create a project within AEDT.</p></td>\n</tr>\n<tr class=\"row-even\"><td><p><a class=\"reference internal\" href=\"../pyaedt.Maxwell3d.create_output_variable/#pyaedt.Maxwell3d.create_output_variable\" title=\"pyaedt.Maxwell3d.create_output_variable\"><code class=\"xref py py-obj docutils literal notranslate\"><span class=\"pre\">Maxwell3d.create_output_variable</span></code></a>(variable,\u00a0...)</p></td>\n<td><p>Create or modify an output variable.</p></td>\n</tr>\n<tr class=\"row-odd\"><td><p><a class=\"reference internal\" href=\"../pyaedt.Maxwell3d.create_setup/#pyaedt.Maxwell3d.create_setup\" title=\"pyaedt.Maxwell3d.create_setup\"><code class=\"xref py py-obj docutils literal notranslate\"><span class=\"pre\">Maxwell3d.create_setup</span></code></a>([setupname,\u00a0...])</p></td>\n<td><p>Create a setup.</p></td>\n</tr>\n<tr class=\"row-even\"><td><p><a class=\"reference internal\" href=\"../pyaedt.Maxwell3d.dataset_exists/#pyaedt.Maxwell3d.dataset_exists\" title=\"pyaedt.Maxwell3d.dataset_exists\"><code class=\"xref py py-obj docutils literal notranslate\"><span class=\"pre\">Maxwell3d.dataset_exists</span></code></a>(name[,\u00a0...])</p></td>\n<td><p>Check if a dataset exists.</p></td>\n</tr>\n<tr class=\"row-odd\"><td><p><a class=\"reference internal\" href=\"../pyaedt.Maxwell3d.deactivate_variable_optimization/#pyaedt.Maxwell3d.deactivate_variable_optimization\" title=\"pyaedt.Maxwell3d.deactivate_variable_optimization\"><code class=\"xref py py-obj docutils literal notranslate\"><span class=\"pre\">Maxwell3d.deactivate_variable_optimization</span></code></a>(...)</p></td>\n<td><p>Deactivate the optimization analysis for a variable.</p></td>\n</tr>\n<tr class=\"row-even\"><td><p><a class=\"reference internal\" href=\"../pyaedt.Maxwell3d.deactivate_variable_sensitivity/#pyaedt.Maxwell3d.deactivate_variable_sensitivity\" title=\"pyaedt.Maxwell3d.deactivate_variable_sensitivity\"><code class=\"xref py py-obj docutils literal notranslate\"><span class=\"pre\">Maxwell3d.deactivate_variable_sensitivity</span></code></a>(...)</p></td>\n<td><p>Deactivate the sensitivity analysis for a variable.</p></td>\n</tr>\n<tr class=\"row-odd\"><td><p><a class=\"reference internal\" href=\"../pyaedt.Maxwell3d.deactivate_variable_statistical/#pyaedt.Maxwell3d.deactivate_variable_statistical\" title=\"pyaedt.Maxwell3d.deactivate_variable_statistical\"><code class=\"xref py py-obj docutils literal notranslate\"><span class=\"pre\">Maxwell3d.deactivate_variable_statistical</span></code></a>(...)</p></td>\n<td><p>Deactivate the statistical analysis for a variable.</p></td>\n</tr>\n<tr class=\"row-even\"><td><p><a class=\"reference internal\" href=\"../pyaedt.Maxwell3d.deactivate_variable_tuning/#pyaedt.Maxwell3d.deactivate_variable_tuning\" title=\"pyaedt.Maxwell3d.deactivate_variable_tuning\"><code class=\"xref py py-obj docutils literal notranslate\"><span class=\"pre\">Maxwell3d.deactivate_variable_tuning</span></code></a>(...)</p></td>\n<td><p>Deactivate the tuning analysis for a variable.</p></td>\n</tr>\n<tr class=\"row-odd\"><td><p><a class=\"reference internal\" href=\"../pyaedt.Maxwell3d.delete_design/#pyaedt.Maxwell3d.delete_design\" title=\"pyaedt.Maxwell3d.delete_design\"><code class=\"xref py py-obj docutils literal notranslate\"><span class=\"pre\">Maxwell3d.delete_design</span></code></a>([name,\u00a0fallback_design])</p></td>\n<td><p>Delete a design from the current project.</p></td>\n</tr>\n<tr class=\"row-even\"><td><p><a class=\"reference internal\" href=\"../pyaedt.Maxwell3d.delete_project/#pyaedt.Maxwell3d.delete_project\" title=\"pyaedt.Maxwell3d.delete_project\"><code class=\"xref py py-obj docutils literal notranslate\"><span class=\"pre\">Maxwell3d.delete_project</span></code></a>(project_name)</p></td>\n<td><p>Delete a project.</p></td>\n</tr>\n<tr class=\"row-odd\"><td><p><a class=\"reference internal\" href=\"../pyaedt.Maxwell3d.delete_separator/#pyaedt.Maxwell3d.delete_separator\" title=\"pyaedt.Maxwell3d.delete_separator\"><code class=\"xref py py-obj docutils literal notranslate\"><span class=\"pre\">Maxwell3d.delete_separator</span></code></a>(separator_name)</p></td>\n<td><p>Delete a separator from either the active project or a design.</p></td>\n</tr>\n<tr class=\"row-even\"><td><p><a class=\"reference internal\" href=\"../pyaedt.Maxwell3d.delete_setup/#pyaedt.Maxwell3d.delete_setup\" title=\"pyaedt.Maxwell3d.delete_setup\"><code class=\"xref py py-obj docutils literal notranslate\"><span class=\"pre\">Maxwell3d.delete_setup</span></code></a>(setupname)</p></td>\n<td><p>Delete a setup.</p></td>\n</tr>\n<tr class=\"row-odd\"><td><p><a class=\"reference internal\" href=\"../pyaedt.Maxwell3d.delete_variable/#pyaedt.Maxwell3d.delete_variable\" title=\"pyaedt.Maxwell3d.delete_variable\"><code class=\"xref py py-obj docutils literal notranslate\"><span class=\"pre\">Maxwell3d.delete_variable</span></code></a>(sVarName)</p></td>\n<td><p>Delete a variable.</p></td>\n</tr>\n<tr class=\"row-even\"><td><p><a class=\"reference internal\" href=\"../pyaedt.Maxwell3d.design_variation/#pyaedt.Maxwell3d.design_variation\" title=\"pyaedt.Maxwell3d.design_variation\"><code class=\"xref py py-obj docutils literal notranslate\"><span class=\"pre\">Maxwell3d.design_variation</span></code></a>([variation_string])</p></td>\n<td><p>Generate a string to specify a desired variation.</p></td>\n</tr>\n<tr class=\"row-odd\"><td><p><a class=\"reference internal\" href=\"../pyaedt.Maxwell3d.duplicate_design/#pyaedt.Maxwell3d.duplicate_design\" title=\"pyaedt.Maxwell3d.duplicate_design\"><code class=\"xref py py-obj docutils literal notranslate\"><span class=\"pre\">Maxwell3d.duplicate_design</span></code></a>(label[,\u00a0...])</p></td>\n<td><p>Copy a design to a new name.</p></td>\n</tr>\n<tr class=\"row-even\"><td><p><a class=\"reference internal\" href=\"../pyaedt.Maxwell3d.eddy_effects_on/#pyaedt.Maxwell3d.eddy_effects_on\" title=\"pyaedt.Maxwell3d.eddy_effects_on\"><code class=\"xref py py-obj docutils literal notranslate\"><span class=\"pre\">Maxwell3d.eddy_effects_on</span></code></a>(object_list[,\u00a0...])</p></td>\n<td><p>Assign eddy effects on objects.</p></td>\n</tr>\n<tr class=\"row-odd\"><td><p><a class=\"reference internal\" href=\"../pyaedt.Maxwell3d.edit_setup/#pyaedt.Maxwell3d.edit_setup\" title=\"pyaedt.Maxwell3d.edit_setup\"><code class=\"xref py py-obj docutils literal notranslate\"><span class=\"pre\">Maxwell3d.edit_setup</span></code></a>(setupname,\u00a0properties_dict)</p></td>\n<td><p>Modify a setup.</p></td>\n</tr>\n<tr class=\"row-even\"><td><p><a class=\"reference internal\" href=\"../pyaedt.Maxwell3d.enable_harmonic_force/#pyaedt.Maxwell3d.enable_harmonic_force\" title=\"pyaedt.Maxwell3d.enable_harmonic_force\"><code class=\"xref py py-obj docutils literal notranslate\"><span class=\"pre\">Maxwell3d.enable_harmonic_force</span></code></a>(objects[,\u00a0...])</p></td>\n<td><p>Set the Harmonic Force for Transient Analysis.</p></td>\n</tr>\n<tr class=\"row-odd\"><td><p><a class=\"reference internal\" href=\"../pyaedt.Maxwell3d.evaluate_expression/#pyaedt.Maxwell3d.evaluate_expression\" title=\"pyaedt.Maxwell3d.evaluate_expression\"><code class=\"xref py py-obj docutils literal notranslate\"><span class=\"pre\">Maxwell3d.evaluate_expression</span></code></a>(expression_string)</p></td>\n<td><p>Evaluate a valid string expression and return the numerical value in SI units.</p></td>\n</tr>\n<tr class=\"row-even\"><td><p><a class=\"reference internal\" href=\"../pyaedt.Maxwell3d.export3DModel/#pyaedt.Maxwell3d.export3DModel\" title=\"pyaedt.Maxwell3d.export3DModel\"><code class=\"xref py py-obj docutils literal notranslate\"><span class=\"pre\">Maxwell3d.export3DModel</span></code></a>(fileName,\u00a0filePath)</p></td>\n<td><p>Export the 3D model.</p></td>\n</tr>\n<tr class=\"row-odd\"><td><p><a class=\"reference internal\" href=\"../pyaedt.Maxwell3d.export_3d_model/#pyaedt.Maxwell3d.export_3d_model\" title=\"pyaedt.Maxwell3d.export_3d_model\"><code class=\"xref py py-obj docutils literal notranslate\"><span class=\"pre\">Maxwell3d.export_3d_model</span></code></a>(fileName,\u00a0filePath)</p></td>\n<td><p>Export the 3D model.</p></td>\n</tr>\n<tr class=\"row-even\"><td><p><a class=\"reference internal\" href=\"../pyaedt.Maxwell3d.export_convergence/#pyaedt.Maxwell3d.export_convergence\" title=\"pyaedt.Maxwell3d.export_convergence\"><code class=\"xref py py-obj docutils literal notranslate\"><span class=\"pre\">Maxwell3d.export_convergence</span></code></a>(setup_name[,\u00a0...])</p></td>\n<td><p>Export a solution convergence to a file.</p></td>\n</tr>\n<tr class=\"row-odd\"><td><p><a class=\"reference internal\" href=\"../pyaedt.Maxwell3d.export_design_preview_to_jpg/#pyaedt.Maxwell3d.export_design_preview_to_jpg\" title=\"pyaedt.Maxwell3d.export_design_preview_to_jpg\"><code class=\"xref py py-obj docutils literal notranslate\"><span class=\"pre\">Maxwell3d.export_design_preview_to_jpg</span></code></a>(filename)</p></td>\n<td><p>Export design preview image to a JPG file.</p></td>\n</tr>\n<tr class=\"row-even\"><td><p><a class=\"reference internal\" href=\"../pyaedt.Maxwell3d.export_element_based_harmonic_force/#pyaedt.Maxwell3d.export_element_based_harmonic_force\" title=\"pyaedt.Maxwell3d.export_element_based_harmonic_force\"><code class=\"xref py py-obj docutils literal notranslate\"><span class=\"pre\">Maxwell3d.export_element_based_harmonic_force</span></code></a>([...])</p></td>\n<td><p>Export Element Based Harmonic Forces csv to file.</p></td>\n</tr>\n<tr class=\"row-odd\"><td><p><a class=\"reference internal\" href=\"../pyaedt.Maxwell3d.export_mesh_stats/#pyaedt.Maxwell3d.export_mesh_stats\" title=\"pyaedt.Maxwell3d.export_mesh_stats\"><code class=\"xref py py-obj docutils literal notranslate\"><span class=\"pre\">Maxwell3d.export_mesh_stats</span></code></a>(setup_name[,\u00a0...])</p></td>\n<td><p>Export mesh statistics to a file.</p></td>\n</tr>\n<tr class=\"row-even\"><td><p><a class=\"reference internal\" href=\"../pyaedt.Maxwell3d.export_parametric_results/#pyaedt.Maxwell3d.export_parametric_results\" title=\"pyaedt.Maxwell3d.export_parametric_results\"><code class=\"xref py py-obj docutils literal notranslate\"><span class=\"pre\">Maxwell3d.export_parametric_results</span></code></a>(...[,\u00a0...])</p></td>\n<td><p>Export a list of all parametric variations solved for a sweep to a CSV file.</p></td>\n</tr>\n<tr class=\"row-odd\"><td><p><a class=\"reference internal\" href=\"../pyaedt.Maxwell3d.export_profile/#pyaedt.Maxwell3d.export_profile\" title=\"pyaedt.Maxwell3d.export_profile\"><code class=\"xref py py-obj docutils literal notranslate\"><span class=\"pre\">Maxwell3d.export_profile</span></code></a>(setup_name[,\u00a0...])</p></td>\n<td><p>Export a solution profile to a PROF file.</p></td>\n</tr>\n<tr class=\"row-even\"><td><p><a class=\"reference internal\" href=\"../pyaedt.Maxwell3d.export_results/#pyaedt.Maxwell3d.export_results\" title=\"pyaedt.Maxwell3d.export_results\"><code class=\"xref py py-obj docutils literal notranslate\"><span class=\"pre\">Maxwell3d.export_results</span></code></a>([analyze,\u00a0...])</p></td>\n<td><p>Export all available reports to a file, including sNp, profile, and convergence.</p></td>\n</tr>\n<tr class=\"row-odd\"><td><p><a class=\"reference internal\" href=\"../pyaedt.Maxwell3d.export_rl_matrix/#pyaedt.Maxwell3d.export_rl_matrix\" title=\"pyaedt.Maxwell3d.export_rl_matrix\"><code class=\"xref py py-obj docutils literal notranslate\"><span class=\"pre\">Maxwell3d.export_rl_matrix</span></code></a>(matrix_name,\u00a0...)</p></td>\n<td><p>Export R/L matrix after solving.</p></td>\n</tr>\n<tr class=\"row-even\"><td><p><a class=\"reference internal\" href=\"../pyaedt.Maxwell3d.export_variables_to_csv/#pyaedt.Maxwell3d.export_variables_to_csv\" title=\"pyaedt.Maxwell3d.export_variables_to_csv\"><code class=\"xref py py-obj docutils literal notranslate\"><span class=\"pre\">Maxwell3d.export_variables_to_csv</span></code></a>(filename)</p></td>\n<td><p>Export design properties, project variables, or both to a CSV file.</p></td>\n</tr>\n<tr class=\"row-odd\"><td><p><a class=\"reference internal\" href=\"../pyaedt.Maxwell3d.flatten_3d_components/#pyaedt.Maxwell3d.flatten_3d_components\" title=\"pyaedt.Maxwell3d.flatten_3d_components\"><code class=\"xref py py-obj docutils literal notranslate\"><span class=\"pre\">Maxwell3d.flatten_3d_components</span></code></a>([...])</p></td>\n<td><p>Flatten one or multiple 3d components in the actual layout.</p></td>\n</tr>\n<tr class=\"row-even\"><td><p><a class=\"reference internal\" href=\"../pyaedt.Maxwell3d.generate_temp_project_directory/#pyaedt.Maxwell3d.generate_temp_project_directory\" title=\"pyaedt.Maxwell3d.generate_temp_project_directory\"><code class=\"xref py py-obj docutils literal notranslate\"><span class=\"pre\">Maxwell3d.generate_temp_project_directory</span></code></a>(...)</p></td>\n<td><p>Generate a unique directory string to save a project to.</p></td>\n</tr>\n<tr class=\"row-odd\"><td><p><a class=\"reference internal\" href=\"../pyaedt.Maxwell3d.generate_unique_setup_name/#pyaedt.Maxwell3d.generate_unique_setup_name\" title=\"pyaedt.Maxwell3d.generate_unique_setup_name\"><code class=\"xref py py-obj docutils literal notranslate\"><span class=\"pre\">Maxwell3d.generate_unique_setup_name</span></code></a>([...])</p></td>\n<td><p>Generate a new setup with an unique name.</p></td>\n</tr>\n<tr class=\"row-even\"><td><p><a class=\"reference internal\" href=\"../pyaedt.Maxwell3d.get_all_conductors_names/#pyaedt.Maxwell3d.get_all_conductors_names\" title=\"pyaedt.Maxwell3d.get_all_conductors_names\"><code class=\"xref py py-obj docutils literal notranslate\"><span class=\"pre\">Maxwell3d.get_all_conductors_names</span></code></a>()</p></td>\n<td><p>Retrieve all conductors in the active design.</p></td>\n</tr>\n<tr class=\"row-odd\"><td><p><a class=\"reference internal\" href=\"../pyaedt.Maxwell3d.get_all_dielectrics_names/#pyaedt.Maxwell3d.get_all_dielectrics_names\" title=\"pyaedt.Maxwell3d.get_all_dielectrics_names\"><code class=\"xref py py-obj docutils literal notranslate\"><span class=\"pre\">Maxwell3d.get_all_dielectrics_names</span></code></a>()</p></td>\n<td><p>Retrieve all dielectrics in the active design.</p></td>\n</tr>\n<tr class=\"row-even\"><td><p><a class=\"reference internal\" href=\"../pyaedt.Maxwell3d.get_all_sources/#pyaedt.Maxwell3d.get_all_sources\" title=\"pyaedt.Maxwell3d.get_all_sources\"><code class=\"xref py py-obj docutils literal notranslate\"><span class=\"pre\">Maxwell3d.get_all_sources</span></code></a>()</p></td>\n<td><p>Retrieve all setup sources.</p></td>\n</tr>\n<tr class=\"row-odd\"><td><p><a class=\"reference internal\" href=\"../pyaedt.Maxwell3d.get_components3d_vars/#pyaedt.Maxwell3d.get_components3d_vars\" title=\"pyaedt.Maxwell3d.get_components3d_vars\"><code class=\"xref py py-obj docutils literal notranslate\"><span class=\"pre\">Maxwell3d.get_components3d_vars</span></code></a>(component3dname)</p></td>\n<td><p>Read the A3DCOMP file and check for variables.</p></td>\n</tr>\n<tr class=\"row-even\"><td><p><a class=\"reference internal\" href=\"../pyaedt.Maxwell3d.get_conduction_paths/#pyaedt.Maxwell3d.get_conduction_paths\" title=\"pyaedt.Maxwell3d.get_conduction_paths\"><code class=\"xref py py-obj docutils literal notranslate\"><span class=\"pre\">Maxwell3d.get_conduction_paths</span></code></a>()</p></td>\n<td><p>Get a dictionary of all conduction paths with relative objects.</p></td>\n</tr>\n<tr class=\"row-odd\"><td><p><a class=\"reference internal\" href=\"../pyaedt.Maxwell3d.get_evaluated_value/#pyaedt.Maxwell3d.get_evaluated_value\" title=\"pyaedt.Maxwell3d.get_evaluated_value\"><code class=\"xref py py-obj docutils literal notranslate\"><span class=\"pre\">Maxwell3d.get_evaluated_value</span></code></a>(variable_name)</p></td>\n<td><p>Retrieve the evaluated value of a design property or project variable in SI units if no unit is provided.</p></td>\n</tr>\n<tr class=\"row-even\"><td><p><a class=\"reference internal\" href=\"../pyaedt.Maxwell3d.get_excitations_name/#pyaedt.Maxwell3d.get_excitations_name\" title=\"pyaedt.Maxwell3d.get_excitations_name\"><code class=\"xref py py-obj docutils literal notranslate\"><span class=\"pre\">Maxwell3d.get_excitations_name</span></code></a>()</p></td>\n<td><p>Get all excitation names.</p></td>\n</tr>\n<tr class=\"row-odd\"><td><p><a class=\"reference internal\" href=\"../pyaedt.Maxwell3d.get_module/#pyaedt.Maxwell3d.get_module\" title=\"pyaedt.Maxwell3d.get_module\"><code class=\"xref py py-obj docutils literal notranslate\"><span class=\"pre\">Maxwell3d.get_module</span></code></a>(module_name)</p></td>\n<td><p>Aedt Module object.</p></td>\n</tr>\n<tr class=\"row-even\"><td><p><a class=\"reference internal\" href=\"../pyaedt.Maxwell3d.get_nominal_variation/#pyaedt.Maxwell3d.get_nominal_variation\" title=\"pyaedt.Maxwell3d.get_nominal_variation\"><code class=\"xref py py-obj docutils literal notranslate\"><span class=\"pre\">Maxwell3d.get_nominal_variation</span></code></a>()</p></td>\n<td><p>Retrieve the nominal variation.</p></td>\n</tr>\n<tr class=\"row-odd\"><td><p><a class=\"reference internal\" href=\"../pyaedt.Maxwell3d.get_object_material_properties/#pyaedt.Maxwell3d.get_object_material_properties\" title=\"pyaedt.Maxwell3d.get_object_material_properties\"><code class=\"xref py py-obj docutils literal notranslate\"><span class=\"pre\">Maxwell3d.get_object_material_properties</span></code></a>([...])</p></td>\n<td><p>Retrieve the material properties for a list of objects and return them in a dictionary.</p></td>\n</tr>\n<tr class=\"row-even\"><td><p><a class=\"reference internal\" href=\"../pyaedt.Maxwell3d.get_oo_name/#pyaedt.Maxwell3d.get_oo_name\" title=\"pyaedt.Maxwell3d.get_oo_name\"><code class=\"xref py py-obj docutils literal notranslate\"><span class=\"pre\">Maxwell3d.get_oo_name</span></code></a>(aedt_object[,\u00a0object_name])</p></td>\n<td><p>Return the Object Oriented AEDT Properties names.</p></td>\n</tr>\n<tr class=\"row-odd\"><td><p><a class=\"reference internal\" href=\"../pyaedt.Maxwell3d.get_oo_object/#pyaedt.Maxwell3d.get_oo_object\" title=\"pyaedt.Maxwell3d.get_oo_object\"><code class=\"xref py py-obj docutils literal notranslate\"><span class=\"pre\">Maxwell3d.get_oo_object</span></code></a>(aedt_object,\u00a0object_name)</p></td>\n<td><p>Return the Object Oriented AEDT Object.</p></td>\n</tr>\n<tr class=\"row-even\"><td><p><a class=\"reference internal\" href=\"../pyaedt.Maxwell3d.get_oo_properties/#pyaedt.Maxwell3d.get_oo_properties\" title=\"pyaedt.Maxwell3d.get_oo_properties\"><code class=\"xref py py-obj docutils literal notranslate\"><span class=\"pre\">Maxwell3d.get_oo_properties</span></code></a>(aedt_object,\u00a0...)</p></td>\n<td><p>Return the Object Oriented AEDT Object Properties.</p></td>\n</tr>\n<tr class=\"row-odd\"><td><p><a class=\"reference internal\" href=\"../pyaedt.Maxwell3d.get_oo_property_value/#pyaedt.Maxwell3d.get_oo_property_value\" title=\"pyaedt.Maxwell3d.get_oo_property_value\"><code class=\"xref py py-obj docutils literal notranslate\"><span class=\"pre\">Maxwell3d.get_oo_property_value</span></code></a>(aedt_object,\u00a0...)</p></td>\n<td><p>Return the Object Oriented AEDT Object Properties.</p></td>\n</tr>\n<tr class=\"row-even\"><td><p><a class=\"reference internal\" href=\"../pyaedt.Maxwell3d.get_output_variable/#pyaedt.Maxwell3d.get_output_variable\" title=\"pyaedt.Maxwell3d.get_output_variable\"><code class=\"xref py py-obj docutils literal notranslate\"><span class=\"pre\">Maxwell3d.get_output_variable</span></code></a>(variable[,\u00a0...])</p></td>\n<td><p>Retrieve the value of the output variable.</p></td>\n</tr>\n<tr class=\"row-odd\"><td><p><a class=\"reference internal\" href=\"../pyaedt.Maxwell3d.get_property_value/#pyaedt.Maxwell3d.get_property_value\" title=\"pyaedt.Maxwell3d.get_property_value\"><code class=\"xref py py-obj docutils literal notranslate\"><span class=\"pre\">Maxwell3d.get_property_value</span></code></a>(objectname,\u00a0...)</p></td>\n<td><p>Retrieve a property value.</p></td>\n</tr>\n<tr class=\"row-even\"><td><p><a class=\"reference internal\" href=\"../pyaedt.Maxwell3d.get_registry_key_int/#pyaedt.Maxwell3d.get_registry_key_int\" title=\"pyaedt.Maxwell3d.get_registry_key_int\"><code class=\"xref py py-obj docutils literal notranslate\"><span class=\"pre\">Maxwell3d.get_registry_key_int</span></code></a>(key_full_name)</p></td>\n<td><p>Get the value for the AEDT registry key if one exists.</p></td>\n</tr>\n<tr class=\"row-odd\"><td><p><a class=\"reference internal\" href=\"../pyaedt.Maxwell3d.get_registry_key_string/#pyaedt.Maxwell3d.get_registry_key_string\" title=\"pyaedt.Maxwell3d.get_registry_key_string\"><code class=\"xref py py-obj docutils literal notranslate\"><span class=\"pre\">Maxwell3d.get_registry_key_string</span></code></a>(key_full_name)</p></td>\n<td><p>Get the value for the AEDT registry key if one exists.</p></td>\n</tr>\n<tr class=\"row-even\"><td><p><a class=\"reference internal\" href=\"../pyaedt.Maxwell3d.get_setup/#pyaedt.Maxwell3d.get_setup\" title=\"pyaedt.Maxwell3d.get_setup\"><code class=\"xref py py-obj docutils literal notranslate\"><span class=\"pre\">Maxwell3d.get_setup</span></code></a>(setupname)</p></td>\n<td><p>Get the setup from the current design.</p></td>\n</tr>\n<tr class=\"row-odd\"><td><p><a class=\"reference internal\" href=\"../pyaedt.Maxwell3d.get_setups/#pyaedt.Maxwell3d.get_setups\" title=\"pyaedt.Maxwell3d.get_setups\"><code class=\"xref py py-obj docutils literal notranslate\"><span class=\"pre\">Maxwell3d.get_setups</span></code></a>()</p></td>\n<td><p>Retrieve setups.</p></td>\n</tr>\n<tr class=\"row-even\"><td><p><a class=\"reference internal\" href=\"../pyaedt.Maxwell3d.get_sweeps/#pyaedt.Maxwell3d.get_sweeps\" title=\"pyaedt.Maxwell3d.get_sweeps\"><code class=\"xref py py-obj docutils literal notranslate\"><span class=\"pre\">Maxwell3d.get_sweeps</span></code></a>(name)</p></td>\n<td><p>Retrieve all sweeps for a setup.</p></td>\n</tr>\n<tr class=\"row-odd\"><td><p><a class=\"reference internal\" href=\"../pyaedt.Maxwell3d.get_traces_for_plot/#pyaedt.Maxwell3d.get_traces_for_plot\" title=\"pyaedt.Maxwell3d.get_traces_for_plot\"><code class=\"xref py py-obj docutils literal notranslate\"><span class=\"pre\">Maxwell3d.get_traces_for_plot</span></code></a>([...])</p></td>\n<td><p>Retrieve a list of traces of specified designs ready to use in plot reports.</p></td>\n</tr>\n<tr class=\"row-even\"><td><p><a class=\"reference internal\" href=\"../pyaedt.Maxwell3d.hidden_variable/#pyaedt.Maxwell3d.hidden_variable\" title=\"pyaedt.Maxwell3d.hidden_variable\"><code class=\"xref py py-obj docutils literal notranslate\"><span class=\"pre\">Maxwell3d.hidden_variable</span></code></a>(variable_name[,\u00a0value])</p></td>\n<td><p>Set the variable to a hidden or unhidden variable.</p></td>\n</tr>\n<tr class=\"row-odd\"><td><p><a class=\"reference internal\" href=\"../pyaedt.Maxwell3d.import_dataset1d/#pyaedt.Maxwell3d.import_dataset1d\" title=\"pyaedt.Maxwell3d.import_dataset1d\"><code class=\"xref py py-obj docutils literal notranslate\"><span class=\"pre\">Maxwell3d.import_dataset1d</span></code></a>(filename[,\u00a0...])</p></td>\n<td><p>Import a 1D dataset.</p></td>\n</tr>\n<tr class=\"row-even\"><td><p><a class=\"reference internal\" href=\"../pyaedt.Maxwell3d.import_dataset3d/#pyaedt.Maxwell3d.import_dataset3d\" title=\"pyaedt.Maxwell3d.import_dataset3d\"><code class=\"xref py py-obj docutils literal notranslate\"><span class=\"pre\">Maxwell3d.import_dataset3d</span></code></a>(filename[,\u00a0...])</p></td>\n<td><p>Import a 3D dataset.</p></td>\n</tr>\n<tr class=\"row-odd\"><td><p><a class=\"reference internal\" href=\"../pyaedt.Maxwell3d.insert_design/#pyaedt.Maxwell3d.insert_design\" title=\"pyaedt.Maxwell3d.insert_design\"><code class=\"xref py py-obj docutils literal notranslate\"><span class=\"pre\">Maxwell3d.insert_design</span></code></a>([design_name,\u00a0...])</p></td>\n<td><p>Add a design of a specified type.</p></td>\n</tr>\n<tr class=\"row-even\"><td><p><a class=\"reference internal\" href=\"../pyaedt.Maxwell3d.list_of_variations/#pyaedt.Maxwell3d.list_of_variations\" title=\"pyaedt.Maxwell3d.list_of_variations\"><code class=\"xref py py-obj docutils literal notranslate\"><span class=\"pre\">Maxwell3d.list_of_variations</span></code></a>([setup_name,\u00a0...])</p></td>\n<td><p>Retrieve a list of active variations for input setup.</p></td>\n</tr>\n<tr class=\"row-odd\"><td><p><a class=\"reference internal\" href=\"../pyaedt.Maxwell3d.load_project/#pyaedt.Maxwell3d.load_project\" title=\"pyaedt.Maxwell3d.load_project\"><code class=\"xref py py-obj docutils literal notranslate\"><span class=\"pre\">Maxwell3d.load_project</span></code></a>(project_file[,\u00a0...])</p></td>\n<td><p>Open an AEDT project based on a project and optional design.</p></td>\n</tr>\n<tr class=\"row-even\"><td><p><a class=\"reference internal\" href=\"../pyaedt.Maxwell3d.plot/#pyaedt.Maxwell3d.plot\" title=\"pyaedt.Maxwell3d.plot\"><code class=\"xref py py-obj docutils literal notranslate\"><span class=\"pre\">Maxwell3d.plot</span></code></a>([objects,\u00a0show,\u00a0export_path,\u00a0...])</p></td>\n<td><p>Plot the model or a subset of objects.</p></td>\n</tr>\n<tr class=\"row-odd\"><td><p><a class=\"reference internal\" href=\"../pyaedt.Maxwell3d.read_design_data/#pyaedt.Maxwell3d.read_design_data\" title=\"pyaedt.Maxwell3d.read_design_data\"><code class=\"xref py py-obj docutils literal notranslate\"><span class=\"pre\">Maxwell3d.read_design_data</span></code></a>()</p></td>\n<td><p>Read back the design data as a dictionary.</p></td>\n</tr>\n<tr class=\"row-even\"><td><p><a class=\"reference internal\" href=\"../pyaedt.Maxwell3d.read_only_variable/#pyaedt.Maxwell3d.read_only_variable\" title=\"pyaedt.Maxwell3d.read_only_variable\"><code class=\"xref py py-obj docutils literal notranslate\"><span class=\"pre\">Maxwell3d.read_only_variable</span></code></a>(variable_name)</p></td>\n<td><p>Set the variable to a read-only or not read-only variable.</p></td>\n</tr>\n<tr class=\"row-odd\"><td><p><a class=\"reference internal\" href=\"../pyaedt.Maxwell3d.release_desktop/#pyaedt.Maxwell3d.release_desktop\" title=\"pyaedt.Maxwell3d.release_desktop\"><code class=\"xref py py-obj docutils literal notranslate\"><span class=\"pre\">Maxwell3d.release_desktop</span></code></a>([close_projects,\u00a0...])</p></td>\n<td><p>Release AEDT.</p></td>\n</tr>\n<tr class=\"row-even\"><td><p><a class=\"reference internal\" href=\"../pyaedt.Maxwell3d.rename_design/#pyaedt.Maxwell3d.rename_design\" title=\"pyaedt.Maxwell3d.rename_design\"><code class=\"xref py py-obj docutils literal notranslate\"><span class=\"pre\">Maxwell3d.rename_design</span></code></a>(new_name)</p></td>\n<td><p>Rename the active design.</p></td>\n</tr>\n<tr class=\"row-odd\"><td><p><a class=\"reference internal\" href=\"../pyaedt.Maxwell3d.save_project/#pyaedt.Maxwell3d.save_project\" title=\"pyaedt.Maxwell3d.save_project\"><code class=\"xref py py-obj docutils literal notranslate\"><span class=\"pre\">Maxwell3d.save_project</span></code></a>([project_file,\u00a0...])</p></td>\n<td><p>Save the project and add a message.</p></td>\n</tr>\n<tr class=\"row-even\"><td><p><a class=\"reference internal\" href=\"../pyaedt.Maxwell3d.set_active_design/#pyaedt.Maxwell3d.set_active_design\" title=\"pyaedt.Maxwell3d.set_active_design\"><code class=\"xref py py-obj docutils literal notranslate\"><span class=\"pre\">Maxwell3d.set_active_design</span></code></a>(name)</p></td>\n<td><p>Change the active design to another design.</p></td>\n</tr>\n<tr class=\"row-odd\"><td><p><a class=\"reference internal\" href=\"../pyaedt.Maxwell3d.set_active_dso_config_name/#pyaedt.Maxwell3d.set_active_dso_config_name\" title=\"pyaedt.Maxwell3d.set_active_dso_config_name\"><code class=\"xref py py-obj docutils literal notranslate\"><span class=\"pre\">Maxwell3d.set_active_dso_config_name</span></code></a>([...])</p></td>\n<td><p>Change a specific registry key to a new value.</p></td>\n</tr>\n<tr class=\"row-even\"><td><p><a class=\"reference internal\" href=\"../pyaedt.Maxwell3d.set_core_losses/#pyaedt.Maxwell3d.set_core_losses\" title=\"pyaedt.Maxwell3d.set_core_losses\"><code class=\"xref py py-obj docutils literal notranslate\"><span class=\"pre\">Maxwell3d.set_core_losses</span></code></a>(objects[,\u00a0value])</p></td>\n<td><p>Whether to enable core losses for a set of objects.</p></td>\n</tr>\n<tr class=\"row-odd\"><td><p><a class=\"reference internal\" href=\"../pyaedt.Maxwell3d.set_initial_angle/#pyaedt.Maxwell3d.set_initial_angle\" title=\"pyaedt.Maxwell3d.set_initial_angle\"><code class=\"xref py py-obj docutils literal notranslate\"><span class=\"pre\">Maxwell3d.set_initial_angle</span></code></a>(motion_setup,\u00a0val)</p></td>\n<td><p>Set the initial angle.</p></td>\n</tr>\n<tr class=\"row-even\"><td><p><a class=\"reference internal\" href=\"../pyaedt.Maxwell3d.set_license_type/#pyaedt.Maxwell3d.set_license_type\" title=\"pyaedt.Maxwell3d.set_license_type\"><code class=\"xref py py-obj docutils literal notranslate\"><span class=\"pre\">Maxwell3d.set_license_type</span></code></a>([license_type])</p></td>\n<td><p>Change the license type between <code class=\"docutils literal notranslate\"><span class=\"pre\">&quot;Pack&quot;</span></code> and <code class=\"docutils literal notranslate\"><span class=\"pre\">&quot;Pool&quot;</span></code>.</p></td>\n</tr>\n<tr class=\"row-odd\"><td><p><a class=\"reference internal\" href=\"../pyaedt.Maxwell3d.set_registry_from_file/#pyaedt.Maxwell3d.set_registry_from_file\" title=\"pyaedt.Maxwell3d.set_registry_from_file\"><code class=\"xref py py-obj docutils literal notranslate\"><span class=\"pre\">Maxwell3d.set_registry_from_file</span></code></a>(registry_file)</p></td>\n<td><p>Apply desktop registry settings from an ACT file.</p></td>\n</tr>\n<tr class=\"row-even\"><td><p><a class=\"reference internal\" href=\"../pyaedt.Maxwell3d.set_registry_key/#pyaedt.Maxwell3d.set_registry_key\" title=\"pyaedt.Maxwell3d.set_registry_key\"><code class=\"xref py py-obj docutils literal notranslate\"><span class=\"pre\">Maxwell3d.set_registry_key</span></code></a>(key_full_name,\u00a0...)</p></td>\n<td><p>Change a specific registry key to a new value.</p></td>\n</tr>\n<tr class=\"row-odd\"><td><p><a class=\"reference internal\" href=\"../pyaedt.Maxwell3d.set_source_context/#pyaedt.Maxwell3d.set_source_context\" title=\"pyaedt.Maxwell3d.set_source_context\"><code class=\"xref py py-obj docutils literal notranslate\"><span class=\"pre\">Maxwell3d.set_source_context</span></code></a>(sources[,\u00a0...])</p></td>\n<td><p>Set the source context.</p></td>\n</tr>\n<tr class=\"row-even\"><td><p><a class=\"reference internal\" href=\"../pyaedt.Maxwell3d.setup_ctrlprog/#pyaedt.Maxwell3d.setup_ctrlprog\" title=\"pyaedt.Maxwell3d.setup_ctrlprog\"><code class=\"xref py py-obj docutils literal notranslate\"><span class=\"pre\">Maxwell3d.setup_ctrlprog</span></code></a>(setupname[,\u00a0...])</p></td>\n<td><p>Configure the transient design setup to run a specific control program.</p></td>\n</tr>\n<tr class=\"row-odd\"><td><p><a class=\"reference internal\" href=\"../pyaedt.Maxwell3d.setup_y_connection/#pyaedt.Maxwell3d.setup_y_connection\" title=\"pyaedt.Maxwell3d.setup_y_connection\"><code class=\"xref py py-obj docutils literal notranslate\"><span class=\"pre\">Maxwell3d.setup_y_connection</span></code></a>([windings_name])</p></td>\n<td><p>Setup the Y connection.</p></td>\n</tr>\n<tr class=\"row-even\"><td><p><a class=\"reference internal\" href=\"../pyaedt.Maxwell3d.solve_in_batch/#pyaedt.Maxwell3d.solve_in_batch\" title=\"pyaedt.Maxwell3d.solve_in_batch\"><code class=\"xref py py-obj docutils literal notranslate\"><span class=\"pre\">Maxwell3d.solve_in_batch</span></code></a>([filename,\u00a0...])</p></td>\n<td><p>Analyze a design setup in batch mode.</p></td>\n</tr>\n<tr class=\"row-odd\"><td><p><a class=\"reference internal\" href=\"../pyaedt.Maxwell3d.solve_inside/#pyaedt.Maxwell3d.solve_inside\" title=\"pyaedt.Maxwell3d.solve_inside\"><code class=\"xref py py-obj docutils literal notranslate\"><span class=\"pre\">Maxwell3d.solve_inside</span></code></a>(name[,\u00a0activate])</p></td>\n<td><p>Solve inside.</p></td>\n</tr>\n<tr class=\"row-even\"><td><p><a class=\"reference internal\" href=\"../pyaedt.Maxwell3d.submit_job/#pyaedt.Maxwell3d.submit_job\" title=\"pyaedt.Maxwell3d.submit_job\"><code class=\"xref py py-obj docutils literal notranslate\"><span class=\"pre\">Maxwell3d.submit_job</span></code></a>(clustername[,\u00a0...])</p></td>\n<td><p>Submit a job to be solved on a cluster.</p></td>\n</tr>\n<tr class=\"row-odd\"><td><p><a class=\"reference internal\" href=\"../pyaedt.Maxwell3d.validate_simple/#pyaedt.Maxwell3d.validate_simple\" title=\"pyaedt.Maxwell3d.validate_simple\"><code class=\"xref py py-obj docutils literal notranslate\"><span class=\"pre\">Maxwell3d.validate_simple</span></code></a>([logfile])</p></td>\n<td><p>Validate a design.</p></td>\n</tr>\n<tr class=\"row-even\"><td><p><a class=\"reference internal\" href=\"../pyaedt.Maxwell3d.value_with_units/#pyaedt.Maxwell3d.value_with_units\" title=\"pyaedt.Maxwell3d.value_with_units\"><code class=\"xref py py-obj docutils literal notranslate\"><span class=\"pre\">Maxwell3d.value_with_units</span></code></a>(value[,\u00a0units])</p></td>\n<td><p>Combine a number and a string containing the unit in a single string e.g.</p></td>\n</tr>\n</tbody>\n</table>\n<p class=\"rubric\">Attributes</p>\n<table class=\"autosummary longtable docutils align-default\">\n<tbody>\n<tr class=\"row-odd\"><td><p><a class=\"reference internal\" href=\"../pyaedt.Maxwell3d.aedt_version_id/#pyaedt.Maxwell3d.aedt_version_id\" title=\"pyaedt.Maxwell3d.aedt_version_id\"><code class=\"xref py py-obj docutils literal notranslate\"><span class=\"pre\">Maxwell3d.aedt_version_id</span></code></a></p></td>\n<td><p>AEDT version.</p></td>\n</tr>\n<tr class=\"row-even\"><td><p><a class=\"reference internal\" href=\"../pyaedt.Maxwell3d.analysis_setup/#pyaedt.Maxwell3d.analysis_setup\" title=\"pyaedt.Maxwell3d.analysis_setup\"><code class=\"xref py py-obj docutils literal notranslate\"><span class=\"pre\">Maxwell3d.analysis_setup</span></code></a></p></td>\n<td><p>Analysis setup.</p></td>\n</tr>\n<tr class=\"row-odd\"><td><p><a class=\"reference internal\" href=\"../pyaedt.Maxwell3d.available_variations/#pyaedt.Maxwell3d.available_variations\" title=\"pyaedt.Maxwell3d.available_variations\"><code class=\"xref py py-obj docutils literal notranslate\"><span class=\"pre\">Maxwell3d.available_variations</span></code></a></p></td>\n<td><p>Available variation object.</p></td>\n</tr>\n<tr class=\"row-even\"><td><p><a class=\"reference internal\" href=\"../pyaedt.Maxwell3d.boundaries/#pyaedt.Maxwell3d.boundaries\" title=\"pyaedt.Maxwell3d.boundaries\"><code class=\"xref py py-obj docutils literal notranslate\"><span class=\"pre\">Maxwell3d.boundaries</span></code></a></p></td>\n<td><p>Design boundaries and excitations.</p></td>\n</tr>\n<tr class=\"row-odd\"><td><p><a class=\"reference internal\" href=\"../pyaedt.Maxwell3d.components3d/#pyaedt.Maxwell3d.components3d\" title=\"pyaedt.Maxwell3d.components3d\"><code class=\"xref py py-obj docutils literal notranslate\"><span class=\"pre\">Maxwell3d.components3d</span></code></a></p></td>\n<td><p>3D components.</p></td>\n</tr>\n<tr class=\"row-even\"><td><p><a class=\"reference internal\" href=\"../pyaedt.Maxwell3d.configurations/#pyaedt.Maxwell3d.configurations\" title=\"pyaedt.Maxwell3d.configurations\"><code class=\"xref py py-obj docutils literal notranslate\"><span class=\"pre\">Maxwell3d.configurations</span></code></a></p></td>\n<td><p>Property to import and export configuration files.</p></td>\n</tr>\n<tr class=\"row-odd\"><td><p><a class=\"reference internal\" href=\"../pyaedt.Maxwell3d.default_solution_type/#pyaedt.Maxwell3d.default_solution_type\" title=\"pyaedt.Maxwell3d.default_solution_type\"><code class=\"xref py py-obj docutils literal notranslate\"><span class=\"pre\">Maxwell3d.default_solution_type</span></code></a></p></td>\n<td><p>Default solution type.</p></td>\n</tr>\n<tr class=\"row-even\"><td><p><a class=\"reference internal\" href=\"../pyaedt.Maxwell3d.design_datasets/#pyaedt.Maxwell3d.design_datasets\" title=\"pyaedt.Maxwell3d.design_datasets\"><code class=\"xref py py-obj docutils literal notranslate\"><span class=\"pre\">Maxwell3d.design_datasets</span></code></a></p></td>\n<td><p>Dictionary of Design Datasets.</p></td>\n</tr>\n<tr class=\"row-odd\"><td><p><a class=\"reference internal\" href=\"../pyaedt.Maxwell3d.design_file/#pyaedt.Maxwell3d.design_file\" title=\"pyaedt.Maxwell3d.design_file\"><code class=\"xref py py-obj docutils literal notranslate\"><span class=\"pre\">Maxwell3d.design_file</span></code></a></p></td>\n<td><p>Design file.</p></td>\n</tr>\n<tr class=\"row-even\"><td><p><a class=\"reference internal\" href=\"../pyaedt.Maxwell3d.design_list/#pyaedt.Maxwell3d.design_list\" title=\"pyaedt.Maxwell3d.design_list\"><code class=\"xref py py-obj docutils literal notranslate\"><span class=\"pre\">Maxwell3d.design_list</span></code></a></p></td>\n<td><p>Design list.</p></td>\n</tr>\n<tr class=\"row-odd\"><td><p><a class=\"reference internal\" href=\"../pyaedt.Maxwell3d.design_name/#pyaedt.Maxwell3d.design_name\" title=\"pyaedt.Maxwell3d.design_name\"><code class=\"xref py py-obj docutils literal notranslate\"><span class=\"pre\">Maxwell3d.design_name</span></code></a></p></td>\n<td><p>Design name.</p></td>\n</tr>\n<tr class=\"row-even\"><td><p><a class=\"reference internal\" href=\"../pyaedt.Maxwell3d.design_properties/#pyaedt.Maxwell3d.design_properties\" title=\"pyaedt.Maxwell3d.design_properties\"><code class=\"xref py py-obj docutils literal notranslate\"><span class=\"pre\">Maxwell3d.design_properties</span></code></a></p></td>\n<td><p>Design properties.</p></td>\n</tr>\n<tr class=\"row-odd\"><td><p><a class=\"reference internal\" href=\"../pyaedt.Maxwell3d.design_type/#pyaedt.Maxwell3d.design_type\" title=\"pyaedt.Maxwell3d.design_type\"><code class=\"xref py py-obj docutils literal notranslate\"><span class=\"pre\">Maxwell3d.design_type</span></code></a></p></td>\n<td><p>Design type.</p></td>\n</tr>\n<tr class=\"row-even\"><td><p><a class=\"reference internal\" href=\"../pyaedt.Maxwell3d.desktop_install_dir/#pyaedt.Maxwell3d.desktop_install_dir\" title=\"pyaedt.Maxwell3d.desktop_install_dir\"><code class=\"xref py py-obj docutils literal notranslate\"><span class=\"pre\">Maxwell3d.desktop_install_dir</span></code></a></p></td>\n<td><p>AEDT installation directory.</p></td>\n</tr>\n<tr class=\"row-odd\"><td><p><a class=\"reference internal\" href=\"../pyaedt.Maxwell3d.dim/#pyaedt.Maxwell3d.dim\" title=\"pyaedt.Maxwell3d.dim\"><code class=\"xref py py-obj docutils literal notranslate\"><span class=\"pre\">Maxwell3d.dim</span></code></a></p></td>\n<td><p>Dimensions.</p></td>\n</tr>\n<tr class=\"row-even\"><td><p><a class=\"reference internal\" href=\"../pyaedt.Maxwell3d.excitations/#pyaedt.Maxwell3d.excitations\" title=\"pyaedt.Maxwell3d.excitations\"><code class=\"xref py py-obj docutils literal notranslate\"><span class=\"pre\">Maxwell3d.excitations</span></code></a></p></td>\n<td><p>Get all excitation names.</p></td>\n</tr>\n<tr class=\"row-odd\"><td><p><a class=\"reference internal\" href=\"../pyaedt.Maxwell3d.existing_analysis_setups/#pyaedt.Maxwell3d.existing_analysis_setups\" title=\"pyaedt.Maxwell3d.existing_analysis_setups\"><code class=\"xref py py-obj docutils literal notranslate\"><span class=\"pre\">Maxwell3d.existing_analysis_setups</span></code></a></p></td>\n<td><p>Existing analysis setups.</p></td>\n</tr>\n<tr class=\"row-even\"><td><p><a class=\"reference internal\" href=\"../pyaedt.Maxwell3d.existing_analysis_sweeps/#pyaedt.Maxwell3d.existing_analysis_sweeps\" title=\"pyaedt.Maxwell3d.existing_analysis_sweeps\"><code class=\"xref py py-obj docutils literal notranslate\"><span class=\"pre\">Maxwell3d.existing_analysis_sweeps</span></code></a></p></td>\n<td><p>Existing analysis sweeps.</p></td>\n</tr>\n<tr class=\"row-odd\"><td><p><a class=\"reference internal\" href=\"../pyaedt.Maxwell3d.layouteditor/#pyaedt.Maxwell3d.layouteditor\" title=\"pyaedt.Maxwell3d.layouteditor\"><code class=\"xref py py-obj docutils literal notranslate\"><span class=\"pre\">Maxwell3d.layouteditor</span></code></a></p></td>\n<td><p>Return the Circuit Layout Editor.</p></td>\n</tr>\n<tr class=\"row-even\"><td><p><a class=\"reference internal\" href=\"../pyaedt.Maxwell3d.library_list/#pyaedt.Maxwell3d.library_list\" title=\"pyaedt.Maxwell3d.library_list\"><code class=\"xref py py-obj docutils literal notranslate\"><span class=\"pre\">Maxwell3d.library_list</span></code></a></p></td>\n<td><p>Library list.</p></td>\n</tr>\n<tr class=\"row-odd\"><td><p><a class=\"reference internal\" href=\"../pyaedt.Maxwell3d.lock_file/#pyaedt.Maxwell3d.lock_file\" title=\"pyaedt.Maxwell3d.lock_file\"><code class=\"xref py py-obj docutils literal notranslate\"><span class=\"pre\">Maxwell3d.lock_file</span></code></a></p></td>\n<td><p>Lock file.</p></td>\n</tr>\n<tr class=\"row-even\"><td><p><a class=\"reference internal\" href=\"../pyaedt.Maxwell3d.logger/#pyaedt.Maxwell3d.logger\" title=\"pyaedt.Maxwell3d.logger\"><code class=\"xref py py-obj docutils literal notranslate\"><span class=\"pre\">Maxwell3d.logger</span></code></a></p></td>\n<td><p>Logger for the design.</p></td>\n</tr>\n<tr class=\"row-odd\"><td><p><a class=\"reference internal\" href=\"../pyaedt.Maxwell3d.materials/#pyaedt.Maxwell3d.materials\" title=\"pyaedt.Maxwell3d.materials\"><code class=\"xref py py-obj docutils literal notranslate\"><span class=\"pre\">Maxwell3d.materials</span></code></a></p></td>\n<td><p>Materials in the project.</p></td>\n</tr>\n<tr class=\"row-even\"><td><p><a class=\"reference internal\" href=\"../pyaedt.Maxwell3d.mesh/#pyaedt.Maxwell3d.mesh\" title=\"pyaedt.Maxwell3d.mesh\"><code class=\"xref py py-obj docutils literal notranslate\"><span class=\"pre\">Maxwell3d.mesh</span></code></a></p></td>\n<td><p>Mesh.</p></td>\n</tr>\n<tr class=\"row-odd\"><td><p><a class=\"reference internal\" href=\"../pyaedt.Maxwell3d.modeler/#pyaedt.Maxwell3d.modeler\" title=\"pyaedt.Maxwell3d.modeler\"><code class=\"xref py py-obj docutils literal notranslate\"><span class=\"pre\">Maxwell3d.modeler</span></code></a></p></td>\n<td><p>Modeler.</p></td>\n</tr>\n<tr class=\"row-even\"><td><p><a class=\"reference internal\" href=\"../pyaedt.Maxwell3d.native_components/#pyaedt.Maxwell3d.native_components\" title=\"pyaedt.Maxwell3d.native_components\"><code class=\"xref py py-obj docutils literal notranslate\"><span class=\"pre\">Maxwell3d.native_components</span></code></a></p></td>\n<td><p>Native Component dictionary.</p></td>\n</tr>\n<tr class=\"row-odd\"><td><p><a class=\"reference internal\" href=\"../pyaedt.Maxwell3d.nominal_adaptive/#pyaedt.Maxwell3d.nominal_adaptive\" title=\"pyaedt.Maxwell3d.nominal_adaptive\"><code class=\"xref py py-obj docutils literal notranslate\"><span class=\"pre\">Maxwell3d.nominal_adaptive</span></code></a></p></td>\n<td><p>Nominal adaptive sweep.</p></td>\n</tr>\n<tr class=\"row-even\"><td><p><a class=\"reference internal\" href=\"../pyaedt.Maxwell3d.nominal_sweep/#pyaedt.Maxwell3d.nominal_sweep\" title=\"pyaedt.Maxwell3d.nominal_sweep\"><code class=\"xref py py-obj docutils literal notranslate\"><span class=\"pre\">Maxwell3d.nominal_sweep</span></code></a></p></td>\n<td><p>Nominal sweep.</p></td>\n</tr>\n<tr class=\"row-odd\"><td><p><a class=\"reference internal\" href=\"../pyaedt.Maxwell3d.o_component_manager/#pyaedt.Maxwell3d.o_component_manager\" title=\"pyaedt.Maxwell3d.o_component_manager\"><code class=\"xref py py-obj docutils literal notranslate\"><span class=\"pre\">Maxwell3d.o_component_manager</span></code></a></p></td>\n<td><p>Component manager object.</p></td>\n</tr>\n<tr class=\"row-even\"><td><p><a class=\"reference internal\" href=\"../pyaedt.Maxwell3d.o_maxwell_parameters/#pyaedt.Maxwell3d.o_maxwell_parameters\" title=\"pyaedt.Maxwell3d.o_maxwell_parameters\"><code class=\"xref py py-obj docutils literal notranslate\"><span class=\"pre\">Maxwell3d.o_maxwell_parameters</span></code></a></p></td>\n<td><p>AEDT Maxwell Parameter Setup Object.</p></td>\n</tr>\n<tr class=\"row-odd\"><td><p><a class=\"reference internal\" href=\"../pyaedt.Maxwell3d.o_model_manager/#pyaedt.Maxwell3d.o_model_manager\" title=\"pyaedt.Maxwell3d.o_model_manager\"><code class=\"xref py py-obj docutils literal notranslate\"><span class=\"pre\">Maxwell3d.o_model_manager</span></code></a></p></td>\n<td><p>Model manager object.</p></td>\n</tr>\n<tr class=\"row-even\"><td><p><a class=\"reference internal\" href=\"../pyaedt.Maxwell3d.o_symbol_manager/#pyaedt.Maxwell3d.o_symbol_manager\" title=\"pyaedt.Maxwell3d.o_symbol_manager\"><code class=\"xref py py-obj docutils literal notranslate\"><span class=\"pre\">Maxwell3d.o_symbol_manager</span></code></a></p></td>\n<td><p>Aedt Simbol Manager.</p></td>\n</tr>\n<tr class=\"row-odd\"><td><p><a class=\"reference internal\" href=\"../pyaedt.Maxwell3d.oanalysis/#pyaedt.Maxwell3d.oanalysis\" title=\"pyaedt.Maxwell3d.oanalysis\"><code class=\"xref py py-obj docutils literal notranslate\"><span class=\"pre\">Maxwell3d.oanalysis</span></code></a></p></td>\n<td><p>Analysis AEDT Module.</p></td>\n</tr>\n<tr class=\"row-even\"><td><p><a class=\"reference internal\" href=\"../pyaedt.Maxwell3d.oboundary/#pyaedt.Maxwell3d.oboundary\" title=\"pyaedt.Maxwell3d.oboundary\"><code class=\"xref py py-obj docutils literal notranslate\"><span class=\"pre\">Maxwell3d.oboundary</span></code></a></p></td>\n<td><p>Boundary Object.</p></td>\n</tr>\n<tr class=\"row-odd\"><td><p><a class=\"reference internal\" href=\"../pyaedt.Maxwell3d.odefinition_manager/#pyaedt.Maxwell3d.odefinition_manager\" title=\"pyaedt.Maxwell3d.odefinition_manager\"><code class=\"xref py py-obj docutils literal notranslate\"><span class=\"pre\">Maxwell3d.odefinition_manager</span></code></a></p></td>\n<td><p>Definition Manager Module.</p></td>\n</tr>\n<tr class=\"row-even\"><td><p><a class=\"reference internal\" href=\"../pyaedt.Maxwell3d.odesign/#pyaedt.Maxwell3d.odesign\" title=\"pyaedt.Maxwell3d.odesign\"><code class=\"xref py py-obj docutils literal notranslate\"><span class=\"pre\">Maxwell3d.odesign</span></code></a></p></td>\n<td><p>Design.</p></td>\n</tr>\n<tr class=\"row-odd\"><td><p><a class=\"reference internal\" href=\"../pyaedt.Maxwell3d.odesktop/#pyaedt.Maxwell3d.odesktop\" title=\"pyaedt.Maxwell3d.odesktop\"><code class=\"xref py py-obj docutils literal notranslate\"><span class=\"pre\">Maxwell3d.odesktop</span></code></a></p></td>\n<td><p>AEDT instance containing all projects and designs.</p></td>\n</tr>\n<tr class=\"row-even\"><td><p><a class=\"reference internal\" href=\"../pyaedt.Maxwell3d.oeditor/#pyaedt.Maxwell3d.oeditor\" title=\"pyaedt.Maxwell3d.oeditor\"><code class=\"xref py py-obj docutils literal notranslate\"><span class=\"pre\">Maxwell3d.oeditor</span></code></a></p></td>\n<td><p>Oeditor Module.</p></td>\n</tr>\n<tr class=\"row-odd\"><td><p><a class=\"reference internal\" href=\"../pyaedt.Maxwell3d.oexcitation/#pyaedt.Maxwell3d.oexcitation\" title=\"pyaedt.Maxwell3d.oexcitation\"><code class=\"xref py py-obj docutils literal notranslate\"><span class=\"pre\">Maxwell3d.oexcitation</span></code></a></p></td>\n<td><p>Solution Module.</p></td>\n</tr>\n<tr class=\"row-even\"><td><p><a class=\"reference internal\" href=\"../pyaedt.Maxwell3d.ofieldsreporter/#pyaedt.Maxwell3d.ofieldsreporter\" title=\"pyaedt.Maxwell3d.ofieldsreporter\"><code class=\"xref py py-obj docutils literal notranslate\"><span class=\"pre\">Maxwell3d.ofieldsreporter</span></code></a></p></td>\n<td><p>Fields reporter.</p></td>\n</tr>\n<tr class=\"row-odd\"><td><p><a class=\"reference internal\" href=\"../pyaedt.Maxwell3d.oimport_export/#pyaedt.Maxwell3d.oimport_export\" title=\"pyaedt.Maxwell3d.oimport_export\"><code class=\"xref py py-obj docutils literal notranslate\"><span class=\"pre\">Maxwell3d.oimport_export</span></code></a></p></td>\n<td><p>Import/Export Manager Module.</p></td>\n</tr>\n<tr class=\"row-even\"><td><p><a class=\"reference internal\" href=\"../pyaedt.Maxwell3d.omaterial_manager/#pyaedt.Maxwell3d.omaterial_manager\" title=\"pyaedt.Maxwell3d.omaterial_manager\"><code class=\"xref py py-obj docutils literal notranslate\"><span class=\"pre\">Maxwell3d.omaterial_manager</span></code></a></p></td>\n<td><p>Material Manager Module.</p></td>\n</tr>\n<tr class=\"row-odd\"><td><p><a class=\"reference internal\" href=\"../pyaedt.Maxwell3d.omatrix/#pyaedt.Maxwell3d.omatrix\" title=\"pyaedt.Maxwell3d.omatrix\"><code class=\"xref py py-obj docutils literal notranslate\"><span class=\"pre\">Maxwell3d.omatrix</span></code></a></p></td>\n<td><p>Matrix Object.</p></td>\n</tr>\n<tr class=\"row-even\"><td><p><a class=\"reference internal\" href=\"../pyaedt.Maxwell3d.omeshmodule/#pyaedt.Maxwell3d.omeshmodule\" title=\"pyaedt.Maxwell3d.omeshmodule\"><code class=\"xref py py-obj docutils literal notranslate\"><span class=\"pre\">Maxwell3d.omeshmodule</span></code></a></p></td>\n<td><p>Icepak Mesh Module.</p></td>\n</tr>\n<tr class=\"row-odd\"><td><p><a class=\"reference internal\" href=\"../pyaedt.Maxwell3d.omodelsetup/#pyaedt.Maxwell3d.omodelsetup\" title=\"pyaedt.Maxwell3d.omodelsetup\"><code class=\"xref py py-obj docutils literal notranslate\"><span class=\"pre\">Maxwell3d.omodelsetup</span></code></a></p></td>\n<td><p>AEDT Model Setup Object.</p></td>\n</tr>\n<tr class=\"row-even\"><td><p><a class=\"reference internal\" href=\"../pyaedt.Maxwell3d.omonitor/#pyaedt.Maxwell3d.omonitor\" title=\"pyaedt.Maxwell3d.omonitor\"><code class=\"xref py py-obj docutils literal notranslate\"><span class=\"pre\">Maxwell3d.omonitor</span></code></a></p></td>\n<td><p>AEDT Monitor Object.</p></td>\n</tr>\n<tr class=\"row-odd\"><td><p><a class=\"reference internal\" href=\"../pyaedt.Maxwell3d.ooptimetrics/#pyaedt.Maxwell3d.ooptimetrics\" title=\"pyaedt.Maxwell3d.ooptimetrics\"><code class=\"xref py py-obj docutils literal notranslate\"><span class=\"pre\">Maxwell3d.ooptimetrics</span></code></a></p></td>\n<td><p>AEDT Optimetrics Module.</p></td>\n</tr>\n<tr class=\"row-even\"><td><p><a class=\"reference internal\" href=\"../pyaedt.Maxwell3d.ooutput_variable/#pyaedt.Maxwell3d.ooutput_variable\" title=\"pyaedt.Maxwell3d.ooutput_variable\"><code class=\"xref py py-obj docutils literal notranslate\"><span class=\"pre\">Maxwell3d.ooutput_variable</span></code></a></p></td>\n<td><p>AEDT Output Variable Module.</p></td>\n</tr>\n<tr class=\"row-odd\"><td><p><a class=\"reference internal\" href=\"../pyaedt.Maxwell3d.opadstackmanager/#pyaedt.Maxwell3d.opadstackmanager\" title=\"pyaedt.Maxwell3d.opadstackmanager\"><code class=\"xref py py-obj docutils literal notranslate\"><span class=\"pre\">Maxwell3d.opadstackmanager</span></code></a></p></td>\n<td><p>AEDT oPadstackManager.</p></td>\n</tr>\n<tr class=\"row-even\"><td><p><a class=\"reference internal\" href=\"../pyaedt.Maxwell3d.oproject/#pyaedt.Maxwell3d.oproject\" title=\"pyaedt.Maxwell3d.oproject\"><code class=\"xref py py-obj docutils literal notranslate\"><span class=\"pre\">Maxwell3d.oproject</span></code></a></p></td>\n<td><p>Project property.</p></td>\n</tr>\n<tr class=\"row-odd\"><td><p><a class=\"reference internal\" href=\"../pyaedt.Maxwell3d.oradfield/#pyaedt.Maxwell3d.oradfield\" title=\"pyaedt.Maxwell3d.oradfield\"><code class=\"xref py py-obj docutils literal notranslate\"><span class=\"pre\">Maxwell3d.oradfield</span></code></a></p></td>\n<td><p>AEDT Radiation Field Object.</p></td>\n</tr>\n<tr class=\"row-even\"><td><p><a class=\"reference internal\" href=\"../pyaedt.Maxwell3d.oreportsetup/#pyaedt.Maxwell3d.oreportsetup\" title=\"pyaedt.Maxwell3d.oreportsetup\"><code class=\"xref py py-obj docutils literal notranslate\"><span class=\"pre\">Maxwell3d.oreportsetup</span></code></a></p></td>\n<td><p>Report setup.</p></td>\n</tr>\n<tr class=\"row-odd\"><td><p><a class=\"reference internal\" href=\"../pyaedt.Maxwell3d.osolution/#pyaedt.Maxwell3d.osolution\" title=\"pyaedt.Maxwell3d.osolution\"><code class=\"xref py py-obj docutils literal notranslate\"><span class=\"pre\">Maxwell3d.osolution</span></code></a></p></td>\n<td><p>Solution Module.</p></td>\n</tr>\n<tr class=\"row-even\"><td><p><a class=\"reference internal\" href=\"../pyaedt.Maxwell3d.output_variables/#pyaedt.Maxwell3d.output_variables\" title=\"pyaedt.Maxwell3d.output_variables\"><code class=\"xref py py-obj docutils literal notranslate\"><span class=\"pre\">Maxwell3d.output_variables</span></code></a></p></td>\n<td><p>List of output variables.</p></td>\n</tr>\n<tr class=\"row-odd\"><td><p><a class=\"reference internal\" href=\"../pyaedt.Maxwell3d.personallib/#pyaedt.Maxwell3d.personallib\" title=\"pyaedt.Maxwell3d.personallib\"><code class=\"xref py py-obj docutils literal notranslate\"><span class=\"pre\">Maxwell3d.personallib</span></code></a></p></td>\n<td><p>PersonalLib directory.</p></td>\n</tr>\n<tr class=\"row-even\"><td><p><a class=\"reference internal\" href=\"../pyaedt.Maxwell3d.post/#pyaedt.Maxwell3d.post\" title=\"pyaedt.Maxwell3d.post\"><code class=\"xref py py-obj docutils literal notranslate\"><span class=\"pre\">Maxwell3d.post</span></code></a></p></td>\n<td><p>PostProcessor.</p></td>\n</tr>\n<tr class=\"row-odd\"><td><p><a class=\"reference internal\" href=\"../pyaedt.Maxwell3d.project_datasets/#pyaedt.Maxwell3d.project_datasets\" title=\"pyaedt.Maxwell3d.project_datasets\"><code class=\"xref py py-obj docutils literal notranslate\"><span class=\"pre\">Maxwell3d.project_datasets</span></code></a></p></td>\n<td><p>Dictionary of Project Datasets.</p></td>\n</tr>\n<tr class=\"row-even\"><td><p><a class=\"reference internal\" href=\"../pyaedt.Maxwell3d.project_file/#pyaedt.Maxwell3d.project_file\" title=\"pyaedt.Maxwell3d.project_file\"><code class=\"xref py py-obj docutils literal notranslate\"><span class=\"pre\">Maxwell3d.project_file</span></code></a></p></td>\n<td><p>Project name and path.</p></td>\n</tr>\n<tr class=\"row-odd\"><td><p><a class=\"reference internal\" href=\"../pyaedt.Maxwell3d.project_list/#pyaedt.Maxwell3d.project_list\" title=\"pyaedt.Maxwell3d.project_list\"><code class=\"xref py py-obj docutils literal notranslate\"><span class=\"pre\">Maxwell3d.project_list</span></code></a></p></td>\n<td><p>Project list.</p></td>\n</tr>\n<tr class=\"row-even\"><td><p><a class=\"reference internal\" href=\"../pyaedt.Maxwell3d.project_name/#pyaedt.Maxwell3d.project_name\" title=\"pyaedt.Maxwell3d.project_name\"><code class=\"xref py py-obj docutils literal notranslate\"><span class=\"pre\">Maxwell3d.project_name</span></code></a></p></td>\n<td><p>Project name.</p></td>\n</tr>\n<tr class=\"row-odd\"><td><p><a class=\"reference internal\" href=\"../pyaedt.Maxwell3d.project_path/#pyaedt.Maxwell3d.project_path\" title=\"pyaedt.Maxwell3d.project_path\"><code class=\"xref py py-obj docutils literal notranslate\"><span class=\"pre\">Maxwell3d.project_path</span></code></a></p></td>\n<td><p>Project path.</p></td>\n</tr>\n<tr class=\"row-even\"><td><p><a class=\"reference internal\" href=\"../pyaedt.Maxwell3d.project_properties/#pyaedt.Maxwell3d.project_properties\" title=\"pyaedt.Maxwell3d.project_properties\"><code class=\"xref py py-obj docutils literal notranslate\"><span class=\"pre\">Maxwell3d.project_properties</span></code></a></p></td>\n<td><p>Project properties.</p></td>\n</tr>\n<tr class=\"row-odd\"><td><p><a class=\"reference internal\" href=\"../pyaedt.Maxwell3d.project_time_stamp/#pyaedt.Maxwell3d.project_time_stamp\" title=\"pyaedt.Maxwell3d.project_time_stamp\"><code class=\"xref py py-obj docutils literal notranslate\"><span class=\"pre\">Maxwell3d.project_time_stamp</span></code></a></p></td>\n<td><p>Return Project time stamp.</p></td>\n</tr>\n<tr class=\"row-even\"><td><p><a class=\"reference internal\" href=\"../pyaedt.Maxwell3d.project_timestamp_changed/#pyaedt.Maxwell3d.project_timestamp_changed\" title=\"pyaedt.Maxwell3d.project_timestamp_changed\"><code class=\"xref py py-obj docutils literal notranslate\"><span class=\"pre\">Maxwell3d.project_timestamp_changed</span></code></a></p></td>\n<td><p>Return a bool if time stamp changed or not.</p></td>\n</tr>\n<tr class=\"row-odd\"><td><p><a class=\"reference internal\" href=\"../pyaedt.Maxwell3d.pyaedt_dir/#pyaedt.Maxwell3d.pyaedt_dir\" title=\"pyaedt.Maxwell3d.pyaedt_dir\"><code class=\"xref py py-obj docutils literal notranslate\"><span class=\"pre\">Maxwell3d.pyaedt_dir</span></code></a></p></td>\n<td><p>PyAEDT directory.</p></td>\n</tr>\n<tr class=\"row-even\"><td><p><a class=\"reference internal\" href=\"../pyaedt.Maxwell3d.results_directory/#pyaedt.Maxwell3d.results_directory\" title=\"pyaedt.Maxwell3d.results_directory\"><code class=\"xref py py-obj docutils literal notranslate\"><span class=\"pre\">Maxwell3d.results_directory</span></code></a></p></td>\n<td><p>Results directory.</p></td>\n</tr>\n<tr class=\"row-odd\"><td><p><a class=\"reference internal\" href=\"../pyaedt.Maxwell3d.setup_names/#pyaedt.Maxwell3d.setup_names\" title=\"pyaedt.Maxwell3d.setup_names\"><code class=\"xref py py-obj docutils literal notranslate\"><span class=\"pre\">Maxwell3d.setup_names</span></code></a></p></td>\n<td><p>Setup names.</p></td>\n</tr>\n<tr class=\"row-even\"><td><p><a class=\"reference internal\" href=\"../pyaedt.Maxwell3d.solution_type/#pyaedt.Maxwell3d.solution_type\" title=\"pyaedt.Maxwell3d.solution_type\"><code class=\"xref py py-obj docutils literal notranslate\"><span class=\"pre\">Maxwell3d.solution_type</span></code></a></p></td>\n<td><p>Solution type.</p></td>\n</tr>\n<tr class=\"row-odd\"><td><p><a class=\"reference internal\" href=\"../pyaedt.Maxwell3d.src_dir/#pyaedt.Maxwell3d.src_dir\" title=\"pyaedt.Maxwell3d.src_dir\"><code class=\"xref py py-obj docutils literal notranslate\"><span class=\"pre\">Maxwell3d.src_dir</span></code></a></p></td>\n<td><p>Source directory for Python.</p></td>\n</tr>\n<tr class=\"row-even\"><td><p><a class=\"reference internal\" href=\"../pyaedt.Maxwell3d.symmetry_multiplier/#pyaedt.Maxwell3d.symmetry_multiplier\" title=\"pyaedt.Maxwell3d.symmetry_multiplier\"><code class=\"xref py py-obj docutils literal notranslate\"><span class=\"pre\">Maxwell3d.symmetry_multiplier</span></code></a></p></td>\n<td><p>Symmetry multiplier.</p></td>\n</tr>\n<tr class=\"row-odd\"><td><p><a class=\"reference internal\" href=\"../pyaedt.Maxwell3d.syslib/#pyaedt.Maxwell3d.syslib\" title=\"pyaedt.Maxwell3d.syslib\"><code class=\"xref py py-obj docutils literal notranslate\"><span class=\"pre\">Maxwell3d.syslib</span></code></a></p></td>\n<td><p>SysLib directory.</p></td>\n</tr>\n<tr class=\"row-even\"><td><p><a class=\"reference internal\" href=\"../pyaedt.Maxwell3d.temp_directory/#pyaedt.Maxwell3d.temp_directory\" title=\"pyaedt.Maxwell3d.temp_directory\"><code class=\"xref py py-obj docutils literal notranslate\"><span class=\"pre\">Maxwell3d.temp_directory</span></code></a></p></td>\n<td><p>Path to the temporary directory.</p></td>\n</tr>\n<tr class=\"row-odd\"><td><p><a class=\"reference internal\" href=\"../pyaedt.Maxwell3d.toolkit_directory/#pyaedt.Maxwell3d.toolkit_directory\" title=\"pyaedt.Maxwell3d.toolkit_directory\"><code class=\"xref py py-obj docutils literal notranslate\"><span class=\"pre\">Maxwell3d.toolkit_directory</span></code></a></p></td>\n<td><p>Path to the toolkit directory.</p></td>\n</tr>\n<tr class=\"row-even\"><td><p><a class=\"reference internal\" href=\"../pyaedt.Maxwell3d.userlib/#pyaedt.Maxwell3d.userlib\" title=\"pyaedt.Maxwell3d.userlib\"><code class=\"xref py py-obj docutils literal notranslate\"><span class=\"pre\">Maxwell3d.userlib</span></code></a></p></td>\n<td><p>UserLib directory.</p></td>\n</tr>\n<tr class=\"row-odd\"><td><p><a class=\"reference internal\" href=\"../pyaedt.Maxwell3d.valid_design/#pyaedt.Maxwell3d.valid_design\" title=\"pyaedt.Maxwell3d.valid_design\"><code class=\"xref py py-obj docutils literal notranslate\"><span class=\"pre\">Maxwell3d.valid_design</span></code></a></p></td>\n<td><p>Valid design.</p></td>\n</tr>\n<tr class=\"row-even\"><td><p><a class=\"reference internal\" href=\"../pyaedt.Maxwell3d.variable_manager/#pyaedt.Maxwell3d.variable_manager\" title=\"pyaedt.Maxwell3d.variable_manager\"><code class=\"xref py py-obj docutils literal notranslate\"><span class=\"pre\">Maxwell3d.variable_manager</span></code></a></p></td>\n<td><p>Variable manager for creating and managing project design and postprocessing variables.</p></td>\n</tr>\n<tr class=\"row-odd\"><td><p><a class=\"reference internal\" href=\"../pyaedt.Maxwell3d.windings/#pyaedt.Maxwell3d.windings\" title=\"pyaedt.Maxwell3d.windings\"><code class=\"xref py py-obj docutils literal notranslate\"><span class=\"pre\">Maxwell3d.windings</span></code></a></p></td>\n<td><p>Windings.</p></td>\n</tr>\n<tr class=\"row-even\"><td><p><a class=\"reference internal\" href=\"../pyaedt.Maxwell3d.working_directory/#pyaedt.Maxwell3d.working_directory\" title=\"pyaedt.Maxwell3d.working_directory\"><code class=\"xref py py-obj docutils literal notranslate\"><span class=\"pre\">Maxwell3d.working_directory</span></code></a></p></td>\n<td><p>Path to the working directory.</p></td>\n</tr>\n</tbody>\n</table>\n</dd></dl>\n\n</section>\n", "metatags": "<meta name=\"generator\" content=\"Docutils 0.19: https://docutils.sourceforge.io/\" />\n", "rellinks": [["genindex", "General Index", "I", "index"], ["py-modindex", "Python Module Index", "", "modules"], ["API/_autosummary/pyaedt.Maxwell3d.activate_variable_optimization", "activate_variable_optimization", "N", "next"], ["API/_autosummary/pyaedt.Maxwell2d.xy_plane", "xy_plane", "P", "previous"]], "sourcename": "API/_autosummary/pyaedt.Maxwell3d.rst.txt", "toc": "<ul>\n<li><a class=\"reference internal\" href=\"#\">pyaedt.Maxwell3d</a><ul>\n<li><a class=\"reference internal\" href=\"#pyaedt.Maxwell3d\"><code class=\"docutils literal notranslate\"><span class=\"pre\">Maxwell3d</span></code></a></li>\n</ul>\n</li>\n</ul>\n", "display_toc": true, "page_source_suffix": ".rst", "current_page_name": "API/_autosummary/pyaedt.Maxwell3d", "sidebars": ["search-field.html", "sidebar-nav-bs.html"], "customsidebar": null, "favicon_url": null, "logo_url": null, "alabaster_version": "0.7.12", "theme_show_toc_level": 1, "theme_logo": {}}