{"parents": [{"link": "../../", "title": "API reference"}, {"link": "../../Post/", "title": "Postprocessing"}, {"link": "../pyaedt.modules.report_templates.EyeDiagram/", "title": "pyaedt.modules.report_templates.EyeDiagram"}], "prev": {"link": "../pyaedt.modules.report_templates.EyeDiagram.limit_lines/", "title": "limit_lines"}, "next": {"link": "../pyaedt.modules.report_templates.EyeDiagram.matrix/", "title": "matrix"}, "title": "manual_delay", "meta": {}, "body": "<section id=\"manual-delay\">\n<h1>manual_delay<a class=\"headerlink\" href=\"#manual-delay\" title=\"Permalink to this heading\">#</a></h1>\n<dl class=\"py property\">\n<dt class=\"sig sig-object py\" id=\"pyaedt.modules.report_templates.EyeDiagram.manual_delay\">\n<em class=\"property\"><span class=\"pre\">property</span><span class=\"w\"> </span></em><span class=\"sig-prename descclassname\"><span class=\"pre\">EyeDiagram.</span></span><span class=\"sig-name descname\"><span class=\"pre\">manual_delay</span></span><a class=\"headerlink\" href=\"#pyaedt.modules.report_templates.EyeDiagram.manual_delay\" title=\"Permalink to this definition\">#</a></dt>\n<dd><p>Manual delay value when <code class=\"docutils literal notranslate\"><span class=\"pre\">auto_delay</span></code> is set to <code class=\"docutils literal notranslate\"><span class=\"pre\">False</span></code>.</p>\n<dl class=\"field-list simple\">\n<dt class=\"field-odd\">Returns<span class=\"colon\">:</span></dt>\n<dd class=\"field-odd\"><dl class=\"simple\">\n<dt><a class=\"reference external\" href=\"https://docs.python.org/dev/library/stdtypes.html#str\" title=\"(in Python v3.12)\"><code class=\"docutils literal notranslate\"><span class=\"pre\">str</span></code></a></dt><dd></dd>\n</dl>\n</dd>\n</dl>\n</dd></dl>\n\n</section>\n", "metatags": "<meta name=\"generator\" content=\"Docutils 0.19: https://docutils.sourceforge.io/\" />\n", "rellinks": [["genindex", "General Index", "I", "index"], ["py-modindex", "Python Module Index", "", "modules"], ["API/_autosummary/pyaedt.modules.report_templates.EyeDiagram.matrix", "matrix", "N", "next"], ["API/_autosummary/pyaedt.modules.report_templates.EyeDiagram.limit_lines", "limit_lines", "P", "previous"]], "sourcename": "API/_autosummary/pyaedt.modules.report_templates.EyeDiagram.manual_delay.rst.txt", "toc": "<ul>\n<li><a class=\"reference internal\" href=\"#\">manual_delay</a><ul>\n<li><a class=\"reference internal\" href=\"#pyaedt.modules.report_templates.EyeDiagram.manual_delay\"><code class=\"docutils literal notranslate\"><span class=\"pre\">EyeDiagram.manual_delay</span></code></a></li>\n</ul>\n</li>\n</ul>\n", "display_toc": true, "page_source_suffix": ".rst", "current_page_name": "API/_autosummary/pyaedt.modules.report_templates.EyeDiagram.manual_delay", "sidebars": ["search-field.html", "sidebar-nav-bs.html"], "customsidebar": null, "favicon_url": null, "logo_url": null, "alabaster_version": "0.7.12", "theme_show_toc_level": 1, "theme_logo": {}}