{"parents": [{"link": "../../", "title": "API reference"}, {"link": "../../CoreEdb/", "title": "EDB editor"}, {"link": "../pyaedt.edb_core.hfss.EdbHfss/", "title": "pyaedt.edb_core.hfss.EdbHfss"}], "prev": {"link": "../pyaedt.edb_core.hfss.EdbHfss.layout_defeaturing/", "title": "layout_defeaturing"}, "next": {"link": "../pyaedt.edb_core.hfss.EdbHfss.trim_component_reference_size/", "title": "trim_component_reference_size"}, "title": "set_coax_port_attributes", "meta": {}, "body": "<section id=\"set-coax-port-attributes\">\n<h1>set_coax_port_attributes<a class=\"headerlink\" href=\"#set-coax-port-attributes\" title=\"Permalink to this heading\">#</a></h1>\n<dl class=\"py method\">\n<dt class=\"sig sig-object py\" id=\"pyaedt.edb_core.hfss.EdbHfss.set_coax_port_attributes\">\n<span class=\"sig-prename descclassname\"><span class=\"pre\">EdbHfss.</span></span><span class=\"sig-name descname\"><span class=\"pre\">set_coax_port_attributes</span></span><span class=\"sig-paren\">(</span><em class=\"sig-param\"><span class=\"n\"><span class=\"pre\">simulation_setup</span></span><span class=\"o\"><span class=\"pre\">=</span></span><span class=\"default_value\"><span class=\"pre\">None</span></span></em><span class=\"sig-paren\">)</span><a class=\"reference internal\" href=\"../../../_modules/pyaedt/edb_core/hfss/#EdbHfss.set_coax_port_attributes\"><span class=\"viewcode-link\"><span class=\"pre\">[source]</span></span></a><a class=\"headerlink\" href=\"#pyaedt.edb_core.hfss.EdbHfss.set_coax_port_attributes\" title=\"Permalink to this definition\">#</a></dt>\n<dd><p>Set coaxial port attribute with forcing default impedance to 50 Ohms and adjusting the coaxial extent radius.</p>\n<dl class=\"field-list simple\">\n<dt class=\"field-odd\">Parameters<span class=\"colon\">:</span></dt>\n<dd class=\"field-odd\"><dl class=\"simple\">\n<dt><strong>simulation_setup</strong></dt><dd><p>Edb_DATA.SimulationConfiguration object.</p>\n</dd>\n</dl>\n</dd>\n<dt class=\"field-even\">Returns<span class=\"colon\">:</span></dt>\n<dd class=\"field-even\"><dl class=\"simple\">\n<dt><a class=\"reference external\" href=\"https://docs.python.org/dev/library/stdtypes.html#bltin-boolean-values\" title=\"(in Python v3.12)\"><span class=\"xref std std-ref\">bool</span></a></dt><dd><p>True when succeeded, False when failed.</p>\n</dd>\n</dl>\n</dd>\n</dl>\n</dd></dl>\n\n</section>\n", "metatags": "<meta name=\"generator\" content=\"Docutils 0.19: https://docutils.sourceforge.io/\" />\n", "rellinks": [["genindex", "General Index", "I", "index"], ["py-modindex", "Python Module Index", "", "modules"], ["API/_autosummary/pyaedt.edb_core.hfss.EdbHfss.trim_component_reference_size", "trim_component_reference_size", "N", "next"], ["API/_autosummary/pyaedt.edb_core.hfss.EdbHfss.layout_defeaturing", "layout_defeaturing", "P", "previous"]], "sourcename": "API/_autosummary/pyaedt.edb_core.hfss.EdbHfss.set_coax_port_attributes.rst.txt", "toc": "<ul>\n<li><a class=\"reference internal\" href=\"#\">set_coax_port_attributes</a><ul>\n<li><a class=\"reference internal\" href=\"#pyaedt.edb_core.hfss.EdbHfss.set_coax_port_attributes\"><code class=\"docutils literal notranslate\"><span class=\"pre\">EdbHfss.set_coax_port_attributes()</span></code></a></li>\n</ul>\n</li>\n</ul>\n", "display_toc": true, "page_source_suffix": ".rst", "current_page_name": "API/_autosummary/pyaedt.edb_core.hfss.EdbHfss.set_coax_port_attributes", "sidebars": ["search-field.html", "sidebar-nav-bs.html"], "customsidebar": null, "favicon_url": null, "logo_url": null, "alabaster_version": "0.7.12", "theme_show_toc_level": 1, "theme_logo": {}}