{"parents": [{"link": "../../", "title": "API reference"}, {"link": "../../Application/", "title": "AEDT apps"}, {"link": "../pyaedt.Circuit/", "title": "pyaedt.Circuit"}], "prev": {"link": "../pyaedt.Circuit.assign_power_sinusoidal_excitation_to_ports/", "title": "assign_power_sinusoidal_excitation_to_ports"}, "next": {"link": "../pyaedt.Circuit.assign_voltage_sinusoidal_excitation_to_ports/", "title": "assign_voltage_sinusoidal_excitation_to_ports"}, "title": "assign_voltage_frequency_dependent_excitation_to_ports", "meta": {}, "body": "<section id=\"assign-voltage-frequency-dependent-excitation-to-ports\">\n<h1>assign_voltage_frequency_dependent_excitation_to_ports<a class=\"headerlink\" href=\"#assign-voltage-frequency-dependent-excitation-to-ports\" title=\"Permalink to this heading\">#</a></h1>\n<dl class=\"py method\">\n<dt class=\"sig sig-object py\" id=\"pyaedt.Circuit.assign_voltage_frequency_dependent_excitation_to_ports\">\n<span class=\"sig-prename descclassname\"><span class=\"pre\">Circuit.</span></span><span class=\"sig-name descname\"><span class=\"pre\">assign_voltage_frequency_dependent_excitation_to_ports</span></span><span class=\"sig-paren\">(</span><em class=\"sig-param\"><span class=\"n\"><span class=\"pre\">ports</span></span></em>, <em class=\"sig-param\"><span class=\"n\"><span class=\"pre\">filepath</span></span></em><span class=\"sig-paren\">)</span><a class=\"reference internal\" href=\"../../../_modules/pyaedt/circuit/#Circuit.assign_voltage_frequency_dependent_excitation_to_ports\"><span class=\"viewcode-link\"><span class=\"pre\">[source]</span></span></a><a class=\"headerlink\" href=\"#pyaedt.Circuit.assign_voltage_frequency_dependent_excitation_to_ports\" title=\"Permalink to this definition\">#</a></dt>\n<dd><p>Assign a frequency dependent excitation to circuit ports from a frequency dependent source (.fds format).</p>\n<dl class=\"field-list\">\n<dt class=\"field-odd\">Parameters<span class=\"colon\">:</span></dt>\n<dd class=\"field-odd\"><dl>\n<dt><strong>ports</strong><span class=\"classifier\"><a class=\"reference external\" href=\"https://docs.python.org/dev/library/stdtypes.html#list\" title=\"(in Python v3.12)\"><code class=\"docutils literal notranslate\"><span class=\"pre\">list</span></code></a></span></dt><dd><p>List of circuit ports to assign to the frequency dependent excitation.</p>\n</dd>\n<dt><strong>filepath</strong><span class=\"classifier\"><a class=\"reference external\" href=\"https://docs.python.org/dev/library/stdtypes.html#str\" title=\"(in Python v3.12)\"><code class=\"docutils literal notranslate\"><span class=\"pre\">str</span></code></a></span></dt><dd><p>Path to the frequency dependent file.</p>\n</dd>\n</dl>\n</dd>\n<dt class=\"field-even\">Returns<span class=\"colon\">:</span></dt>\n<dd class=\"field-even\"><dl class=\"simple\">\n<dt><a class=\"reference external\" href=\"https://docs.python.org/dev/library/stdtypes.html#bltin-boolean-values\" title=\"(in Python v3.12)\"><span class=\"xref std std-ref\">bool</span></a></dt><dd><p><code class=\"docutils literal notranslate\"><span class=\"pre\">True</span></code> when successful, <code class=\"docutils literal notranslate\"><span class=\"pre\">False</span></code> when failed.</p>\n</dd>\n</dl>\n</dd>\n</dl>\n<p class=\"rubric\">References</p>\n<div class=\"doctest highlight-default notranslate\"><div class=\"highlight\"><pre><span></span><span class=\"gp\">&gt;&gt;&gt; </span><span class=\"n\">oDesign</span><span class=\"o\">.</span><span class=\"n\">UpdateSources</span>\n</pre></div>\n</div>\n</dd></dl>\n\n</section>\n", "metatags": "<meta name=\"generator\" content=\"Docutils 0.19: https://docutils.sourceforge.io/\" />\n", "rellinks": [["genindex", "General Index", "I", "index"], ["py-modindex", "Python Module Index", "", "modules"], ["API/_autosummary/pyaedt.Circuit.assign_voltage_sinusoidal_excitation_to_ports", "assign_voltage_sinusoidal_excitation_to_ports", "N", "next"], ["API/_autosummary/pyaedt.Circuit.assign_power_sinusoidal_excitation_to_ports", "assign_power_sinusoidal_excitation_to_ports", "P", "previous"]], "sourcename": "API/_autosummary/pyaedt.Circuit.assign_voltage_frequency_dependent_excitation_to_ports.rst.txt", "toc": "<ul>\n<li><a class=\"reference internal\" href=\"#\">assign_voltage_frequency_dependent_excitation_to_ports</a><ul>\n<li><a class=\"reference internal\" href=\"#pyaedt.Circuit.assign_voltage_frequency_dependent_excitation_to_ports\"><code class=\"docutils literal notranslate\"><span class=\"pre\">Circuit.assign_voltage_frequency_dependent_excitation_to_ports()</span></code></a></li>\n</ul>\n</li>\n</ul>\n", "display_toc": true, "page_source_suffix": ".rst", "current_page_name": "API/_autosummary/pyaedt.Circuit.assign_voltage_frequency_dependent_excitation_to_ports", "sidebars": ["search-field.html", "sidebar-nav-bs.html"], "customsidebar": null, "favicon_url": null, "logo_url": null, "alabaster_version": "0.7.12", "theme_show_toc_level": 1, "theme_logo": {}}