{"parents": [{"link": "../../", "title": "API reference"}, {"link": "../../Application/", "title": "AEDT apps"}, {"link": "../pyaedt.Circuit/", "title": "pyaedt.Circuit"}], "prev": {"link": "../pyaedt.Circuit.project_file/", "title": "project_file"}, "next": {"link": "../pyaedt.Circuit.project_name/", "title": "project_name"}, "title": "project_list", "meta": {}, "body": "<section id=\"project-list\">\n<h1>project_list<a class=\"headerlink\" href=\"#project-list\" title=\"Permalink to this heading\">#</a></h1>\n<dl class=\"py property\">\n<dt class=\"sig sig-object py\" id=\"pyaedt.Circuit.project_list\">\n<em class=\"property\"><span class=\"pre\">property</span><span class=\"w\"> </span></em><span class=\"sig-prename descclassname\"><span class=\"pre\">Circuit.</span></span><span class=\"sig-name descname\"><span class=\"pre\">project_list</span></span><a class=\"headerlink\" href=\"#pyaedt.Circuit.project_list\" title=\"Permalink to this definition\">#</a></dt>\n<dd><p>Project list.</p>\n<dl class=\"field-list simple\">\n<dt class=\"field-odd\">Returns<span class=\"colon\">:</span></dt>\n<dd class=\"field-odd\"><dl class=\"simple\">\n<dt><a class=\"reference external\" href=\"https://docs.python.org/dev/library/stdtypes.html#list\" title=\"(in Python v3.12)\"><code class=\"docutils literal notranslate\"><span class=\"pre\">list</span></code></a></dt><dd><p>List of projects.</p>\n</dd>\n</dl>\n</dd>\n</dl>\n<p class=\"rubric\">References</p>\n<div class=\"doctest highlight-default notranslate\"><div class=\"highlight\"><pre><span></span><span class=\"gp\">&gt;&gt;&gt; </span><span class=\"n\">oDesktop</span><span class=\"o\">.</span><span class=\"n\">GetProjectList</span>\n</pre></div>\n</div>\n</dd></dl>\n\n</section>\n", "metatags": "<meta name=\"generator\" content=\"Docutils 0.19: https://docutils.sourceforge.io/\" />\n", "rellinks": [["genindex", "General Index", "I", "index"], ["py-modindex", "Python Module Index", "", "modules"], ["API/_autosummary/pyaedt.Circuit.project_name", "project_name", "N", "next"], ["API/_autosummary/pyaedt.Circuit.project_file", "project_file", "P", "previous"]], "sourcename": "API/_autosummary/pyaedt.Circuit.project_list.rst.txt", "toc": "<ul>\n<li><a class=\"reference internal\" href=\"#\">project_list</a><ul>\n<li><a class=\"reference internal\" href=\"#pyaedt.Circuit.project_list\"><code class=\"docutils literal notranslate\"><span class=\"pre\">Circuit.project_list</span></code></a></li>\n</ul>\n</li>\n</ul>\n", "display_toc": true, "page_source_suffix": ".rst", "current_page_name": "API/_autosummary/pyaedt.Circuit.project_list", "sidebars": ["search-field.html", "sidebar-nav-bs.html"], "customsidebar": null, "favicon_url": null, "logo_url": null, "alabaster_version": "0.7.12", "theme_show_toc_level": 1, "theme_logo": {}}