{"parents": [{"link": "../../", "title": "API reference"}, {"link": "../../Primitives/", "title": "Modeler and  primitives"}, {"link": "../pyaedt.modeler.PrimitivesTwinBuilder.TwinBuilderComponents/", "title": "pyaedt.modeler.PrimitivesTwinBuilder.TwinBuilderComponents"}], "prev": {"link": "../pyaedt.modeler.PrimitivesTwinBuilder.TwinBuilderComponents.get_obj_id/", "title": "get_obj_id"}, "next": {"link": "../pyaedt.modeler.PrimitivesTwinBuilder.TwinBuilderComponents.get_pins/", "title": "get_pins"}, "title": "get_pin_location", "meta": {}, "body": "<section id=\"get-pin-location\">\n<h1>get_pin_location<a class=\"headerlink\" href=\"#get-pin-location\" title=\"Permalink to this heading\">#</a></h1>\n<dl class=\"py method\">\n<dt class=\"sig sig-object py\" id=\"pyaedt.modeler.PrimitivesTwinBuilder.TwinBuilderComponents.get_pin_location\">\n<span class=\"sig-prename descclassname\"><span class=\"pre\">TwinBuilderComponents.</span></span><span class=\"sig-name descname\"><span class=\"pre\">get_pin_location</span></span><span class=\"sig-paren\">(</span><em class=\"sig-param\"><span class=\"n\"><span class=\"pre\">partid</span></span></em>, <em class=\"sig-param\"><span class=\"n\"><span class=\"pre\">pinname</span></span></em><span class=\"sig-paren\">)</span><a class=\"headerlink\" href=\"#pyaedt.modeler.PrimitivesTwinBuilder.TwinBuilderComponents.get_pin_location\" title=\"Permalink to this definition\">#</a></dt>\n<dd><p>Retrieve the location of a pin.</p>\n<dl class=\"field-list\">\n<dt class=\"field-odd\">Parameters<span class=\"colon\">:</span></dt>\n<dd class=\"field-odd\"><dl>\n<dt><strong>partid</strong><span class=\"classifier\"><a class=\"reference external\" href=\"https://docs.python.org/dev/library/functions.html#int\" title=\"(in Python v3.12)\"><code class=\"docutils literal notranslate\"><span class=\"pre\">int</span></code></a></span></dt><dd><p>ID of the part.</p>\n</dd>\n<dt><strong>pinname</strong></dt><dd><p>Name of the pin.</p>\n</dd>\n</dl>\n</dd>\n<dt class=\"field-even\">Returns<span class=\"colon\">:</span></dt>\n<dd class=\"field-even\"><dl class=\"simple\">\n<dt><code class=\"xref py py-obj docutils literal notranslate\"><span class=\"pre\">List</span></code></dt><dd><p>List of axis values <code class=\"docutils literal notranslate\"><span class=\"pre\">[x,</span> <span class=\"pre\">y]</span></code>.</p>\n</dd>\n</dl>\n</dd>\n</dl>\n<p class=\"rubric\">References</p>\n<div class=\"doctest highlight-default notranslate\"><div class=\"highlight\"><pre><span></span><span class=\"gp\">&gt;&gt;&gt; </span><span class=\"n\">oEditor</span><span class=\"o\">.</span><span class=\"n\">GetComponentPinLocation</span>\n</pre></div>\n</div>\n</dd></dl>\n\n</section>\n", "metatags": "<meta name=\"generator\" content=\"Docutils 0.19: https://docutils.sourceforge.io/\" />\n", "rellinks": [["genindex", "General Index", "I", "index"], ["py-modindex", "Python Module Index", "", "modules"], ["API/_autosummary/pyaedt.modeler.PrimitivesTwinBuilder.TwinBuilderComponents.get_pins", "get_pins", "N", "next"], ["API/_autosummary/pyaedt.modeler.PrimitivesTwinBuilder.TwinBuilderComponents.get_obj_id", "get_obj_id", "P", "previous"]], "sourcename": "API/_autosummary/pyaedt.modeler.PrimitivesTwinBuilder.TwinBuilderComponents.get_pin_location.rst.txt", "toc": "<ul>\n<li><a class=\"reference internal\" href=\"#\">get_pin_location</a><ul>\n<li><a class=\"reference internal\" href=\"#pyaedt.modeler.PrimitivesTwinBuilder.TwinBuilderComponents.get_pin_location\"><code class=\"docutils literal notranslate\"><span class=\"pre\">TwinBuilderComponents.get_pin_location()</span></code></a></li>\n</ul>\n</li>\n</ul>\n", "display_toc": true, "page_source_suffix": ".rst", "current_page_name": "API/_autosummary/pyaedt.modeler.PrimitivesTwinBuilder.TwinBuilderComponents.get_pin_location", "sidebars": ["search-field.html", "sidebar-nav-bs.html"], "customsidebar": null, "favicon_url": null, "logo_url": null, "alabaster_version": "0.7.12", "theme_show_toc_level": 1, "theme_logo": {}}