{"parents": [{"link": "../../", "title": "API reference"}, {"link": "../../Common/", "title": "Desktop and common classes"}, {"link": "../../Configuration/", "title": "Configuration files"}, {"link": "../pyaedt.generic.configurations.ConfigurationsOptions/", "title": "pyaedt.generic.configurations.ConfigurationsOptions"}], "prev": {"link": "../pyaedt.generic.configurations.ConfigurationsOptions.import_variables/", "title": "import_variables"}, "next": {"link": "../pyaedt.generic.configurations.ConfigurationsOptions.skip_import_if_exists/", "title": "skip_import_if_exists"}, "title": "object_mapping_tolerance", "meta": {}, "body": "<section id=\"object-mapping-tolerance\">\n<h1>object_mapping_tolerance<a class=\"headerlink\" href=\"#object-mapping-tolerance\" title=\"Permalink to this heading\">#</a></h1>\n<dl class=\"py property\">\n<dt class=\"sig sig-object py\" id=\"pyaedt.generic.configurations.ConfigurationsOptions.object_mapping_tolerance\">\n<em class=\"property\"><span class=\"pre\">property</span><span class=\"w\"> </span></em><span class=\"sig-prename descclassname\"><span class=\"pre\">ConfigurationsOptions.</span></span><span class=\"sig-name descname\"><span class=\"pre\">object_mapping_tolerance</span></span><a class=\"headerlink\" href=\"#pyaedt.generic.configurations.ConfigurationsOptions.object_mapping_tolerance\" title=\"Permalink to this definition\">#</a></dt>\n<dd><p>Get/Set the tolerance value to be used in the object mapping (used e.g. for boundaries).</p>\n<dl class=\"field-list simple\">\n<dt class=\"field-odd\">Returns<span class=\"colon\">:</span></dt>\n<dd class=\"field-odd\"><dl class=\"simple\">\n<dt><a class=\"reference external\" href=\"https://docs.python.org/dev/library/functions.html#float\" title=\"(in Python v3.12)\"><code class=\"docutils literal notranslate\"><span class=\"pre\">float</span></code></a></dt><dd></dd>\n</dl>\n</dd>\n</dl>\n</dd></dl>\n\n</section>\n", "metatags": "<meta name=\"generator\" content=\"Docutils 0.19: https://docutils.sourceforge.io/\" />\n", "rellinks": [["genindex", "General Index", "I", "index"], ["py-modindex", "Python Module Index", "", "modules"], ["API/_autosummary/pyaedt.generic.configurations.ConfigurationsOptions.skip_import_if_exists", "skip_import_if_exists", "N", "next"], ["API/_autosummary/pyaedt.generic.configurations.ConfigurationsOptions.import_variables", "import_variables", "P", "previous"]], "sourcename": "API/_autosummary/pyaedt.generic.configurations.ConfigurationsOptions.object_mapping_tolerance.rst.txt", "toc": "<ul>\n<li><a class=\"reference internal\" href=\"#\">object_mapping_tolerance</a><ul>\n<li><a class=\"reference internal\" href=\"#pyaedt.generic.configurations.ConfigurationsOptions.object_mapping_tolerance\"><code class=\"docutils literal notranslate\"><span class=\"pre\">ConfigurationsOptions.object_mapping_tolerance</span></code></a></li>\n</ul>\n</li>\n</ul>\n", "display_toc": true, "page_source_suffix": ".rst", "current_page_name": "API/_autosummary/pyaedt.generic.configurations.ConfigurationsOptions.object_mapping_tolerance", "sidebars": ["search-field.html", "sidebar-nav-bs.html"], "customsidebar": null, "favicon_url": null, "logo_url": null, "alabaster_version": "0.7.12", "theme_show_toc_level": 1, "theme_logo": {}}