{"parents": [{"link": "../../", "title": "API reference"}, {"link": "../../Common/", "title": "Desktop and common classes"}, {"link": "../../Stackup3D/", "title": "Stackup 3D components"}, {"link": "../pyaedt.modeler.stackup_3d.Stackup3D/", "title": "pyaedt.modeler.stackup_3d.Stackup3D"}], "prev": {"link": "../pyaedt.modeler.stackup_3d.Stackup3D.grounds/", "title": "grounds"}, "next": {"link": "../pyaedt.modeler.stackup_3d.Stackup3D.layer_positions/", "title": "layer_positions"}, "title": "layer_names", "meta": {}, "body": "<section id=\"layer-names\">\n<h1>layer_names<a class=\"headerlink\" href=\"#layer-names\" title=\"Permalink to this heading\">#</a></h1>\n<dl class=\"py property\">\n<dt class=\"sig sig-object py\" id=\"pyaedt.modeler.stackup_3d.Stackup3D.layer_names\">\n<em class=\"property\"><span class=\"pre\">property</span><span class=\"w\"> </span></em><span class=\"sig-prename descclassname\"><span class=\"pre\">Stackup3D.</span></span><span class=\"sig-name descname\"><span class=\"pre\">layer_names</span></span><a class=\"headerlink\" href=\"#pyaedt.modeler.stackup_3d.Stackup3D.layer_names\" title=\"Permalink to this definition\">#</a></dt>\n<dd><p>List of all layer names.</p>\n<dl class=\"field-list simple\">\n<dt class=\"field-odd\">Returns<span class=\"colon\">:</span></dt>\n<dd class=\"field-odd\"><dl class=\"simple\">\n<dt><a class=\"reference external\" href=\"https://docs.python.org/dev/library/stdtypes.html#list\" title=\"(in Python v3.12)\"><code class=\"docutils literal notranslate\"><span class=\"pre\">list</span></code></a></dt><dd></dd>\n</dl>\n</dd>\n</dl>\n</dd></dl>\n\n</section>\n", "metatags": "<meta name=\"generator\" content=\"Docutils 0.19: https://docutils.sourceforge.io/\" />\n", "rellinks": [["genindex", "General Index", "I", "index"], ["py-modindex", "Python Module Index", "", "modules"], ["API/_autosummary/pyaedt.modeler.stackup_3d.Stackup3D.layer_positions", "layer_positions", "N", "next"], ["API/_autosummary/pyaedt.modeler.stackup_3d.Stackup3D.grounds", "grounds", "P", "previous"]], "sourcename": "API/_autosummary/pyaedt.modeler.stackup_3d.Stackup3D.layer_names.rst.txt", "toc": "<ul>\n<li><a class=\"reference internal\" href=\"#\">layer_names</a><ul>\n<li><a class=\"reference internal\" href=\"#pyaedt.modeler.stackup_3d.Stackup3D.layer_names\"><code class=\"docutils literal notranslate\"><span class=\"pre\">Stackup3D.layer_names</span></code></a></li>\n</ul>\n</li>\n</ul>\n", "display_toc": true, "page_source_suffix": ".rst", "current_page_name": "API/_autosummary/pyaedt.modeler.stackup_3d.Stackup3D.layer_names", "sidebars": ["search-field.html", "sidebar-nav-bs.html"], "customsidebar": null, "favicon_url": null, "logo_url": null, "alabaster_version": "0.7.12", "theme_show_toc_level": 1, "theme_logo": {}}