{"parents": [{"link": "../../", "title": "API reference"}, {"link": "../../Application/", "title": "AEDT apps"}, {"link": "../pyaedt.Hfss/", "title": "pyaedt.Hfss"}], "prev": {"link": "../pyaedt.Hfss.get_all_sources/", "title": "get_all_sources"}, "next": {"link": "../pyaedt.Hfss.get_components3d_vars/", "title": "get_components3d_vars"}, "title": "get_antenna_ffd_solution_data", "meta": {}, "body": "<section id=\"get-antenna-ffd-solution-data\">\n<h1>get_antenna_ffd_solution_data<a class=\"headerlink\" href=\"#get-antenna-ffd-solution-data\" title=\"Permalink to this heading\">#</a></h1>\n<dl class=\"py method\">\n<dt class=\"sig sig-object py\" id=\"pyaedt.Hfss.get_antenna_ffd_solution_data\">\n<span class=\"sig-prename descclassname\"><span class=\"pre\">Hfss.</span></span><span class=\"sig-name descname\"><span class=\"pre\">get_antenna_ffd_solution_data</span></span><span class=\"sig-paren\">(</span><em class=\"sig-param\"><span class=\"n\"><span class=\"pre\">frequencies</span></span></em>, <em class=\"sig-param\"><span class=\"n\"><span class=\"pre\">setup_name</span></span><span class=\"o\"><span class=\"pre\">=</span></span><span class=\"default_value\"><span class=\"pre\">None</span></span></em>, <em class=\"sig-param\"><span class=\"n\"><span class=\"pre\">sphere_name</span></span><span class=\"o\"><span class=\"pre\">=</span></span><span class=\"default_value\"><span class=\"pre\">None</span></span></em>, <em class=\"sig-param\"><span class=\"n\"><span class=\"pre\">variations</span></span><span class=\"o\"><span class=\"pre\">=</span></span><span class=\"default_value\"><span class=\"pre\">None</span></span></em>, <em class=\"sig-param\"><span class=\"n\"><span class=\"pre\">overwrite</span></span><span class=\"o\"><span class=\"pre\">=</span></span><span class=\"default_value\"><span class=\"pre\">True</span></span></em>, <em class=\"sig-param\"><span class=\"n\"><span class=\"pre\">taper</span></span><span class=\"o\"><span class=\"pre\">=</span></span><span class=\"default_value\"><span class=\"pre\">'flat'</span></span></em><span class=\"sig-paren\">)</span><a class=\"reference internal\" href=\"../../../_modules/pyaedt/hfss/#Hfss.get_antenna_ffd_solution_data\"><span class=\"viewcode-link\"><span class=\"pre\">[source]</span></span></a><a class=\"headerlink\" href=\"#pyaedt.Hfss.get_antenna_ffd_solution_data\" title=\"Permalink to this definition\">#</a></dt>\n<dd><p>Export antenna parameters to Far Field Data (FFD) files and return the <code class=\"docutils literal notranslate\"><span class=\"pre\">FfdSolutionData</span></code> object.</p>\n<dl class=\"field-list\">\n<dt class=\"field-odd\">Parameters<span class=\"colon\">:</span></dt>\n<dd class=\"field-odd\"><dl>\n<dt><strong>frequencies</strong><span class=\"classifier\"><a class=\"reference external\" href=\"https://docs.python.org/dev/library/functions.html#float\" title=\"(in Python v3.12)\"><code class=\"docutils literal notranslate\"><span class=\"pre\">float</span></code></a>, <a class=\"reference external\" href=\"https://docs.python.org/dev/library/stdtypes.html#list\" title=\"(in Python v3.12)\"><code class=\"docutils literal notranslate\"><span class=\"pre\">list</span></code></a></span></dt><dd><p>Frequency value or list of frequencies to compute far field data.</p>\n</dd>\n<dt><strong>setup_name</strong><span class=\"classifier\"><a class=\"reference external\" href=\"https://docs.python.org/dev/library/stdtypes.html#str\" title=\"(in Python v3.12)\"><code class=\"docutils literal notranslate\"><span class=\"pre\">str</span></code></a>, <code class=\"xref py py-obj docutils literal notranslate\"><span class=\"pre\">optional</span></code></span></dt><dd><p>Name of the setup to use. The default is <code class=\"docutils literal notranslate\"><span class=\"pre\">None,</span></code> in which case <code class=\"docutils literal notranslate\"><span class=\"pre\">nominal_adaptive</span></code> is used.</p>\n</dd>\n<dt><strong>sphere_name</strong><span class=\"classifier\"><a class=\"reference external\" href=\"https://docs.python.org/dev/library/stdtypes.html#str\" title=\"(in Python v3.12)\"><code class=\"docutils literal notranslate\"><span class=\"pre\">str</span></code></a>, <code class=\"xref py py-obj docutils literal notranslate\"><span class=\"pre\">optional</span></code></span></dt><dd><p>Infinite sphere to use. The default is <code class=\"docutils literal notranslate\"><span class=\"pre\">None</span></code>, in which case an existing sphere is used or a new\none is created.</p>\n</dd>\n<dt><strong>variations</strong><span class=\"classifier\"><code class=\"xref py py-obj docutils literal notranslate\"><span class=\"pre\">ditc</span></code>, <code class=\"xref py py-obj docutils literal notranslate\"><span class=\"pre\">optional</span></code></span></dt><dd><p>Variation dictionary.</p>\n</dd>\n<dt><strong>overwrite</strong><span class=\"classifier\"><a class=\"reference external\" href=\"https://docs.python.org/dev/library/stdtypes.html#bltin-boolean-values\" title=\"(in Python v3.12)\"><span class=\"xref std std-ref\">bool</span></a>, <code class=\"xref py py-obj docutils literal notranslate\"><span class=\"pre\">optional</span></code></span></dt><dd><p>Whether to overwrite FFD files. The default is <code class=\"docutils literal notranslate\"><span class=\"pre\">True</span></code>.</p>\n</dd>\n<dt><strong>taper</strong><span class=\"classifier\"><a class=\"reference external\" href=\"https://docs.python.org/dev/library/stdtypes.html#str\" title=\"(in Python v3.12)\"><code class=\"docutils literal notranslate\"><span class=\"pre\">str</span></code></a>, <code class=\"xref py py-obj docutils literal notranslate\"><span class=\"pre\">optional</span></code></span></dt><dd><p>Type of taper to apply. The default is <code class=\"docutils literal notranslate\"><span class=\"pre\">&quot;flat&quot;</span></code>. Options are\n<code class=\"docutils literal notranslate\"><span class=\"pre\">&quot;cosine&quot;</span></code>, <code class=\"docutils literal notranslate\"><span class=\"pre\">&quot;triangular&quot;</span></code>, <code class=\"docutils literal notranslate\"><span class=\"pre\">&quot;hamming&quot;</span></code>, and <code class=\"docutils literal notranslate\"><span class=\"pre\">&quot;flat&quot;</span></code>.</p>\n</dd>\n</dl>\n</dd>\n<dt class=\"field-even\">Returns<span class=\"colon\">:</span></dt>\n<dd class=\"field-even\"><dl class=\"simple\">\n<dt><a class=\"reference internal\" href=\"../pyaedt.modules.solutions.FfdSolutionData/#pyaedt.modules.solutions.FfdSolutionData\" title=\"pyaedt.modules.solutions.FfdSolutionData\"><code class=\"xref py py-class docutils literal notranslate\"><span class=\"pre\">pyaedt.modules.solutions.FfdSolutionData</span></code></a></dt><dd><p>Solution Data Object.</p>\n</dd>\n</dl>\n</dd>\n</dl>\n</dd></dl>\n\n</section>\n", "metatags": "<meta name=\"generator\" content=\"Docutils 0.19: https://docutils.sourceforge.io/\" />\n", "rellinks": [["genindex", "General Index", "I", "index"], ["py-modindex", "Python Module Index", "", "modules"], ["API/_autosummary/pyaedt.Hfss.get_components3d_vars", "get_components3d_vars", "N", "next"], ["API/_autosummary/pyaedt.Hfss.get_all_sources", "get_all_sources", "P", "previous"]], "sourcename": "API/_autosummary/pyaedt.Hfss.get_antenna_ffd_solution_data.rst.txt", "toc": "<ul>\n<li><a class=\"reference internal\" href=\"#\">get_antenna_ffd_solution_data</a><ul>\n<li><a class=\"reference internal\" href=\"#pyaedt.Hfss.get_antenna_ffd_solution_data\"><code class=\"docutils literal notranslate\"><span class=\"pre\">Hfss.get_antenna_ffd_solution_data()</span></code></a></li>\n</ul>\n</li>\n</ul>\n", "display_toc": true, "page_source_suffix": ".rst", "current_page_name": "API/_autosummary/pyaedt.Hfss.get_antenna_ffd_solution_data", "sidebars": ["search-field.html", "sidebar-nav-bs.html"], "customsidebar": null, "favicon_url": null, "logo_url": null, "alabaster_version": "0.7.12", "theme_show_toc_level": 1, "theme_logo": {}}