{"parents": [{"link": "../../", "title": "API reference"}, {"link": "../../Post/", "title": "Postprocessing"}, {"link": "../pyaedt.modules.report_templates.Fields/", "title": "pyaedt.modules.report_templates.Fields"}], "prev": {"link": "../pyaedt.modules.report_templates.Fields.secondary_sweep/", "title": "secondary_sweep"}, "next": {"link": "../pyaedt.modules.report_templates.Fields.traces/", "title": "traces"}, "title": "secondary_sweep_range", "meta": {}, "body": "<section id=\"secondary-sweep-range\">\n<h1>secondary_sweep_range<a class=\"headerlink\" href=\"#secondary-sweep-range\" title=\"Permalink to this heading\">#</a></h1>\n<dl class=\"py property\">\n<dt class=\"sig sig-object py\" id=\"pyaedt.modules.report_templates.Fields.secondary_sweep_range\">\n<em class=\"property\"><span class=\"pre\">property</span><span class=\"w\"> </span></em><span class=\"sig-prename descclassname\"><span class=\"pre\">Fields.</span></span><span class=\"sig-name descname\"><span class=\"pre\">secondary_sweep_range</span></span><a class=\"headerlink\" href=\"#pyaedt.modules.report_templates.Fields.secondary_sweep_range\" title=\"Permalink to this definition\">#</a></dt>\n<dd><p>Secondary sweep range report.</p>\n<dl class=\"field-list simple\">\n<dt class=\"field-odd\">Returns<span class=\"colon\">:</span></dt>\n<dd class=\"field-odd\"><dl class=\"simple\">\n<dt><a class=\"reference external\" href=\"https://docs.python.org/dev/library/stdtypes.html#str\" title=\"(in Python v3.12)\"><code class=\"docutils literal notranslate\"><span class=\"pre\">str</span></code></a></dt><dd></dd>\n</dl>\n</dd>\n</dl>\n</dd></dl>\n\n</section>\n", "metatags": "<meta name=\"generator\" content=\"Docutils 0.19: https://docutils.sourceforge.io/\" />\n", "rellinks": [["genindex", "General Index", "I", "index"], ["py-modindex", "Python Module Index", "", "modules"], ["API/_autosummary/pyaedt.modules.report_templates.Fields.traces", "traces", "N", "next"], ["API/_autosummary/pyaedt.modules.report_templates.Fields.secondary_sweep", "secondary_sweep", "P", "previous"]], "sourcename": "API/_autosummary/pyaedt.modules.report_templates.Fields.secondary_sweep_range.rst.txt", "toc": "<ul>\n<li><a class=\"reference internal\" href=\"#\">secondary_sweep_range</a><ul>\n<li><a class=\"reference internal\" href=\"#pyaedt.modules.report_templates.Fields.secondary_sweep_range\"><code class=\"docutils literal notranslate\"><span class=\"pre\">Fields.secondary_sweep_range</span></code></a></li>\n</ul>\n</li>\n</ul>\n", "display_toc": true, "page_source_suffix": ".rst", "current_page_name": "API/_autosummary/pyaedt.modules.report_templates.Fields.secondary_sweep_range", "sidebars": ["search-field.html", "sidebar-nav-bs.html"], "customsidebar": null, "favicon_url": null, "logo_url": null, "alabaster_version": "0.7.12", "theme_show_toc_level": 1, "theme_logo": {}}