{"parents": [{"link": "../../", "title": "API reference"}, {"link": "../../CoreModules/", "title": "AEDT modules"}, {"link": "../pyaedt.application.Variables.CSVDataset/", "title": "pyaedt.application.Variables.CSVDataset"}], "prev": {"link": "../pyaedt.application.Variables.CSVDataset.next/", "title": "next"}, "next": {"link": "../pyaedt.application.Variables.CSVDataset.header/", "title": "header"}, "title": "data", "meta": {}, "body": "<section id=\"data\">\n<h1>data<a class=\"headerlink\" href=\"#data\" title=\"Permalink to this heading\">#</a></h1>\n<dl class=\"py property\">\n<dt class=\"sig sig-object py\" id=\"pyaedt.application.Variables.CSVDataset.data\">\n<em class=\"property\"><span class=\"pre\">property</span><span class=\"w\"> </span></em><span class=\"sig-prename descclassname\"><span class=\"pre\">CSVDataset.</span></span><span class=\"sig-name descname\"><span class=\"pre\">data</span></span><a class=\"headerlink\" href=\"#pyaedt.application.Variables.CSVDataset.data\" title=\"Permalink to this definition\">#</a></dt>\n<dd><p>Data.</p>\n</dd></dl>\n\n</section>\n", "metatags": "<meta name=\"generator\" content=\"Docutils 0.19: https://docutils.sourceforge.io/\" />\n", "rellinks": [["genindex", "General Index", "I", "index"], ["py-modindex", "Python Module Index", "", "modules"], ["API/_autosummary/pyaedt.application.Variables.CSVDataset.header", "header", "N", "next"], ["API/_autosummary/pyaedt.application.Variables.CSVDataset.next", "next", "P", "previous"]], "sourcename": "API/_autosummary/pyaedt.application.Variables.CSVDataset.data.rst.txt", "toc": "<ul>\n<li><a class=\"reference internal\" href=\"#\">data</a><ul>\n<li><a class=\"reference internal\" href=\"#pyaedt.application.Variables.CSVDataset.data\"><code class=\"docutils literal notranslate\"><span class=\"pre\">CSVDataset.data</span></code></a></li>\n</ul>\n</li>\n</ul>\n", "display_toc": true, "page_source_suffix": ".rst", "current_page_name": "API/_autosummary/pyaedt.application.Variables.CSVDataset.data", "sidebars": ["search-field.html", "sidebar-nav-bs.html"], "customsidebar": null, "favicon_url": null, "logo_url": null, "alabaster_version": "0.7.12", "theme_show_toc_level": 1, "theme_logo": {}}