{"parents": [{"link": "../../", "title": "API reference"}, {"link": "../../CoreEdb/", "title": "EDB editor"}, {"link": "../pyaedt.edb_core.stackup.Stackup/", "title": "pyaedt.edb_core.stackup.Stackup"}], "prev": {"link": "../pyaedt.edb_core.stackup.Stackup.add_layer/", "title": "add_layer"}, "next": {"link": "../pyaedt.edb_core.stackup.Stackup.create_symmetric_stackup/", "title": "create_symmetric_stackup"}, "title": "check_and_fix_stackup", "meta": {}, "body": "<section id=\"check-and-fix-stackup\">\n<h1>check_and_fix_stackup<a class=\"headerlink\" href=\"#check-and-fix-stackup\" title=\"Permalink to this heading\">#</a></h1>\n<dl class=\"py method\">\n<dt class=\"sig sig-object py\" id=\"pyaedt.edb_core.stackup.Stackup.check_and_fix_stackup\">\n<span class=\"sig-prename descclassname\"><span class=\"pre\">Stackup.</span></span><span class=\"sig-name descname\"><span class=\"pre\">check_and_fix_stackup</span></span><span class=\"sig-paren\">(</span><em class=\"sig-param\"><span class=\"n\"><span class=\"pre\">stackup_info</span></span><span class=\"o\"><span class=\"pre\">=</span></span><span class=\"default_value\"><span class=\"pre\">None</span></span></em><span class=\"sig-paren\">)</span><a class=\"reference internal\" href=\"../../../_modules/pyaedt/edb_core/stackup/#Stackup.check_and_fix_stackup\"><span class=\"viewcode-link\"><span class=\"pre\">[source]</span></span></a><a class=\"headerlink\" href=\"#pyaedt.edb_core.stackup.Stackup.check_and_fix_stackup\" title=\"Permalink to this definition\">#</a></dt>\n<dd></dd></dl>\n\n</section>\n", "metatags": "<meta name=\"generator\" content=\"Docutils 0.19: https://docutils.sourceforge.io/\" />\n", "rellinks": [["genindex", "General Index", "I", "index"], ["py-modindex", "Python Module Index", "", "modules"], ["API/_autosummary/pyaedt.edb_core.stackup.Stackup.create_symmetric_stackup", "create_symmetric_stackup", "N", "next"], ["API/_autosummary/pyaedt.edb_core.stackup.Stackup.add_layer", "add_layer", "P", "previous"]], "sourcename": "API/_autosummary/pyaedt.edb_core.stackup.Stackup.check_and_fix_stackup.rst.txt", "toc": "<ul>\n<li><a class=\"reference internal\" href=\"#\">check_and_fix_stackup</a><ul>\n<li><a class=\"reference internal\" href=\"#pyaedt.edb_core.stackup.Stackup.check_and_fix_stackup\"><code class=\"docutils literal notranslate\"><span class=\"pre\">Stackup.check_and_fix_stackup()</span></code></a></li>\n</ul>\n</li>\n</ul>\n", "display_toc": true, "page_source_suffix": ".rst", "current_page_name": "API/_autosummary/pyaedt.edb_core.stackup.Stackup.check_and_fix_stackup", "sidebars": ["search-field.html", "sidebar-nav-bs.html"], "customsidebar": null, "favicon_url": null, "logo_url": null, "alabaster_version": "0.7.12", "theme_show_toc_level": 1, "theme_logo": {}}