{"parents": [{"link": "../../", "title": "API reference"}, {"link": "../../Common/", "title": "Desktop and common classes"}, {"link": "../../MultiPartComponent/", "title": "Multi-part components"}, {"link": "../pyaedt.modeler.actors.Vehicle/", "title": "pyaedt.modeler.actors.Vehicle"}], "prev": {"link": "../pyaedt.modeler.actors.Vehicle.offset_x_name/", "title": "offset_x_name"}, "next": {"link": "../pyaedt.modeler.actors.Vehicle.offset_z_name/", "title": "offset_z_name"}, "title": "offset_y_name", "meta": {}, "body": "<section id=\"offset-y-name\">\n<h1>offset_y_name<a class=\"headerlink\" href=\"#offset-y-name\" title=\"Permalink to this heading\">#</a></h1>\n<dl class=\"py property\">\n<dt class=\"sig sig-object py\" id=\"pyaedt.modeler.actors.Vehicle.offset_y_name\">\n<em class=\"property\"><span class=\"pre\">property</span><span class=\"w\"> </span></em><span class=\"sig-prename descclassname\"><span class=\"pre\">Vehicle.</span></span><span class=\"sig-name descname\"><span class=\"pre\">offset_y_name</span></span><a class=\"headerlink\" href=\"#pyaedt.modeler.actors.Vehicle.offset_y_name\" title=\"Permalink to this definition\">#</a></dt>\n<dd><p>Y-axis offset name.</p>\n<dl class=\"field-list simple\">\n<dt class=\"field-odd\">Returns<span class=\"colon\">:</span></dt>\n<dd class=\"field-odd\"><dl class=\"simple\">\n<dt><a class=\"reference external\" href=\"https://docs.python.org/dev/library/stdtypes.html#str\" title=\"(in Python v3.12)\"><code class=\"docutils literal notranslate\"><span class=\"pre\">str</span></code></a></dt><dd><p>Name of the Y-axis offset.</p>\n</dd>\n</dl>\n</dd>\n</dl>\n</dd></dl>\n\n</section>\n", "metatags": "<meta name=\"generator\" content=\"Docutils 0.19: https://docutils.sourceforge.io/\" />\n", "rellinks": [["genindex", "General Index", "I", "index"], ["py-modindex", "Python Module Index", "", "modules"], ["API/_autosummary/pyaedt.modeler.actors.Vehicle.offset_z_name", "offset_z_name", "N", "next"], ["API/_autosummary/pyaedt.modeler.actors.Vehicle.offset_x_name", "offset_x_name", "P", "previous"]], "sourcename": "API/_autosummary/pyaedt.modeler.actors.Vehicle.offset_y_name.rst.txt", "toc": "<ul>\n<li><a class=\"reference internal\" href=\"#\">offset_y_name</a><ul>\n<li><a class=\"reference internal\" href=\"#pyaedt.modeler.actors.Vehicle.offset_y_name\"><code class=\"docutils literal notranslate\"><span class=\"pre\">Vehicle.offset_y_name</span></code></a></li>\n</ul>\n</li>\n</ul>\n", "display_toc": true, "page_source_suffix": ".rst", "current_page_name": "API/_autosummary/pyaedt.modeler.actors.Vehicle.offset_y_name", "sidebars": ["search-field.html", "sidebar-nav-bs.html"], "customsidebar": null, "favicon_url": null, "logo_url": null, "alabaster_version": "0.7.12", "theme_show_toc_level": 1, "theme_logo": {}}