{"parents": [{"link": "../../", "title": "API reference"}, {"link": "../../Application/", "title": "AEDT apps"}, {"link": "../pyaedt.Q2d/", "title": "pyaedt.Q2d"}], "prev": {"link": "../pyaedt.Q2d.available_variations/", "title": "available_variations"}, "next": {"link": "../pyaedt.Q2d.components3d/", "title": "components3d"}, "title": "boundaries", "meta": {}, "body": "<section id=\"boundaries\">\n<h1>boundaries<a class=\"headerlink\" href=\"#boundaries\" title=\"Permalink to this heading\">#</a></h1>\n<dl class=\"py property\">\n<dt class=\"sig sig-object py\" id=\"pyaedt.Q2d.boundaries\">\n<em class=\"property\"><span class=\"pre\">property</span><span class=\"w\"> </span></em><span class=\"sig-prename descclassname\"><span class=\"pre\">Q2d.</span></span><span class=\"sig-name descname\"><span class=\"pre\">boundaries</span></span><a class=\"headerlink\" href=\"#pyaedt.Q2d.boundaries\" title=\"Permalink to this definition\">#</a></dt>\n<dd><p>Design boundaries and excitations.</p>\n<dl class=\"field-list simple\">\n<dt class=\"field-odd\">Returns<span class=\"colon\">:</span></dt>\n<dd class=\"field-odd\"><dl class=\"simple\">\n<dt><code class=\"xref py py-obj docutils literal notranslate\"><span class=\"pre\">List</span></code> <code class=\"xref py py-obj docutils literal notranslate\"><span class=\"pre\">of</span></code> <a class=\"reference internal\" href=\"../pyaedt.modules.Boundary.BoundaryObject/#pyaedt.modules.Boundary.BoundaryObject\" title=\"pyaedt.modules.Boundary.BoundaryObject\"><code class=\"xref py py-class docutils literal notranslate\"><span class=\"pre\">pyaedt.modules.Boundary.BoundaryObject</span></code></a></dt><dd></dd>\n</dl>\n</dd>\n</dl>\n</dd></dl>\n\n</section>\n", "metatags": "<meta name=\"generator\" content=\"Docutils 0.19: https://docutils.sourceforge.io/\" />\n", "rellinks": [["genindex", "General Index", "I", "index"], ["py-modindex", "Python Module Index", "", "modules"], ["API/_autosummary/pyaedt.Q2d.components3d", "components3d", "N", "next"], ["API/_autosummary/pyaedt.Q2d.available_variations", "available_variations", "P", "previous"]], "sourcename": "API/_autosummary/pyaedt.Q2d.boundaries.rst.txt", "toc": "<ul>\n<li><a class=\"reference internal\" href=\"#\">boundaries</a><ul>\n<li><a class=\"reference internal\" href=\"#pyaedt.Q2d.boundaries\"><code class=\"docutils literal notranslate\"><span class=\"pre\">Q2d.boundaries</span></code></a></li>\n</ul>\n</li>\n</ul>\n", "display_toc": true, "page_source_suffix": ".rst", "current_page_name": "API/_autosummary/pyaedt.Q2d.boundaries", "sidebars": ["search-field.html", "sidebar-nav-bs.html"], "customsidebar": null, "favicon_url": null, "logo_url": null, "alabaster_version": "0.7.12", "theme_show_toc_level": 1, "theme_logo": {}}