{"parents": [{"link": "../../", "title": "API reference"}, {"link": "../../Common/", "title": "Desktop and common classes"}, {"link": "../../MultiPartComponent/", "title": "Multi-part components"}, {"link": "../pyaedt.modeler.actors.Radar/", "title": "pyaedt.modeler.actors.Radar"}], "prev": {"link": "../pyaedt.modeler.actors.Radar.yaw/", "title": "yaw"}, "next": {"link": "../pyaedt.modeler.parts.Part/", "title": "pyaedt.modeler.parts.Part"}, "title": "yaw_name", "meta": {}, "body": "<section id=\"yaw-name\">\n<h1>yaw_name<a class=\"headerlink\" href=\"#yaw-name\" title=\"Permalink to this heading\">#</a></h1>\n<dl class=\"py property\">\n<dt class=\"sig sig-object py\" id=\"pyaedt.modeler.actors.Radar.yaw_name\">\n<em class=\"property\"><span class=\"pre\">property</span><span class=\"w\"> </span></em><span class=\"sig-prename descclassname\"><span class=\"pre\">Radar.</span></span><span class=\"sig-name descname\"><span class=\"pre\">yaw_name</span></span><a class=\"headerlink\" href=\"#pyaedt.modeler.actors.Radar.yaw_name\" title=\"Permalink to this definition\">#</a></dt>\n<dd><p>Yaw variable name. Yaw is the rotation about the object\u2019s Z-axis.</p>\n<dl class=\"field-list simple\">\n<dt class=\"field-odd\">Returns<span class=\"colon\">:</span></dt>\n<dd class=\"field-odd\"><dl class=\"simple\">\n<dt><a class=\"reference external\" href=\"https://docs.python.org/dev/library/stdtypes.html#str\" title=\"(in Python v3.12)\"><code class=\"docutils literal notranslate\"><span class=\"pre\">str</span></code></a></dt><dd><p>Name of the yaw variable.</p>\n</dd>\n</dl>\n</dd>\n</dl>\n</dd></dl>\n\n</section>\n", "metatags": "<meta name=\"generator\" content=\"Docutils 0.19: https://docutils.sourceforge.io/\" />\n", "rellinks": [["genindex", "General Index", "I", "index"], ["py-modindex", "Python Module Index", "", "modules"], ["API/_autosummary/pyaedt.modeler.parts.Part", "pyaedt.modeler.parts.Part", "N", "next"], ["API/_autosummary/pyaedt.modeler.actors.Radar.yaw", "yaw", "P", "previous"]], "sourcename": "API/_autosummary/pyaedt.modeler.actors.Radar.yaw_name.rst.txt", "toc": "<ul>\n<li><a class=\"reference internal\" href=\"#\">yaw_name</a><ul>\n<li><a class=\"reference internal\" href=\"#pyaedt.modeler.actors.Radar.yaw_name\"><code class=\"docutils literal notranslate\"><span class=\"pre\">Radar.yaw_name</span></code></a></li>\n</ul>\n</li>\n</ul>\n", "display_toc": true, "page_source_suffix": ".rst", "current_page_name": "API/_autosummary/pyaedt.modeler.actors.Radar.yaw_name", "sidebars": ["search-field.html", "sidebar-nav-bs.html"], "customsidebar": null, "favicon_url": null, "logo_url": null, "alabaster_version": "0.7.12", "theme_show_toc_level": 1, "theme_logo": {}}