{"parents": [{"link": "../../", "title": "API reference"}, {"link": "../../Primitives/", "title": "Modeler and  primitives"}, {"link": "../pyaedt.modeler.Model3D.Modeler3D/", "title": "pyaedt.modeler.Model3D.Modeler3D"}], "prev": {"link": "../pyaedt.modeler.Model3D.Modeler3D.find_new_objects/", "title": "find_new_objects"}, "next": {"link": "../pyaedt.modeler.Model3D.Modeler3D.find_port_faces/", "title": "find_port_faces"}, "title": "find_point_around", "meta": {}, "body": "<section id=\"find-point-around\">\n<h1>find_point_around<a class=\"headerlink\" href=\"#find-point-around\" title=\"Permalink to this heading\">#</a></h1>\n<dl class=\"py method\">\n<dt class=\"sig sig-object py\" id=\"pyaedt.modeler.Model3D.Modeler3D.find_point_around\">\n<span class=\"sig-prename descclassname\"><span class=\"pre\">Modeler3D.</span></span><span class=\"sig-name descname\"><span class=\"pre\">find_point_around</span></span><span class=\"sig-paren\">(</span><em class=\"sig-param\"><span class=\"n\"><span class=\"pre\">objectname</span></span></em>, <em class=\"sig-param\"><span class=\"n\"><span class=\"pre\">startposition</span></span></em>, <em class=\"sig-param\"><span class=\"n\"><span class=\"pre\">offset</span></span></em>, <em class=\"sig-param\"><span class=\"n\"><span class=\"pre\">plane</span></span></em><span class=\"sig-paren\">)</span><a class=\"headerlink\" href=\"#pyaedt.modeler.Model3D.Modeler3D.find_point_around\" title=\"Permalink to this definition\">#</a></dt>\n<dd><p>Find the point around an object.</p>\n<dl class=\"field-list\">\n<dt class=\"field-odd\">Parameters<span class=\"colon\">:</span></dt>\n<dd class=\"field-odd\"><dl>\n<dt><strong>objectname</strong><span class=\"classifier\"><a class=\"reference external\" href=\"https://docs.python.org/dev/library/stdtypes.html#str\" title=\"(in Python v3.12)\"><code class=\"docutils literal notranslate\"><span class=\"pre\">str</span></code></a></span></dt><dd><p>Name of the object.</p>\n</dd>\n<dt><strong>startposition</strong><span class=\"classifier\"><a class=\"reference external\" href=\"https://docs.python.org/dev/library/stdtypes.html#list\" title=\"(in Python v3.12)\"><code class=\"docutils literal notranslate\"><span class=\"pre\">list</span></code></a></span></dt><dd><p>List of the <code class=\"docutils literal notranslate\"><span class=\"pre\">[x,</span> <span class=\"pre\">y,</span> <span class=\"pre\">z]</span></code> coordinates for the starting\nposition of the object.</p>\n</dd>\n<dt><strong>offset</strong></dt><dd><p>Offset to apply.</p>\n</dd>\n<dt><strong>plane</strong><span class=\"classifier\"><a class=\"reference external\" href=\"https://docs.python.org/dev/library/stdtypes.html#str\" title=\"(in Python v3.12)\"><code class=\"docutils literal notranslate\"><span class=\"pre\">str</span></code></a></span></dt><dd><p>Coordinate plane of the arc. Choices are <code class=\"docutils literal notranslate\"><span class=\"pre\">&quot;YZ&quot;</span></code>,\n<code class=\"docutils literal notranslate\"><span class=\"pre\">&quot;ZX&quot;</span></code>, and <code class=\"docutils literal notranslate\"><span class=\"pre\">&quot;XY&quot;</span></code>.</p>\n</dd>\n</dl>\n</dd>\n<dt class=\"field-even\">Returns<span class=\"colon\">:</span></dt>\n<dd class=\"field-even\"><dl class=\"simple\">\n<dt><a class=\"reference external\" href=\"https://docs.python.org/dev/library/stdtypes.html#list\" title=\"(in Python v3.12)\"><code class=\"docutils literal notranslate\"><span class=\"pre\">list</span></code></a></dt><dd><p>List of the <code class=\"docutils literal notranslate\"><span class=\"pre\">[x,</span> <span class=\"pre\">y,</span> <span class=\"pre\">z]</span></code> coordinates for the point.</p>\n</dd>\n</dl>\n</dd>\n</dl>\n</dd></dl>\n\n</section>\n", "metatags": "<meta name=\"generator\" content=\"Docutils 0.19: https://docutils.sourceforge.io/\" />\n", "rellinks": [["genindex", "General Index", "I", "index"], ["py-modindex", "Python Module Index", "", "modules"], ["API/_autosummary/pyaedt.modeler.Model3D.Modeler3D.find_port_faces", "find_port_faces", "N", "next"], ["API/_autosummary/pyaedt.modeler.Model3D.Modeler3D.find_new_objects", "find_new_objects", "P", "previous"]], "sourcename": "API/_autosummary/pyaedt.modeler.Model3D.Modeler3D.find_point_around.rst.txt", "toc": "<ul>\n<li><a class=\"reference internal\" href=\"#\">find_point_around</a><ul>\n<li><a class=\"reference internal\" href=\"#pyaedt.modeler.Model3D.Modeler3D.find_point_around\"><code class=\"docutils literal notranslate\"><span class=\"pre\">Modeler3D.find_point_around()</span></code></a></li>\n</ul>\n</li>\n</ul>\n", "display_toc": true, "page_source_suffix": ".rst", "current_page_name": "API/_autosummary/pyaedt.modeler.Model3D.Modeler3D.find_point_around", "sidebars": ["search-field.html", "sidebar-nav-bs.html"], "customsidebar": null, "favicon_url": null, "logo_url": null, "alabaster_version": "0.7.12", "theme_show_toc_level": 1, "theme_logo": {}}