{"parents": [{"link": "../../", "title": "API reference"}, {"link": "../../Primitives/", "title": "Modeler and  primitives"}, {"link": "../pyaedt.modeler.Primitives3D.Primitives3D/", "title": "pyaedt.modeler.Primitives3D.Primitives3D"}], "prev": {"link": "../pyaedt.modeler.Primitives3D.Primitives3D.create_helix/", "title": "create_helix"}, "next": {"link": "../pyaedt.modeler.Primitives3D.Primitives3D.create_object_from_face/", "title": "create_object_from_face"}, "title": "create_object_from_edge", "meta": {}, "body": "<section id=\"create-object-from-edge\">\n<h1>create_object_from_edge<a class=\"headerlink\" href=\"#create-object-from-edge\" title=\"Permalink to this heading\">#</a></h1>\n<dl class=\"py method\">\n<dt class=\"sig sig-object py\" id=\"pyaedt.modeler.Primitives3D.Primitives3D.create_object_from_edge\">\n<span class=\"sig-prename descclassname\"><span class=\"pre\">Primitives3D.</span></span><span class=\"sig-name descname\"><span class=\"pre\">create_object_from_edge</span></span><span class=\"sig-paren\">(</span><em class=\"sig-param\"><span class=\"n\"><span class=\"pre\">edge</span></span></em>, <em class=\"sig-param\"><span class=\"n\"><span class=\"pre\">non_model</span></span><span class=\"o\"><span class=\"pre\">=</span></span><span class=\"default_value\"><span class=\"pre\">False</span></span></em><span class=\"sig-paren\">)</span><a class=\"headerlink\" href=\"#pyaedt.modeler.Primitives3D.Primitives3D.create_object_from_edge\" title=\"Permalink to this definition\">#</a></dt>\n<dd><p>Create an object from one or multiple edges.</p>\n<dl class=\"field-list\">\n<dt class=\"field-odd\">Parameters<span class=\"colon\">:</span></dt>\n<dd class=\"field-odd\"><dl>\n<dt><strong>edge</strong><span class=\"classifier\"><a class=\"reference external\" href=\"https://docs.python.org/dev/library/stdtypes.html#list\" title=\"(in Python v3.12)\"><code class=\"docutils literal notranslate\"><span class=\"pre\">list</span></code></a>, <a class=\"reference external\" href=\"https://docs.python.org/dev/library/functions.html#int\" title=\"(in Python v3.12)\"><code class=\"docutils literal notranslate\"><span class=\"pre\">int</span></code></a> or <a class=\"reference internal\" href=\"../pyaedt.modeler.Object3d.FacePrimitive/#pyaedt.modeler.Object3d.FacePrimitive\" title=\"pyaedt.modeler.Object3d.FacePrimitive\"><code class=\"xref py py-class docutils literal notranslate\"><span class=\"pre\">pyaedt.modeler.Object3d.FacePrimitive</span></code></a></span></dt><dd><p>Face ID or <a class=\"reference internal\" href=\"../pyaedt.modeler.Object3d.FacePrimitive/#pyaedt.modeler.Object3d.FacePrimitive\" title=\"pyaedt.modeler.Object3d.FacePrimitive\"><code class=\"xref py py-class docutils literal notranslate\"><span class=\"pre\">pyaedt.modeler.Object3d.FacePrimitive</span></code></a> object or Face List.</p>\n</dd>\n<dt><strong>non_model</strong><span class=\"classifier\"><a class=\"reference external\" href=\"https://docs.python.org/dev/library/stdtypes.html#bltin-boolean-values\" title=\"(in Python v3.12)\"><span class=\"xref std std-ref\">bool</span></a>, <code class=\"xref py py-obj docutils literal notranslate\"><span class=\"pre\">optional</span></code></span></dt><dd><p>Either if create the new object as model or non-model. The default is <cite>False</cite>.</p>\n</dd>\n</dl>\n</dd>\n<dt class=\"field-even\">Returns<span class=\"colon\">:</span></dt>\n<dd class=\"field-even\"><dl>\n<dt><strong>:class:`pyaedt.modeler.Object3d.Object3d` or list of</strong><span class=\"classifier\">class:<cite>pyaedt.modeler.Object3d.Object3d</cite></span></dt><dd><p>3D objects.</p>\n</dd>\n</dl>\n</dd>\n</dl>\n<p class=\"rubric\">References</p>\n<div class=\"doctest highlight-default notranslate\"><div class=\"highlight\"><pre><span></span><span class=\"gp\">&gt;&gt;&gt; </span><span class=\"n\">oEditor</span><span class=\"o\">.</span><span class=\"n\">CreateObjectFromFaces</span>\n</pre></div>\n</div>\n</dd></dl>\n\n</section>\n", "metatags": "<meta name=\"generator\" content=\"Docutils 0.19: https://docutils.sourceforge.io/\" />\n", "rellinks": [["genindex", "General Index", "I", "index"], ["py-modindex", "Python Module Index", "", "modules"], ["API/_autosummary/pyaedt.modeler.Primitives3D.Primitives3D.create_object_from_face", "create_object_from_face", "N", "next"], ["API/_autosummary/pyaedt.modeler.Primitives3D.Primitives3D.create_helix", "create_helix", "P", "previous"]], "sourcename": "API/_autosummary/pyaedt.modeler.Primitives3D.Primitives3D.create_object_from_edge.rst.txt", "toc": "<ul>\n<li><a class=\"reference internal\" href=\"#\">create_object_from_edge</a><ul>\n<li><a class=\"reference internal\" href=\"#pyaedt.modeler.Primitives3D.Primitives3D.create_object_from_edge\"><code class=\"docutils literal notranslate\"><span class=\"pre\">Primitives3D.create_object_from_edge()</span></code></a></li>\n</ul>\n</li>\n</ul>\n", "display_toc": true, "page_source_suffix": ".rst", "current_page_name": "API/_autosummary/pyaedt.modeler.Primitives3D.Primitives3D.create_object_from_edge", "sidebars": ["search-field.html", "sidebar-nav-bs.html"], "customsidebar": null, "favicon_url": null, "logo_url": null, "alabaster_version": "0.7.12", "theme_show_toc_level": 1, "theme_logo": {}}