{"parents": [{"link": "../../", "title": "API reference"}, {"link": "../../Primitives/", "title": "Modeler and  primitives"}, {"link": "../pyaedt.modeler.Model3DLayout.Modeler3DLayout/", "title": "pyaedt.modeler.Model3DLayout.Modeler3DLayout"}], "prev": {"link": "../pyaedt.modeler.Model3DLayout.Modeler3DLayout.place_3d_component/", "title": "place_3d_component"}, "next": {"link": "../pyaedt.modeler.Model3DLayout.Modeler3DLayout.set_temperature_dependence/", "title": "set_temperature_dependence"}, "title": "set_spice_model", "meta": {}, "body": "<section id=\"set-spice-model\">\n<h1>set_spice_model<a class=\"headerlink\" href=\"#set-spice-model\" title=\"Permalink to this heading\">#</a></h1>\n<dl class=\"py method\">\n<dt class=\"sig sig-object py\" id=\"pyaedt.modeler.Model3DLayout.Modeler3DLayout.set_spice_model\">\n<span class=\"sig-prename descclassname\"><span class=\"pre\">Modeler3DLayout.</span></span><span class=\"sig-name descname\"><span class=\"pre\">set_spice_model</span></span><span class=\"sig-paren\">(</span><em class=\"sig-param\"><span class=\"n\"><span class=\"pre\">component_name</span></span></em>, <em class=\"sig-param\"><span class=\"n\"><span class=\"pre\">model_path</span></span></em>, <em class=\"sig-param\"><span class=\"n\"><span class=\"pre\">model_name</span></span><span class=\"o\"><span class=\"pre\">=</span></span><span class=\"default_value\"><span class=\"pre\">None</span></span></em>, <em class=\"sig-param\"><span class=\"n\"><span class=\"pre\">subcircuit_name</span></span><span class=\"o\"><span class=\"pre\">=</span></span><span class=\"default_value\"><span class=\"pre\">None</span></span></em>, <em class=\"sig-param\"><span class=\"n\"><span class=\"pre\">pin_map</span></span><span class=\"o\"><span class=\"pre\">=</span></span><span class=\"default_value\"><span class=\"pre\">None</span></span></em><span class=\"sig-paren\">)</span><a class=\"reference internal\" href=\"../../../_modules/pyaedt/modeler/Model3DLayout/#Modeler3DLayout.set_spice_model\"><span class=\"viewcode-link\"><span class=\"pre\">[source]</span></span></a><a class=\"headerlink\" href=\"#pyaedt.modeler.Model3DLayout.Modeler3DLayout.set_spice_model\" title=\"Permalink to this definition\">#</a></dt>\n<dd><p>Assign a Spice model to a component.</p>\n<dl class=\"field-list\">\n<dt class=\"field-odd\">Parameters<span class=\"colon\">:</span></dt>\n<dd class=\"field-odd\"><dl>\n<dt><strong>component_name</strong><span class=\"classifier\"><a class=\"reference external\" href=\"https://docs.python.org/dev/library/stdtypes.html#str\" title=\"(in Python v3.12)\"><code class=\"docutils literal notranslate\"><span class=\"pre\">str</span></code></a></span></dt><dd><p>Name of the component.</p>\n</dd>\n<dt><strong>model_path</strong><span class=\"classifier\"><a class=\"reference external\" href=\"https://docs.python.org/dev/library/stdtypes.html#str\" title=\"(in Python v3.12)\"><code class=\"docutils literal notranslate\"><span class=\"pre\">str</span></code></a>, <code class=\"xref py py-obj docutils literal notranslate\"><span class=\"pre\">optional</span></code></span></dt><dd><p>Full path to the model file. The default is <code class=\"docutils literal notranslate\"><span class=\"pre\">None</span></code>.</p>\n</dd>\n<dt><strong>model_name</strong><span class=\"classifier\"><a class=\"reference external\" href=\"https://docs.python.org/dev/library/stdtypes.html#str\" title=\"(in Python v3.12)\"><code class=\"docutils literal notranslate\"><span class=\"pre\">str</span></code></a>, <code class=\"xref py py-obj docutils literal notranslate\"><span class=\"pre\">optional</span></code></span></dt><dd><p>Name of the model. The default is <code class=\"docutils literal notranslate\"><span class=\"pre\">None</span></code>, in which case the model name is the file name without an\nextension.</p>\n</dd>\n<dt><strong>subcircuit_name</strong><span class=\"classifier\"><a class=\"reference external\" href=\"https://docs.python.org/dev/library/stdtypes.html#str\" title=\"(in Python v3.12)\"><code class=\"docutils literal notranslate\"><span class=\"pre\">str</span></code></a>, <code class=\"xref py py-obj docutils literal notranslate\"><span class=\"pre\">optional</span></code></span></dt><dd><p>Name of the subcircuit. The default is <code class=\"docutils literal notranslate\"><span class=\"pre\">None</span></code>, in which case the subcircuit name is the model name.</p>\n</dd>\n<dt><strong>pin_map</strong><span class=\"classifier\"><a class=\"reference external\" href=\"https://docs.python.org/dev/library/stdtypes.html#list\" title=\"(in Python v3.12)\"><code class=\"docutils literal notranslate\"><span class=\"pre\">list</span></code></a>, <code class=\"xref py py-obj docutils literal notranslate\"><span class=\"pre\">optional</span></code></span></dt><dd><p>List of <code class=\"docutils literal notranslate\"><span class=\"pre\">[spice_pin_name,</span> <span class=\"pre\">aedt_pin_name]</span></code> to customize the pin mapping between Spice pins and\nAEDT pins.</p>\n</dd>\n</dl>\n</dd>\n<dt class=\"field-even\">Returns<span class=\"colon\">:</span></dt>\n<dd class=\"field-even\"><dl class=\"simple\">\n<dt><a class=\"reference external\" href=\"https://docs.python.org/dev/library/stdtypes.html#bltin-boolean-values\" title=\"(in Python v3.12)\"><span class=\"xref std std-ref\">bool</span></a></dt><dd><p><code class=\"docutils literal notranslate\"><span class=\"pre\">True</span></code> when successful, <code class=\"docutils literal notranslate\"><span class=\"pre\">False</span></code> when failed.</p>\n</dd>\n</dl>\n</dd>\n</dl>\n<p class=\"rubric\">Examples</p>\n<div class=\"doctest highlight-default notranslate\"><div class=\"highlight\"><pre><span></span><span class=\"gp\">&gt;&gt;&gt; </span><span class=\"kn\">from</span> <span class=\"nn\">pyaedt</span> <span class=\"kn\">import</span> <span class=\"n\">Hfss3dLayout</span>\n<span class=\"gp\">&gt;&gt;&gt; </span><span class=\"n\">h3d</span> <span class=\"o\">=</span> <span class=\"n\">Hfss3dLayout</span><span class=\"p\">(</span><span class=\"s2\">&quot;myproject&quot;</span><span class=\"p\">)</span>\n<span class=\"gp\">&gt;&gt;&gt; </span><span class=\"n\">h3d</span><span class=\"o\">.</span><span class=\"n\">modeler</span><span class=\"o\">.</span><span class=\"n\">set_spice_model</span><span class=\"p\">(</span><span class=\"n\">component_name</span><span class=\"o\">=</span><span class=\"s2\">&quot;A1&quot;</span><span class=\"p\">,</span>\n<span class=\"gp\">... </span>                            <span class=\"n\">modelpath</span><span class=\"o\">=</span><span class=\"s2\">&quot;pathtospfile&quot;</span><span class=\"p\">,</span>\n<span class=\"gp\">... </span>                            <span class=\"n\">modelname</span><span class=\"o\">=</span><span class=\"s2\">&quot;spicemodelname&quot;</span><span class=\"p\">,</span>\n<span class=\"gp\">... </span>                            <span class=\"n\">subcircuit_name</span><span class=\"o\">=</span><span class=\"s2\">&quot;SUBCK1&quot;</span><span class=\"p\">)</span>\n</pre></div>\n</div>\n</dd></dl>\n\n</section>\n", "metatags": "<meta name=\"generator\" content=\"Docutils 0.19: https://docutils.sourceforge.io/\" />\n", "rellinks": [["genindex", "General Index", "I", "index"], ["py-modindex", "Python Module Index", "", "modules"], ["API/_autosummary/pyaedt.modeler.Model3DLayout.Modeler3DLayout.set_temperature_dependence", "set_temperature_dependence", "N", "next"], ["API/_autosummary/pyaedt.modeler.Model3DLayout.Modeler3DLayout.place_3d_component", "place_3d_component", "P", "previous"]], "sourcename": "API/_autosummary/pyaedt.modeler.Model3DLayout.Modeler3DLayout.set_spice_model.rst.txt", "toc": "<ul>\n<li><a class=\"reference internal\" href=\"#\">set_spice_model</a><ul>\n<li><a class=\"reference internal\" href=\"#pyaedt.modeler.Model3DLayout.Modeler3DLayout.set_spice_model\"><code class=\"docutils literal notranslate\"><span class=\"pre\">Modeler3DLayout.set_spice_model()</span></code></a></li>\n</ul>\n</li>\n</ul>\n", "display_toc": true, "page_source_suffix": ".rst", "current_page_name": "API/_autosummary/pyaedt.modeler.Model3DLayout.Modeler3DLayout.set_spice_model", "sidebars": ["search-field.html", "sidebar-nav-bs.html"], "customsidebar": null, "favicon_url": null, "logo_url": null, "alabaster_version": "0.7.12", "theme_show_toc_level": 1, "theme_logo": {}}