{"parents": [{"link": "../../", "title": "API reference"}, {"link": "../../Common/", "title": "Desktop and common classes"}, {"link": "../../Configuration/", "title": "Configuration files"}], "prev": {"link": "../../Configuration/", "title": "Configuration files"}, "next": {"link": "../pyaedt.generic.configurations.Configurations.export_config/", "title": "export_config"}, "title": "pyaedt.generic.configurations.Configurations", "meta": {}, "body": "<section id=\"pyaedt-generic-configurations-configurations\">\n<h1>pyaedt.generic.configurations.Configurations<a class=\"headerlink\" href=\"#pyaedt-generic-configurations-configurations\" title=\"Permalink to this heading\">#</a></h1>\n<dl class=\"py class\">\n<dt class=\"sig sig-object py\" id=\"pyaedt.generic.configurations.Configurations\">\n<em class=\"property\"><span class=\"pre\">class</span><span class=\"w\"> </span></em><span class=\"sig-prename descclassname\"><span class=\"pre\">pyaedt.generic.configurations.</span></span><span class=\"sig-name descname\"><span class=\"pre\">Configurations</span></span><span class=\"sig-paren\">(</span><em class=\"sig-param\"><span class=\"n\"><span class=\"pre\">app</span></span></em><span class=\"sig-paren\">)</span><a class=\"reference internal\" href=\"../../../_modules/pyaedt/generic/configurations/#Configurations\"><span class=\"viewcode-link\"><span class=\"pre\">[source]</span></span></a><a class=\"headerlink\" href=\"#pyaedt.generic.configurations.Configurations\" title=\"Permalink to this definition\">#</a></dt>\n<dd><p>Configuration Class.\nIt enables to export and import configuration options to be applied on a new/existing design.</p>\n<p class=\"rubric\">Methods</p>\n<table class=\"autosummary longtable docutils align-default\">\n<tbody>\n<tr class=\"row-odd\"><td><p><a class=\"reference internal\" href=\"../pyaedt.generic.configurations.Configurations.export_config/#pyaedt.generic.configurations.Configurations.export_config\" title=\"pyaedt.generic.configurations.Configurations.export_config\"><code class=\"xref py py-obj docutils literal notranslate\"><span class=\"pre\">Configurations.export_config</span></code></a>([config_file,\u00a0...])</p></td>\n<td><p>Export current design properties to json file.</p></td>\n</tr>\n<tr class=\"row-even\"><td><p><a class=\"reference internal\" href=\"../pyaedt.generic.configurations.Configurations.import_config/#pyaedt.generic.configurations.Configurations.import_config\" title=\"pyaedt.generic.configurations.Configurations.import_config\"><code class=\"xref py py-obj docutils literal notranslate\"><span class=\"pre\">Configurations.import_config</span></code></a>(config_file)</p></td>\n<td><p>Import configuration settings from a json file and apply it to the current design.</p></td>\n</tr>\n</tbody>\n</table>\n</dd></dl>\n\n</section>\n", "metatags": "<meta name=\"generator\" content=\"Docutils 0.19: https://docutils.sourceforge.io/\" />\n", "rellinks": [["genindex", "General Index", "I", "index"], ["py-modindex", "Python Module Index", "", "modules"], ["API/_autosummary/pyaedt.generic.configurations.Configurations.export_config", "export_config", "N", "next"], ["API/Configuration", "Configuration files", "P", "previous"]], "sourcename": "API/_autosummary/pyaedt.generic.configurations.Configurations.rst.txt", "toc": "<ul>\n<li><a class=\"reference internal\" href=\"#\">pyaedt.generic.configurations.Configurations</a><ul>\n<li><a class=\"reference internal\" href=\"#pyaedt.generic.configurations.Configurations\"><code class=\"docutils literal notranslate\"><span class=\"pre\">Configurations</span></code></a></li>\n</ul>\n</li>\n</ul>\n", "display_toc": true, "page_source_suffix": ".rst", "current_page_name": "API/_autosummary/pyaedt.generic.configurations.Configurations", "sidebars": ["search-field.html", "sidebar-nav-bs.html"], "customsidebar": null, "favicon_url": null, "logo_url": null, "alabaster_version": "0.7.12", "theme_show_toc_level": 1, "theme_logo": {}}