{"parents": [{"link": "../../", "title": "API reference"}, {"link": "../../CoreModules/", "title": "AEDT modules"}, {"link": "../pyaedt.application.Variables.VariableManager/", "title": "pyaedt.application.Variables.VariableManager"}], "prev": {"link": "../pyaedt.application.Variables.VariableManager.independent_project_variable_names/", "title": "independent_project_variable_names"}, "next": {"link": "../pyaedt.application.Variables.VariableManager.independent_variable_names/", "title": "independent_variable_names"}, "title": "independent_project_variables", "meta": {}, "body": "<section id=\"independent-project-variables\">\n<h1>independent_project_variables<a class=\"headerlink\" href=\"#independent-project-variables\" title=\"Permalink to this heading\">#</a></h1>\n<dl class=\"py property\">\n<dt class=\"sig sig-object py\" id=\"pyaedt.application.Variables.VariableManager.independent_project_variables\">\n<em class=\"property\"><span class=\"pre\">property</span><span class=\"w\"> </span></em><span class=\"sig-prename descclassname\"><span class=\"pre\">VariableManager.</span></span><span class=\"sig-name descname\"><span class=\"pre\">independent_project_variables</span></span><a class=\"headerlink\" href=\"#pyaedt.application.Variables.VariableManager.independent_project_variables\" title=\"Permalink to this definition\">#</a></dt>\n<dd><p>Independent project variables.</p>\n<dl class=\"field-list simple\">\n<dt class=\"field-odd\">Returns<span class=\"colon\">:</span></dt>\n<dd class=\"field-odd\"><dl class=\"simple\">\n<dt><a class=\"reference external\" href=\"https://docs.python.org/dev/library/stdtypes.html#dict\" title=\"(in Python v3.12)\"><code class=\"docutils literal notranslate\"><span class=\"pre\">dict</span></code></a></dt><dd><p>Dictionary of the independent project variables available to the design.</p>\n</dd>\n</dl>\n</dd>\n</dl>\n<p class=\"rubric\">References</p>\n<div class=\"doctest highlight-default notranslate\"><div class=\"highlight\"><pre><span></span><span class=\"gp\">&gt;&gt;&gt; </span><span class=\"n\">oProject</span><span class=\"o\">.</span><span class=\"n\">GetVariables</span>\n<span class=\"gp\">&gt;&gt;&gt; </span><span class=\"n\">oProject</span><span class=\"o\">.</span><span class=\"n\">GetChildObject</span><span class=\"p\">(</span><span class=\"s2\">&quot;Variables&quot;</span><span class=\"p\">)</span><span class=\"o\">.</span><span class=\"n\">GetChildNames</span>\n</pre></div>\n</div>\n</dd></dl>\n\n</section>\n", "metatags": "<meta name=\"generator\" content=\"Docutils 0.19: https://docutils.sourceforge.io/\" />\n", "rellinks": [["genindex", "General Index", "I", "index"], ["py-modindex", "Python Module Index", "", "modules"], ["API/_autosummary/pyaedt.application.Variables.VariableManager.independent_variable_names", "independent_variable_names", "N", "next"], ["API/_autosummary/pyaedt.application.Variables.VariableManager.independent_project_variable_names", "independent_project_variable_names", "P", "previous"]], "sourcename": "API/_autosummary/pyaedt.application.Variables.VariableManager.independent_project_variables.rst.txt", "toc": "<ul>\n<li><a class=\"reference internal\" href=\"#\">independent_project_variables</a><ul>\n<li><a class=\"reference internal\" href=\"#pyaedt.application.Variables.VariableManager.independent_project_variables\"><code class=\"docutils literal notranslate\"><span class=\"pre\">VariableManager.independent_project_variables</span></code></a></li>\n</ul>\n</li>\n</ul>\n", "display_toc": true, "page_source_suffix": ".rst", "current_page_name": "API/_autosummary/pyaedt.application.Variables.VariableManager.independent_project_variables", "sidebars": ["search-field.html", "sidebar-nav-bs.html"], "customsidebar": null, "favicon_url": null, "logo_url": null, "alabaster_version": "0.7.12", "theme_show_toc_level": 1, "theme_logo": {}}