{"parents": [{"link": "../../", "title": "API reference"}, {"link": "../../Application/", "title": "AEDT apps"}, {"link": "../pyaedt.Maxwell3d/", "title": "pyaedt.Maxwell3d"}], "prev": {"link": "../pyaedt.Maxwell3d.get_nominal_variation/", "title": "get_nominal_variation"}, "next": {"link": "../pyaedt.Maxwell3d.get_oo_name/", "title": "get_oo_name"}, "title": "get_object_material_properties", "meta": {}, "body": "<section id=\"get-object-material-properties\">\n<h1>get_object_material_properties<a class=\"headerlink\" href=\"#get-object-material-properties\" title=\"Permalink to this heading\">#</a></h1>\n<dl class=\"py method\">\n<dt class=\"sig sig-object py\" id=\"pyaedt.Maxwell3d.get_object_material_properties\">\n<span class=\"sig-prename descclassname\"><span class=\"pre\">Maxwell3d.</span></span><span class=\"sig-name descname\"><span class=\"pre\">get_object_material_properties</span></span><span class=\"sig-paren\">(</span><em class=\"sig-param\"><span class=\"n\"><span class=\"pre\">object_list</span></span><span class=\"o\"><span class=\"pre\">=</span></span><span class=\"default_value\"><span class=\"pre\">None</span></span></em>, <em class=\"sig-param\"><span class=\"n\"><span class=\"pre\">prop_names</span></span><span class=\"o\"><span class=\"pre\">=</span></span><span class=\"default_value\"><span class=\"pre\">None</span></span></em><span class=\"sig-paren\">)</span><a class=\"headerlink\" href=\"#pyaedt.Maxwell3d.get_object_material_properties\" title=\"Permalink to this definition\">#</a></dt>\n<dd><p>Retrieve the material properties for a list of objects and return them in a dictionary.</p>\n<p>This high-level function ignores objects with no defined material properties.</p>\n<dl class=\"field-list\">\n<dt class=\"field-odd\">Parameters<span class=\"colon\">:</span></dt>\n<dd class=\"field-odd\"><dl>\n<dt><strong>object_list</strong><span class=\"classifier\"><a class=\"reference external\" href=\"https://docs.python.org/dev/library/stdtypes.html#list\" title=\"(in Python v3.12)\"><code class=\"docutils literal notranslate\"><span class=\"pre\">list</span></code></a>, <code class=\"xref py py-obj docutils literal notranslate\"><span class=\"pre\">optional</span></code></span></dt><dd><p>List of objects to get material properties for. The default is <code class=\"docutils literal notranslate\"><span class=\"pre\">None</span></code>,\nin which case material properties are retrieved for all objects.</p>\n</dd>\n<dt><strong>prop_names</strong><span class=\"classifier\"><a class=\"reference external\" href=\"https://docs.python.org/dev/library/stdtypes.html#str\" title=\"(in Python v3.12)\"><code class=\"docutils literal notranslate\"><span class=\"pre\">str</span></code></a> or <a class=\"reference external\" href=\"https://docs.python.org/dev/library/stdtypes.html#list\" title=\"(in Python v3.12)\"><code class=\"docutils literal notranslate\"><span class=\"pre\">list</span></code></a></span></dt><dd><p>Property or list of properties to export. The default is <code class=\"docutils literal notranslate\"><span class=\"pre\">None</span></code>, in\nwhich case all properties are exported.</p>\n</dd>\n</dl>\n</dd>\n<dt class=\"field-even\">Returns<span class=\"colon\">:</span></dt>\n<dd class=\"field-even\"><dl class=\"simple\">\n<dt><a class=\"reference external\" href=\"https://docs.python.org/dev/library/stdtypes.html#dict\" title=\"(in Python v3.12)\"><code class=\"docutils literal notranslate\"><span class=\"pre\">dict</span></code></a></dt><dd><p>Dictionary of objects with material properties.</p>\n</dd>\n</dl>\n</dd>\n</dl>\n</dd></dl>\n\n</section>\n", "metatags": "<meta name=\"generator\" content=\"Docutils 0.19: https://docutils.sourceforge.io/\" />\n", "rellinks": [["genindex", "General Index", "I", "index"], ["py-modindex", "Python Module Index", "", "modules"], ["API/_autosummary/pyaedt.Maxwell3d.get_oo_name", "get_oo_name", "N", "next"], ["API/_autosummary/pyaedt.Maxwell3d.get_nominal_variation", "get_nominal_variation", "P", "previous"]], "sourcename": "API/_autosummary/pyaedt.Maxwell3d.get_object_material_properties.rst.txt", "toc": "<ul>\n<li><a class=\"reference internal\" href=\"#\">get_object_material_properties</a><ul>\n<li><a class=\"reference internal\" href=\"#pyaedt.Maxwell3d.get_object_material_properties\"><code class=\"docutils literal notranslate\"><span class=\"pre\">Maxwell3d.get_object_material_properties()</span></code></a></li>\n</ul>\n</li>\n</ul>\n", "display_toc": true, "page_source_suffix": ".rst", "current_page_name": "API/_autosummary/pyaedt.Maxwell3d.get_object_material_properties", "sidebars": ["search-field.html", "sidebar-nav-bs.html"], "customsidebar": null, "favicon_url": null, "logo_url": null, "alabaster_version": "0.7.12", "theme_show_toc_level": 1, "theme_logo": {}}