{"parents": [{"link": "../../", "title": "API reference"}, {"link": "../../Application/", "title": "AEDT apps"}, {"link": "../pyaedt.TwinBuilder/", "title": "pyaedt.TwinBuilder"}], "prev": {"link": "../pyaedt.TwinBuilder.modeler/", "title": "modeler"}, "next": {"link": "../pyaedt.TwinBuilder.nominal_adaptive/", "title": "nominal_adaptive"}, "title": "native_components", "meta": {}, "body": "<section id=\"native-components\">\n<h1>native_components<a class=\"headerlink\" href=\"#native-components\" title=\"Permalink to this heading\">#</a></h1>\n<dl class=\"py property\">\n<dt class=\"sig sig-object py\" id=\"pyaedt.TwinBuilder.native_components\">\n<em class=\"property\"><span class=\"pre\">property</span><span class=\"w\"> </span></em><span class=\"sig-prename descclassname\"><span class=\"pre\">TwinBuilder.</span></span><span class=\"sig-name descname\"><span class=\"pre\">native_components</span></span><a class=\"headerlink\" href=\"#pyaedt.TwinBuilder.native_components\" title=\"Permalink to this definition\">#</a></dt>\n<dd><p>Native Component dictionary.</p>\n<dl class=\"field-list simple\">\n<dt class=\"field-odd\">Returns<span class=\"colon\">:</span></dt>\n<dd class=\"field-odd\"><dl class=\"simple\">\n<dt><a class=\"reference external\" href=\"https://docs.python.org/dev/library/stdtypes.html#dict\" title=\"(in Python v3.12)\"><code class=\"docutils literal notranslate\"><span class=\"pre\">dict</span></code></a>[<a class=\"reference external\" href=\"https://docs.python.org/dev/library/stdtypes.html#str\" title=\"(in Python v3.12)\"><code class=\"docutils literal notranslate\"><span class=\"pre\">str</span></code></a>, <code class=\"xref py py-class docutils literal notranslate\"><span class=\"pre\">pyaedt.modules.Boundaries.NativeComponentObject</span></code>]</dt><dd></dd>\n</dl>\n</dd>\n</dl>\n</dd></dl>\n\n</section>\n", "metatags": "<meta name=\"generator\" content=\"Docutils 0.19: https://docutils.sourceforge.io/\" />\n", "rellinks": [["genindex", "General Index", "I", "index"], ["py-modindex", "Python Module Index", "", "modules"], ["API/_autosummary/pyaedt.TwinBuilder.nominal_adaptive", "nominal_adaptive", "N", "next"], ["API/_autosummary/pyaedt.TwinBuilder.modeler", "modeler", "P", "previous"]], "sourcename": "API/_autosummary/pyaedt.TwinBuilder.native_components.rst.txt", "toc": "<ul>\n<li><a class=\"reference internal\" href=\"#\">native_components</a><ul>\n<li><a class=\"reference internal\" href=\"#pyaedt.TwinBuilder.native_components\"><code class=\"docutils literal notranslate\"><span class=\"pre\">TwinBuilder.native_components</span></code></a></li>\n</ul>\n</li>\n</ul>\n", "display_toc": true, "page_source_suffix": ".rst", "current_page_name": "API/_autosummary/pyaedt.TwinBuilder.native_components", "sidebars": ["search-field.html", "sidebar-nav-bs.html"], "customsidebar": null, "favicon_url": null, "logo_url": null, "alabaster_version": "0.7.12", "theme_show_toc_level": 1, "theme_logo": {}}