{"parents": [{"link": "../../", "title": "API reference"}, {"link": "../../CoreEdb/", "title": "EDB editor"}, {"link": "../pyaedt.edb_core.layout.EdbLayout/", "title": "pyaedt.edb_core.layout.EdbLayout"}], "prev": {"link": "../pyaedt.edb_core.layout.EdbLayout.get_polygon_points/", "title": "get_polygon_points"}, "next": {"link": "../pyaedt.edb_core.layout.EdbLayout.get_primitives/", "title": "get_primitives"}, "title": "get_polygons_by_layer", "meta": {}, "body": "<section id=\"get-polygons-by-layer\">\n<h1>get_polygons_by_layer<a class=\"headerlink\" href=\"#get-polygons-by-layer\" title=\"Permalink to this heading\">#</a></h1>\n<dl class=\"py method\">\n<dt class=\"sig sig-object py\" id=\"pyaedt.edb_core.layout.EdbLayout.get_polygons_by_layer\">\n<span class=\"sig-prename descclassname\"><span class=\"pre\">EdbLayout.</span></span><span class=\"sig-name descname\"><span class=\"pre\">get_polygons_by_layer</span></span><span class=\"sig-paren\">(</span><em class=\"sig-param\"><span class=\"n\"><span class=\"pre\">layer_name</span></span></em>, <em class=\"sig-param\"><span class=\"n\"><span class=\"pre\">net_list</span></span><span class=\"o\"><span class=\"pre\">=</span></span><span class=\"default_value\"><span class=\"pre\">None</span></span></em><span class=\"sig-paren\">)</span><a class=\"reference internal\" href=\"../../../_modules/pyaedt/edb_core/layout/#EdbLayout.get_polygons_by_layer\"><span class=\"viewcode-link\"><span class=\"pre\">[source]</span></span></a><a class=\"headerlink\" href=\"#pyaedt.edb_core.layout.EdbLayout.get_polygons_by_layer\" title=\"Permalink to this definition\">#</a></dt>\n<dd><p>Retrieve polygons by a layer.</p>\n<dl class=\"field-list\">\n<dt class=\"field-odd\">Parameters<span class=\"colon\">:</span></dt>\n<dd class=\"field-odd\"><dl>\n<dt><strong>layer_name</strong><span class=\"classifier\"><a class=\"reference external\" href=\"https://docs.python.org/dev/library/stdtypes.html#str\" title=\"(in Python v3.12)\"><code class=\"docutils literal notranslate\"><span class=\"pre\">str</span></code></a></span></dt><dd><p>Name of the layer.</p>\n</dd>\n<dt><strong>net_list</strong><span class=\"classifier\"><a class=\"reference external\" href=\"https://docs.python.org/dev/library/stdtypes.html#list\" title=\"(in Python v3.12)\"><code class=\"docutils literal notranslate\"><span class=\"pre\">list</span></code></a>, <code class=\"xref py py-obj docutils literal notranslate\"><span class=\"pre\">optional</span></code></span></dt><dd><p>List of net names.</p>\n</dd>\n</dl>\n</dd>\n<dt class=\"field-even\">Returns<span class=\"colon\">:</span></dt>\n<dd class=\"field-even\"><dl class=\"simple\">\n<dt><a class=\"reference external\" href=\"https://docs.python.org/dev/library/stdtypes.html#list\" title=\"(in Python v3.12)\"><code class=\"docutils literal notranslate\"><span class=\"pre\">list</span></code></a></dt><dd><p>List of primitive objects.</p>\n</dd>\n</dl>\n</dd>\n</dl>\n</dd></dl>\n\n</section>\n", "metatags": "<meta name=\"generator\" content=\"Docutils 0.19: https://docutils.sourceforge.io/\" />\n", "rellinks": [["genindex", "General Index", "I", "index"], ["py-modindex", "Python Module Index", "", "modules"], ["API/_autosummary/pyaedt.edb_core.layout.EdbLayout.get_primitives", "get_primitives", "N", "next"], ["API/_autosummary/pyaedt.edb_core.layout.EdbLayout.get_polygon_points", "get_polygon_points", "P", "previous"]], "sourcename": "API/_autosummary/pyaedt.edb_core.layout.EdbLayout.get_polygons_by_layer.rst.txt", "toc": "<ul>\n<li><a class=\"reference internal\" href=\"#\">get_polygons_by_layer</a><ul>\n<li><a class=\"reference internal\" href=\"#pyaedt.edb_core.layout.EdbLayout.get_polygons_by_layer\"><code class=\"docutils literal notranslate\"><span class=\"pre\">EdbLayout.get_polygons_by_layer()</span></code></a></li>\n</ul>\n</li>\n</ul>\n", "display_toc": true, "page_source_suffix": ".rst", "current_page_name": "API/_autosummary/pyaedt.edb_core.layout.EdbLayout.get_polygons_by_layer", "sidebars": ["search-field.html", "sidebar-nav-bs.html"], "customsidebar": null, "favicon_url": null, "logo_url": null, "alabaster_version": "0.7.12", "theme_show_toc_level": 1, "theme_logo": {}}