{"parents": [{"link": "../../", "title": "API reference"}, {"link": "../../MaterialManagement/", "title": "Material and stackup"}, {"link": "../pyaedt.modules.Material.Material/", "title": "pyaedt.modules.Material.Material"}], "prev": {"link": "../pyaedt.modules.Material.Material.get_curve_coreloss_type/", "title": "get_curve_coreloss_type"}, "next": {"link": "../pyaedt.modules.Material.Material.get_magnetic_coercitivity/", "title": "get_magnetic_coercitivity"}, "title": "get_curve_coreloss_values", "meta": {}, "body": "<section id=\"get-curve-coreloss-values\">\n<h1>get_curve_coreloss_values<a class=\"headerlink\" href=\"#get-curve-coreloss-values\" title=\"Permalink to this heading\">#</a></h1>\n<dl class=\"py method\">\n<dt class=\"sig sig-object py\" id=\"pyaedt.modules.Material.Material.get_curve_coreloss_values\">\n<span class=\"sig-prename descclassname\"><span class=\"pre\">Material.</span></span><span class=\"sig-name descname\"><span class=\"pre\">get_curve_coreloss_values</span></span><span class=\"sig-paren\">(</span><span class=\"sig-paren\">)</span><a class=\"reference internal\" href=\"../../../_modules/pyaedt/modules/Material/#Material.get_curve_coreloss_values\"><span class=\"viewcode-link\"><span class=\"pre\">[source]</span></span></a><a class=\"headerlink\" href=\"#pyaedt.modules.Material.Material.get_curve_coreloss_values\" title=\"Permalink to this definition\">#</a></dt>\n<dd><p>Return the curve core values type assigned to material.</p>\n<dl class=\"field-list simple\">\n<dt class=\"field-odd\">Returns<span class=\"colon\">:</span></dt>\n<dd class=\"field-odd\"><dl class=\"simple\">\n<dt><a class=\"reference external\" href=\"https://docs.python.org/dev/library/stdtypes.html#dict\" title=\"(in Python v3.12)\"><code class=\"docutils literal notranslate\"><span class=\"pre\">dict</span></code></a></dt><dd></dd>\n</dl>\n</dd>\n</dl>\n</dd></dl>\n\n</section>\n", "metatags": "<meta name=\"generator\" content=\"Docutils 0.19: https://docutils.sourceforge.io/\" />\n", "rellinks": [["genindex", "General Index", "I", "index"], ["py-modindex", "Python Module Index", "", "modules"], ["API/_autosummary/pyaedt.modules.Material.Material.get_magnetic_coercitivity", "get_magnetic_coercitivity", "N", "next"], ["API/_autosummary/pyaedt.modules.Material.Material.get_curve_coreloss_type", "get_curve_coreloss_type", "P", "previous"]], "sourcename": "API/_autosummary/pyaedt.modules.Material.Material.get_curve_coreloss_values.rst.txt", "toc": "<ul>\n<li><a class=\"reference internal\" href=\"#\">get_curve_coreloss_values</a><ul>\n<li><a class=\"reference internal\" href=\"#pyaedt.modules.Material.Material.get_curve_coreloss_values\"><code class=\"docutils literal notranslate\"><span class=\"pre\">Material.get_curve_coreloss_values()</span></code></a></li>\n</ul>\n</li>\n</ul>\n", "display_toc": true, "page_source_suffix": ".rst", "current_page_name": "API/_autosummary/pyaedt.modules.Material.Material.get_curve_coreloss_values", "sidebars": ["search-field.html", "sidebar-nav-bs.html"], "customsidebar": null, "favicon_url": null, "logo_url": null, "alabaster_version": "0.7.12", "theme_show_toc_level": 1, "theme_logo": {}}