{"parents": [{"link": "../../", "title": "API reference"}, {"link": "../../Post/", "title": "Postprocessing"}, {"link": "../pyaedt.modules.report_templates.Standard/", "title": "pyaedt.modules.report_templates.Standard"}], "prev": {"link": "../pyaedt.modules.report_templates.Standard.add_limit_line_from_points/", "title": "add_limit_line_from_points"}, "next": {"link": "../pyaedt.modules.report_templates.Standard.add_trace_to_report/", "title": "add_trace_to_report"}, "title": "add_note", "meta": {}, "body": "<section id=\"add-note\">\n<h1>add_note<a class=\"headerlink\" href=\"#add-note\" title=\"Permalink to this heading\">#</a></h1>\n<dl class=\"py method\">\n<dt class=\"sig sig-object py\" id=\"pyaedt.modules.report_templates.Standard.add_note\">\n<span class=\"sig-prename descclassname\"><span class=\"pre\">Standard.</span></span><span class=\"sig-name descname\"><span class=\"pre\">add_note</span></span><span class=\"sig-paren\">(</span><em class=\"sig-param\"><span class=\"n\"><span class=\"pre\">text</span></span></em>, <em class=\"sig-param\"><span class=\"n\"><span class=\"pre\">x_position</span></span><span class=\"o\"><span class=\"pre\">=</span></span><span class=\"default_value\"><span class=\"pre\">0</span></span></em>, <em class=\"sig-param\"><span class=\"n\"><span class=\"pre\">y_position</span></span><span class=\"o\"><span class=\"pre\">=</span></span><span class=\"default_value\"><span class=\"pre\">0</span></span></em><span class=\"sig-paren\">)</span><a class=\"headerlink\" href=\"#pyaedt.modules.report_templates.Standard.add_note\" title=\"Permalink to this definition\">#</a></dt>\n<dd><p>Add a note at a position.</p>\n<dl class=\"field-list\">\n<dt class=\"field-odd\">Parameters<span class=\"colon\">:</span></dt>\n<dd class=\"field-odd\"><dl>\n<dt><strong>text</strong><span class=\"classifier\"><a class=\"reference external\" href=\"https://docs.python.org/dev/library/stdtypes.html#str\" title=\"(in Python v3.12)\"><code class=\"docutils literal notranslate\"><span class=\"pre\">str</span></code></a></span></dt><dd><p>Text of the note.</p>\n</dd>\n<dt><strong>x_position</strong><span class=\"classifier\"><a class=\"reference external\" href=\"https://docs.python.org/dev/library/functions.html#float\" title=\"(in Python v3.12)\"><code class=\"docutils literal notranslate\"><span class=\"pre\">float</span></code></a>, <code class=\"xref py py-obj docutils literal notranslate\"><span class=\"pre\">optional</span></code></span></dt><dd><p>x position of the note. The default is <code class=\"docutils literal notranslate\"><span class=\"pre\">0.0</span></code>.</p>\n</dd>\n<dt><strong>y_position</strong><span class=\"classifier\"><a class=\"reference external\" href=\"https://docs.python.org/dev/library/functions.html#float\" title=\"(in Python v3.12)\"><code class=\"docutils literal notranslate\"><span class=\"pre\">float</span></code></a>, <code class=\"xref py py-obj docutils literal notranslate\"><span class=\"pre\">optional</span></code></span></dt><dd><p>y position of the note. The default is <code class=\"docutils literal notranslate\"><span class=\"pre\">0.0</span></code>.</p>\n</dd>\n<dt><strong>note_name</strong><span class=\"classifier\"><a class=\"reference external\" href=\"https://docs.python.org/dev/library/stdtypes.html#str\" title=\"(in Python v3.12)\"><code class=\"docutils literal notranslate\"><span class=\"pre\">str</span></code></a>, <code class=\"xref py py-obj docutils literal notranslate\"><span class=\"pre\">optional</span></code></span></dt><dd><p>Internal name of the note.</p>\n</dd>\n</dl>\n</dd>\n<dt class=\"field-even\">Returns<span class=\"colon\">:</span></dt>\n<dd class=\"field-even\"><dl class=\"simple\">\n<dt><a class=\"reference external\" href=\"https://docs.python.org/dev/library/stdtypes.html#bltin-boolean-values\" title=\"(in Python v3.12)\"><span class=\"xref std std-ref\">bool</span></a></dt><dd><p><code class=\"docutils literal notranslate\"><span class=\"pre\">True</span></code> when successful, <code class=\"docutils literal notranslate\"><span class=\"pre\">False</span></code> when failed.</p>\n</dd>\n</dl>\n</dd>\n</dl>\n</dd></dl>\n\n</section>\n", "metatags": "<meta name=\"generator\" content=\"Docutils 0.19: https://docutils.sourceforge.io/\" />\n", "rellinks": [["genindex", "General Index", "I", "index"], ["py-modindex", "Python Module Index", "", "modules"], ["API/_autosummary/pyaedt.modules.report_templates.Standard.add_trace_to_report", "add_trace_to_report", "N", "next"], ["API/_autosummary/pyaedt.modules.report_templates.Standard.add_limit_line_from_points", "add_limit_line_from_points", "P", "previous"]], "sourcename": "API/_autosummary/pyaedt.modules.report_templates.Standard.add_note.rst.txt", "toc": "<ul>\n<li><a class=\"reference internal\" href=\"#\">add_note</a><ul>\n<li><a class=\"reference internal\" href=\"#pyaedt.modules.report_templates.Standard.add_note\"><code class=\"docutils literal notranslate\"><span class=\"pre\">Standard.add_note()</span></code></a></li>\n</ul>\n</li>\n</ul>\n", "display_toc": true, "page_source_suffix": ".rst", "current_page_name": "API/_autosummary/pyaedt.modules.report_templates.Standard.add_note", "sidebars": ["search-field.html", "sidebar-nav-bs.html"], "customsidebar": null, "favicon_url": null, "logo_url": null, "alabaster_version": "0.7.12", "theme_show_toc_level": 1, "theme_logo": {}}