{"parents": [{"link": "../../", "title": "API reference"}, {"link": "../../Primitives/", "title": "Modeler and  primitives"}, {"link": "../pyaedt.modeler.Model2D.Modeler2D/", "title": "pyaedt.modeler.Model2D.Modeler2D"}], "prev": {"link": "../pyaedt.modeler.Model2D.Modeler2D.objects_in_bounding_box/", "title": "objects_in_bounding_box"}, "next": {"link": "../pyaedt.modeler.Model2D.Modeler2D.radial_split_2D/", "title": "radial_split_2D"}, "title": "purge_history", "meta": {}, "body": "<section id=\"purge-history\">\n<h1>purge_history<a class=\"headerlink\" href=\"#purge-history\" title=\"Permalink to this heading\">#</a></h1>\n<dl class=\"py method\">\n<dt class=\"sig sig-object py\" id=\"pyaedt.modeler.Model2D.Modeler2D.purge_history\">\n<span class=\"sig-prename descclassname\"><span class=\"pre\">Modeler2D.</span></span><span class=\"sig-name descname\"><span class=\"pre\">purge_history</span></span><span class=\"sig-paren\">(</span><em class=\"sig-param\"><span class=\"n\"><span class=\"pre\">theList</span></span></em><span class=\"sig-paren\">)</span><a class=\"headerlink\" href=\"#pyaedt.modeler.Model2D.Modeler2D.purge_history\" title=\"Permalink to this definition\">#</a></dt>\n<dd><p>Purge history objects from object names.</p>\n<dl class=\"field-list\">\n<dt class=\"field-odd\">Parameters<span class=\"colon\">:</span></dt>\n<dd class=\"field-odd\"><dl>\n<dt><strong>theList</strong><span class=\"classifier\"><a class=\"reference external\" href=\"https://docs.python.org/dev/library/stdtypes.html#list\" title=\"(in Python v3.12)\"><code class=\"docutils literal notranslate\"><span class=\"pre\">list</span></code></a></span></dt><dd><p>List of object names to purge.</p>\n</dd>\n</dl>\n</dd>\n<dt class=\"field-even\">Returns<span class=\"colon\">:</span></dt>\n<dd class=\"field-even\"><dl class=\"simple\">\n<dt><a class=\"reference external\" href=\"https://docs.python.org/dev/library/stdtypes.html#bltin-boolean-values\" title=\"(in Python v3.12)\"><span class=\"xref std std-ref\">bool</span></a></dt><dd><p><code class=\"docutils literal notranslate\"><span class=\"pre\">True</span></code> when successful, <code class=\"docutils literal notranslate\"><span class=\"pre\">False</span></code> when failed.</p>\n</dd>\n</dl>\n</dd>\n</dl>\n<p class=\"rubric\">References</p>\n<div class=\"doctest highlight-default notranslate\"><div class=\"highlight\"><pre><span></span><span class=\"gp\">&gt;&gt;&gt; </span><span class=\"n\">oEditor</span><span class=\"o\">.</span><span class=\"n\">PurgeHistory</span>\n</pre></div>\n</div>\n</dd></dl>\n\n</section>\n", "metatags": "<meta name=\"generator\" content=\"Docutils 0.19: https://docutils.sourceforge.io/\" />\n", "rellinks": [["genindex", "General Index", "I", "index"], ["py-modindex", "Python Module Index", "", "modules"], ["API/_autosummary/pyaedt.modeler.Model2D.Modeler2D.radial_split_2D", "radial_split_2D", "N", "next"], ["API/_autosummary/pyaedt.modeler.Model2D.Modeler2D.objects_in_bounding_box", "objects_in_bounding_box", "P", "previous"]], "sourcename": "API/_autosummary/pyaedt.modeler.Model2D.Modeler2D.purge_history.rst.txt", "toc": "<ul>\n<li><a class=\"reference internal\" href=\"#\">purge_history</a><ul>\n<li><a class=\"reference internal\" href=\"#pyaedt.modeler.Model2D.Modeler2D.purge_history\"><code class=\"docutils literal notranslate\"><span class=\"pre\">Modeler2D.purge_history()</span></code></a></li>\n</ul>\n</li>\n</ul>\n", "display_toc": true, "page_source_suffix": ".rst", "current_page_name": "API/_autosummary/pyaedt.modeler.Model2D.Modeler2D.purge_history", "sidebars": ["search-field.html", "sidebar-nav-bs.html"], "customsidebar": null, "favicon_url": null, "logo_url": null, "alabaster_version": "0.7.12", "theme_show_toc_level": 1, "theme_logo": {}}