{"parents": [{"link": "../../", "title": "API reference"}, {"link": "../../Application/", "title": "AEDT apps"}, {"link": "../pyaedt.Hfss/", "title": "pyaedt.Hfss"}], "prev": {"link": "../pyaedt.Hfss.logger/", "title": "logger"}, "next": {"link": "../pyaedt.Hfss.mesh/", "title": "mesh"}, "title": "materials", "meta": {}, "body": "<section id=\"materials\">\n<h1>materials<a class=\"headerlink\" href=\"#materials\" title=\"Permalink to this heading\">#</a></h1>\n<dl class=\"py property\">\n<dt class=\"sig sig-object py\" id=\"pyaedt.Hfss.materials\">\n<em class=\"property\"><span class=\"pre\">property</span><span class=\"w\"> </span></em><span class=\"sig-prename descclassname\"><span class=\"pre\">Hfss.</span></span><span class=\"sig-name descname\"><span class=\"pre\">materials</span></span><a class=\"headerlink\" href=\"#pyaedt.Hfss.materials\" title=\"Permalink to this definition\">#</a></dt>\n<dd><p>Materials in the project.</p>\n<dl class=\"field-list simple\">\n<dt class=\"field-odd\">Returns<span class=\"colon\">:</span></dt>\n<dd class=\"field-odd\"><dl class=\"simple\">\n<dt><a class=\"reference internal\" href=\"../pyaedt.modules.MaterialLib.Materials/#pyaedt.modules.MaterialLib.Materials\" title=\"pyaedt.modules.MaterialLib.Materials\"><code class=\"xref py py-class docutils literal notranslate\"><span class=\"pre\">pyaedt.modules.MaterialLib.Materials</span></code></a></dt><dd><p>Materials in the project.</p>\n</dd>\n</dl>\n</dd>\n</dl>\n</dd></dl>\n\n</section>\n", "metatags": "<meta name=\"generator\" content=\"Docutils 0.19: https://docutils.sourceforge.io/\" />\n", "rellinks": [["genindex", "General Index", "I", "index"], ["py-modindex", "Python Module Index", "", "modules"], ["API/_autosummary/pyaedt.Hfss.mesh", "mesh", "N", "next"], ["API/_autosummary/pyaedt.Hfss.logger", "logger", "P", "previous"]], "sourcename": "API/_autosummary/pyaedt.Hfss.materials.rst.txt", "toc": "<ul>\n<li><a class=\"reference internal\" href=\"#\">materials</a><ul>\n<li><a class=\"reference internal\" href=\"#pyaedt.Hfss.materials\"><code class=\"docutils literal notranslate\"><span class=\"pre\">Hfss.materials</span></code></a></li>\n</ul>\n</li>\n</ul>\n", "display_toc": true, "page_source_suffix": ".rst", "current_page_name": "API/_autosummary/pyaedt.Hfss.materials", "sidebars": ["search-field.html", "sidebar-nav-bs.html"], "customsidebar": null, "favicon_url": null, "logo_url": null, "alabaster_version": "0.7.12", "theme_show_toc_level": 1, "theme_logo": {}}