{"parents": [{"link": "../../", "title": "API reference"}, {"link": "../../Application/", "title": "AEDT apps"}, {"link": "../pyaedt.Hfss/", "title": "pyaedt.Hfss"}], "prev": {"link": "../pyaedt.Hfss.get_oo_properties/", "title": "get_oo_properties"}, "next": {"link": "../pyaedt.Hfss.get_output_variable/", "title": "get_output_variable"}, "title": "get_oo_property_value", "meta": {}, "body": "<section id=\"get-oo-property-value\">\n<h1>get_oo_property_value<a class=\"headerlink\" href=\"#get-oo-property-value\" title=\"Permalink to this heading\">#</a></h1>\n<dl class=\"py method\">\n<dt class=\"sig sig-object py\" id=\"pyaedt.Hfss.get_oo_property_value\">\n<span class=\"sig-prename descclassname\"><span class=\"pre\">Hfss.</span></span><span class=\"sig-name descname\"><span class=\"pre\">get_oo_property_value</span></span><span class=\"sig-paren\">(</span><em class=\"sig-param\"><span class=\"n\"><span class=\"pre\">aedt_object</span></span></em>, <em class=\"sig-param\"><span class=\"n\"><span class=\"pre\">object_name</span></span></em>, <em class=\"sig-param\"><span class=\"n\"><span class=\"pre\">prop_name</span></span></em><span class=\"sig-paren\">)</span><a class=\"headerlink\" href=\"#pyaedt.Hfss.get_oo_property_value\" title=\"Permalink to this definition\">#</a></dt>\n<dd><p>Return the Object Oriented AEDT Object Properties.</p>\n<dl class=\"field-list\">\n<dt class=\"field-odd\">Parameters<span class=\"colon\">:</span></dt>\n<dd class=\"field-odd\"><dl>\n<dt><strong>aedt_object</strong><span class=\"classifier\"><a class=\"reference external\" href=\"https://docs.python.org/dev/library/functions.html#object\" title=\"(in Python v3.12)\"><code class=\"xref py py-obj docutils literal notranslate\"><span class=\"pre\">object</span></code></a></span></dt><dd><p>AEDT Object on which search for property. It can be any oProperty (ex. oDesign).</p>\n</dd>\n<dt><strong>object_name</strong><span class=\"classifier\"><a class=\"reference external\" href=\"https://docs.python.org/dev/library/stdtypes.html#str\" title=\"(in Python v3.12)\"><code class=\"docutils literal notranslate\"><span class=\"pre\">str</span></code></a></span></dt><dd><p>Path to the object list. Example <cite>\u201cDesginNameBoundaries\u201d</cite>.</p>\n</dd>\n</dl>\n</dd>\n<dt class=\"field-even\">Returns<span class=\"colon\">:</span></dt>\n<dd class=\"field-even\"><dl class=\"simple\">\n<dt><a class=\"reference external\" href=\"https://docs.python.org/dev/library/stdtypes.html#str\" title=\"(in Python v3.12)\"><code class=\"docutils literal notranslate\"><span class=\"pre\">str</span></code></a>, <a class=\"reference external\" href=\"https://docs.python.org/dev/library/functions.html#float\" title=\"(in Python v3.12)\"><code class=\"docutils literal notranslate\"><span class=\"pre\">float</span></code></a>, <a class=\"reference external\" href=\"https://docs.python.org/dev/library/stdtypes.html#bltin-boolean-values\" title=\"(in Python v3.12)\"><span class=\"xref std std-ref\">bool</span></a></dt><dd><p>Values returned by method if any.</p>\n</dd>\n</dl>\n</dd>\n</dl>\n</dd></dl>\n\n</section>\n", "metatags": "<meta name=\"generator\" content=\"Docutils 0.19: https://docutils.sourceforge.io/\" />\n", "rellinks": [["genindex", "General Index", "I", "index"], ["py-modindex", "Python Module Index", "", "modules"], ["API/_autosummary/pyaedt.Hfss.get_output_variable", "get_output_variable", "N", "next"], ["API/_autosummary/pyaedt.Hfss.get_oo_properties", "get_oo_properties", "P", "previous"]], "sourcename": "API/_autosummary/pyaedt.Hfss.get_oo_property_value.rst.txt", "toc": "<ul>\n<li><a class=\"reference internal\" href=\"#\">get_oo_property_value</a><ul>\n<li><a class=\"reference internal\" href=\"#pyaedt.Hfss.get_oo_property_value\"><code class=\"docutils literal notranslate\"><span class=\"pre\">Hfss.get_oo_property_value()</span></code></a></li>\n</ul>\n</li>\n</ul>\n", "display_toc": true, "page_source_suffix": ".rst", "current_page_name": "API/_autosummary/pyaedt.Hfss.get_oo_property_value", "sidebars": ["search-field.html", "sidebar-nav-bs.html"], "customsidebar": null, "favicon_url": null, "logo_url": null, "alabaster_version": "0.7.12", "theme_show_toc_level": 1, "theme_logo": {}}