{"parents": [{"link": "../../", "title": "API reference"}, {"link": "../../Application/", "title": "AEDT apps"}, {"link": "../pyaedt.Q3d/", "title": "pyaedt.Q3d"}], "prev": {"link": "../pyaedt.Q3d.nominal_sweep/", "title": "nominal_sweep"}, "next": {"link": "../pyaedt.Q3d.o_maxwell_parameters/", "title": "o_maxwell_parameters"}, "title": "o_component_manager", "meta": {}, "body": "<section id=\"o-component-manager\">\n<h1>o_component_manager<a class=\"headerlink\" href=\"#o-component-manager\" title=\"Permalink to this heading\">#</a></h1>\n<dl class=\"py property\">\n<dt class=\"sig sig-object py\" id=\"pyaedt.Q3d.o_component_manager\">\n<em class=\"property\"><span class=\"pre\">property</span><span class=\"w\"> </span></em><span class=\"sig-prename descclassname\"><span class=\"pre\">Q3d.</span></span><span class=\"sig-name descname\"><span class=\"pre\">o_component_manager</span></span><a class=\"headerlink\" href=\"#pyaedt.Q3d.o_component_manager\" title=\"Permalink to this definition\">#</a></dt>\n<dd><p>Component manager object.</p>\n</dd></dl>\n\n</section>\n", "metatags": "<meta name=\"generator\" content=\"Docutils 0.19: https://docutils.sourceforge.io/\" />\n", "rellinks": [["genindex", "General Index", "I", "index"], ["py-modindex", "Python Module Index", "", "modules"], ["API/_autosummary/pyaedt.Q3d.o_maxwell_parameters", "o_maxwell_parameters", "N", "next"], ["API/_autosummary/pyaedt.Q3d.nominal_sweep", "nominal_sweep", "P", "previous"]], "sourcename": "API/_autosummary/pyaedt.Q3d.o_component_manager.rst.txt", "toc": "<ul>\n<li><a class=\"reference internal\" href=\"#\">o_component_manager</a><ul>\n<li><a class=\"reference internal\" href=\"#pyaedt.Q3d.o_component_manager\"><code class=\"docutils literal notranslate\"><span class=\"pre\">Q3d.o_component_manager</span></code></a></li>\n</ul>\n</li>\n</ul>\n", "display_toc": true, "page_source_suffix": ".rst", "current_page_name": "API/_autosummary/pyaedt.Q3d.o_component_manager", "sidebars": ["search-field.html", "sidebar-nav-bs.html"], "customsidebar": null, "favicon_url": null, "logo_url": null, "alabaster_version": "0.7.12", "theme_show_toc_level": 1, "theme_logo": {}}