{"parents": [{"link": "../../", "title": "API reference"}, {"link": "../../MaterialManagement/", "title": "Material and stackup"}, {"link": "../pyaedt.modules.Material.SurfaceMaterial/", "title": "pyaedt.modules.Material.SurfaceMaterial"}], "prev": {"link": "../pyaedt.modules.Material.SurfaceMaterial/", "title": "pyaedt.modules.Material.SurfaceMaterial"}, "next": {"link": "../pyaedt.modules.Material.SurfaceMaterial.emissivity/", "title": "emissivity"}, "title": "update", "meta": {}, "body": "<section id=\"update\">\n<h1>update<a class=\"headerlink\" href=\"#update\" title=\"Permalink to this heading\">#</a></h1>\n<dl class=\"py method\">\n<dt class=\"sig sig-object py\" id=\"pyaedt.modules.Material.SurfaceMaterial.update\">\n<span class=\"sig-prename descclassname\"><span class=\"pre\">SurfaceMaterial.</span></span><span class=\"sig-name descname\"><span class=\"pre\">update</span></span><span class=\"sig-paren\">(</span><span class=\"sig-paren\">)</span><a class=\"reference internal\" href=\"../../../_modules/pyaedt/modules/Material/#SurfaceMaterial.update\"><span class=\"viewcode-link\"><span class=\"pre\">[source]</span></span></a><a class=\"headerlink\" href=\"#pyaedt.modules.Material.SurfaceMaterial.update\" title=\"Permalink to this definition\">#</a></dt>\n<dd><p>Update the surface material in AEDT.</p>\n<dl class=\"field-list simple\">\n<dt class=\"field-odd\">Returns<span class=\"colon\">:</span></dt>\n<dd class=\"field-odd\"><dl class=\"simple\">\n<dt><a class=\"reference external\" href=\"https://docs.python.org/dev/library/stdtypes.html#bltin-boolean-values\" title=\"(in Python v3.12)\"><span class=\"xref std std-ref\">bool</span></a></dt><dd><p><code class=\"docutils literal notranslate\"><span class=\"pre\">True</span></code> when successful, <code class=\"docutils literal notranslate\"><span class=\"pre\">False</span></code> when failed.</p>\n</dd>\n</dl>\n</dd>\n</dl>\n<p class=\"rubric\">References</p>\n<div class=\"doctest highlight-default notranslate\"><div class=\"highlight\"><pre><span></span><span class=\"gp\">&gt;&gt;&gt; </span><span class=\"n\">oDefinitionManager</span><span class=\"o\">.</span><span class=\"n\">DoesSurfaceMaterialExist</span>\n<span class=\"gp\">&gt;&gt;&gt; </span><span class=\"n\">oDefinitionManager</span><span class=\"o\">.</span><span class=\"n\">AddSurfaceMaterial</span>\n<span class=\"gp\">&gt;&gt;&gt; </span><span class=\"n\">oDefinitionManager</span><span class=\"o\">.</span><span class=\"n\">EditSurfaceMaterial</span>\n</pre></div>\n</div>\n</dd></dl>\n\n</section>\n", "metatags": "<meta name=\"generator\" content=\"Docutils 0.19: https://docutils.sourceforge.io/\" />\n", "rellinks": [["genindex", "General Index", "I", "index"], ["py-modindex", "Python Module Index", "", "modules"], ["API/_autosummary/pyaedt.modules.Material.SurfaceMaterial.emissivity", "emissivity", "N", "next"], ["API/_autosummary/pyaedt.modules.Material.SurfaceMaterial", "pyaedt.modules.Material.SurfaceMaterial", "P", "previous"]], "sourcename": "API/_autosummary/pyaedt.modules.Material.SurfaceMaterial.update.rst.txt", "toc": "<ul>\n<li><a class=\"reference internal\" href=\"#\">update</a><ul>\n<li><a class=\"reference internal\" href=\"#pyaedt.modules.Material.SurfaceMaterial.update\"><code class=\"docutils literal notranslate\"><span class=\"pre\">SurfaceMaterial.update()</span></code></a></li>\n</ul>\n</li>\n</ul>\n", "display_toc": true, "page_source_suffix": ".rst", "current_page_name": "API/_autosummary/pyaedt.modules.Material.SurfaceMaterial.update", "sidebars": ["search-field.html", "sidebar-nav-bs.html"], "customsidebar": null, "favicon_url": null, "logo_url": null, "alabaster_version": "0.7.12", "theme_show_toc_level": 1, "theme_logo": {}}