{"parents": [{"link": "../../", "title": "API reference"}, {"link": "../../Application/", "title": "AEDT apps"}, {"link": "../pyaedt.Mechanical/", "title": "pyaedt.Mechanical"}], "prev": {"link": "../pyaedt.Mechanical.get_all_conductors_names/", "title": "get_all_conductors_names"}, "next": {"link": "../pyaedt.Mechanical.get_all_sources/", "title": "get_all_sources"}, "title": "get_all_dielectrics_names", "meta": {}, "body": "<section id=\"get-all-dielectrics-names\">\n<h1>get_all_dielectrics_names<a class=\"headerlink\" href=\"#get-all-dielectrics-names\" title=\"Permalink to this heading\">#</a></h1>\n<dl class=\"py method\">\n<dt class=\"sig sig-object py\" id=\"pyaedt.Mechanical.get_all_dielectrics_names\">\n<span class=\"sig-prename descclassname\"><span class=\"pre\">Mechanical.</span></span><span class=\"sig-name descname\"><span class=\"pre\">get_all_dielectrics_names</span></span><span class=\"sig-paren\">(</span><span class=\"sig-paren\">)</span><a class=\"headerlink\" href=\"#pyaedt.Mechanical.get_all_dielectrics_names\" title=\"Permalink to this definition\">#</a></dt>\n<dd><p>Retrieve all dielectrics in the active design.</p>\n<dl class=\"field-list simple\">\n<dt class=\"field-odd\">Returns<span class=\"colon\">:</span></dt>\n<dd class=\"field-odd\"><dl class=\"simple\">\n<dt><a class=\"reference external\" href=\"https://docs.python.org/dev/library/stdtypes.html#list\" title=\"(in Python v3.12)\"><code class=\"docutils literal notranslate\"><span class=\"pre\">list</span></code></a> <code class=\"xref py py-obj docutils literal notranslate\"><span class=\"pre\">of</span></code> <a class=\"reference external\" href=\"https://docs.python.org/dev/library/stdtypes.html#str\" title=\"(in Python v3.12)\"><code class=\"docutils literal notranslate\"><span class=\"pre\">str</span></code></a></dt><dd><p>List of all dielectrics.</p>\n</dd>\n</dl>\n</dd>\n</dl>\n<p class=\"rubric\">References</p>\n<div class=\"doctest highlight-default notranslate\"><div class=\"highlight\"><pre><span></span><span class=\"gp\">&gt;&gt;&gt; </span><span class=\"n\">oEditor</span><span class=\"o\">.</span><span class=\"n\">GetObjectsByMaterial</span>\n</pre></div>\n</div>\n</dd></dl>\n\n</section>\n", "metatags": "<meta name=\"generator\" content=\"Docutils 0.19: https://docutils.sourceforge.io/\" />\n", "rellinks": [["genindex", "General Index", "I", "index"], ["py-modindex", "Python Module Index", "", "modules"], ["API/_autosummary/pyaedt.Mechanical.get_all_sources", "get_all_sources", "N", "next"], ["API/_autosummary/pyaedt.Mechanical.get_all_conductors_names", "get_all_conductors_names", "P", "previous"]], "sourcename": "API/_autosummary/pyaedt.Mechanical.get_all_dielectrics_names.rst.txt", "toc": "<ul>\n<li><a class=\"reference internal\" href=\"#\">get_all_dielectrics_names</a><ul>\n<li><a class=\"reference internal\" href=\"#pyaedt.Mechanical.get_all_dielectrics_names\"><code class=\"docutils literal notranslate\"><span class=\"pre\">Mechanical.get_all_dielectrics_names()</span></code></a></li>\n</ul>\n</li>\n</ul>\n", "display_toc": true, "page_source_suffix": ".rst", "current_page_name": "API/_autosummary/pyaedt.Mechanical.get_all_dielectrics_names", "sidebars": ["search-field.html", "sidebar-nav-bs.html"], "customsidebar": null, "favicon_url": null, "logo_url": null, "alabaster_version": "0.7.12", "theme_show_toc_level": 1, "theme_logo": {}}