{"parents": [{"link": "../../", "title": "API reference"}, {"link": "../../Primitives/", "title": "Modeler and  primitives"}, {"link": "../pyaedt.modeler.Object3d.Object3d/", "title": "pyaedt.modeler.Object3d.Object3d"}], "prev": {"link": "../pyaedt.modeler.Object3d.Object3d.touching_objects/", "title": "touching_objects"}, "next": {"link": "../pyaedt.modeler.Object3d.Object3d.valid_properties/", "title": "valid_properties"}, "title": "transparency", "meta": {}, "body": "<section id=\"transparency\">\n<h1>transparency<a class=\"headerlink\" href=\"#transparency\" title=\"Permalink to this heading\">#</a></h1>\n<dl class=\"py property\">\n<dt class=\"sig sig-object py\" id=\"pyaedt.modeler.Object3d.Object3d.transparency\">\n<em class=\"property\"><span class=\"pre\">property</span><span class=\"w\"> </span></em><span class=\"sig-prename descclassname\"><span class=\"pre\">Object3d.</span></span><span class=\"sig-name descname\"><span class=\"pre\">transparency</span></span><a class=\"headerlink\" href=\"#pyaedt.modeler.Object3d.Object3d.transparency\" title=\"Permalink to this definition\">#</a></dt>\n<dd><p>Part transparency as a value between 0.0 and 1.0.</p>\n<p>If the value is outside the range, then apply a limit. If the value is not a valid number, set to <code class=\"docutils literal notranslate\"><span class=\"pre\">0.0</span></code>.</p>\n<p class=\"rubric\">References</p>\n<div class=\"doctest highlight-default notranslate\"><div class=\"highlight\"><pre><span></span><span class=\"gp\">&gt;&gt;&gt; </span><span class=\"n\">oEditor</span><span class=\"o\">.</span><span class=\"n\">GetPropertyValue</span>\n<span class=\"gp\">&gt;&gt;&gt; </span><span class=\"n\">oEditor</span><span class=\"o\">.</span><span class=\"n\">ChangeProperty</span>\n</pre></div>\n</div>\n</dd></dl>\n\n</section>\n", "metatags": "<meta name=\"generator\" content=\"Docutils 0.19: https://docutils.sourceforge.io/\" />\n", "rellinks": [["genindex", "General Index", "I", "index"], ["py-modindex", "Python Module Index", "", "modules"], ["API/_autosummary/pyaedt.modeler.Object3d.Object3d.valid_properties", "valid_properties", "N", "next"], ["API/_autosummary/pyaedt.modeler.Object3d.Object3d.touching_objects", "touching_objects", "P", "previous"]], "sourcename": "API/_autosummary/pyaedt.modeler.Object3d.Object3d.transparency.rst.txt", "toc": "<ul>\n<li><a class=\"reference internal\" href=\"#\">transparency</a><ul>\n<li><a class=\"reference internal\" href=\"#pyaedt.modeler.Object3d.Object3d.transparency\"><code class=\"docutils literal notranslate\"><span class=\"pre\">Object3d.transparency</span></code></a></li>\n</ul>\n</li>\n</ul>\n", "display_toc": true, "page_source_suffix": ".rst", "current_page_name": "API/_autosummary/pyaedt.modeler.Object3d.Object3d.transparency", "sidebars": ["search-field.html", "sidebar-nav-bs.html"], "customsidebar": null, "favicon_url": null, "logo_url": null, "alabaster_version": "0.7.12", "theme_show_toc_level": 1, "theme_logo": {}}