{"parents": [{"link": "../../", "title": "API reference"}, {"link": "../../CoreModules/", "title": "AEDT modules"}, {"link": "../../Boundaries/", "title": "Boundary objects"}, {"link": "../pyaedt.modules.Boundary.FarFieldSetup/", "title": "pyaedt.modules.Boundary.FarFieldSetup"}], "prev": {"link": "../pyaedt.modules.Boundary.FarFieldSetup.phi_stop/", "title": "phi_stop"}, "next": {"link": "../pyaedt.modules.Boundary.FarFieldSetup.slant_angle/", "title": "slant_angle"}, "title": "polarization", "meta": {}, "body": "<section id=\"polarization\">\n<h1>polarization<a class=\"headerlink\" href=\"#polarization\" title=\"Permalink to this heading\">#</a></h1>\n<dl class=\"py property\">\n<dt class=\"sig sig-object py\" id=\"pyaedt.modules.Boundary.FarFieldSetup.polarization\">\n<em class=\"property\"><span class=\"pre\">property</span><span class=\"w\"> </span></em><span class=\"sig-prename descclassname\"><span class=\"pre\">FarFieldSetup.</span></span><span class=\"sig-name descname\"><span class=\"pre\">polarization</span></span><a class=\"headerlink\" href=\"#pyaedt.modules.Boundary.FarFieldSetup.polarization\" title=\"Permalink to this definition\">#</a></dt>\n<dd><p>Set/Get the Far Field Polarization.</p>\n</dd></dl>\n\n</section>\n", "metatags": "<meta name=\"generator\" content=\"Docutils 0.19: https://docutils.sourceforge.io/\" />\n", "rellinks": [["genindex", "General Index", "I", "index"], ["py-modindex", "Python Module Index", "", "modules"], ["API/_autosummary/pyaedt.modules.Boundary.FarFieldSetup.slant_angle", "slant_angle", "N", "next"], ["API/_autosummary/pyaedt.modules.Boundary.FarFieldSetup.phi_stop", "phi_stop", "P", "previous"]], "sourcename": "API/_autosummary/pyaedt.modules.Boundary.FarFieldSetup.polarization.rst.txt", "toc": "<ul>\n<li><a class=\"reference internal\" href=\"#\">polarization</a><ul>\n<li><a class=\"reference internal\" href=\"#pyaedt.modules.Boundary.FarFieldSetup.polarization\"><code class=\"docutils literal notranslate\"><span class=\"pre\">FarFieldSetup.polarization</span></code></a></li>\n</ul>\n</li>\n</ul>\n", "display_toc": true, "page_source_suffix": ".rst", "current_page_name": "API/_autosummary/pyaedt.modules.Boundary.FarFieldSetup.polarization", "sidebars": ["search-field.html", "sidebar-nav-bs.html"], "customsidebar": null, "favicon_url": null, "logo_url": null, "alabaster_version": "0.7.12", "theme_show_toc_level": 1, "theme_logo": {}}