{"parents": [{"link": "../../", "title": "API reference"}, {"link": "../../Primitives/", "title": "Modeler and  primitives"}, {"link": "../pyaedt.modeler.PrimitivesNexxim.NexximComponents/", "title": "pyaedt.modeler.PrimitivesNexxim.NexximComponents"}], "prev": {"link": "../pyaedt.modeler.PrimitivesNexxim.NexximComponents.get_comp_custom_settings/", "title": "get_comp_custom_settings"}, "next": {"link": "../pyaedt.modeler.PrimitivesNexxim.NexximComponents.get_pin_location/", "title": "get_pin_location"}, "title": "get_obj_id", "meta": {}, "body": "<section id=\"get-obj-id\">\n<h1>get_obj_id<a class=\"headerlink\" href=\"#get-obj-id\" title=\"Permalink to this heading\">#</a></h1>\n<dl class=\"py method\">\n<dt class=\"sig sig-object py\" id=\"pyaedt.modeler.PrimitivesNexxim.NexximComponents.get_obj_id\">\n<span class=\"sig-prename descclassname\"><span class=\"pre\">NexximComponents.</span></span><span class=\"sig-name descname\"><span class=\"pre\">get_obj_id</span></span><span class=\"sig-paren\">(</span><em class=\"sig-param\"><span class=\"n\"><span class=\"pre\">objname</span></span></em><span class=\"sig-paren\">)</span><a class=\"headerlink\" href=\"#pyaedt.modeler.PrimitivesNexxim.NexximComponents.get_obj_id\" title=\"Permalink to this definition\">#</a></dt>\n<dd><p>Retrieve the ID of an object.</p>\n<dl class=\"field-list\">\n<dt class=\"field-odd\">Parameters<span class=\"colon\">:</span></dt>\n<dd class=\"field-odd\"><dl>\n<dt><strong>objname</strong><span class=\"classifier\"><a class=\"reference external\" href=\"https://docs.python.org/dev/library/stdtypes.html#str\" title=\"(in Python v3.12)\"><code class=\"docutils literal notranslate\"><span class=\"pre\">str</span></code></a></span></dt><dd><p>Name of the object.</p>\n</dd>\n</dl>\n</dd>\n<dt class=\"field-even\">Returns<span class=\"colon\">:</span></dt>\n<dd class=\"field-even\"><dl class=\"simple\">\n<dt><a class=\"reference external\" href=\"https://docs.python.org/dev/library/stdtypes.html#bltin-boolean-values\" title=\"(in Python v3.12)\"><span class=\"xref std std-ref\">bool</span></a></dt><dd><p><code class=\"docutils literal notranslate\"><span class=\"pre\">True</span></code> when successful, <code class=\"docutils literal notranslate\"><span class=\"pre\">False</span></code> when failed.</p>\n</dd>\n</dl>\n</dd>\n</dl>\n</dd></dl>\n\n</section>\n", "metatags": "<meta name=\"generator\" content=\"Docutils 0.19: https://docutils.sourceforge.io/\" />\n", "rellinks": [["genindex", "General Index", "I", "index"], ["py-modindex", "Python Module Index", "", "modules"], ["API/_autosummary/pyaedt.modeler.PrimitivesNexxim.NexximComponents.get_pin_location", "get_pin_location", "N", "next"], ["API/_autosummary/pyaedt.modeler.PrimitivesNexxim.NexximComponents.get_comp_custom_settings", "get_comp_custom_settings", "P", "previous"]], "sourcename": "API/_autosummary/pyaedt.modeler.PrimitivesNexxim.NexximComponents.get_obj_id.rst.txt", "toc": "<ul>\n<li><a class=\"reference internal\" href=\"#\">get_obj_id</a><ul>\n<li><a class=\"reference internal\" href=\"#pyaedt.modeler.PrimitivesNexxim.NexximComponents.get_obj_id\"><code class=\"docutils literal notranslate\"><span class=\"pre\">NexximComponents.get_obj_id()</span></code></a></li>\n</ul>\n</li>\n</ul>\n", "display_toc": true, "page_source_suffix": ".rst", "current_page_name": "API/_autosummary/pyaedt.modeler.PrimitivesNexxim.NexximComponents.get_obj_id", "sidebars": ["search-field.html", "sidebar-nav-bs.html"], "customsidebar": null, "favicon_url": null, "logo_url": null, "alabaster_version": "0.7.12", "theme_show_toc_level": 1, "theme_logo": {}}