{"parents": [{"link": "../../", "title": "API reference"}, {"link": "../../Common/", "title": "Desktop and common classes"}, {"link": "../../Stackup3D/", "title": "Stackup 3D components"}, {"link": "../pyaedt.modeler.stackup_3d.Layer3D/", "title": "pyaedt.modeler.stackup_3d.Layer3D"}], "prev": {"link": "../pyaedt.modeler.stackup_3d.Layer3D/", "title": "pyaedt.modeler.stackup_3d.Layer3D"}, "next": {"link": "../pyaedt.modeler.stackup_3d.Layer3D.add_polygon/", "title": "add_polygon"}, "title": "add_patch", "meta": {}, "body": "<section id=\"add-patch\">\n<h1>add_patch<a class=\"headerlink\" href=\"#add-patch\" title=\"Permalink to this heading\">#</a></h1>\n<dl class=\"py method\">\n<dt class=\"sig sig-object py\" id=\"pyaedt.modeler.stackup_3d.Layer3D.add_patch\">\n<span class=\"sig-prename descclassname\"><span class=\"pre\">Layer3D.</span></span><span class=\"sig-name descname\"><span class=\"pre\">add_patch</span></span><span class=\"sig-paren\">(</span><em class=\"sig-param\"><span class=\"n\"><span class=\"pre\">frequency</span></span></em>, <em class=\"sig-param\"><span class=\"n\"><span class=\"pre\">patch_width</span></span></em>, <em class=\"sig-param\"><span class=\"n\"><span class=\"pre\">patch_length</span></span><span class=\"o\"><span class=\"pre\">=</span></span><span class=\"default_value\"><span class=\"pre\">None</span></span></em>, <em class=\"sig-param\"><span class=\"n\"><span class=\"pre\">patch_position_x</span></span><span class=\"o\"><span class=\"pre\">=</span></span><span class=\"default_value\"><span class=\"pre\">0</span></span></em>, <em class=\"sig-param\"><span class=\"n\"><span class=\"pre\">patch_position_y</span></span><span class=\"o\"><span class=\"pre\">=</span></span><span class=\"default_value\"><span class=\"pre\">0</span></span></em>, <em class=\"sig-param\"><span class=\"n\"><span class=\"pre\">patch_name</span></span><span class=\"o\"><span class=\"pre\">=</span></span><span class=\"default_value\"><span class=\"pre\">None</span></span></em>, <em class=\"sig-param\"><span class=\"n\"><span class=\"pre\">axis</span></span><span class=\"o\"><span class=\"pre\">=</span></span><span class=\"default_value\"><span class=\"pre\">'X'</span></span></em><span class=\"sig-paren\">)</span><a class=\"reference internal\" href=\"../../../_modules/pyaedt/modeler/stackup_3d/#Layer3D.add_patch\"><span class=\"viewcode-link\"><span class=\"pre\">[source]</span></span></a><a class=\"headerlink\" href=\"#pyaedt.modeler.stackup_3d.Layer3D.add_patch\" title=\"Permalink to this definition\">#</a></dt>\n<dd><p>Create a parametric patch.</p>\n<dl class=\"field-list\">\n<dt class=\"field-odd\">Parameters<span class=\"colon\">:</span></dt>\n<dd class=\"field-odd\"><dl>\n<dt><strong>frequency</strong><span class=\"classifier\"><a class=\"reference external\" href=\"https://docs.python.org/dev/library/functions.html#float\" title=\"(in Python v3.12)\"><code class=\"docutils literal notranslate\"><span class=\"pre\">float</span></code></a>, <a class=\"reference external\" href=\"https://docs.python.org/dev/library/constants.html#None\" title=\"(in Python v3.12)\"><code class=\"docutils literal notranslate\"><span class=\"pre\">None</span></code></a></span></dt><dd><p>Frequency value for the patch calculation in Hz.</p>\n</dd>\n<dt><strong>patch_width</strong><span class=\"classifier\"><a class=\"reference external\" href=\"https://docs.python.org/dev/library/functions.html#float\" title=\"(in Python v3.12)\"><code class=\"docutils literal notranslate\"><span class=\"pre\">float</span></code></a></span></dt><dd><p>Patch width.</p>\n</dd>\n<dt><strong>patch_length</strong><span class=\"classifier\"><a class=\"reference external\" href=\"https://docs.python.org/dev/library/functions.html#float\" title=\"(in Python v3.12)\"><code class=\"docutils literal notranslate\"><span class=\"pre\">float</span></code></a>, <code class=\"xref py py-obj docutils literal notranslate\"><span class=\"pre\">optional</span></code></span></dt><dd><p>Patch length. The default is <code class=\"docutils literal notranslate\"><span class=\"pre\">None</span></code>.</p>\n</dd>\n<dt><strong>patch_position_x</strong><span class=\"classifier\"><a class=\"reference external\" href=\"https://docs.python.org/dev/library/functions.html#float\" title=\"(in Python v3.12)\"><code class=\"docutils literal notranslate\"><span class=\"pre\">float</span></code></a>, <code class=\"xref py py-obj docutils literal notranslate\"><span class=\"pre\">optional</span></code></span></dt><dd><p>Patch start x position.</p>\n</dd>\n<dt><strong>patch_position_y</strong><span class=\"classifier\"><a class=\"reference external\" href=\"https://docs.python.org/dev/library/functions.html#float\" title=\"(in Python v3.12)\"><code class=\"docutils literal notranslate\"><span class=\"pre\">float</span></code></a>, <code class=\"xref py py-obj docutils literal notranslate\"><span class=\"pre\">optional</span></code></span></dt><dd><p>Patch start y position. The default is <code class=\"docutils literal notranslate\"><span class=\"pre\">0.</span></code></p>\n</dd>\n<dt><strong>patch_name</strong><span class=\"classifier\"><a class=\"reference external\" href=\"https://docs.python.org/dev/library/stdtypes.html#str\" title=\"(in Python v3.12)\"><code class=\"docutils literal notranslate\"><span class=\"pre\">str</span></code></a>, <code class=\"xref py py-obj docutils literal notranslate\"><span class=\"pre\">optional</span></code></span></dt><dd><p>Patch name. The default is <code class=\"docutils literal notranslate\"><span class=\"pre\">None</span></code>.</p>\n</dd>\n<dt><strong>axis</strong><span class=\"classifier\"><a class=\"reference external\" href=\"https://docs.python.org/dev/library/stdtypes.html#str\" title=\"(in Python v3.12)\"><code class=\"docutils literal notranslate\"><span class=\"pre\">str</span></code></a>, <code class=\"xref py py-obj docutils literal notranslate\"><span class=\"pre\">optional</span></code></span></dt><dd><p>Line orientation axis. The default is <code class=\"docutils literal notranslate\"><span class=\"pre\">&quot;X&quot;</span></code>.</p>\n</dd>\n</dl>\n</dd>\n<dt class=\"field-even\">Returns<span class=\"colon\">:</span></dt>\n<dd class=\"field-even\"><dl class=\"simple\">\n<dt><a class=\"reference internal\" href=\"../pyaedt.modeler.stackup_3d.Patch/#pyaedt.modeler.stackup_3d.Patch\" title=\"pyaedt.modeler.stackup_3d.Patch\"><code class=\"xref py py-class docutils literal notranslate\"><span class=\"pre\">pyaedt.modeler.stackup_3d.Patch</span></code></a></dt><dd></dd>\n</dl>\n</dd>\n</dl>\n<p class=\"rubric\">Examples</p>\n<div class=\"doctest highlight-default notranslate\"><div class=\"highlight\"><pre><span></span><span class=\"gp\">&gt;&gt;&gt; </span><span class=\"kn\">from</span> <span class=\"nn\">pyaedt</span> <span class=\"kn\">import</span> <span class=\"n\">Hfss</span>\n<span class=\"gp\">&gt;&gt;&gt; </span><span class=\"kn\">from</span> <span class=\"nn\">pyaedt.modeler.stackup_3d</span> <span class=\"kn\">import</span> <span class=\"n\">Stackup3D</span>\n<span class=\"gp\">&gt;&gt;&gt; </span><span class=\"n\">hfss</span> <span class=\"o\">=</span> <span class=\"n\">Hfss</span><span class=\"p\">()</span>\n<span class=\"gp\">&gt;&gt;&gt; </span><span class=\"n\">my_stackup</span> <span class=\"o\">=</span> <span class=\"n\">Stackup3D</span><span class=\"p\">(</span><span class=\"n\">hfss</span><span class=\"p\">,</span> <span class=\"mf\">2.5e9</span><span class=\"p\">)</span>\n<span class=\"gp\">&gt;&gt;&gt; </span><span class=\"n\">gnd</span> <span class=\"o\">=</span> <span class=\"n\">my_stackup</span><span class=\"o\">.</span><span class=\"n\">add_ground_layer</span><span class=\"p\">(</span><span class=\"s2\">&quot;gnd&quot;</span><span class=\"p\">)</span>\n<span class=\"gp\">&gt;&gt;&gt; </span><span class=\"n\">my_stackup</span><span class=\"o\">.</span><span class=\"n\">add_dielectric_layer</span><span class=\"p\">(</span><span class=\"s2\">&quot;diel1&quot;</span><span class=\"p\">,</span> <span class=\"n\">thickness</span><span class=\"o\">=</span><span class=\"mf\">1.5</span><span class=\"p\">,</span> <span class=\"n\">material</span><span class=\"o\">=</span><span class=\"s2\">&quot;Duroid (tm)&quot;</span><span class=\"p\">)</span>\n<span class=\"gp\">&gt;&gt;&gt; </span><span class=\"n\">top</span> <span class=\"o\">=</span> <span class=\"n\">my_stackup</span><span class=\"o\">.</span><span class=\"n\">add_signal_layer</span><span class=\"p\">(</span><span class=\"s2\">&quot;top&quot;</span><span class=\"p\">)</span>\n<span class=\"gp\">&gt;&gt;&gt; </span><span class=\"n\">my_patch</span> <span class=\"o\">=</span> <span class=\"n\">top</span><span class=\"o\">.</span><span class=\"n\">add_patch</span><span class=\"p\">(</span><span class=\"n\">frequency</span><span class=\"o\">=</span><span class=\"kc\">None</span><span class=\"p\">,</span> <span class=\"n\">patch_width</span><span class=\"o\">=</span><span class=\"mi\">51</span><span class=\"p\">,</span> <span class=\"n\">patch_name</span><span class=\"o\">=</span><span class=\"s2\">&quot;MLPatch&quot;</span><span class=\"p\">)</span>\n<span class=\"gp\">&gt;&gt;&gt; </span><span class=\"n\">my_stackup</span><span class=\"o\">.</span><span class=\"n\">resize_around_element</span><span class=\"p\">(</span><span class=\"n\">my_patch</span><span class=\"p\">)</span>\n</pre></div>\n</div>\n</dd></dl>\n\n</section>\n", "metatags": "<meta name=\"generator\" content=\"Docutils 0.19: https://docutils.sourceforge.io/\" />\n", "rellinks": [["genindex", "General Index", "I", "index"], ["py-modindex", "Python Module Index", "", "modules"], ["API/_autosummary/pyaedt.modeler.stackup_3d.Layer3D.add_polygon", "add_polygon", "N", "next"], ["API/_autosummary/pyaedt.modeler.stackup_3d.Layer3D", "pyaedt.modeler.stackup_3d.Layer3D", "P", "previous"]], "sourcename": "API/_autosummary/pyaedt.modeler.stackup_3d.Layer3D.add_patch.rst.txt", "toc": "<ul>\n<li><a class=\"reference internal\" href=\"#\">add_patch</a><ul>\n<li><a class=\"reference internal\" href=\"#pyaedt.modeler.stackup_3d.Layer3D.add_patch\"><code class=\"docutils literal notranslate\"><span class=\"pre\">Layer3D.add_patch()</span></code></a></li>\n</ul>\n</li>\n</ul>\n", "display_toc": true, "page_source_suffix": ".rst", "current_page_name": "API/_autosummary/pyaedt.modeler.stackup_3d.Layer3D.add_patch", "sidebars": ["search-field.html", "sidebar-nav-bs.html"], "customsidebar": null, "favicon_url": null, "logo_url": null, "alabaster_version": "0.7.12", "theme_show_toc_level": 1, "theme_logo": {}}