{"parents": [{"link": "../../", "title": "API reference"}, {"link": "../../Common/", "title": "Desktop and common classes"}, {"link": "../../DesktopMessenger/", "title": "AEDT logger"}, {"link": "../pyaedt.aedt_logger.AedtLogger/", "title": "pyaedt.aedt_logger.AedtLogger"}], "prev": {"link": "../pyaedt.aedt_logger.AedtLogger.disable_desktop_log/", "title": "disable_desktop_log"}, "next": {"link": "../pyaedt.aedt_logger.AedtLogger.disable_stdout_log/", "title": "disable_stdout_log"}, "title": "disable_log_on_file", "meta": {}, "body": "<section id=\"disable-log-on-file\">\n<h1>disable_log_on_file<a class=\"headerlink\" href=\"#disable-log-on-file\" title=\"Permalink to this heading\">#</a></h1>\n<dl class=\"py method\">\n<dt class=\"sig sig-object py\" id=\"pyaedt.aedt_logger.AedtLogger.disable_log_on_file\">\n<span class=\"sig-prename descclassname\"><span class=\"pre\">AedtLogger.</span></span><span class=\"sig-name descname\"><span class=\"pre\">disable_log_on_file</span></span><span class=\"sig-paren\">(</span><span class=\"sig-paren\">)</span><a class=\"reference internal\" href=\"../../../_modules/pyaedt/aedt_logger/#AedtLogger.disable_log_on_file\"><span class=\"viewcode-link\"><span class=\"pre\">[source]</span></span></a><a class=\"headerlink\" href=\"#pyaedt.aedt_logger.AedtLogger.disable_log_on_file\" title=\"Permalink to this definition\">#</a></dt>\n<dd><p>Disable writing log messages to an output file.</p>\n</dd></dl>\n\n</section>\n", "metatags": "<meta name=\"generator\" content=\"Docutils 0.19: https://docutils.sourceforge.io/\" />\n", "rellinks": [["genindex", "General Index", "I", "index"], ["py-modindex", "Python Module Index", "", "modules"], ["API/_autosummary/pyaedt.aedt_logger.AedtLogger.disable_stdout_log", "disable_stdout_log", "N", "next"], ["API/_autosummary/pyaedt.aedt_logger.AedtLogger.disable_desktop_log", "disable_desktop_log", "P", "previous"]], "sourcename": "API/_autosummary/pyaedt.aedt_logger.AedtLogger.disable_log_on_file.rst.txt", "toc": "<ul>\n<li><a class=\"reference internal\" href=\"#\">disable_log_on_file</a><ul>\n<li><a class=\"reference internal\" href=\"#pyaedt.aedt_logger.AedtLogger.disable_log_on_file\"><code class=\"docutils literal notranslate\"><span class=\"pre\">AedtLogger.disable_log_on_file()</span></code></a></li>\n</ul>\n</li>\n</ul>\n", "display_toc": true, "page_source_suffix": ".rst", "current_page_name": "API/_autosummary/pyaedt.aedt_logger.AedtLogger.disable_log_on_file", "sidebars": ["search-field.html", "sidebar-nav-bs.html"], "customsidebar": null, "favicon_url": null, "logo_url": null, "alabaster_version": "0.7.12", "theme_show_toc_level": 1, "theme_logo": {}}