{"parents": [{"link": "../../", "title": "API reference"}, {"link": "../../CoreModules/", "title": "AEDT modules"}, {"link": "../pyaedt.application.Variables.Variable/", "title": "pyaedt.application.Variables.Variable"}], "prev": {"link": "../pyaedt.application.Variables.Variable.is_statistical_enabled/", "title": "is_statistical_enabled"}, "next": {"link": "../pyaedt.application.Variables.Variable.name/", "title": "name"}, "title": "is_tuning_enabled", "meta": {}, "body": "<section id=\"is-tuning-enabled\">\n<h1>is_tuning_enabled<a class=\"headerlink\" href=\"#is-tuning-enabled\" title=\"Permalink to this heading\">#</a></h1>\n<dl class=\"py property\">\n<dt class=\"sig sig-object py\" id=\"pyaedt.application.Variables.Variable.is_tuning_enabled\">\n<em class=\"property\"><span class=\"pre\">property</span><span class=\"w\"> </span></em><span class=\"sig-prename descclassname\"><span class=\"pre\">Variable.</span></span><span class=\"sig-name descname\"><span class=\"pre\">is_tuning_enabled</span></span><a class=\"headerlink\" href=\"#pyaedt.application.Variables.Variable.is_tuning_enabled\" title=\"Permalink to this definition\">#</a></dt>\n<dd><p>Check if tuning is enabled.</p>\n</dd></dl>\n\n</section>\n", "metatags": "<meta name=\"generator\" content=\"Docutils 0.19: https://docutils.sourceforge.io/\" />\n", "rellinks": [["genindex", "General Index", "I", "index"], ["py-modindex", "Python Module Index", "", "modules"], ["API/_autosummary/pyaedt.application.Variables.Variable.name", "name", "N", "next"], ["API/_autosummary/pyaedt.application.Variables.Variable.is_statistical_enabled", "is_statistical_enabled", "P", "previous"]], "sourcename": "API/_autosummary/pyaedt.application.Variables.Variable.is_tuning_enabled.rst.txt", "toc": "<ul>\n<li><a class=\"reference internal\" href=\"#\">is_tuning_enabled</a><ul>\n<li><a class=\"reference internal\" href=\"#pyaedt.application.Variables.Variable.is_tuning_enabled\"><code class=\"docutils literal notranslate\"><span class=\"pre\">Variable.is_tuning_enabled</span></code></a></li>\n</ul>\n</li>\n</ul>\n", "display_toc": true, "page_source_suffix": ".rst", "current_page_name": "API/_autosummary/pyaedt.application.Variables.Variable.is_tuning_enabled", "sidebars": ["search-field.html", "sidebar-nav-bs.html"], "customsidebar": null, "favicon_url": null, "logo_url": null, "alabaster_version": "0.7.12", "theme_show_toc_level": 1, "theme_logo": {}}