{"parents": [{"link": "../../", "title": "API reference"}, {"link": "../../CoreModules/", "title": "AEDT modules"}, {"link": "../pyaedt.application.Variables.Variable/", "title": "pyaedt.application.Variables.Variable"}], "prev": {"link": "../pyaedt.application.Variables.Variable.sensitivity_min_value/", "title": "sensitivity_min_value"}, "next": {"link": "../pyaedt.application.Variables.Variable.tuning_min_value/", "title": "tuning_min_value"}, "title": "tuning_max_value", "meta": {}, "body": "<section id=\"tuning-max-value\">\n<h1>tuning_max_value<a class=\"headerlink\" href=\"#tuning-max-value\" title=\"Permalink to this heading\">#</a></h1>\n<dl class=\"py property\">\n<dt class=\"sig sig-object py\" id=\"pyaedt.application.Variables.Variable.tuning_max_value\">\n<em class=\"property\"><span class=\"pre\">property</span><span class=\"w\"> </span></em><span class=\"sig-prename descclassname\"><span class=\"pre\">Variable.</span></span><span class=\"sig-name descname\"><span class=\"pre\">tuning_max_value</span></span><a class=\"headerlink\" href=\"#pyaedt.application.Variables.Variable.tuning_max_value\" title=\"Permalink to this definition\">#</a></dt>\n<dd><p>\u201cTuning max value.</p>\n</dd></dl>\n\n</section>\n", "metatags": "<meta name=\"generator\" content=\"Docutils 0.19: https://docutils.sourceforge.io/\" />\n", "rellinks": [["genindex", "General Index", "I", "index"], ["py-modindex", "Python Module Index", "", "modules"], ["API/_autosummary/pyaedt.application.Variables.Variable.tuning_min_value", "tuning_min_value", "N", "next"], ["API/_autosummary/pyaedt.application.Variables.Variable.sensitivity_min_value", "sensitivity_min_value", "P", "previous"]], "sourcename": "API/_autosummary/pyaedt.application.Variables.Variable.tuning_max_value.rst.txt", "toc": "<ul>\n<li><a class=\"reference internal\" href=\"#\">tuning_max_value</a><ul>\n<li><a class=\"reference internal\" href=\"#pyaedt.application.Variables.Variable.tuning_max_value\"><code class=\"docutils literal notranslate\"><span class=\"pre\">Variable.tuning_max_value</span></code></a></li>\n</ul>\n</li>\n</ul>\n", "display_toc": true, "page_source_suffix": ".rst", "current_page_name": "API/_autosummary/pyaedt.application.Variables.Variable.tuning_max_value", "sidebars": ["search-field.html", "sidebar-nav-bs.html"], "customsidebar": null, "favicon_url": null, "logo_url": null, "alabaster_version": "0.7.12", "theme_show_toc_level": 1, "theme_logo": {}}