{"parents": [{"link": "../../", "title": "API reference"}, {"link": "../../Post/", "title": "Postprocessing"}, {"link": "../pyaedt.modules.report_templates.Standard/", "title": "pyaedt.modules.report_templates.Standard"}], "prev": {"link": "../pyaedt.modules.report_templates.Standard.primary_sweep_range/", "title": "primary_sweep_range"}, "next": {"link": "../pyaedt.modules.report_templates.Standard.report_type/", "title": "report_type"}, "title": "report_category", "meta": {}, "body": "<section id=\"report-category\">\n<h1>report_category<a class=\"headerlink\" href=\"#report-category\" title=\"Permalink to this heading\">#</a></h1>\n<dl class=\"py property\">\n<dt class=\"sig sig-object py\" id=\"pyaedt.modules.report_templates.Standard.report_category\">\n<em class=\"property\"><span class=\"pre\">property</span><span class=\"w\"> </span></em><span class=\"sig-prename descclassname\"><span class=\"pre\">Standard.</span></span><span class=\"sig-name descname\"><span class=\"pre\">report_category</span></span><a class=\"headerlink\" href=\"#pyaedt.modules.report_templates.Standard.report_category\" title=\"Permalink to this definition\">#</a></dt>\n<dd><p>Report category.</p>\n<dl class=\"field-list simple\">\n<dt class=\"field-odd\">Returns<span class=\"colon\">:</span></dt>\n<dd class=\"field-odd\"><dl class=\"simple\">\n<dt><a class=\"reference external\" href=\"https://docs.python.org/dev/library/stdtypes.html#str\" title=\"(in Python v3.12)\"><code class=\"docutils literal notranslate\"><span class=\"pre\">str</span></code></a></dt><dd></dd>\n</dl>\n</dd>\n</dl>\n</dd></dl>\n\n</section>\n", "metatags": "<meta name=\"generator\" content=\"Docutils 0.19: https://docutils.sourceforge.io/\" />\n", "rellinks": [["genindex", "General Index", "I", "index"], ["py-modindex", "Python Module Index", "", "modules"], ["API/_autosummary/pyaedt.modules.report_templates.Standard.report_type", "report_type", "N", "next"], ["API/_autosummary/pyaedt.modules.report_templates.Standard.primary_sweep_range", "primary_sweep_range", "P", "previous"]], "sourcename": "API/_autosummary/pyaedt.modules.report_templates.Standard.report_category.rst.txt", "toc": "<ul>\n<li><a class=\"reference internal\" href=\"#\">report_category</a><ul>\n<li><a class=\"reference internal\" href=\"#pyaedt.modules.report_templates.Standard.report_category\"><code class=\"docutils literal notranslate\"><span class=\"pre\">Standard.report_category</span></code></a></li>\n</ul>\n</li>\n</ul>\n", "display_toc": true, "page_source_suffix": ".rst", "current_page_name": "API/_autosummary/pyaedt.modules.report_templates.Standard.report_category", "sidebars": ["search-field.html", "sidebar-nav-bs.html"], "customsidebar": null, "favicon_url": null, "logo_url": null, "alabaster_version": "0.7.12", "theme_show_toc_level": 1, "theme_logo": {}}