{"parents": [{"link": "../../", "title": "API reference"}, {"link": "../../Application/", "title": "AEDT apps"}, {"link": "../pyaedt.Maxwell2d/", "title": "pyaedt.Maxwell2d"}], "prev": {"link": "../pyaedt.Maxwell2d.export_mesh_stats/", "title": "export_mesh_stats"}, "next": {"link": "../pyaedt.Maxwell2d.export_profile/", "title": "export_profile"}, "title": "export_parametric_results", "meta": {}, "body": "<section id=\"export-parametric-results\">\n<h1>export_parametric_results<a class=\"headerlink\" href=\"#export-parametric-results\" title=\"Permalink to this heading\">#</a></h1>\n<dl class=\"py method\">\n<dt class=\"sig sig-object py\" id=\"pyaedt.Maxwell2d.export_parametric_results\">\n<span class=\"sig-prename descclassname\"><span class=\"pre\">Maxwell2d.</span></span><span class=\"sig-name descname\"><span class=\"pre\">export_parametric_results</span></span><span class=\"sig-paren\">(</span><em class=\"sig-param\"><span class=\"n\"><span class=\"pre\">sweepname</span></span></em>, <em class=\"sig-param\"><span class=\"n\"><span class=\"pre\">filename</span></span></em>, <em class=\"sig-param\"><span class=\"n\"><span class=\"pre\">exportunits</span></span><span class=\"o\"><span class=\"pre\">=</span></span><span class=\"default_value\"><span class=\"pre\">True</span></span></em><span class=\"sig-paren\">)</span><a class=\"headerlink\" href=\"#pyaedt.Maxwell2d.export_parametric_results\" title=\"Permalink to this definition\">#</a></dt>\n<dd><p>Export a list of all parametric variations solved for a sweep to a CSV file.</p>\n<dl class=\"field-list\">\n<dt class=\"field-odd\">Parameters<span class=\"colon\">:</span></dt>\n<dd class=\"field-odd\"><dl>\n<dt><strong>sweepname</strong><span class=\"classifier\"><a class=\"reference external\" href=\"https://docs.python.org/dev/library/stdtypes.html#str\" title=\"(in Python v3.12)\"><code class=\"docutils literal notranslate\"><span class=\"pre\">str</span></code></a></span></dt><dd><p>Name of the optimetrics sweep.</p>\n</dd>\n<dt><strong>filename</strong><span class=\"classifier\"><a class=\"reference external\" href=\"https://docs.python.org/dev/library/stdtypes.html#str\" title=\"(in Python v3.12)\"><code class=\"docutils literal notranslate\"><span class=\"pre\">str</span></code></a></span></dt><dd><p>Full path and name for the CSV file.</p>\n</dd>\n<dt><strong>exportunits</strong><span class=\"classifier\"><a class=\"reference external\" href=\"https://docs.python.org/dev/library/stdtypes.html#bltin-boolean-values\" title=\"(in Python v3.12)\"><span class=\"xref std std-ref\">bool</span></a>, <code class=\"xref py py-obj docutils literal notranslate\"><span class=\"pre\">optional</span></code></span></dt><dd><p>Whether to export units with the value. The default is <code class=\"docutils literal notranslate\"><span class=\"pre\">True</span></code>. When <code class=\"docutils literal notranslate\"><span class=\"pre\">False</span></code>,\nonly the value is exported.</p>\n</dd>\n</dl>\n</dd>\n<dt class=\"field-even\">Returns<span class=\"colon\">:</span></dt>\n<dd class=\"field-even\"><dl class=\"simple\">\n<dt><a class=\"reference external\" href=\"https://docs.python.org/dev/library/stdtypes.html#bltin-boolean-values\" title=\"(in Python v3.12)\"><span class=\"xref std std-ref\">bool</span></a></dt><dd><p><code class=\"docutils literal notranslate\"><span class=\"pre\">True</span></code> when successful, <code class=\"docutils literal notranslate\"><span class=\"pre\">False</span></code> when failed.</p>\n</dd>\n</dl>\n</dd>\n</dl>\n<p class=\"rubric\">References</p>\n<div class=\"doctest highlight-default notranslate\"><div class=\"highlight\"><pre><span></span><span class=\"gp\">&gt;&gt;&gt; </span><span class=\"n\">oModule</span><span class=\"o\">.</span><span class=\"n\">ExportParametricResults</span>\n</pre></div>\n</div>\n</dd></dl>\n\n</section>\n", "metatags": "<meta name=\"generator\" content=\"Docutils 0.19: https://docutils.sourceforge.io/\" />\n", "rellinks": [["genindex", "General Index", "I", "index"], ["py-modindex", "Python Module Index", "", "modules"], ["API/_autosummary/pyaedt.Maxwell2d.export_profile", "export_profile", "N", "next"], ["API/_autosummary/pyaedt.Maxwell2d.export_mesh_stats", "export_mesh_stats", "P", "previous"]], "sourcename": "API/_autosummary/pyaedt.Maxwell2d.export_parametric_results.rst.txt", "toc": "<ul>\n<li><a class=\"reference internal\" href=\"#\">export_parametric_results</a><ul>\n<li><a class=\"reference internal\" href=\"#pyaedt.Maxwell2d.export_parametric_results\"><code class=\"docutils literal notranslate\"><span class=\"pre\">Maxwell2d.export_parametric_results()</span></code></a></li>\n</ul>\n</li>\n</ul>\n", "display_toc": true, "page_source_suffix": ".rst", "current_page_name": "API/_autosummary/pyaedt.Maxwell2d.export_parametric_results", "sidebars": ["search-field.html", "sidebar-nav-bs.html"], "customsidebar": null, "favicon_url": null, "logo_url": null, "alabaster_version": "0.7.12", "theme_show_toc_level": 1, "theme_logo": {}}