{"parents": [{"link": "../../", "title": "API reference"}, {"link": "../../Primitives/", "title": "Modeler and  primitives"}, {"link": "../pyaedt.modeler.Model3D.Modeler3D/", "title": "pyaedt.modeler.Model3D.Modeler3D"}], "prev": {"link": "../pyaedt.modeler.Model3D.Modeler3D.line_objects/", "title": "line_objects"}, "next": {"link": "../pyaedt.modeler.Model3D.Modeler3D.materials/", "title": "materials"}, "title": "logger", "meta": {}, "body": "<section id=\"logger\">\n<h1>logger<a class=\"headerlink\" href=\"#logger\" title=\"Permalink to this heading\">#</a></h1>\n<dl class=\"py property\">\n<dt class=\"sig sig-object py\" id=\"pyaedt.modeler.Model3D.Modeler3D.logger\">\n<em class=\"property\"><span class=\"pre\">property</span><span class=\"w\"> </span></em><span class=\"sig-prename descclassname\"><span class=\"pre\">Modeler3D.</span></span><span class=\"sig-name descname\"><span class=\"pre\">logger</span></span><a class=\"headerlink\" href=\"#pyaedt.modeler.Model3D.Modeler3D.logger\" title=\"Permalink to this definition\">#</a></dt>\n<dd><p>Logger.</p>\n</dd></dl>\n\n</section>\n", "metatags": "<meta name=\"generator\" content=\"Docutils 0.19: https://docutils.sourceforge.io/\" />\n", "rellinks": [["genindex", "General Index", "I", "index"], ["py-modindex", "Python Module Index", "", "modules"], ["API/_autosummary/pyaedt.modeler.Model3D.Modeler3D.materials", "materials", "N", "next"], ["API/_autosummary/pyaedt.modeler.Model3D.Modeler3D.line_objects", "line_objects", "P", "previous"]], "sourcename": "API/_autosummary/pyaedt.modeler.Model3D.Modeler3D.logger.rst.txt", "toc": "<ul>\n<li><a class=\"reference internal\" href=\"#\">logger</a><ul>\n<li><a class=\"reference internal\" href=\"#pyaedt.modeler.Model3D.Modeler3D.logger\"><code class=\"docutils literal notranslate\"><span class=\"pre\">Modeler3D.logger</span></code></a></li>\n</ul>\n</li>\n</ul>\n", "display_toc": true, "page_source_suffix": ".rst", "current_page_name": "API/_autosummary/pyaedt.modeler.Model3D.Modeler3D.logger", "sidebars": ["search-field.html", "sidebar-nav-bs.html"], "customsidebar": null, "favicon_url": null, "logo_url": null, "alabaster_version": "0.7.12", "theme_show_toc_level": 1, "theme_logo": {}}