{"parents": [{"link": "../../", "title": "API reference"}, {"link": "../../CoreEdb/", "title": "EDB editor"}, {"link": "../pyaedt.edb_core.hfss.EdbHfss/", "title": "pyaedt.edb_core.hfss.EdbHfss"}], "prev": {"link": "../pyaedt.edb_core.hfss.EdbHfss.create_circuit_port_on_net/", "title": "create_circuit_port_on_net"}, "next": {"link": "../pyaedt.edb_core.hfss.EdbHfss.create_circuit_ports_on_components_no_pin_group/", "title": "create_circuit_ports_on_components_no_pin_group"}, "title": "create_circuit_port_on_pin", "meta": {}, "body": "<section id=\"create-circuit-port-on-pin\">\n<h1>create_circuit_port_on_pin<a class=\"headerlink\" href=\"#create-circuit-port-on-pin\" title=\"Permalink to this heading\">#</a></h1>\n<dl class=\"py method\">\n<dt class=\"sig sig-object py\" id=\"pyaedt.edb_core.hfss.EdbHfss.create_circuit_port_on_pin\">\n<span class=\"sig-prename descclassname\"><span class=\"pre\">EdbHfss.</span></span><span class=\"sig-name descname\"><span class=\"pre\">create_circuit_port_on_pin</span></span><span class=\"sig-paren\">(</span><em class=\"sig-param\"><span class=\"n\"><span class=\"pre\">pos_pin</span></span></em>, <em class=\"sig-param\"><span class=\"n\"><span class=\"pre\">neg_pin</span></span></em>, <em class=\"sig-param\"><span class=\"n\"><span class=\"pre\">impedance</span></span><span class=\"o\"><span class=\"pre\">=</span></span><span class=\"default_value\"><span class=\"pre\">50</span></span></em>, <em class=\"sig-param\"><span class=\"n\"><span class=\"pre\">port_name</span></span><span class=\"o\"><span class=\"pre\">=</span></span><span class=\"default_value\"><span class=\"pre\">None</span></span></em><span class=\"sig-paren\">)</span><a class=\"reference internal\" href=\"../../../_modules/pyaedt/edb_core/hfss/#EdbHfss.create_circuit_port_on_pin\"><span class=\"viewcode-link\"><span class=\"pre\">[source]</span></span></a><a class=\"headerlink\" href=\"#pyaedt.edb_core.hfss.EdbHfss.create_circuit_port_on_pin\" title=\"Permalink to this definition\">#</a></dt>\n<dd><p>Create Circuit Port on Pin.</p>\n<dl class=\"field-list\">\n<dt class=\"field-odd\">Parameters<span class=\"colon\">:</span></dt>\n<dd class=\"field-odd\"><dl>\n<dt><strong>pos_pin</strong><span class=\"classifier\"><code class=\"xref py py-obj docutils literal notranslate\"><span class=\"pre\">Object</span></code></span></dt><dd><p>Edb Pin</p>\n</dd>\n<dt><strong>neg_pin</strong><span class=\"classifier\"><code class=\"xref py py-obj docutils literal notranslate\"><span class=\"pre\">Object</span></code></span></dt><dd><p>Edb Pin</p>\n</dd>\n<dt><strong>impedance</strong><span class=\"classifier\"><a class=\"reference external\" href=\"https://docs.python.org/dev/library/functions.html#float\" title=\"(in Python v3.12)\"><code class=\"docutils literal notranslate\"><span class=\"pre\">float</span></code></a></span></dt><dd><p>Port Impedance</p>\n</dd>\n<dt><strong>port_name</strong><span class=\"classifier\"><a class=\"reference external\" href=\"https://docs.python.org/dev/library/stdtypes.html#str\" title=\"(in Python v3.12)\"><code class=\"docutils literal notranslate\"><span class=\"pre\">str</span></code></a>, <code class=\"xref py py-obj docutils literal notranslate\"><span class=\"pre\">optional</span></code></span></dt><dd><p>Port Name</p>\n</dd>\n<dt><strong>&gt;&gt;&gt; from pyaedt import Edb</strong></dt><dd></dd>\n<dt><strong>&gt;&gt;&gt; edbapp = Edb(\u201cmyaedbfolder\u201d, \u201cproject name\u201d, \u201crelease version\u201d)</strong></dt><dd></dd>\n<dt><strong>&gt;&gt;&gt; pins =edbapp.core_components.get_pin_from_component(\u201cU2A5\u201d)</strong></dt><dd></dd>\n<dt><strong>&gt;&gt;&gt; edbapp.core_hfss.create_circuit_port_on_pin(pins[0], pins[1],50,\u201dport_name\u201d)</strong></dt><dd></dd>\n</dl>\n</dd>\n<dt class=\"field-even\">Returns<span class=\"colon\">:</span></dt>\n<dd class=\"field-even\"><dl class=\"simple\">\n<dt><a class=\"reference external\" href=\"https://docs.python.org/dev/library/stdtypes.html#str\" title=\"(in Python v3.12)\"><code class=\"docutils literal notranslate\"><span class=\"pre\">str</span></code></a></dt><dd><p>Port Name.</p>\n</dd>\n</dl>\n</dd>\n</dl>\n</dd></dl>\n\n</section>\n", "metatags": "<meta name=\"generator\" content=\"Docutils 0.19: https://docutils.sourceforge.io/\" />\n", "rellinks": [["genindex", "General Index", "I", "index"], ["py-modindex", "Python Module Index", "", "modules"], ["API/_autosummary/pyaedt.edb_core.hfss.EdbHfss.create_circuit_ports_on_components_no_pin_group", "create_circuit_ports_on_components_no_pin_group", "N", "next"], ["API/_autosummary/pyaedt.edb_core.hfss.EdbHfss.create_circuit_port_on_net", "create_circuit_port_on_net", "P", "previous"]], "sourcename": "API/_autosummary/pyaedt.edb_core.hfss.EdbHfss.create_circuit_port_on_pin.rst.txt", "toc": "<ul>\n<li><a class=\"reference internal\" href=\"#\">create_circuit_port_on_pin</a><ul>\n<li><a class=\"reference internal\" href=\"#pyaedt.edb_core.hfss.EdbHfss.create_circuit_port_on_pin\"><code class=\"docutils literal notranslate\"><span class=\"pre\">EdbHfss.create_circuit_port_on_pin()</span></code></a></li>\n</ul>\n</li>\n</ul>\n", "display_toc": true, "page_source_suffix": ".rst", "current_page_name": "API/_autosummary/pyaedt.edb_core.hfss.EdbHfss.create_circuit_port_on_pin", "sidebars": ["search-field.html", "sidebar-nav-bs.html"], "customsidebar": null, "favicon_url": null, "logo_url": null, "alabaster_version": "0.7.12", "theme_show_toc_level": 1, "theme_logo": {}}