{"parents": [{"link": "../../", "title": "API reference"}, {"link": "../../Post/", "title": "Postprocessing"}, {"link": "../pyaedt.modules.AdvancedPostProcessing.ModelPlotter/", "title": "pyaedt.modules.AdvancedPostProcessing.ModelPlotter"}], "prev": {"link": "../pyaedt.modules.AdvancedPostProcessing.ModelPlotter.camera_position/", "title": "camera_position"}, "next": {"link": "../pyaedt.modules.AdvancedPostProcessing.ModelPlotter.fields/", "title": "fields"}, "title": "elevation_angle", "meta": {}, "body": "<section id=\"elevation-angle\">\n<h1>elevation_angle<a class=\"headerlink\" href=\"#elevation-angle\" title=\"Permalink to this heading\">#</a></h1>\n<dl class=\"py property\">\n<dt class=\"sig sig-object py\" id=\"pyaedt.modules.AdvancedPostProcessing.ModelPlotter.elevation_angle\">\n<em class=\"property\"><span class=\"pre\">property</span><span class=\"w\"> </span></em><span class=\"sig-prename descclassname\"><span class=\"pre\">ModelPlotter.</span></span><span class=\"sig-name descname\"><span class=\"pre\">elevation_angle</span></span><a class=\"headerlink\" href=\"#pyaedt.modules.AdvancedPostProcessing.ModelPlotter.elevation_angle\" title=\"Permalink to this definition\">#</a></dt>\n<dd><p>Get/Set the elevation angle value. It disables the default iso view.</p>\n<dl class=\"field-list\">\n<dt class=\"field-odd\">Parameters<span class=\"colon\">:</span></dt>\n<dd class=\"field-odd\"><dl>\n<dt><strong>value</strong><span class=\"classifier\"><a class=\"reference external\" href=\"https://docs.python.org/dev/library/functions.html#float\" title=\"(in Python v3.12)\"><code class=\"docutils literal notranslate\"><span class=\"pre\">float</span></code></a></span></dt><dd><p>Value of elevation angle in degrees.</p>\n</dd>\n</dl>\n</dd>\n<dt class=\"field-even\">Returns<span class=\"colon\">:</span></dt>\n<dd class=\"field-even\"><dl class=\"simple\">\n<dt><a class=\"reference external\" href=\"https://docs.python.org/dev/library/functions.html#float\" title=\"(in Python v3.12)\"><code class=\"docutils literal notranslate\"><span class=\"pre\">float</span></code></a></dt><dd></dd>\n</dl>\n</dd>\n</dl>\n</dd></dl>\n\n</section>\n", "metatags": "<meta name=\"generator\" content=\"Docutils 0.19: https://docutils.sourceforge.io/\" />\n", "rellinks": [["genindex", "General Index", "I", "index"], ["py-modindex", "Python Module Index", "", "modules"], ["API/_autosummary/pyaedt.modules.AdvancedPostProcessing.ModelPlotter.fields", "fields", "N", "next"], ["API/_autosummary/pyaedt.modules.AdvancedPostProcessing.ModelPlotter.camera_position", "camera_position", "P", "previous"]], "sourcename": "API/_autosummary/pyaedt.modules.AdvancedPostProcessing.ModelPlotter.elevation_angle.rst.txt", "toc": "<ul>\n<li><a class=\"reference internal\" href=\"#\">elevation_angle</a><ul>\n<li><a class=\"reference internal\" href=\"#pyaedt.modules.AdvancedPostProcessing.ModelPlotter.elevation_angle\"><code class=\"docutils literal notranslate\"><span class=\"pre\">ModelPlotter.elevation_angle</span></code></a></li>\n</ul>\n</li>\n</ul>\n", "display_toc": true, "page_source_suffix": ".rst", "current_page_name": "API/_autosummary/pyaedt.modules.AdvancedPostProcessing.ModelPlotter.elevation_angle", "sidebars": ["search-field.html", "sidebar-nav-bs.html"], "customsidebar": null, "favicon_url": null, "logo_url": null, "alabaster_version": "0.7.12", "theme_show_toc_level": 1, "theme_logo": {}}