{"parents": [{"link": "../../", "title": "API reference"}, {"link": "../../Primitives/", "title": "Modeler and  primitives"}, {"link": "../pyaedt.modeler.object3dlayout.Pins3DLayout/", "title": "pyaedt.modeler.object3dlayout.Pins3DLayout"}], "prev": {"link": "../pyaedt.modeler.object3dlayout.Pins3DLayout.change_property/", "title": "change_property"}, "next": {"link": "../pyaedt.modeler.object3dlayout.Pins3DLayout.angle/", "title": "angle"}, "title": "set_property_value", "meta": {}, "body": "<section id=\"set-property-value\">\n<h1>set_property_value<a class=\"headerlink\" href=\"#set-property-value\" title=\"Permalink to this heading\">#</a></h1>\n<dl class=\"py method\">\n<dt class=\"sig sig-object py\" id=\"pyaedt.modeler.object3dlayout.Pins3DLayout.set_property_value\">\n<span class=\"sig-prename descclassname\"><span class=\"pre\">Pins3DLayout.</span></span><span class=\"sig-name descname\"><span class=\"pre\">set_property_value</span></span><span class=\"sig-paren\">(</span><em class=\"sig-param\"><span class=\"n\"><span class=\"pre\">property_name</span></span></em>, <em class=\"sig-param\"><span class=\"n\"><span class=\"pre\">property_value</span></span></em><span class=\"sig-paren\">)</span><a class=\"headerlink\" href=\"#pyaedt.modeler.object3dlayout.Pins3DLayout.set_property_value\" title=\"Permalink to this definition\">#</a></dt>\n<dd><p>Set a property value.</p>\n<dl class=\"field-list\">\n<dt class=\"field-odd\">Parameters<span class=\"colon\">:</span></dt>\n<dd class=\"field-odd\"><dl>\n<dt><strong>property_name</strong><span class=\"classifier\"><a class=\"reference external\" href=\"https://docs.python.org/dev/library/stdtypes.html#str\" title=\"(in Python v3.12)\"><code class=\"docutils literal notranslate\"><span class=\"pre\">str</span></code></a></span></dt><dd><p>Name of the property.</p>\n</dd>\n<dt><strong>property_value</strong></dt><dd><p>Value of the property.</p>\n</dd>\n</dl>\n</dd>\n<dt class=\"field-even\">Returns<span class=\"colon\">:</span></dt>\n<dd class=\"field-even\"><dl class=\"simple\">\n<dt><a class=\"reference external\" href=\"https://docs.python.org/dev/library/stdtypes.html#bltin-boolean-values\" title=\"(in Python v3.12)\"><span class=\"xref std std-ref\">bool</span></a></dt><dd><p><code class=\"docutils literal notranslate\"><span class=\"pre\">True</span></code> when successful, <code class=\"docutils literal notranslate\"><span class=\"pre\">False</span></code> when failed.</p>\n</dd>\n</dl>\n</dd>\n</dl>\n<p class=\"rubric\">References</p>\n<div class=\"doctest highlight-default notranslate\"><div class=\"highlight\"><pre><span></span><span class=\"gp\">&gt;&gt;&gt; </span><span class=\"n\">oEditor</span><span class=\"o\">.</span><span class=\"n\">ChangeProperty</span>\n</pre></div>\n</div>\n</dd></dl>\n\n</section>\n", "metatags": "<meta name=\"generator\" content=\"Docutils 0.19: https://docutils.sourceforge.io/\" />\n", "rellinks": [["genindex", "General Index", "I", "index"], ["py-modindex", "Python Module Index", "", "modules"], ["API/_autosummary/pyaedt.modeler.object3dlayout.Pins3DLayout.angle", "angle", "N", "next"], ["API/_autosummary/pyaedt.modeler.object3dlayout.Pins3DLayout.change_property", "change_property", "P", "previous"]], "sourcename": "API/_autosummary/pyaedt.modeler.object3dlayout.Pins3DLayout.set_property_value.rst.txt", "toc": "<ul>\n<li><a class=\"reference internal\" href=\"#\">set_property_value</a><ul>\n<li><a class=\"reference internal\" href=\"#pyaedt.modeler.object3dlayout.Pins3DLayout.set_property_value\"><code class=\"docutils literal notranslate\"><span class=\"pre\">Pins3DLayout.set_property_value()</span></code></a></li>\n</ul>\n</li>\n</ul>\n", "display_toc": true, "page_source_suffix": ".rst", "current_page_name": "API/_autosummary/pyaedt.modeler.object3dlayout.Pins3DLayout.set_property_value", "sidebars": ["search-field.html", "sidebar-nav-bs.html"], "customsidebar": null, "favicon_url": null, "logo_url": null, "alabaster_version": "0.7.12", "theme_show_toc_level": 1, "theme_logo": {}}