{"parents": [{"link": "../../", "title": "API reference"}, {"link": "../../Post/", "title": "Postprocessing"}, {"link": "../pyaedt.modules.solutions.SolutionData/", "title": "pyaedt.modules.solutions.SolutionData"}], "prev": {"link": "../pyaedt.modules.solutions.SolutionData.data_db20/", "title": "data_db20"}, "next": {"link": "../pyaedt.modules.solutions.SolutionData.data_magnitude/", "title": "data_magnitude"}, "title": "data_imag", "meta": {}, "body": "<section id=\"data-imag\">\n<h1>data_imag<a class=\"headerlink\" href=\"#data-imag\" title=\"Permalink to this heading\">#</a></h1>\n<dl class=\"py method\">\n<dt class=\"sig sig-object py\" id=\"pyaedt.modules.solutions.SolutionData.data_imag\">\n<span class=\"sig-prename descclassname\"><span class=\"pre\">SolutionData.</span></span><span class=\"sig-name descname\"><span class=\"pre\">data_imag</span></span><span class=\"sig-paren\">(</span><em class=\"sig-param\"><span class=\"n\"><span class=\"pre\">expression</span></span><span class=\"o\"><span class=\"pre\">=</span></span><span class=\"default_value\"><span class=\"pre\">None</span></span></em>, <em class=\"sig-param\"><span class=\"n\"><span class=\"pre\">convert_to_SI</span></span><span class=\"o\"><span class=\"pre\">=</span></span><span class=\"default_value\"><span class=\"pre\">False</span></span></em><span class=\"sig-paren\">)</span><a class=\"reference internal\" href=\"../../../_modules/pyaedt/modules/solutions/#SolutionData.data_imag\"><span class=\"viewcode-link\"><span class=\"pre\">[source]</span></span></a><a class=\"headerlink\" href=\"#pyaedt.modules.solutions.SolutionData.data_imag\" title=\"Permalink to this definition\">#</a></dt>\n<dd><p>Retrieve the imaginary part of the data for an expression.</p>\n<dl class=\"field-list\">\n<dt class=\"field-odd\">Parameters<span class=\"colon\">:</span></dt>\n<dd class=\"field-odd\"><dl>\n<dt><strong>expression</strong><span class=\"classifier\"><a class=\"reference external\" href=\"https://docs.python.org/dev/library/stdtypes.html#str\" title=\"(in Python v3.12)\"><code class=\"docutils literal notranslate\"><span class=\"pre\">str</span></code></a>, <code class=\"xref py py-obj docutils literal notranslate\"><span class=\"pre\">optional</span></code></span></dt><dd><p>Name of the expression. The default is <code class=\"docutils literal notranslate\"><span class=\"pre\">None</span></code>,\nin which case the active expression is used.</p>\n</dd>\n<dt><strong>convert_to_SI</strong><span class=\"classifier\"><a class=\"reference external\" href=\"https://docs.python.org/dev/library/stdtypes.html#bltin-boolean-values\" title=\"(in Python v3.12)\"><span class=\"xref std std-ref\">bool</span></a>, <code class=\"xref py py-obj docutils literal notranslate\"><span class=\"pre\">optional</span></code></span></dt><dd><p>Whether to convert the data to the SI unit system.\nThe default is <code class=\"docutils literal notranslate\"><span class=\"pre\">False</span></code>.</p>\n</dd>\n</dl>\n</dd>\n<dt class=\"field-even\">Returns<span class=\"colon\">:</span></dt>\n<dd class=\"field-even\"><dl class=\"simple\">\n<dt><a class=\"reference external\" href=\"https://docs.python.org/dev/library/stdtypes.html#list\" title=\"(in Python v3.12)\"><code class=\"docutils literal notranslate\"><span class=\"pre\">list</span></code></a></dt><dd><p>List of the imaginary data for the expression.</p>\n</dd>\n</dl>\n</dd>\n</dl>\n</dd></dl>\n\n</section>\n", "metatags": "<meta name=\"generator\" content=\"Docutils 0.19: https://docutils.sourceforge.io/\" />\n", "rellinks": [["genindex", "General Index", "I", "index"], ["py-modindex", "Python Module Index", "", "modules"], ["API/_autosummary/pyaedt.modules.solutions.SolutionData.data_magnitude", "data_magnitude", "N", "next"], ["API/_autosummary/pyaedt.modules.solutions.SolutionData.data_db20", "data_db20", "P", "previous"]], "sourcename": "API/_autosummary/pyaedt.modules.solutions.SolutionData.data_imag.rst.txt", "toc": "<ul>\n<li><a class=\"reference internal\" href=\"#\">data_imag</a><ul>\n<li><a class=\"reference internal\" href=\"#pyaedt.modules.solutions.SolutionData.data_imag\"><code class=\"docutils literal notranslate\"><span class=\"pre\">SolutionData.data_imag()</span></code></a></li>\n</ul>\n</li>\n</ul>\n", "display_toc": true, "page_source_suffix": ".rst", "current_page_name": "API/_autosummary/pyaedt.modules.solutions.SolutionData.data_imag", "sidebars": ["search-field.html", "sidebar-nav-bs.html"], "customsidebar": null, "favicon_url": null, "logo_url": null, "alabaster_version": "0.7.12", "theme_show_toc_level": 1, "theme_logo": {}}