{"parents": [{"link": "../../", "title": "API reference"}, {"link": "../../Primitives/", "title": "Modeler and  primitives"}, {"link": "../pyaedt.modeler.PrimitivesNexxim.NexximComponents/", "title": "pyaedt.modeler.PrimitivesNexxim.NexximComponents"}], "prev": {"link": "../pyaedt.modeler.PrimitivesNexxim.NexximComponents.create_interface_port/", "title": "create_interface_port"}, "next": {"link": "../pyaedt.modeler.PrimitivesNexxim.NexximComponents.create_line/", "title": "create_line"}, "title": "create_iport", "meta": {}, "body": "<section id=\"create-iport\">\n<h1>create_iport<a class=\"headerlink\" href=\"#create-iport\" title=\"Permalink to this heading\">#</a></h1>\n<dl class=\"py method\">\n<dt class=\"sig sig-object py\" id=\"pyaedt.modeler.PrimitivesNexxim.NexximComponents.create_iport\">\n<span class=\"sig-prename descclassname\"><span class=\"pre\">NexximComponents.</span></span><span class=\"sig-name descname\"><span class=\"pre\">create_iport</span></span><span class=\"sig-paren\">(</span><em class=\"sig-param\"><span class=\"n\"><span class=\"pre\">name</span></span></em>, <em class=\"sig-param\"><span class=\"n\"><span class=\"pre\">posx</span></span><span class=\"o\"><span class=\"pre\">=</span></span><span class=\"default_value\"><span class=\"pre\">0.1</span></span></em>, <em class=\"sig-param\"><span class=\"n\"><span class=\"pre\">posy</span></span><span class=\"o\"><span class=\"pre\">=</span></span><span class=\"default_value\"><span class=\"pre\">0.1</span></span></em>, <em class=\"sig-param\"><span class=\"n\"><span class=\"pre\">angle</span></span><span class=\"o\"><span class=\"pre\">=</span></span><span class=\"default_value\"><span class=\"pre\">0</span></span></em><span class=\"sig-paren\">)</span><a class=\"headerlink\" href=\"#pyaedt.modeler.PrimitivesNexxim.NexximComponents.create_iport\" title=\"Permalink to this definition\">#</a></dt>\n<dd><p>Create an interface port.</p>\n<div class=\"deprecated\">\n<p><span class=\"versionmodified deprecated\">Deprecated since version 0.4.0: </span>Use <code class=\"xref py py-func docutils literal notranslate\"><span class=\"pre\">Circuit.modeler.schematic.create_interface_port()</span></code> instead.</p>\n</div>\n</dd></dl>\n\n</section>\n", "metatags": "<meta name=\"generator\" content=\"Docutils 0.19: https://docutils.sourceforge.io/\" />\n", "rellinks": [["genindex", "General Index", "I", "index"], ["py-modindex", "Python Module Index", "", "modules"], ["API/_autosummary/pyaedt.modeler.PrimitivesNexxim.NexximComponents.create_line", "create_line", "N", "next"], ["API/_autosummary/pyaedt.modeler.PrimitivesNexxim.NexximComponents.create_interface_port", "create_interface_port", "P", "previous"]], "sourcename": "API/_autosummary/pyaedt.modeler.PrimitivesNexxim.NexximComponents.create_iport.rst.txt", "toc": "<ul>\n<li><a class=\"reference internal\" href=\"#\">create_iport</a><ul>\n<li><a class=\"reference internal\" href=\"#pyaedt.modeler.PrimitivesNexxim.NexximComponents.create_iport\"><code class=\"docutils literal notranslate\"><span class=\"pre\">NexximComponents.create_iport()</span></code></a></li>\n</ul>\n</li>\n</ul>\n", "display_toc": true, "page_source_suffix": ".rst", "current_page_name": "API/_autosummary/pyaedt.modeler.PrimitivesNexxim.NexximComponents.create_iport", "sidebars": ["search-field.html", "sidebar-nav-bs.html"], "customsidebar": null, "favicon_url": null, "logo_url": null, "alabaster_version": "0.7.12", "theme_show_toc_level": 1, "theme_logo": {}}