{"parents": [{"link": "../../", "title": "API reference"}, {"link": "../../Common/", "title": "Desktop and common classes"}, {"link": "../../Stackup3D/", "title": "Stackup 3D components"}, {"link": "../pyaedt.modeler.stackup_3d.NamedVariable/", "title": "pyaedt.modeler.stackup_3d.NamedVariable"}], "prev": {"link": "../pyaedt.modeler.stackup_3d.NamedVariable/", "title": "pyaedt.modeler.stackup_3d.NamedVariable"}, "next": {"link": "../pyaedt.modeler.stackup_3d.NamedVariable.read_only_variable/", "title": "read_only_variable"}, "title": "hide_variable", "meta": {}, "body": "<section id=\"hide-variable\">\n<h1>hide_variable<a class=\"headerlink\" href=\"#hide-variable\" title=\"Permalink to this heading\">#</a></h1>\n<dl class=\"py method\">\n<dt class=\"sig sig-object py\" id=\"pyaedt.modeler.stackup_3d.NamedVariable.hide_variable\">\n<span class=\"sig-prename descclassname\"><span class=\"pre\">NamedVariable.</span></span><span class=\"sig-name descname\"><span class=\"pre\">hide_variable</span></span><span class=\"sig-paren\">(</span><em class=\"sig-param\"><span class=\"n\"><span class=\"pre\">value</span></span><span class=\"o\"><span class=\"pre\">=</span></span><span class=\"default_value\"><span class=\"pre\">True</span></span></em><span class=\"sig-paren\">)</span><a class=\"reference internal\" href=\"../../../_modules/pyaedt/modeler/stackup_3d/#NamedVariable.hide_variable\"><span class=\"viewcode-link\"><span class=\"pre\">[source]</span></span></a><a class=\"headerlink\" href=\"#pyaedt.modeler.stackup_3d.NamedVariable.hide_variable\" title=\"Permalink to this definition\">#</a></dt>\n<dd><p>Set the variable to a hidden variable.</p>\n<dl class=\"field-list\">\n<dt class=\"field-odd\">Parameters<span class=\"colon\">:</span></dt>\n<dd class=\"field-odd\"><dl>\n<dt><strong>value</strong><span class=\"classifier\"><a class=\"reference external\" href=\"https://docs.python.org/dev/library/stdtypes.html#bltin-boolean-values\" title=\"(in Python v3.12)\"><span class=\"xref std std-ref\">bool</span></a>, <code class=\"xref py py-obj docutils literal notranslate\"><span class=\"pre\">optional</span></code></span></dt><dd><p>Whether the variable is a hidden variable. The default is <code class=\"docutils literal notranslate\"><span class=\"pre\">True</span></code>.</p>\n</dd>\n</dl>\n</dd>\n<dt class=\"field-even\">Returns<span class=\"colon\">:</span></dt>\n<dd class=\"field-even\"><dl class=\"simple\">\n<dt><a class=\"reference external\" href=\"https://docs.python.org/dev/library/stdtypes.html#bltin-boolean-values\" title=\"(in Python v3.12)\"><span class=\"xref std std-ref\">bool</span></a></dt><dd></dd>\n</dl>\n</dd>\n</dl>\n</dd></dl>\n\n</section>\n", "metatags": "<meta name=\"generator\" content=\"Docutils 0.19: https://docutils.sourceforge.io/\" />\n", "rellinks": [["genindex", "General Index", "I", "index"], ["py-modindex", "Python Module Index", "", "modules"], ["API/_autosummary/pyaedt.modeler.stackup_3d.NamedVariable.read_only_variable", "read_only_variable", "N", "next"], ["API/_autosummary/pyaedt.modeler.stackup_3d.NamedVariable", "pyaedt.modeler.stackup_3d.NamedVariable", "P", "previous"]], "sourcename": "API/_autosummary/pyaedt.modeler.stackup_3d.NamedVariable.hide_variable.rst.txt", "toc": "<ul>\n<li><a class=\"reference internal\" href=\"#\">hide_variable</a><ul>\n<li><a class=\"reference internal\" href=\"#pyaedt.modeler.stackup_3d.NamedVariable.hide_variable\"><code class=\"docutils literal notranslate\"><span class=\"pre\">NamedVariable.hide_variable()</span></code></a></li>\n</ul>\n</li>\n</ul>\n", "display_toc": true, "page_source_suffix": ".rst", "current_page_name": "API/_autosummary/pyaedt.modeler.stackup_3d.NamedVariable.hide_variable", "sidebars": ["search-field.html", "sidebar-nav-bs.html"], "customsidebar": null, "favicon_url": null, "logo_url": null, "alabaster_version": "0.7.12", "theme_show_toc_level": 1, "theme_logo": {}}