{"parents": [{"link": "../../", "title": "API reference"}, {"link": "../../Primitives/", "title": "Modeler and  primitives"}, {"link": "../pyaedt.modeler.Primitives.Polyline/", "title": "pyaedt.modeler.Primitives.Polyline"}], "prev": {"link": "../pyaedt.modeler.Primitives.Polyline.section/", "title": "section"}, "next": {"link": "../pyaedt.modeler.Primitives.Polyline.shortest_edge/", "title": "shortest_edge"}, "title": "set_crosssection_properties", "meta": {}, "body": "<section id=\"set-crosssection-properties\">\n<h1>set_crosssection_properties<a class=\"headerlink\" href=\"#set-crosssection-properties\" title=\"Permalink to this heading\">#</a></h1>\n<dl class=\"py method\">\n<dt class=\"sig sig-object py\" id=\"pyaedt.modeler.Primitives.Polyline.set_crosssection_properties\">\n<span class=\"sig-prename descclassname\"><span class=\"pre\">Polyline.</span></span><span class=\"sig-name descname\"><span class=\"pre\">set_crosssection_properties</span></span><span class=\"sig-paren\">(</span><em class=\"sig-param\"><span class=\"n\"><span class=\"pre\">type</span></span><span class=\"o\"><span class=\"pre\">=</span></span><span class=\"default_value\"><span class=\"pre\">None</span></span></em>, <em class=\"sig-param\"><span class=\"n\"><span class=\"pre\">orient</span></span><span class=\"o\"><span class=\"pre\">=</span></span><span class=\"default_value\"><span class=\"pre\">None</span></span></em>, <em class=\"sig-param\"><span class=\"n\"><span class=\"pre\">width</span></span><span class=\"o\"><span class=\"pre\">=</span></span><span class=\"default_value\"><span class=\"pre\">0</span></span></em>, <em class=\"sig-param\"><span class=\"n\"><span class=\"pre\">topwidth</span></span><span class=\"o\"><span class=\"pre\">=</span></span><span class=\"default_value\"><span class=\"pre\">0</span></span></em>, <em class=\"sig-param\"><span class=\"n\"><span class=\"pre\">height</span></span><span class=\"o\"><span class=\"pre\">=</span></span><span class=\"default_value\"><span class=\"pre\">0</span></span></em>, <em class=\"sig-param\"><span class=\"n\"><span class=\"pre\">num_seg</span></span><span class=\"o\"><span class=\"pre\">=</span></span><span class=\"default_value\"><span class=\"pre\">0</span></span></em>, <em class=\"sig-param\"><span class=\"n\"><span class=\"pre\">bend_type</span></span><span class=\"o\"><span class=\"pre\">=</span></span><span class=\"default_value\"><span class=\"pre\">None</span></span></em><span class=\"sig-paren\">)</span><a class=\"reference internal\" href=\"../../../_modules/pyaedt/modeler/Primitives/#Polyline.set_crosssection_properties\"><span class=\"viewcode-link\"><span class=\"pre\">[source]</span></span></a><a class=\"headerlink\" href=\"#pyaedt.modeler.Primitives.Polyline.set_crosssection_properties\" title=\"Permalink to this definition\">#</a></dt>\n<dd><p>Set the properties of an existing polyline object.</p>\n<dl class=\"field-list\">\n<dt class=\"field-odd\">Parameters<span class=\"colon\">:</span></dt>\n<dd class=\"field-odd\"><dl>\n<dt><strong>type</strong><span class=\"classifier\"><a class=\"reference external\" href=\"https://docs.python.org/dev/library/stdtypes.html#str\" title=\"(in Python v3.12)\"><code class=\"docutils literal notranslate\"><span class=\"pre\">str</span></code></a>, <code class=\"xref py py-obj docutils literal notranslate\"><span class=\"pre\">optional</span></code></span></dt><dd><p>Types of the cross-sections. Options are <code class=\"docutils literal notranslate\"><span class=\"pre\">&quot;Line&quot;</span></code>, <code class=\"docutils literal notranslate\"><span class=\"pre\">&quot;Circle&quot;</span></code>, <code class=\"docutils literal notranslate\"><span class=\"pre\">&quot;Rectangle&quot;</span></code>,\nand <code class=\"docutils literal notranslate\"><span class=\"pre\">&quot;Isosceles</span> <span class=\"pre\">Trapezoid&quot;</span></code>. The default is <code class=\"docutils literal notranslate\"><span class=\"pre\">None</span></code>.</p>\n</dd>\n<dt><strong>orient</strong><span class=\"classifier\"><a class=\"reference external\" href=\"https://docs.python.org/dev/library/stdtypes.html#str\" title=\"(in Python v3.12)\"><code class=\"docutils literal notranslate\"><span class=\"pre\">str</span></code></a>, <code class=\"xref py py-obj docutils literal notranslate\"><span class=\"pre\">optional</span></code></span></dt><dd><p>Direction of the normal vector to the width of the cross-section.\nOptions are <code class=\"docutils literal notranslate\"><span class=\"pre\">&quot;X&quot;</span></code>, <code class=\"docutils literal notranslate\"><span class=\"pre\">&quot;Y&quot;</span></code>, <code class=\"docutils literal notranslate\"><span class=\"pre\">&quot;Z&quot;</span></code>, and <code class=\"docutils literal notranslate\"><span class=\"pre\">&quot;Auto&quot;</span></code>. The default\nis <code class=\"docutils literal notranslate\"><span class=\"pre\">None</span></code>, which sets the orientation to <code class=\"docutils literal notranslate\"><span class=\"pre\">&quot;Auto&quot;</span></code>.</p>\n</dd>\n<dt><strong>width</strong><span class=\"classifier\"><a class=\"reference external\" href=\"https://docs.python.org/dev/library/functions.html#float\" title=\"(in Python v3.12)\"><code class=\"docutils literal notranslate\"><span class=\"pre\">float</span></code></a> or <a class=\"reference external\" href=\"https://docs.python.org/dev/library/stdtypes.html#str\" title=\"(in Python v3.12)\"><code class=\"docutils literal notranslate\"><span class=\"pre\">str</span></code></a>, <code class=\"xref py py-obj docutils literal notranslate\"><span class=\"pre\">optional</span></code></span></dt><dd><p>Width or diameter of the cross-section for all types. The default is\n<code class=\"docutils literal notranslate\"><span class=\"pre\">0</span></code>.</p>\n</dd>\n<dt><strong>topwidth</strong><span class=\"classifier\"><a class=\"reference external\" href=\"https://docs.python.org/dev/library/functions.html#float\" title=\"(in Python v3.12)\"><code class=\"docutils literal notranslate\"><span class=\"pre\">float</span></code></a> or <a class=\"reference external\" href=\"https://docs.python.org/dev/library/stdtypes.html#str\" title=\"(in Python v3.12)\"><code class=\"docutils literal notranslate\"><span class=\"pre\">str</span></code></a></span></dt><dd><p>Top width of the cross-section for the type <code class=\"docutils literal notranslate\"><span class=\"pre\">&quot;Isosceles</span> <span class=\"pre\">Trapezoid&quot;</span></code>\nonly. The default is <code class=\"docutils literal notranslate\"><span class=\"pre\">0</span></code>.</p>\n</dd>\n<dt><strong>height</strong><span class=\"classifier\"><a class=\"reference external\" href=\"https://docs.python.org/dev/library/functions.html#float\" title=\"(in Python v3.12)\"><code class=\"docutils literal notranslate\"><span class=\"pre\">float</span></code></a> or <a class=\"reference external\" href=\"https://docs.python.org/dev/library/stdtypes.html#str\" title=\"(in Python v3.12)\"><code class=\"docutils literal notranslate\"><span class=\"pre\">str</span></code></a></span></dt><dd><p>Height of the cross-section for the types <code class=\"docutils literal notranslate\"><span class=\"pre\">&quot;Rectangle&quot;</span></code> and <cite>\u201cIsosceles\nTrapezoid\u201d`</cite> only. The default is <code class=\"docutils literal notranslate\"><span class=\"pre\">0</span></code>.</p>\n</dd>\n<dt><strong>num_seg</strong><span class=\"classifier\"><a class=\"reference external\" href=\"https://docs.python.org/dev/library/functions.html#int\" title=\"(in Python v3.12)\"><code class=\"docutils literal notranslate\"><span class=\"pre\">int</span></code></a>, <code class=\"xref py py-obj docutils literal notranslate\"><span class=\"pre\">optional</span></code></span></dt><dd><p>Number of segments in the cross-section surface for the types <code class=\"docutils literal notranslate\"><span class=\"pre\">&quot;Circle&quot;</span></code>,\n<code class=\"docutils literal notranslate\"><span class=\"pre\">&quot;Rectangle&quot;</span></code>, and <code class=\"docutils literal notranslate\"><span class=\"pre\">&quot;Isosceles</span> <span class=\"pre\">Trapezoid&quot;</span></code>. The default is <code class=\"docutils literal notranslate\"><span class=\"pre\">0</span></code>.\nThe value must be <code class=\"docutils literal notranslate\"><span class=\"pre\">0</span></code> or greater than <code class=\"docutils literal notranslate\"><span class=\"pre\">2</span></code>.</p>\n</dd>\n<dt><strong>bend_type</strong><span class=\"classifier\"><a class=\"reference external\" href=\"https://docs.python.org/dev/library/stdtypes.html#str\" title=\"(in Python v3.12)\"><code class=\"docutils literal notranslate\"><span class=\"pre\">str</span></code></a>, <code class=\"xref py py-obj docutils literal notranslate\"><span class=\"pre\">optional</span></code></span></dt><dd><p>Type of the bend. The default is <code class=\"docutils literal notranslate\"><span class=\"pre\">None</span></code>, in which case the bend type\nis set to <code class=\"docutils literal notranslate\"><span class=\"pre\">&quot;Corner&quot;</span></code>. For the type <code class=\"docutils literal notranslate\"><span class=\"pre\">&quot;Circle&quot;</span></code>, the bend type should be\nset to <code class=\"docutils literal notranslate\"><span class=\"pre\">&quot;Curved&quot;</span></code>.</p>\n</dd>\n</dl>\n</dd>\n<dt class=\"field-even\">Returns<span class=\"colon\">:</span></dt>\n<dd class=\"field-even\"><dl class=\"simple\">\n<dt><a class=\"reference external\" href=\"https://docs.python.org/dev/library/stdtypes.html#bltin-boolean-values\" title=\"(in Python v3.12)\"><span class=\"xref std std-ref\">bool</span></a></dt><dd><p><code class=\"docutils literal notranslate\"><span class=\"pre\">True</span></code> when successful, <code class=\"docutils literal notranslate\"><span class=\"pre\">False</span></code> when failed.</p>\n</dd>\n</dl>\n</dd>\n</dl>\n<p class=\"rubric\">References</p>\n<div class=\"doctest highlight-default notranslate\"><div class=\"highlight\"><pre><span></span><span class=\"gp\">&gt;&gt;&gt; </span><span class=\"n\">oEditor</span><span class=\"o\">.</span><span class=\"n\">ChangeProperty</span>\n</pre></div>\n</div>\n<p class=\"rubric\">Examples</p>\n<div class=\"doctest highlight-default notranslate\"><div class=\"highlight\"><pre><span></span><span class=\"gp\">&gt;&gt;&gt; </span><span class=\"n\">P</span> <span class=\"o\">=</span> <span class=\"n\">modeler</span><span class=\"o\">.</span><span class=\"n\">create_polyline</span><span class=\"p\">([[</span><span class=\"mi\">0</span><span class=\"p\">,</span> <span class=\"mi\">1</span><span class=\"p\">,</span> <span class=\"mi\">2</span><span class=\"p\">],</span> <span class=\"p\">[</span><span class=\"mi\">0</span><span class=\"p\">,</span> <span class=\"mi\">2</span><span class=\"p\">,</span> <span class=\"mi\">3</span><span class=\"p\">],</span> <span class=\"p\">[</span><span class=\"mi\">2</span><span class=\"p\">,</span> <span class=\"mi\">1</span><span class=\"p\">,</span> <span class=\"mi\">4</span><span class=\"p\">]])</span>\n<span class=\"gp\">&gt;&gt;&gt; </span><span class=\"n\">P</span><span class=\"o\">.</span><span class=\"n\">set_crosssection_properties</span><span class=\"p\">(</span><span class=\"nb\">type</span><span class=\"o\">=</span><span class=\"s2\">&quot;Circle&quot;</span><span class=\"p\">,</span> <span class=\"n\">width</span><span class=\"o\">=</span><span class=\"s2\">&quot;1mm&quot;</span><span class=\"p\">)</span>\n</pre></div>\n</div>\n</dd></dl>\n\n</section>\n", "metatags": "<meta name=\"generator\" content=\"Docutils 0.19: https://docutils.sourceforge.io/\" />\n", "rellinks": [["genindex", "General Index", "I", "index"], ["py-modindex", "Python Module Index", "", "modules"], ["API/_autosummary/pyaedt.modeler.Primitives.Polyline.shortest_edge", "shortest_edge", "N", "next"], ["API/_autosummary/pyaedt.modeler.Primitives.Polyline.section", "section", "P", "previous"]], "sourcename": "API/_autosummary/pyaedt.modeler.Primitives.Polyline.set_crosssection_properties.rst.txt", "toc": "<ul>\n<li><a class=\"reference internal\" href=\"#\">set_crosssection_properties</a><ul>\n<li><a class=\"reference internal\" href=\"#pyaedt.modeler.Primitives.Polyline.set_crosssection_properties\"><code class=\"docutils literal notranslate\"><span class=\"pre\">Polyline.set_crosssection_properties()</span></code></a></li>\n</ul>\n</li>\n</ul>\n", "display_toc": true, "page_source_suffix": ".rst", "current_page_name": "API/_autosummary/pyaedt.modeler.Primitives.Polyline.set_crosssection_properties", "sidebars": ["search-field.html", "sidebar-nav-bs.html"], "customsidebar": null, "favicon_url": null, "logo_url": null, "alabaster_version": "0.7.12", "theme_show_toc_level": 1, "theme_logo": {}}