{"parents": [{"link": "../../", "title": "API reference"}, {"link": "../../Primitives/", "title": "Modeler and  primitives"}, {"link": "../pyaedt.modeler.Primitives.Polyline/", "title": "pyaedt.modeler.Primitives.Polyline"}], "prev": {"link": "../pyaedt.modeler.Primitives.Polyline.top_edge_z/", "title": "top_edge_z"}, "next": {"link": "../pyaedt.modeler.Primitives.Polyline.top_face_y/", "title": "top_face_y"}, "title": "top_face_x", "meta": {}, "body": "<section id=\"top-face-x\">\n<h1>top_face_x<a class=\"headerlink\" href=\"#top-face-x\" title=\"Permalink to this heading\">#</a></h1>\n<dl class=\"py property\">\n<dt class=\"sig sig-object py\" id=\"pyaedt.modeler.Primitives.Polyline.top_face_x\">\n<em class=\"property\"><span class=\"pre\">property</span><span class=\"w\"> </span></em><span class=\"sig-prename descclassname\"><span class=\"pre\">Polyline.</span></span><span class=\"sig-name descname\"><span class=\"pre\">top_face_x</span></span><a class=\"headerlink\" href=\"#pyaedt.modeler.Primitives.Polyline.top_face_x\" title=\"Permalink to this definition\">#</a></dt>\n<dd><p>Top face in the X direction of the object.</p>\n<dl class=\"field-list simple\">\n<dt class=\"field-odd\">Returns<span class=\"colon\">:</span></dt>\n<dd class=\"field-odd\"><dl class=\"simple\">\n<dt><a class=\"reference internal\" href=\"../pyaedt.modeler.Object3d.FacePrimitive/#pyaedt.modeler.Object3d.FacePrimitive\" title=\"pyaedt.modeler.Object3d.FacePrimitive\"><code class=\"xref py py-class docutils literal notranslate\"><span class=\"pre\">pyaedt.modeler.Object3d.FacePrimitive</span></code></a></dt><dd></dd>\n</dl>\n</dd>\n</dl>\n<p class=\"rubric\">References</p>\n<div class=\"doctest highlight-default notranslate\"><div class=\"highlight\"><pre><span></span><span class=\"gp\">&gt;&gt;&gt; </span><span class=\"n\">oEditor</span><span class=\"o\">.</span><span class=\"n\">FaceCenter</span>\n</pre></div>\n</div>\n</dd></dl>\n\n</section>\n", "metatags": "<meta name=\"generator\" content=\"Docutils 0.19: https://docutils.sourceforge.io/\" />\n", "rellinks": [["genindex", "General Index", "I", "index"], ["py-modindex", "Python Module Index", "", "modules"], ["API/_autosummary/pyaedt.modeler.Primitives.Polyline.top_face_y", "top_face_y", "N", "next"], ["API/_autosummary/pyaedt.modeler.Primitives.Polyline.top_edge_z", "top_edge_z", "P", "previous"]], "sourcename": "API/_autosummary/pyaedt.modeler.Primitives.Polyline.top_face_x.rst.txt", "toc": "<ul>\n<li><a class=\"reference internal\" href=\"#\">top_face_x</a><ul>\n<li><a class=\"reference internal\" href=\"#pyaedt.modeler.Primitives.Polyline.top_face_x\"><code class=\"docutils literal notranslate\"><span class=\"pre\">Polyline.top_face_x</span></code></a></li>\n</ul>\n</li>\n</ul>\n", "display_toc": true, "page_source_suffix": ".rst", "current_page_name": "API/_autosummary/pyaedt.modeler.Primitives.Polyline.top_face_x", "sidebars": ["search-field.html", "sidebar-nav-bs.html"], "customsidebar": null, "favicon_url": null, "logo_url": null, "alabaster_version": "0.7.12", "theme_show_toc_level": 1, "theme_logo": {}}