{"parents": [{"link": "../../", "title": "API reference"}, {"link": "../../Application/", "title": "AEDT apps"}, {"link": "../pyaedt.Hfss3dLayout/", "title": "pyaedt.Hfss3dLayout"}], "prev": {"link": "../pyaedt.Hfss3dLayout.create_new_project/", "title": "create_new_project"}, "next": {"link": "../pyaedt.Hfss3dLayout.create_pin_port/", "title": "create_pin_port"}, "title": "create_output_variable", "meta": {}, "body": "<section id=\"create-output-variable\">\n<h1>create_output_variable<a class=\"headerlink\" href=\"#create-output-variable\" title=\"Permalink to this heading\">#</a></h1>\n<dl class=\"py method\">\n<dt class=\"sig sig-object py\" id=\"pyaedt.Hfss3dLayout.create_output_variable\">\n<span class=\"sig-prename descclassname\"><span class=\"pre\">Hfss3dLayout.</span></span><span class=\"sig-name descname\"><span class=\"pre\">create_output_variable</span></span><span class=\"sig-paren\">(</span><em class=\"sig-param\"><span class=\"n\"><span class=\"pre\">variable</span></span></em>, <em class=\"sig-param\"><span class=\"n\"><span class=\"pre\">expression</span></span></em>, <em class=\"sig-param\"><span class=\"n\"><span class=\"pre\">solution</span></span><span class=\"o\"><span class=\"pre\">=</span></span><span class=\"default_value\"><span class=\"pre\">None</span></span></em><span class=\"sig-paren\">)</span><a class=\"headerlink\" href=\"#pyaedt.Hfss3dLayout.create_output_variable\" title=\"Permalink to this definition\">#</a></dt>\n<dd><p>Create or modify an output variable.</p>\n<dl class=\"field-list\">\n<dt class=\"field-odd\">Parameters<span class=\"colon\">:</span></dt>\n<dd class=\"field-odd\"><dl>\n<dt><strong>variable</strong><span class=\"classifier\"><a class=\"reference external\" href=\"https://docs.python.org/dev/library/stdtypes.html#str\" title=\"(in Python v3.12)\"><code class=\"docutils literal notranslate\"><span class=\"pre\">str</span></code></a></span></dt><dd><p>Name of the variable.</p>\n</dd>\n<dt><strong>expression</strong></dt><dd><p>Value for the variable.</p>\n</dd>\n<dt><strong>solution</strong></dt><dd><p>Name of the solution in the format <cite>\u201csetup_name : sweep_name\u201d</cite>.\nIf <cite>None</cite>, the first available solution is used. Default is <cite>None</cite>.</p>\n</dd>\n</dl>\n</dd>\n<dt class=\"field-even\">Returns<span class=\"colon\">:</span></dt>\n<dd class=\"field-even\"><dl class=\"simple\">\n<dt><a class=\"reference external\" href=\"https://docs.python.org/dev/library/stdtypes.html#bltin-boolean-values\" title=\"(in Python v3.12)\"><span class=\"xref std std-ref\">bool</span></a></dt><dd><p><code class=\"docutils literal notranslate\"><span class=\"pre\">True</span></code> when successful, <code class=\"docutils literal notranslate\"><span class=\"pre\">False</span></code> when failed.</p>\n</dd>\n</dl>\n</dd>\n</dl>\n<p class=\"rubric\">References</p>\n<div class=\"doctest highlight-default notranslate\"><div class=\"highlight\"><pre><span></span><span class=\"gp\">&gt;&gt;&gt; </span><span class=\"n\">oModule</span><span class=\"o\">.</span><span class=\"n\">CreateOutputVariable</span>\n</pre></div>\n</div>\n</dd></dl>\n\n</section>\n", "metatags": "<meta name=\"generator\" content=\"Docutils 0.19: https://docutils.sourceforge.io/\" />\n", "rellinks": [["genindex", "General Index", "I", "index"], ["py-modindex", "Python Module Index", "", "modules"], ["API/_autosummary/pyaedt.Hfss3dLayout.create_pin_port", "create_pin_port", "N", "next"], ["API/_autosummary/pyaedt.Hfss3dLayout.create_new_project", "create_new_project", "P", "previous"]], "sourcename": "API/_autosummary/pyaedt.Hfss3dLayout.create_output_variable.rst.txt", "toc": "<ul>\n<li><a class=\"reference internal\" href=\"#\">create_output_variable</a><ul>\n<li><a class=\"reference internal\" href=\"#pyaedt.Hfss3dLayout.create_output_variable\"><code class=\"docutils literal notranslate\"><span class=\"pre\">Hfss3dLayout.create_output_variable()</span></code></a></li>\n</ul>\n</li>\n</ul>\n", "display_toc": true, "page_source_suffix": ".rst", "current_page_name": "API/_autosummary/pyaedt.Hfss3dLayout.create_output_variable", "sidebars": ["search-field.html", "sidebar-nav-bs.html"], "customsidebar": null, "favicon_url": null, "logo_url": null, "alabaster_version": "0.7.12", "theme_show_toc_level": 1, "theme_logo": {}}