{"parents": [{"link": "../../", "title": "API reference"}, {"link": "../../CoreEdb/", "title": "EDB editor"}, {"link": "../pyaedt.edb_core.components.Components/", "title": "pyaedt.edb_core.components.Components"}], "prev": {"link": "../pyaedt.edb_core.components.Components.capacitors/", "title": "capacitors"}, "next": {"link": "../pyaedt.edb_core.components.Components.components_by_partname/", "title": "components_by_partname"}, "title": "components", "meta": {}, "body": "<section id=\"components\">\n<h1>components<a class=\"headerlink\" href=\"#components\" title=\"Permalink to this heading\">#</a></h1>\n<dl class=\"py property\">\n<dt class=\"sig sig-object py\" id=\"pyaedt.edb_core.components.Components.components\">\n<em class=\"property\"><span class=\"pre\">property</span><span class=\"w\"> </span></em><span class=\"sig-prename descclassname\"><span class=\"pre\">Components.</span></span><span class=\"sig-name descname\"><span class=\"pre\">components</span></span><a class=\"headerlink\" href=\"#pyaedt.edb_core.components.Components.components\" title=\"Permalink to this definition\">#</a></dt>\n<dd><p>Component setup information.</p>\n<dl class=\"field-list simple\">\n<dt class=\"field-odd\">Returns<span class=\"colon\">:</span></dt>\n<dd class=\"field-odd\"><dl class=\"simple\">\n<dt><a class=\"reference external\" href=\"https://docs.python.org/dev/library/stdtypes.html#dict\" title=\"(in Python v3.12)\"><code class=\"docutils literal notranslate\"><span class=\"pre\">dict</span></code></a>[<a class=\"reference external\" href=\"https://docs.python.org/dev/library/stdtypes.html#str\" title=\"(in Python v3.12)\"><code class=\"docutils literal notranslate\"><span class=\"pre\">str</span></code></a>, <a class=\"reference internal\" href=\"../pyaedt.edb_core.EDB_Data.EDBComponent/#pyaedt.edb_core.EDB_Data.EDBComponent\" title=\"pyaedt.edb_core.EDB_Data.EDBComponent\"><code class=\"xref py py-class docutils literal notranslate\"><span class=\"pre\">pyaedt.edb_core.EDB_Data.EDBComponent</span></code></a>]</dt><dd><p>Default dictionary for the EDB component.</p>\n</dd>\n</dl>\n</dd>\n</dl>\n<p class=\"rubric\">Examples</p>\n<div class=\"doctest highlight-default notranslate\"><div class=\"highlight\"><pre><span></span><span class=\"gp\">&gt;&gt;&gt; </span><span class=\"kn\">from</span> <span class=\"nn\">pyaedt</span> <span class=\"kn\">import</span> <span class=\"n\">Edb</span>\n<span class=\"gp\">&gt;&gt;&gt; </span><span class=\"n\">edbapp</span> <span class=\"o\">=</span> <span class=\"n\">Edb</span><span class=\"p\">(</span><span class=\"s2\">&quot;myaedbfolder&quot;</span><span class=\"p\">)</span>\n<span class=\"gp\">&gt;&gt;&gt; </span><span class=\"n\">edbapp</span><span class=\"o\">.</span><span class=\"n\">core_components</span><span class=\"o\">.</span><span class=\"n\">components</span>\n</pre></div>\n</div>\n</dd></dl>\n\n</section>\n", "metatags": "<meta name=\"generator\" content=\"Docutils 0.19: https://docutils.sourceforge.io/\" />\n", "rellinks": [["genindex", "General Index", "I", "index"], ["py-modindex", "Python Module Index", "", "modules"], ["API/_autosummary/pyaedt.edb_core.components.Components.components_by_partname", "components_by_partname", "N", "next"], ["API/_autosummary/pyaedt.edb_core.components.Components.capacitors", "capacitors", "P", "previous"]], "sourcename": "API/_autosummary/pyaedt.edb_core.components.Components.components.rst.txt", "toc": "<ul>\n<li><a class=\"reference internal\" href=\"#\">components</a><ul>\n<li><a class=\"reference internal\" href=\"#pyaedt.edb_core.components.Components.components\"><code class=\"docutils literal notranslate\"><span class=\"pre\">Components.components</span></code></a></li>\n</ul>\n</li>\n</ul>\n", "display_toc": true, "page_source_suffix": ".rst", "current_page_name": "API/_autosummary/pyaedt.edb_core.components.Components.components", "sidebars": ["search-field.html", "sidebar-nav-bs.html"], "customsidebar": null, "favicon_url": null, "logo_url": null, "alabaster_version": "0.7.12", "theme_show_toc_level": 1, "theme_logo": {}}