{"parents": [{"link": "../../", "title": "API reference"}, {"link": "../../CoreEdb/", "title": "EDB editor"}, {"link": "../pyaedt.edb_core.siwave.EdbSiwave/", "title": "pyaedt.edb_core.siwave.EdbSiwave"}], "prev": {"link": "../pyaedt.edb_core.siwave.EdbSiwave.create_exec_file/", "title": "create_exec_file"}, "next": {"link": "../pyaedt.edb_core.siwave.EdbSiwave.create_port_between_pin_and_layer/", "title": "create_port_between_pin_and_layer"}, "title": "create_pin_group_terminal", "meta": {}, "body": "<section id=\"create-pin-group-terminal\">\n<h1>create_pin_group_terminal<a class=\"headerlink\" href=\"#create-pin-group-terminal\" title=\"Permalink to this heading\">#</a></h1>\n<dl class=\"py method\">\n<dt class=\"sig sig-object py\" id=\"pyaedt.edb_core.siwave.EdbSiwave.create_pin_group_terminal\">\n<span class=\"sig-prename descclassname\"><span class=\"pre\">EdbSiwave.</span></span><span class=\"sig-name descname\"><span class=\"pre\">create_pin_group_terminal</span></span><span class=\"sig-paren\">(</span><em class=\"sig-param\"><span class=\"n\"><span class=\"pre\">source</span></span></em><span class=\"sig-paren\">)</span><a class=\"reference internal\" href=\"../../../_modules/pyaedt/edb_core/siwave/#EdbSiwave.create_pin_group_terminal\"><span class=\"viewcode-link\"><span class=\"pre\">[source]</span></span></a><a class=\"headerlink\" href=\"#pyaedt.edb_core.siwave.EdbSiwave.create_pin_group_terminal\" title=\"Permalink to this definition\">#</a></dt>\n<dd><p>Create a pin group terminal.</p>\n<dl class=\"field-list\">\n<dt class=\"field-odd\">Parameters<span class=\"colon\">:</span></dt>\n<dd class=\"field-odd\"><dl>\n<dt><strong>source</strong><span class=\"classifier\"><code class=\"xref py py-obj docutils literal notranslate\"><span class=\"pre\">VoltageSource</span></code>, <code class=\"xref py py-obj docutils literal notranslate\"><span class=\"pre\">CircuitPort</span></code>, <code class=\"xref py py-obj docutils literal notranslate\"><span class=\"pre\">CurrentSource</span></code>, <code class=\"xref py py-obj docutils literal notranslate\"><span class=\"pre\">DCTerminal</span></code> or <code class=\"xref py py-obj docutils literal notranslate\"><span class=\"pre\">ResistorSource</span></code></span></dt><dd><p>Name of the source.</p>\n</dd>\n</dl>\n</dd>\n</dl>\n</dd></dl>\n\n</section>\n", "metatags": "<meta name=\"generator\" content=\"Docutils 0.19: https://docutils.sourceforge.io/\" />\n", "rellinks": [["genindex", "General Index", "I", "index"], ["py-modindex", "Python Module Index", "", "modules"], ["API/_autosummary/pyaedt.edb_core.siwave.EdbSiwave.create_port_between_pin_and_layer", "create_port_between_pin_and_layer", "N", "next"], ["API/_autosummary/pyaedt.edb_core.siwave.EdbSiwave.create_exec_file", "create_exec_file", "P", "previous"]], "sourcename": "API/_autosummary/pyaedt.edb_core.siwave.EdbSiwave.create_pin_group_terminal.rst.txt", "toc": "<ul>\n<li><a class=\"reference internal\" href=\"#\">create_pin_group_terminal</a><ul>\n<li><a class=\"reference internal\" href=\"#pyaedt.edb_core.siwave.EdbSiwave.create_pin_group_terminal\"><code class=\"docutils literal notranslate\"><span class=\"pre\">EdbSiwave.create_pin_group_terminal()</span></code></a></li>\n</ul>\n</li>\n</ul>\n", "display_toc": true, "page_source_suffix": ".rst", "current_page_name": "API/_autosummary/pyaedt.edb_core.siwave.EdbSiwave.create_pin_group_terminal", "sidebars": ["search-field.html", "sidebar-nav-bs.html"], "customsidebar": null, "favicon_url": null, "logo_url": null, "alabaster_version": "0.7.12", "theme_show_toc_level": 1, "theme_logo": {}}