{"parents": [{"link": "../../", "title": "API reference"}, {"link": "../../Application/", "title": "AEDT apps"}, {"link": "../pyaedt.Icepak/", "title": "pyaedt.Icepak"}], "prev": {"link": "../pyaedt.Icepak.assign_priority_on_intersections/", "title": "assign_priority_on_intersections"}, "next": {"link": "../pyaedt.Icepak.assign_surface_monitor/", "title": "assign_surface_monitor"}, "title": "assign_surface_material", "meta": {}, "body": "<section id=\"assign-surface-material\">\n<h1>assign_surface_material<a class=\"headerlink\" href=\"#assign-surface-material\" title=\"Permalink to this heading\">#</a></h1>\n<dl class=\"py method\">\n<dt class=\"sig sig-object py\" id=\"pyaedt.Icepak.assign_surface_material\">\n<span class=\"sig-prename descclassname\"><span class=\"pre\">Icepak.</span></span><span class=\"sig-name descname\"><span class=\"pre\">assign_surface_material</span></span><span class=\"sig-paren\">(</span><em class=\"sig-param\"><span class=\"n\"><span class=\"pre\">obj</span></span></em>, <em class=\"sig-param\"><span class=\"n\"><span class=\"pre\">mat</span></span></em><span class=\"sig-paren\">)</span><a class=\"reference internal\" href=\"../../../_modules/pyaedt/icepak/#Icepak.assign_surface_material\"><span class=\"viewcode-link\"><span class=\"pre\">[source]</span></span></a><a class=\"headerlink\" href=\"#pyaedt.Icepak.assign_surface_material\" title=\"Permalink to this definition\">#</a></dt>\n<dd><p>Assign a surface material to one or more objects.</p>\n<dl class=\"field-list\">\n<dt class=\"field-odd\">Parameters<span class=\"colon\">:</span></dt>\n<dd class=\"field-odd\"><dl>\n<dt><strong>obj</strong><span class=\"classifier\"><a class=\"reference external\" href=\"https://docs.python.org/dev/library/stdtypes.html#str\" title=\"(in Python v3.12)\"><code class=\"docutils literal notranslate\"><span class=\"pre\">str</span></code></a>, <a class=\"reference external\" href=\"https://docs.python.org/dev/library/stdtypes.html#list\" title=\"(in Python v3.12)\"><code class=\"docutils literal notranslate\"><span class=\"pre\">list</span></code></a></span></dt><dd><p>One or more objects to assign surface materials to.</p>\n</dd>\n<dt><strong>mat</strong><span class=\"classifier\"><a class=\"reference external\" href=\"https://docs.python.org/dev/library/stdtypes.html#str\" title=\"(in Python v3.12)\"><code class=\"docutils literal notranslate\"><span class=\"pre\">str</span></code></a></span></dt><dd><p>Material to assign. The material must be present in the database.</p>\n</dd>\n</dl>\n</dd>\n<dt class=\"field-even\">Returns<span class=\"colon\">:</span></dt>\n<dd class=\"field-even\"><dl class=\"simple\">\n<dt><a class=\"reference external\" href=\"https://docs.python.org/dev/library/stdtypes.html#bltin-boolean-values\" title=\"(in Python v3.12)\"><span class=\"xref std std-ref\">bool</span></a></dt><dd><p><code class=\"docutils literal notranslate\"><span class=\"pre\">True</span></code> when successful, <code class=\"docutils literal notranslate\"><span class=\"pre\">False</span></code> when failed.</p>\n</dd>\n</dl>\n</dd>\n</dl>\n<p class=\"rubric\">References</p>\n<div class=\"doctest highlight-default notranslate\"><div class=\"highlight\"><pre><span></span><span class=\"gp\">&gt;&gt;&gt; </span><span class=\"n\">oEditor</span><span class=\"o\">.</span><span class=\"n\">ChangeProperty</span>\n</pre></div>\n</div>\n</dd></dl>\n\n</section>\n", "metatags": "<meta name=\"generator\" content=\"Docutils 0.19: https://docutils.sourceforge.io/\" />\n", "rellinks": [["genindex", "General Index", "I", "index"], ["py-modindex", "Python Module Index", "", "modules"], ["API/_autosummary/pyaedt.Icepak.assign_surface_monitor", "assign_surface_monitor", "N", "next"], ["API/_autosummary/pyaedt.Icepak.assign_priority_on_intersections", "assign_priority_on_intersections", "P", "previous"]], "sourcename": "API/_autosummary/pyaedt.Icepak.assign_surface_material.rst.txt", "toc": "<ul>\n<li><a class=\"reference internal\" href=\"#\">assign_surface_material</a><ul>\n<li><a class=\"reference internal\" href=\"#pyaedt.Icepak.assign_surface_material\"><code class=\"docutils literal notranslate\"><span class=\"pre\">Icepak.assign_surface_material()</span></code></a></li>\n</ul>\n</li>\n</ul>\n", "display_toc": true, "page_source_suffix": ".rst", "current_page_name": "API/_autosummary/pyaedt.Icepak.assign_surface_material", "sidebars": ["search-field.html", "sidebar-nav-bs.html"], "customsidebar": null, "favicon_url": null, "logo_url": null, "alabaster_version": "0.7.12", "theme_show_toc_level": 1, "theme_logo": {}}