{"parents": [{"link": "../../", "title": "API reference"}, {"link": "../../Application/", "title": "AEDT apps"}, {"link": "../pyaedt.Hfss/", "title": "pyaedt.Hfss"}], "prev": {"link": "../pyaedt.Hfss.personallib/", "title": "personallib"}, "next": {"link": "../pyaedt.Hfss.project_datasets/", "title": "project_datasets"}, "title": "post", "meta": {}, "body": "<section id=\"post\">\n<h1>post<a class=\"headerlink\" href=\"#post\" title=\"Permalink to this heading\">#</a></h1>\n<dl class=\"py property\">\n<dt class=\"sig sig-object py\" id=\"pyaedt.Hfss.post\">\n<em class=\"property\"><span class=\"pre\">property</span><span class=\"w\"> </span></em><span class=\"sig-prename descclassname\"><span class=\"pre\">Hfss.</span></span><span class=\"sig-name descname\"><span class=\"pre\">post</span></span><a class=\"headerlink\" href=\"#pyaedt.Hfss.post\" title=\"Permalink to this definition\">#</a></dt>\n<dd><p>PostProcessor.</p>\n<dl class=\"field-list simple\">\n<dt class=\"field-odd\">Returns<span class=\"colon\">:</span></dt>\n<dd class=\"field-odd\"><dl class=\"simple\">\n<dt><a class=\"reference internal\" href=\"../pyaedt.modules.AdvancedPostProcessing.PostProcessor/#pyaedt.modules.AdvancedPostProcessing.PostProcessor\" title=\"pyaedt.modules.AdvancedPostProcessing.PostProcessor\"><code class=\"xref py py-class docutils literal notranslate\"><span class=\"pre\">pyaedt.modules.AdvancedPostProcessing.PostProcessor</span></code></a></dt><dd><p>PostProcessor object.</p>\n</dd>\n</dl>\n</dd>\n</dl>\n</dd></dl>\n\n</section>\n", "metatags": "<meta name=\"generator\" content=\"Docutils 0.19: https://docutils.sourceforge.io/\" />\n", "rellinks": [["genindex", "General Index", "I", "index"], ["py-modindex", "Python Module Index", "", "modules"], ["API/_autosummary/pyaedt.Hfss.project_datasets", "project_datasets", "N", "next"], ["API/_autosummary/pyaedt.Hfss.personallib", "personallib", "P", "previous"]], "sourcename": "API/_autosummary/pyaedt.Hfss.post.rst.txt", "toc": "<ul>\n<li><a class=\"reference internal\" href=\"#\">post</a><ul>\n<li><a class=\"reference internal\" href=\"#pyaedt.Hfss.post\"><code class=\"docutils literal notranslate\"><span class=\"pre\">Hfss.post</span></code></a></li>\n</ul>\n</li>\n</ul>\n", "display_toc": true, "page_source_suffix": ".rst", "current_page_name": "API/_autosummary/pyaedt.Hfss.post", "sidebars": ["search-field.html", "sidebar-nav-bs.html"], "customsidebar": null, "favicon_url": null, "logo_url": null, "alabaster_version": "0.7.12", "theme_show_toc_level": 1, "theme_logo": {}}