{"parents": [{"link": "../../", "title": "API reference"}, {"link": "../../Post/", "title": "Postprocessing"}, {"link": "../pyaedt.modules.report_templates.Spectral/", "title": "pyaedt.modules.report_templates.Spectral"}], "prev": {"link": "../pyaedt.modules.report_templates.Spectral.adjust_coherent_gain/", "title": "adjust_coherent_gain"}, "next": {"link": "../pyaedt.modules.report_templates.Spectral.domain/", "title": "domain"}, "title": "differential_pairs", "meta": {}, "body": "<section id=\"differential-pairs\">\n<h1>differential_pairs<a class=\"headerlink\" href=\"#differential-pairs\" title=\"Permalink to this heading\">#</a></h1>\n<dl class=\"py property\">\n<dt class=\"sig sig-object py\" id=\"pyaedt.modules.report_templates.Spectral.differential_pairs\">\n<em class=\"property\"><span class=\"pre\">property</span><span class=\"w\"> </span></em><span class=\"sig-prename descclassname\"><span class=\"pre\">Spectral.</span></span><span class=\"sig-name descname\"><span class=\"pre\">differential_pairs</span></span><a class=\"headerlink\" href=\"#pyaedt.modules.report_templates.Spectral.differential_pairs\" title=\"Permalink to this definition\">#</a></dt>\n<dd><p>Differential pairs flag.</p>\n<dl class=\"field-list simple\">\n<dt class=\"field-odd\">Returns<span class=\"colon\">:</span></dt>\n<dd class=\"field-odd\"><dl class=\"simple\">\n<dt><a class=\"reference external\" href=\"https://docs.python.org/dev/library/stdtypes.html#bltin-boolean-values\" title=\"(in Python v3.12)\"><span class=\"xref std std-ref\">bool</span></a></dt><dd></dd>\n</dl>\n</dd>\n</dl>\n</dd></dl>\n\n</section>\n", "metatags": "<meta name=\"generator\" content=\"Docutils 0.19: https://docutils.sourceforge.io/\" />\n", "rellinks": [["genindex", "General Index", "I", "index"], ["py-modindex", "Python Module Index", "", "modules"], ["API/_autosummary/pyaedt.modules.report_templates.Spectral.domain", "domain", "N", "next"], ["API/_autosummary/pyaedt.modules.report_templates.Spectral.adjust_coherent_gain", "adjust_coherent_gain", "P", "previous"]], "sourcename": "API/_autosummary/pyaedt.modules.report_templates.Spectral.differential_pairs.rst.txt", "toc": "<ul>\n<li><a class=\"reference internal\" href=\"#\">differential_pairs</a><ul>\n<li><a class=\"reference internal\" href=\"#pyaedt.modules.report_templates.Spectral.differential_pairs\"><code class=\"docutils literal notranslate\"><span class=\"pre\">Spectral.differential_pairs</span></code></a></li>\n</ul>\n</li>\n</ul>\n", "display_toc": true, "page_source_suffix": ".rst", "current_page_name": "API/_autosummary/pyaedt.modules.report_templates.Spectral.differential_pairs", "sidebars": ["search-field.html", "sidebar-nav-bs.html"], "customsidebar": null, "favicon_url": null, "logo_url": null, "alabaster_version": "0.7.12", "theme_show_toc_level": 1, "theme_logo": {}}