{"parents": [{"link": "../../", "title": "API reference"}, {"link": "../../Application/", "title": "AEDT apps"}, {"link": "../pyaedt.Maxwell3d/", "title": "pyaedt.Maxwell3d"}], "prev": {"link": "../pyaedt.Maxwell3d.evaluate_expression/", "title": "evaluate_expression"}, "next": {"link": "../pyaedt.Maxwell3d.export_3d_model/", "title": "export_3d_model"}, "title": "export3DModel", "meta": {}, "body": "<section id=\"export3dmodel\">\n<h1>export3DModel<a class=\"headerlink\" href=\"#export3dmodel\" title=\"Permalink to this heading\">#</a></h1>\n<dl class=\"py method\">\n<dt class=\"sig sig-object py\" id=\"pyaedt.Maxwell3d.export3DModel\">\n<span class=\"sig-prename descclassname\"><span class=\"pre\">Maxwell3d.</span></span><span class=\"sig-name descname\"><span class=\"pre\">export3DModel</span></span><span class=\"sig-paren\">(</span><em class=\"sig-param\"><span class=\"n\"><span class=\"pre\">fileName</span></span></em>, <em class=\"sig-param\"><span class=\"n\"><span class=\"pre\">filePath</span></span></em>, <em class=\"sig-param\"><span class=\"n\"><span class=\"pre\">fileFormat</span></span><span class=\"o\"><span class=\"pre\">=</span></span><span class=\"default_value\"><span class=\"pre\">'.step'</span></span></em>, <em class=\"sig-param\"><span class=\"n\"><span class=\"pre\">object_list</span></span><span class=\"o\"><span class=\"pre\">=</span></span><span class=\"default_value\"><span class=\"pre\">[]</span></span></em>, <em class=\"sig-param\"><span class=\"n\"><span class=\"pre\">removed_objects</span></span><span class=\"o\"><span class=\"pre\">=</span></span><span class=\"default_value\"><span class=\"pre\">[]</span></span></em><span class=\"sig-paren\">)</span><a class=\"headerlink\" href=\"#pyaedt.Maxwell3d.export3DModel\" title=\"Permalink to this definition\">#</a></dt>\n<dd><p>Export the 3D model.</p>\n<div class=\"deprecated\">\n<p><span class=\"versionmodified deprecated\">Deprecated since version 0.5.0: </span>Use <code class=\"xref py py-func docutils literal notranslate\"><span class=\"pre\">pyaedt.application.Analysis3D.modeler.export_3d_model()</span></code> instead.</p>\n</div>\n</dd></dl>\n\n</section>\n", "metatags": "<meta name=\"generator\" content=\"Docutils 0.19: https://docutils.sourceforge.io/\" />\n", "rellinks": [["genindex", "General Index", "I", "index"], ["py-modindex", "Python Module Index", "", "modules"], ["API/_autosummary/pyaedt.Maxwell3d.export_3d_model", "export_3d_model", "N", "next"], ["API/_autosummary/pyaedt.Maxwell3d.evaluate_expression", "evaluate_expression", "P", "previous"]], "sourcename": "API/_autosummary/pyaedt.Maxwell3d.export3DModel.rst.txt", "toc": "<ul>\n<li><a class=\"reference internal\" href=\"#\">export3DModel</a><ul>\n<li><a class=\"reference internal\" href=\"#pyaedt.Maxwell3d.export3DModel\"><code class=\"docutils literal notranslate\"><span class=\"pre\">Maxwell3d.export3DModel()</span></code></a></li>\n</ul>\n</li>\n</ul>\n", "display_toc": true, "page_source_suffix": ".rst", "current_page_name": "API/_autosummary/pyaedt.Maxwell3d.export3DModel", "sidebars": ["search-field.html", "sidebar-nav-bs.html"], "customsidebar": null, "favicon_url": null, "logo_url": null, "alabaster_version": "0.7.12", "theme_show_toc_level": 1, "theme_logo": {}}