{"parents": [{"link": "../../", "title": "API reference"}, {"link": "../../Common/", "title": "Desktop and common classes"}, {"link": "../../Stackup3D/", "title": "Stackup 3D components"}, {"link": "../pyaedt.modeler.stackup_3d.Trace/", "title": "pyaedt.modeler.stackup_3d.Trace"}], "prev": {"link": "../pyaedt.modeler.stackup_3d.Trace.points_on_layer/", "title": "points_on_layer"}, "next": {"link": "../pyaedt.modeler.stackup_3d.Trace.position_y/", "title": "position_y"}, "title": "position_x", "meta": {}, "body": "<section id=\"position-x\">\n<h1>position_x<a class=\"headerlink\" href=\"#position-x\" title=\"Permalink to this heading\">#</a></h1>\n<dl class=\"py property\">\n<dt class=\"sig sig-object py\" id=\"pyaedt.modeler.stackup_3d.Trace.position_x\">\n<em class=\"property\"><span class=\"pre\">property</span><span class=\"w\"> </span></em><span class=\"sig-prename descclassname\"><span class=\"pre\">Trace.</span></span><span class=\"sig-name descname\"><span class=\"pre\">position_x</span></span><a class=\"headerlink\" href=\"#pyaedt.modeler.stackup_3d.Trace.position_x\" title=\"Permalink to this definition\">#</a></dt>\n<dd><p>Starting Position X.</p>\n<dl class=\"field-list simple\">\n<dt class=\"field-odd\">Returns<span class=\"colon\">:</span></dt>\n<dd class=\"field-odd\"><dl class=\"simple\">\n<dt><a class=\"reference internal\" href=\"../pyaedt.modeler.stackup_3d.NamedVariable/#pyaedt.modeler.stackup_3d.NamedVariable\" title=\"pyaedt.modeler.stackup_3d.NamedVariable\"><code class=\"xref py py-class docutils literal notranslate\"><span class=\"pre\">pyaedt.modeler.stackup_3d.NamedVariable</span></code></a></dt><dd><p>Variable Object.</p>\n</dd>\n</dl>\n</dd>\n</dl>\n</dd></dl>\n\n</section>\n", "metatags": "<meta name=\"generator\" content=\"Docutils 0.19: https://docutils.sourceforge.io/\" />\n", "rellinks": [["genindex", "General Index", "I", "index"], ["py-modindex", "Python Module Index", "", "modules"], ["API/_autosummary/pyaedt.modeler.stackup_3d.Trace.position_y", "position_y", "N", "next"], ["API/_autosummary/pyaedt.modeler.stackup_3d.Trace.points_on_layer", "points_on_layer", "P", "previous"]], "sourcename": "API/_autosummary/pyaedt.modeler.stackup_3d.Trace.position_x.rst.txt", "toc": "<ul>\n<li><a class=\"reference internal\" href=\"#\">position_x</a><ul>\n<li><a class=\"reference internal\" href=\"#pyaedt.modeler.stackup_3d.Trace.position_x\"><code class=\"docutils literal notranslate\"><span class=\"pre\">Trace.position_x</span></code></a></li>\n</ul>\n</li>\n</ul>\n", "display_toc": true, "page_source_suffix": ".rst", "current_page_name": "API/_autosummary/pyaedt.modeler.stackup_3d.Trace.position_x", "sidebars": ["search-field.html", "sidebar-nav-bs.html"], "customsidebar": null, "favicon_url": null, "logo_url": null, "alabaster_version": "0.7.12", "theme_show_toc_level": 1, "theme_logo": {}}