{"parents": [{"link": "../../", "title": "API reference"}, {"link": "../../Primitives/", "title": "Modeler and  primitives"}, {"link": "../pyaedt.modeler.Primitives.Polyline/", "title": "pyaedt.modeler.Primitives.Polyline"}], "prev": {"link": "../pyaedt.modeler.Primitives.Polyline.start_point/", "title": "start_point"}, "next": {"link": "../pyaedt.modeler.Primitives.Polyline.top_edge_x/", "title": "top_edge_x"}, "title": "surface_material_name", "meta": {}, "body": "<section id=\"surface-material-name\">\n<h1>surface_material_name<a class=\"headerlink\" href=\"#surface-material-name\" title=\"Permalink to this heading\">#</a></h1>\n<dl class=\"py property\">\n<dt class=\"sig sig-object py\" id=\"pyaedt.modeler.Primitives.Polyline.surface_material_name\">\n<em class=\"property\"><span class=\"pre\">property</span><span class=\"w\"> </span></em><span class=\"sig-prename descclassname\"><span class=\"pre\">Polyline.</span></span><span class=\"sig-name descname\"><span class=\"pre\">surface_material_name</span></span><a class=\"headerlink\" href=\"#pyaedt.modeler.Primitives.Polyline.surface_material_name\" title=\"Permalink to this definition\">#</a></dt>\n<dd><p>Surface material name of the object.</p>\n<dl class=\"field-list simple\">\n<dt class=\"field-odd\">Returns<span class=\"colon\">:</span></dt>\n<dd class=\"field-odd\"><dl class=\"simple\">\n<dt><a class=\"reference external\" href=\"https://docs.python.org/dev/library/stdtypes.html#str\" title=\"(in Python v3.12)\"><code class=\"docutils literal notranslate\"><span class=\"pre\">str</span></code></a> or <a class=\"reference external\" href=\"https://docs.python.org/dev/library/constants.html#None\" title=\"(in Python v3.12)\"><code class=\"docutils literal notranslate\"><span class=\"pre\">None</span></code></a></dt><dd><p>Name of the surface material when successful, <code class=\"docutils literal notranslate\"><span class=\"pre\">None</span></code> and a warning message otherwise.</p>\n</dd>\n</dl>\n</dd>\n</dl>\n<p class=\"rubric\">References</p>\n<div class=\"doctest highlight-default notranslate\"><div class=\"highlight\"><pre><span></span><span class=\"gp\">&gt;&gt;&gt; </span><span class=\"n\">oEditor</span><span class=\"o\">.</span><span class=\"n\">GetPropertyValue</span>\n<span class=\"gp\">&gt;&gt;&gt; </span><span class=\"n\">oEditor</span><span class=\"o\">.</span><span class=\"n\">ChangeProperty</span>\n</pre></div>\n</div>\n</dd></dl>\n\n</section>\n", "metatags": "<meta name=\"generator\" content=\"Docutils 0.19: https://docutils.sourceforge.io/\" />\n", "rellinks": [["genindex", "General Index", "I", "index"], ["py-modindex", "Python Module Index", "", "modules"], ["API/_autosummary/pyaedt.modeler.Primitives.Polyline.top_edge_x", "top_edge_x", "N", "next"], ["API/_autosummary/pyaedt.modeler.Primitives.Polyline.start_point", "start_point", "P", "previous"]], "sourcename": "API/_autosummary/pyaedt.modeler.Primitives.Polyline.surface_material_name.rst.txt", "toc": "<ul>\n<li><a class=\"reference internal\" href=\"#\">surface_material_name</a><ul>\n<li><a class=\"reference internal\" href=\"#pyaedt.modeler.Primitives.Polyline.surface_material_name\"><code class=\"docutils literal notranslate\"><span class=\"pre\">Polyline.surface_material_name</span></code></a></li>\n</ul>\n</li>\n</ul>\n", "display_toc": true, "page_source_suffix": ".rst", "current_page_name": "API/_autosummary/pyaedt.modeler.Primitives.Polyline.surface_material_name", "sidebars": ["search-field.html", "sidebar-nav-bs.html"], "customsidebar": null, "favicon_url": null, "logo_url": null, "alabaster_version": "0.7.12", "theme_show_toc_level": 1, "theme_logo": {}}