{"parents": [{"link": "../../", "title": "API reference"}, {"link": "../../Primitives/", "title": "Modeler and  primitives"}, {"link": "../pyaedt.modeler.PrimitivesNexxim.NexximComponents/", "title": "pyaedt.modeler.PrimitivesNexxim.NexximComponents"}], "prev": {"link": "../pyaedt.modeler.PrimitivesNexxim.NexximComponents.o_component_manager/", "title": "o_component_manager"}, "next": {"link": "../pyaedt.modeler.PrimitivesNexxim.NexximComponents.o_symbol_manager/", "title": "o_symbol_manager"}, "title": "o_definition_manager", "meta": {}, "body": "<section id=\"o-definition-manager\">\n<h1>o_definition_manager<a class=\"headerlink\" href=\"#o-definition-manager\" title=\"Permalink to this heading\">#</a></h1>\n<dl class=\"py property\">\n<dt class=\"sig sig-object py\" id=\"pyaedt.modeler.PrimitivesNexxim.NexximComponents.o_definition_manager\">\n<em class=\"property\"><span class=\"pre\">property</span><span class=\"w\"> </span></em><span class=\"sig-prename descclassname\"><span class=\"pre\">NexximComponents.</span></span><span class=\"sig-name descname\"><span class=\"pre\">o_definition_manager</span></span><a class=\"headerlink\" href=\"#pyaedt.modeler.PrimitivesNexxim.NexximComponents.o_definition_manager\" title=\"Permalink to this definition\">#</a></dt>\n<dd><p>Aedt oDefinitionManager.</p>\n<p class=\"rubric\">References</p>\n<div class=\"doctest highlight-default notranslate\"><div class=\"highlight\"><pre><span></span><span class=\"gp\">&gt;&gt;&gt; </span><span class=\"n\">oDefinitionManager</span> <span class=\"o\">=</span> <span class=\"n\">oProject</span><span class=\"o\">.</span><span class=\"n\">GetDefinitionManager</span><span class=\"p\">()</span>\n</pre></div>\n</div>\n</dd></dl>\n\n</section>\n", "metatags": "<meta name=\"generator\" content=\"Docutils 0.19: https://docutils.sourceforge.io/\" />\n", "rellinks": [["genindex", "General Index", "I", "index"], ["py-modindex", "Python Module Index", "", "modules"], ["API/_autosummary/pyaedt.modeler.PrimitivesNexxim.NexximComponents.o_symbol_manager", "o_symbol_manager", "N", "next"], ["API/_autosummary/pyaedt.modeler.PrimitivesNexxim.NexximComponents.o_component_manager", "o_component_manager", "P", "previous"]], "sourcename": "API/_autosummary/pyaedt.modeler.PrimitivesNexxim.NexximComponents.o_definition_manager.rst.txt", "toc": "<ul>\n<li><a class=\"reference internal\" href=\"#\">o_definition_manager</a><ul>\n<li><a class=\"reference internal\" href=\"#pyaedt.modeler.PrimitivesNexxim.NexximComponents.o_definition_manager\"><code class=\"docutils literal notranslate\"><span class=\"pre\">NexximComponents.o_definition_manager</span></code></a></li>\n</ul>\n</li>\n</ul>\n", "display_toc": true, "page_source_suffix": ".rst", "current_page_name": "API/_autosummary/pyaedt.modeler.PrimitivesNexxim.NexximComponents.o_definition_manager", "sidebars": ["search-field.html", "sidebar-nav-bs.html"], "customsidebar": null, "favicon_url": null, "logo_url": null, "alabaster_version": "0.7.12", "theme_show_toc_level": 1, "theme_logo": {}}