{"parents": [{"link": "../../", "title": "API reference"}, {"link": "../../Post/", "title": "Postprocessing"}, {"link": "../pyaedt.modules.report_templates.Fields/", "title": "pyaedt.modules.report_templates.Fields"}], "prev": {"link": "../pyaedt.modules.report_templates.Fields/", "title": "pyaedt.modules.report_templates.Fields"}, "next": {"link": "../pyaedt.modules.report_templates.Fields.add_cartesian_y_marker/", "title": "add_cartesian_y_marker"}, "title": "add_cartesian_x_marker", "meta": {}, "body": "<section id=\"add-cartesian-x-marker\">\n<h1>add_cartesian_x_marker<a class=\"headerlink\" href=\"#add-cartesian-x-marker\" title=\"Permalink to this heading\">#</a></h1>\n<dl class=\"py method\">\n<dt class=\"sig sig-object py\" id=\"pyaedt.modules.report_templates.Fields.add_cartesian_x_marker\">\n<span class=\"sig-prename descclassname\"><span class=\"pre\">Fields.</span></span><span class=\"sig-name descname\"><span class=\"pre\">add_cartesian_x_marker</span></span><span class=\"sig-paren\">(</span><em class=\"sig-param\"><span class=\"n\"><span class=\"pre\">val</span></span></em>, <em class=\"sig-param\"><span class=\"n\"><span class=\"pre\">name</span></span><span class=\"o\"><span class=\"pre\">=</span></span><span class=\"default_value\"><span class=\"pre\">None</span></span></em><span class=\"sig-paren\">)</span><a class=\"headerlink\" href=\"#pyaedt.modules.report_templates.Fields.add_cartesian_x_marker\" title=\"Permalink to this definition\">#</a></dt>\n<dd><p>Add a cartesian X marker. This method works only in graphical mode.</p>\n<dl class=\"field-list\">\n<dt class=\"field-odd\">Parameters<span class=\"colon\">:</span></dt>\n<dd class=\"field-odd\"><dl>\n<dt><strong>val</strong><span class=\"classifier\"><a class=\"reference external\" href=\"https://docs.python.org/dev/library/stdtypes.html#str\" title=\"(in Python v3.12)\"><code class=\"docutils literal notranslate\"><span class=\"pre\">str</span></code></a></span></dt><dd><p>Value to apply with units.</p>\n</dd>\n<dt><strong>name</strong><span class=\"classifier\"><a class=\"reference external\" href=\"https://docs.python.org/dev/library/stdtypes.html#str\" title=\"(in Python v3.12)\"><code class=\"docutils literal notranslate\"><span class=\"pre\">str</span></code></a>, <code class=\"xref py py-obj docutils literal notranslate\"><span class=\"pre\">optional</span></code></span></dt><dd><p>Marker name. The default is <code class=\"docutils literal notranslate\"><span class=\"pre\">None</span></code>.</p>\n</dd>\n</dl>\n</dd>\n<dt class=\"field-even\">Returns<span class=\"colon\">:</span></dt>\n<dd class=\"field-even\"><dl class=\"simple\">\n<dt><a class=\"reference external\" href=\"https://docs.python.org/dev/library/stdtypes.html#str\" title=\"(in Python v3.12)\"><code class=\"docutils literal notranslate\"><span class=\"pre\">str</span></code></a></dt><dd><p>Marker name if created.</p>\n</dd>\n</dl>\n</dd>\n</dl>\n</dd></dl>\n\n</section>\n", "metatags": "<meta name=\"generator\" content=\"Docutils 0.19: https://docutils.sourceforge.io/\" />\n", "rellinks": [["genindex", "General Index", "I", "index"], ["py-modindex", "Python Module Index", "", "modules"], ["API/_autosummary/pyaedt.modules.report_templates.Fields.add_cartesian_y_marker", "add_cartesian_y_marker", "N", "next"], ["API/_autosummary/pyaedt.modules.report_templates.Fields", "pyaedt.modules.report_templates.Fields", "P", "previous"]], "sourcename": "API/_autosummary/pyaedt.modules.report_templates.Fields.add_cartesian_x_marker.rst.txt", "toc": "<ul>\n<li><a class=\"reference internal\" href=\"#\">add_cartesian_x_marker</a><ul>\n<li><a class=\"reference internal\" href=\"#pyaedt.modules.report_templates.Fields.add_cartesian_x_marker\"><code class=\"docutils literal notranslate\"><span class=\"pre\">Fields.add_cartesian_x_marker()</span></code></a></li>\n</ul>\n</li>\n</ul>\n", "display_toc": true, "page_source_suffix": ".rst", "current_page_name": "API/_autosummary/pyaedt.modules.report_templates.Fields.add_cartesian_x_marker", "sidebars": ["search-field.html", "sidebar-nav-bs.html"], "customsidebar": null, "favicon_url": null, "logo_url": null, "alabaster_version": "0.7.12", "theme_show_toc_level": 1, "theme_logo": {}}