{"parents": [{"link": "../../", "title": "API reference"}, {"link": "../../Application/", "title": "AEDT apps"}, {"link": "../pyaedt.Q2d/", "title": "pyaedt.Q2d"}], "prev": {"link": "../pyaedt.Q2d.analyze_all/", "title": "analyze_all"}, "next": {"link": "../pyaedt.Q2d.analyze_nominal/", "title": "analyze_nominal"}, "title": "analyze_from_initial_mesh", "meta": {}, "body": "<section id=\"analyze-from-initial-mesh\">\n<h1>analyze_from_initial_mesh<a class=\"headerlink\" href=\"#analyze-from-initial-mesh\" title=\"Permalink to this heading\">#</a></h1>\n<dl class=\"py method\">\n<dt class=\"sig sig-object py\" id=\"pyaedt.Q2d.analyze_from_initial_mesh\">\n<span class=\"sig-prename descclassname\"><span class=\"pre\">Q2d.</span></span><span class=\"sig-name descname\"><span class=\"pre\">analyze_from_initial_mesh</span></span><span class=\"sig-paren\">(</span><span class=\"sig-paren\">)</span><a class=\"headerlink\" href=\"#pyaedt.Q2d.analyze_from_initial_mesh\" title=\"Permalink to this definition\">#</a></dt>\n<dd><p>Revert the solution to the initial mesh and re-run the solve.</p>\n<dl class=\"field-list simple\">\n<dt class=\"field-odd\">Returns<span class=\"colon\">:</span></dt>\n<dd class=\"field-odd\"><dl class=\"simple\">\n<dt><a class=\"reference external\" href=\"https://docs.python.org/dev/library/stdtypes.html#bltin-boolean-values\" title=\"(in Python v3.12)\"><span class=\"xref std std-ref\">bool</span></a></dt><dd><p><code class=\"docutils literal notranslate\"><span class=\"pre\">True</span></code> when successful, <code class=\"docutils literal notranslate\"><span class=\"pre\">False</span></code> when failed.</p>\n</dd>\n</dl>\n</dd>\n</dl>\n<p class=\"rubric\">References</p>\n<div class=\"doctest highlight-default notranslate\"><div class=\"highlight\"><pre><span></span><span class=\"gp\">&gt;&gt;&gt; </span><span class=\"n\">oModule</span><span class=\"o\">.</span><span class=\"n\">RevertSetupToInitial</span>\n<span class=\"gp\">&gt;&gt;&gt; </span><span class=\"n\">oDesign</span><span class=\"o\">.</span><span class=\"n\">Analyze</span>\n</pre></div>\n</div>\n</dd></dl>\n\n</section>\n", "metatags": "<meta name=\"generator\" content=\"Docutils 0.19: https://docutils.sourceforge.io/\" />\n", "rellinks": [["genindex", "General Index", "I", "index"], ["py-modindex", "Python Module Index", "", "modules"], ["API/_autosummary/pyaedt.Q2d.analyze_nominal", "analyze_nominal", "N", "next"], ["API/_autosummary/pyaedt.Q2d.analyze_all", "analyze_all", "P", "previous"]], "sourcename": "API/_autosummary/pyaedt.Q2d.analyze_from_initial_mesh.rst.txt", "toc": "<ul>\n<li><a class=\"reference internal\" href=\"#\">analyze_from_initial_mesh</a><ul>\n<li><a class=\"reference internal\" href=\"#pyaedt.Q2d.analyze_from_initial_mesh\"><code class=\"docutils literal notranslate\"><span class=\"pre\">Q2d.analyze_from_initial_mesh()</span></code></a></li>\n</ul>\n</li>\n</ul>\n", "display_toc": true, "page_source_suffix": ".rst", "current_page_name": "API/_autosummary/pyaedt.Q2d.analyze_from_initial_mesh", "sidebars": ["search-field.html", "sidebar-nav-bs.html"], "customsidebar": null, "favicon_url": null, "logo_url": null, "alabaster_version": "0.7.12", "theme_show_toc_level": 1, "theme_logo": {}}