{"parents": [{"link": "../../", "title": "API reference"}, {"link": "../../Application/", "title": "AEDT apps"}, {"link": "../pyaedt.Icepak/", "title": "pyaedt.Icepak"}], "prev": {"link": "../pyaedt.Icepak.change_validation_settings/", "title": "change_validation_settings"}, "next": {"link": "../pyaedt.Icepak.clean_proj_folder/", "title": "clean_proj_folder"}, "title": "check_beta_option_enabled", "meta": {}, "body": "<section id=\"check-beta-option-enabled\">\n<h1>check_beta_option_enabled<a class=\"headerlink\" href=\"#check-beta-option-enabled\" title=\"Permalink to this heading\">#</a></h1>\n<dl class=\"py method\">\n<dt class=\"sig sig-object py\" id=\"pyaedt.Icepak.check_beta_option_enabled\">\n<span class=\"sig-prename descclassname\"><span class=\"pre\">Icepak.</span></span><span class=\"sig-name descname\"><span class=\"pre\">check_beta_option_enabled</span></span><span class=\"sig-paren\">(</span><em class=\"sig-param\"><span class=\"n\"><span class=\"pre\">beta_option_name</span></span></em><span class=\"sig-paren\">)</span><a class=\"headerlink\" href=\"#pyaedt.Icepak.check_beta_option_enabled\" title=\"Permalink to this definition\">#</a></dt>\n<dd><p>Check if a beta option is enabled.</p>\n<dl class=\"field-list\">\n<dt class=\"field-odd\">Parameters<span class=\"colon\">:</span></dt>\n<dd class=\"field-odd\"><dl>\n<dt><strong>beta_option_name</strong><span class=\"classifier\"><a class=\"reference external\" href=\"https://docs.python.org/dev/library/stdtypes.html#str\" title=\"(in Python v3.12)\"><code class=\"docutils literal notranslate\"><span class=\"pre\">str</span></code></a></span></dt><dd><p>Name of the beta option to check. For example, <code class=\"docutils literal notranslate\"><span class=\"pre\">'SF43060_HFSS_PI'</span></code>.</p>\n</dd>\n</dl>\n</dd>\n<dt class=\"field-even\">Returns<span class=\"colon\">:</span></dt>\n<dd class=\"field-even\"><dl class=\"simple\">\n<dt><a class=\"reference external\" href=\"https://docs.python.org/dev/library/stdtypes.html#bltin-boolean-values\" title=\"(in Python v3.12)\"><span class=\"xref std std-ref\">bool</span></a></dt><dd><p><code class=\"docutils literal notranslate\"><span class=\"pre\">True</span></code> when successful, <code class=\"docutils literal notranslate\"><span class=\"pre\">False</span></code> when failed.</p>\n</dd>\n</dl>\n</dd>\n</dl>\n<p class=\"rubric\">References</p>\n<div class=\"doctest highlight-default notranslate\"><div class=\"highlight\"><pre><span></span><span class=\"gp\">&gt;&gt;&gt; </span><span class=\"n\">oDesktop</span><span class=\"o\">.</span><span class=\"n\">GetRegistryString</span>\n</pre></div>\n</div>\n</dd></dl>\n\n</section>\n", "metatags": "<meta name=\"generator\" content=\"Docutils 0.19: https://docutils.sourceforge.io/\" />\n", "rellinks": [["genindex", "General Index", "I", "index"], ["py-modindex", "Python Module Index", "", "modules"], ["API/_autosummary/pyaedt.Icepak.clean_proj_folder", "clean_proj_folder", "N", "next"], ["API/_autosummary/pyaedt.Icepak.change_validation_settings", "change_validation_settings", "P", "previous"]], "sourcename": "API/_autosummary/pyaedt.Icepak.check_beta_option_enabled.rst.txt", "toc": "<ul>\n<li><a class=\"reference internal\" href=\"#\">check_beta_option_enabled</a><ul>\n<li><a class=\"reference internal\" href=\"#pyaedt.Icepak.check_beta_option_enabled\"><code class=\"docutils literal notranslate\"><span class=\"pre\">Icepak.check_beta_option_enabled()</span></code></a></li>\n</ul>\n</li>\n</ul>\n", "display_toc": true, "page_source_suffix": ".rst", "current_page_name": "API/_autosummary/pyaedt.Icepak.check_beta_option_enabled", "sidebars": ["search-field.html", "sidebar-nav-bs.html"], "customsidebar": null, "favicon_url": null, "logo_url": null, "alabaster_version": "0.7.12", "theme_show_toc_level": 1, "theme_logo": {}}