{"parents": [{"link": "../../", "title": "API reference"}, {"link": "../../Application/", "title": "AEDT apps"}, {"link": "../pyaedt.Hfss3dLayout/", "title": "pyaedt.Hfss3dLayout"}], "prev": {"link": "../pyaedt.Hfss3dLayout.create_scattering/", "title": "create_scattering"}, "next": {"link": "../pyaedt.Hfss3dLayout.create_single_point_sweep/", "title": "create_single_point_sweep"}, "title": "create_setup", "meta": {}, "body": "<section id=\"create-setup\">\n<h1>create_setup<a class=\"headerlink\" href=\"#create-setup\" title=\"Permalink to this heading\">#</a></h1>\n<dl class=\"py method\">\n<dt class=\"sig sig-object py\" id=\"pyaedt.Hfss3dLayout.create_setup\">\n<span class=\"sig-prename descclassname\"><span class=\"pre\">Hfss3dLayout.</span></span><span class=\"sig-name descname\"><span class=\"pre\">create_setup</span></span><span class=\"sig-paren\">(</span><em class=\"sig-param\"><span class=\"n\"><span class=\"pre\">setupname</span></span><span class=\"o\"><span class=\"pre\">=</span></span><span class=\"default_value\"><span class=\"pre\">'MySetupAuto'</span></span></em>, <em class=\"sig-param\"><span class=\"n\"><span class=\"pre\">setuptype</span></span><span class=\"o\"><span class=\"pre\">=</span></span><span class=\"default_value\"><span class=\"pre\">None</span></span></em>, <em class=\"sig-param\"><span class=\"n\"><span class=\"pre\">props</span></span><span class=\"o\"><span class=\"pre\">=</span></span><span class=\"default_value\"><span class=\"pre\">{}</span></span></em><span class=\"sig-paren\">)</span><a class=\"headerlink\" href=\"#pyaedt.Hfss3dLayout.create_setup\" title=\"Permalink to this definition\">#</a></dt>\n<dd><p>Create a setup.</p>\n<dl class=\"field-list\">\n<dt class=\"field-odd\">Parameters<span class=\"colon\">:</span></dt>\n<dd class=\"field-odd\"><dl>\n<dt><strong>setupname</strong><span class=\"classifier\"><a class=\"reference external\" href=\"https://docs.python.org/dev/library/stdtypes.html#str\" title=\"(in Python v3.12)\"><code class=\"docutils literal notranslate\"><span class=\"pre\">str</span></code></a>, <code class=\"xref py py-obj docutils literal notranslate\"><span class=\"pre\">optional</span></code></span></dt><dd><p>Name of the new setup. The default is <code class=\"docutils literal notranslate\"><span class=\"pre\">&quot;MySetupAuto&quot;</span></code>.</p>\n</dd>\n<dt><strong>setuptype</strong><span class=\"classifier\"><a class=\"reference external\" href=\"https://docs.python.org/dev/library/stdtypes.html#str\" title=\"(in Python v3.12)\"><code class=\"docutils literal notranslate\"><span class=\"pre\">str</span></code></a>, <code class=\"xref py py-obj docutils literal notranslate\"><span class=\"pre\">optional</span></code></span></dt><dd><p>Type of the setup. The default is <code class=\"docutils literal notranslate\"><span class=\"pre\">None</span></code>, in which case\nthe default type is applied.</p>\n</dd>\n<dt><strong>props</strong><span class=\"classifier\"><a class=\"reference external\" href=\"https://docs.python.org/dev/library/stdtypes.html#dict\" title=\"(in Python v3.12)\"><code class=\"docutils literal notranslate\"><span class=\"pre\">dict</span></code></a>, <code class=\"xref py py-obj docutils literal notranslate\"><span class=\"pre\">optional</span></code></span></dt><dd><p>Dictionary of properties with values. The default is <code class=\"docutils literal notranslate\"><span class=\"pre\">{}</span></code>.</p>\n</dd>\n</dl>\n</dd>\n<dt class=\"field-even\">Returns<span class=\"colon\">:</span></dt>\n<dd class=\"field-even\"><dl class=\"simple\">\n<dt><a class=\"reference internal\" href=\"../pyaedt.modules.SolveSetup.Setup3DLayout/#pyaedt.modules.SolveSetup.Setup3DLayout\" title=\"pyaedt.modules.SolveSetup.Setup3DLayout\"><code class=\"xref py py-class docutils literal notranslate\"><span class=\"pre\">pyaedt.modules.SolveSetup.Setup3DLayout</span></code></a></dt><dd></dd>\n</dl>\n</dd>\n</dl>\n<p class=\"rubric\">References</p>\n<div class=\"doctest highlight-default notranslate\"><div class=\"highlight\"><pre><span></span><span class=\"gp\">&gt;&gt;&gt; </span><span class=\"n\">oModule</span><span class=\"o\">.</span><span class=\"n\">Add</span>\n</pre></div>\n</div>\n</dd></dl>\n\n</section>\n", "metatags": "<meta name=\"generator\" content=\"Docutils 0.19: https://docutils.sourceforge.io/\" />\n", "rellinks": [["genindex", "General Index", "I", "index"], ["py-modindex", "Python Module Index", "", "modules"], ["API/_autosummary/pyaedt.Hfss3dLayout.create_single_point_sweep", "create_single_point_sweep", "N", "next"], ["API/_autosummary/pyaedt.Hfss3dLayout.create_scattering", "create_scattering", "P", "previous"]], "sourcename": "API/_autosummary/pyaedt.Hfss3dLayout.create_setup.rst.txt", "toc": "<ul>\n<li><a class=\"reference internal\" href=\"#\">create_setup</a><ul>\n<li><a class=\"reference internal\" href=\"#pyaedt.Hfss3dLayout.create_setup\"><code class=\"docutils literal notranslate\"><span class=\"pre\">Hfss3dLayout.create_setup()</span></code></a></li>\n</ul>\n</li>\n</ul>\n", "display_toc": true, "page_source_suffix": ".rst", "current_page_name": "API/_autosummary/pyaedt.Hfss3dLayout.create_setup", "sidebars": ["search-field.html", "sidebar-nav-bs.html"], "customsidebar": null, "favicon_url": null, "logo_url": null, "alabaster_version": "0.7.12", "theme_show_toc_level": 1, "theme_logo": {}}