{"parents": [{"link": "../../", "title": "API reference"}, {"link": "../../Primitives/", "title": "Modeler and  primitives"}, {"link": "../pyaedt.modeler.object3dlayout.Components3DLayout/", "title": "pyaedt.modeler.object3dlayout.Components3DLayout"}], "prev": {"link": "../pyaedt.modeler.object3dlayout.Components3DLayout.part/", "title": "part"}, "next": {"link": "../pyaedt.modeler.object3dlayout.Components3DLayout.pins/", "title": "pins"}, "title": "part_type", "meta": {}, "body": "<section id=\"part-type\">\n<h1>part_type<a class=\"headerlink\" href=\"#part-type\" title=\"Permalink to this heading\">#</a></h1>\n<dl class=\"py property\">\n<dt class=\"sig sig-object py\" id=\"pyaedt.modeler.object3dlayout.Components3DLayout.part_type\">\n<em class=\"property\"><span class=\"pre\">property</span><span class=\"w\"> </span></em><span class=\"sig-prename descclassname\"><span class=\"pre\">Components3DLayout.</span></span><span class=\"sig-name descname\"><span class=\"pre\">part_type</span></span><a class=\"headerlink\" href=\"#pyaedt.modeler.object3dlayout.Components3DLayout.part_type\" title=\"Permalink to this definition\">#</a></dt>\n<dd><p>Retrieve the component part type.</p>\n<dl class=\"field-list simple\">\n<dt class=\"field-odd\">Returns<span class=\"colon\">:</span></dt>\n<dd class=\"field-odd\"><dl class=\"simple\">\n<dt><a class=\"reference external\" href=\"https://docs.python.org/dev/library/functions.html#type\" title=\"(in Python v3.12)\"><code class=\"xref py py-obj docutils literal notranslate\"><span class=\"pre\">type</span></code></a></dt><dd><p>Component part type.</p>\n</dd>\n</dl>\n</dd>\n</dl>\n<p class=\"rubric\">References</p>\n<div class=\"doctest highlight-default notranslate\"><div class=\"highlight\"><pre><span></span><span class=\"gp\">&gt;&gt;&gt; </span><span class=\"n\">oEditor</span><span class=\"o\">.</span><span class=\"n\">GetPropertyValue</span>\n</pre></div>\n</div>\n</dd></dl>\n\n</section>\n", "metatags": "<meta name=\"generator\" content=\"Docutils 0.19: https://docutils.sourceforge.io/\" />\n", "rellinks": [["genindex", "General Index", "I", "index"], ["py-modindex", "Python Module Index", "", "modules"], ["API/_autosummary/pyaedt.modeler.object3dlayout.Components3DLayout.pins", "pins", "N", "next"], ["API/_autosummary/pyaedt.modeler.object3dlayout.Components3DLayout.part", "part", "P", "previous"]], "sourcename": "API/_autosummary/pyaedt.modeler.object3dlayout.Components3DLayout.part_type.rst.txt", "toc": "<ul>\n<li><a class=\"reference internal\" href=\"#\">part_type</a><ul>\n<li><a class=\"reference internal\" href=\"#pyaedt.modeler.object3dlayout.Components3DLayout.part_type\"><code class=\"docutils literal notranslate\"><span class=\"pre\">Components3DLayout.part_type</span></code></a></li>\n</ul>\n</li>\n</ul>\n", "display_toc": true, "page_source_suffix": ".rst", "current_page_name": "API/_autosummary/pyaedt.modeler.object3dlayout.Components3DLayout.part_type", "sidebars": ["search-field.html", "sidebar-nav-bs.html"], "customsidebar": null, "favicon_url": null, "logo_url": null, "alabaster_version": "0.7.12", "theme_show_toc_level": 1, "theme_logo": {}}