{"parents": [{"link": "../../", "title": "API reference"}, {"link": "../../Application/", "title": "AEDT apps"}, {"link": "../pyaedt.Emit/", "title": "pyaedt.Emit"}], "prev": {"link": "../pyaedt.Emit.create_dataset/", "title": "create_dataset"}, "next": {"link": "../pyaedt.Emit.create_dataset1d_project/", "title": "create_dataset1d_project"}, "title": "create_dataset1d_design", "meta": {}, "body": "<section id=\"create-dataset1d-design\">\n<h1>create_dataset1d_design<a class=\"headerlink\" href=\"#create-dataset1d-design\" title=\"Permalink to this heading\">#</a></h1>\n<dl class=\"py method\">\n<dt class=\"sig sig-object py\" id=\"pyaedt.Emit.create_dataset1d_design\">\n<span class=\"sig-prename descclassname\"><span class=\"pre\">Emit.</span></span><span class=\"sig-name descname\"><span class=\"pre\">create_dataset1d_design</span></span><span class=\"sig-paren\">(</span><em class=\"sig-param\"><span class=\"n\"><span class=\"pre\">dsname</span></span></em>, <em class=\"sig-param\"><span class=\"n\"><span class=\"pre\">xlist</span></span></em>, <em class=\"sig-param\"><span class=\"n\"><span class=\"pre\">ylist</span></span></em>, <em class=\"sig-param\"><span class=\"n\"><span class=\"pre\">xunit</span></span><span class=\"o\"><span class=\"pre\">=</span></span><span class=\"default_value\"><span class=\"pre\">''</span></span></em>, <em class=\"sig-param\"><span class=\"n\"><span class=\"pre\">yunit</span></span><span class=\"o\"><span class=\"pre\">=</span></span><span class=\"default_value\"><span class=\"pre\">''</span></span></em><span class=\"sig-paren\">)</span><a class=\"headerlink\" href=\"#pyaedt.Emit.create_dataset1d_design\" title=\"Permalink to this definition\">#</a></dt>\n<dd><p>Create a design dataset.</p>\n<dl class=\"field-list\">\n<dt class=\"field-odd\">Parameters<span class=\"colon\">:</span></dt>\n<dd class=\"field-odd\"><dl>\n<dt><strong>dsname</strong><span class=\"classifier\"><a class=\"reference external\" href=\"https://docs.python.org/dev/library/stdtypes.html#str\" title=\"(in Python v3.12)\"><code class=\"docutils literal notranslate\"><span class=\"pre\">str</span></code></a></span></dt><dd><p>Name of the dataset (without a prefix for a project dataset).</p>\n</dd>\n<dt><strong>xlist</strong><span class=\"classifier\"><a class=\"reference external\" href=\"https://docs.python.org/dev/library/stdtypes.html#list\" title=\"(in Python v3.12)\"><code class=\"docutils literal notranslate\"><span class=\"pre\">list</span></code></a></span></dt><dd><p>List of X-axis values for the dataset.</p>\n</dd>\n<dt><strong>ylist</strong><span class=\"classifier\"><a class=\"reference external\" href=\"https://docs.python.org/dev/library/stdtypes.html#list\" title=\"(in Python v3.12)\"><code class=\"docutils literal notranslate\"><span class=\"pre\">list</span></code></a></span></dt><dd><p>List of Y-axis values for the dataset.</p>\n</dd>\n<dt><strong>xunit</strong><span class=\"classifier\"><a class=\"reference external\" href=\"https://docs.python.org/dev/library/stdtypes.html#str\" title=\"(in Python v3.12)\"><code class=\"docutils literal notranslate\"><span class=\"pre\">str</span></code></a>, <code class=\"xref py py-obj docutils literal notranslate\"><span class=\"pre\">optional</span></code></span></dt><dd><p>Units for the X axis. The default is <code class=\"docutils literal notranslate\"><span class=\"pre\">&quot;&quot;</span></code>.</p>\n</dd>\n<dt><strong>yunit</strong><span class=\"classifier\"><a class=\"reference external\" href=\"https://docs.python.org/dev/library/stdtypes.html#str\" title=\"(in Python v3.12)\"><code class=\"docutils literal notranslate\"><span class=\"pre\">str</span></code></a>, <code class=\"xref py py-obj docutils literal notranslate\"><span class=\"pre\">optional</span></code></span></dt><dd><p>Units for the Y axis. The default is <code class=\"docutils literal notranslate\"><span class=\"pre\">&quot;&quot;</span></code>.</p>\n</dd>\n</dl>\n</dd>\n<dt class=\"field-even\">Returns<span class=\"colon\">:</span></dt>\n<dd class=\"field-even\"><dl class=\"simple\">\n<dt><a class=\"reference internal\" href=\"../pyaedt.application.Variables.DataSet/#pyaedt.application.Variables.DataSet\" title=\"pyaedt.application.Variables.DataSet\"><code class=\"xref py py-class docutils literal notranslate\"><span class=\"pre\">pyaedt.application.Variables.DataSet</span></code></a></dt><dd></dd>\n</dl>\n</dd>\n</dl>\n<p class=\"rubric\">References</p>\n<div class=\"doctest highlight-default notranslate\"><div class=\"highlight\"><pre><span></span><span class=\"gp\">&gt;&gt;&gt; </span><span class=\"n\">oProject</span><span class=\"o\">.</span><span class=\"n\">AddDataset</span>\n<span class=\"gp\">&gt;&gt;&gt; </span><span class=\"n\">oDesign</span><span class=\"o\">.</span><span class=\"n\">AddDataset</span>\n</pre></div>\n</div>\n</dd></dl>\n\n</section>\n", "metatags": "<meta name=\"generator\" content=\"Docutils 0.19: https://docutils.sourceforge.io/\" />\n", "rellinks": [["genindex", "General Index", "I", "index"], ["py-modindex", "Python Module Index", "", "modules"], ["API/_autosummary/pyaedt.Emit.create_dataset1d_project", "create_dataset1d_project", "N", "next"], ["API/_autosummary/pyaedt.Emit.create_dataset", "create_dataset", "P", "previous"]], "sourcename": "API/_autosummary/pyaedt.Emit.create_dataset1d_design.rst.txt", "toc": "<ul>\n<li><a class=\"reference internal\" href=\"#\">create_dataset1d_design</a><ul>\n<li><a class=\"reference internal\" href=\"#pyaedt.Emit.create_dataset1d_design\"><code class=\"docutils literal notranslate\"><span class=\"pre\">Emit.create_dataset1d_design()</span></code></a></li>\n</ul>\n</li>\n</ul>\n", "display_toc": true, "page_source_suffix": ".rst", "current_page_name": "API/_autosummary/pyaedt.Emit.create_dataset1d_design", "sidebars": ["search-field.html", "sidebar-nav-bs.html"], "customsidebar": null, "favicon_url": null, "logo_url": null, "alabaster_version": "0.7.12", "theme_show_toc_level": 1, "theme_logo": {}}