{"parents": [{"link": "../../", "title": "API reference"}, {"link": "../../Mesh/", "title": "Mesh operations"}, {"link": "../pyaedt.modules.Mesh.Mesh/", "title": "pyaedt.modules.Mesh.Mesh"}], "prev": {"link": "../pyaedt.modules.Mesh.Mesh.assign_length_mesh/", "title": "assign_length_mesh"}, "next": {"link": "../pyaedt.modules.Mesh.Mesh.assign_rotational_layer/", "title": "assign_rotational_layer"}, "title": "assign_model_resolution", "meta": {}, "body": "<section id=\"assign-model-resolution\">\n<h1>assign_model_resolution<a class=\"headerlink\" href=\"#assign-model-resolution\" title=\"Permalink to this heading\">#</a></h1>\n<dl class=\"py method\">\n<dt class=\"sig sig-object py\" id=\"pyaedt.modules.Mesh.Mesh.assign_model_resolution\">\n<span class=\"sig-prename descclassname\"><span class=\"pre\">Mesh.</span></span><span class=\"sig-name descname\"><span class=\"pre\">assign_model_resolution</span></span><span class=\"sig-paren\">(</span><em class=\"sig-param\"><span class=\"n\"><span class=\"pre\">names</span></span></em>, <em class=\"sig-param\"><span class=\"n\"><span class=\"pre\">defeature_length</span></span><span class=\"o\"><span class=\"pre\">=</span></span><span class=\"default_value\"><span class=\"pre\">None</span></span></em>, <em class=\"sig-param\"><span class=\"n\"><span class=\"pre\">meshop_name</span></span><span class=\"o\"><span class=\"pre\">=</span></span><span class=\"default_value\"><span class=\"pre\">None</span></span></em><span class=\"sig-paren\">)</span><a class=\"reference internal\" href=\"../../../_modules/pyaedt/modules/Mesh/#Mesh.assign_model_resolution\"><span class=\"viewcode-link\"><span class=\"pre\">[source]</span></span></a><a class=\"headerlink\" href=\"#pyaedt.modules.Mesh.Mesh.assign_model_resolution\" title=\"Permalink to this definition\">#</a></dt>\n<dd><p>Assign the model resolution.</p>\n<dl class=\"field-list\">\n<dt class=\"field-odd\">Parameters<span class=\"colon\">:</span></dt>\n<dd class=\"field-odd\"><dl>\n<dt><strong>names</strong><span class=\"classifier\"><a class=\"reference external\" href=\"https://docs.python.org/dev/library/stdtypes.html#list\" title=\"(in Python v3.12)\"><code class=\"docutils literal notranslate\"><span class=\"pre\">list</span></code></a></span></dt><dd><p>List of objects to defeature.</p>\n</dd>\n<dt><strong>defeature_length</strong><span class=\"classifier\"><a class=\"reference external\" href=\"https://docs.python.org/dev/library/functions.html#float\" title=\"(in Python v3.12)\"><code class=\"docutils literal notranslate\"><span class=\"pre\">float</span></code></a>, <code class=\"xref py py-obj docutils literal notranslate\"><span class=\"pre\">optional</span></code></span></dt><dd><p>Defeaturing length in millimeters. The default is <code class=\"docutils literal notranslate\"><span class=\"pre\">None</span></code>, in which case\nautomatic defeaturing is used.</p>\n</dd>\n<dt><strong>meshop_name</strong><span class=\"classifier\"><a class=\"reference external\" href=\"https://docs.python.org/dev/library/stdtypes.html#str\" title=\"(in Python v3.12)\"><code class=\"docutils literal notranslate\"><span class=\"pre\">str</span></code></a>, <code class=\"xref py py-obj docutils literal notranslate\"><span class=\"pre\">optional</span></code></span></dt><dd><p>Name of the mesh operation. The default is <code class=\"docutils literal notranslate\"><span class=\"pre\">None</span></code>.</p>\n</dd>\n</dl>\n</dd>\n<dt class=\"field-even\">Returns<span class=\"colon\">:</span></dt>\n<dd class=\"field-even\"><dl class=\"simple\">\n<dt><code class=\"xref py py-class docutils literal notranslate\"><span class=\"pre\">pyaedt.modules.Mesh.MeshOperation</span></code></dt><dd><p>Mesh operation object.</p>\n</dd>\n</dl>\n</dd>\n</dl>\n<p class=\"rubric\">References</p>\n<div class=\"doctest highlight-default notranslate\"><div class=\"highlight\"><pre><span></span><span class=\"gp\">&gt;&gt;&gt; </span><span class=\"n\">oModule</span><span class=\"o\">.</span><span class=\"n\">AssignModelResolutionOp</span>\n</pre></div>\n</div>\n</dd></dl>\n\n</section>\n", "metatags": "<meta name=\"generator\" content=\"Docutils 0.19: https://docutils.sourceforge.io/\" />\n", "rellinks": [["genindex", "General Index", "I", "index"], ["py-modindex", "Python Module Index", "", "modules"], ["API/_autosummary/pyaedt.modules.Mesh.Mesh.assign_rotational_layer", "assign_rotational_layer", "N", "next"], ["API/_autosummary/pyaedt.modules.Mesh.Mesh.assign_length_mesh", "assign_length_mesh", "P", "previous"]], "sourcename": "API/_autosummary/pyaedt.modules.Mesh.Mesh.assign_model_resolution.rst.txt", "toc": "<ul>\n<li><a class=\"reference internal\" href=\"#\">assign_model_resolution</a><ul>\n<li><a class=\"reference internal\" href=\"#pyaedt.modules.Mesh.Mesh.assign_model_resolution\"><code class=\"docutils literal notranslate\"><span class=\"pre\">Mesh.assign_model_resolution()</span></code></a></li>\n</ul>\n</li>\n</ul>\n", "display_toc": true, "page_source_suffix": ".rst", "current_page_name": "API/_autosummary/pyaedt.modules.Mesh.Mesh.assign_model_resolution", "sidebars": ["search-field.html", "sidebar-nav-bs.html"], "customsidebar": null, "favicon_url": null, "logo_url": null, "alabaster_version": "0.7.12", "theme_show_toc_level": 1, "theme_logo": {}}