{"parents": [{"link": "../../", "title": "API reference"}, {"link": "../../Post/", "title": "Postprocessing"}, {"link": "../pyaedt.modules.report_templates.EyeDiagram/", "title": "pyaedt.modules.report_templates.EyeDiagram"}], "prev": {"link": "../pyaedt.modules.report_templates.EyeDiagram.time_stop/", "title": "time_stop"}, "next": {"link": "../pyaedt.modules.report_templates.EyeDiagram.unit_interval/", "title": "unit_interval"}, "title": "traces", "meta": {}, "body": "<section id=\"traces\">\n<h1>traces<a class=\"headerlink\" href=\"#traces\" title=\"Permalink to this heading\">#</a></h1>\n<dl class=\"py property\">\n<dt class=\"sig sig-object py\" id=\"pyaedt.modules.report_templates.EyeDiagram.traces\">\n<em class=\"property\"><span class=\"pre\">property</span><span class=\"w\"> </span></em><span class=\"sig-prename descclassname\"><span class=\"pre\">EyeDiagram.</span></span><span class=\"sig-name descname\"><span class=\"pre\">traces</span></span><a class=\"headerlink\" href=\"#pyaedt.modules.report_templates.EyeDiagram.traces\" title=\"Permalink to this definition\">#</a></dt>\n<dd><p>List of available traces in the report.</p>\n<div class=\"admonition note\">\n<p class=\"admonition-title\">Note</p>\n<p>This property works in version 2022 R1 and later. However, it works only in\nnon-graphical mode in version 2022 R2 and later.</p>\n</div>\n<dl class=\"field-list simple\">\n<dt class=\"field-odd\">Returns<span class=\"colon\">:</span></dt>\n<dd class=\"field-odd\"><dl class=\"simple\">\n<dt><code class=\"xref py py-obj docutils literal notranslate\"><span class=\"pre\">List</span></code> <code class=\"xref py py-obj docutils literal notranslate\"><span class=\"pre\">of</span></code> <a class=\"reference internal\" href=\"../pyaedt.modules.report_templates.Trace/#pyaedt.modules.report_templates.Trace\" title=\"pyaedt.modules.report_templates.Trace\"><code class=\"xref py py-class docutils literal notranslate\"><span class=\"pre\">pyaedt.modules.report_templates.Trace</span></code></a></dt><dd></dd>\n</dl>\n</dd>\n</dl>\n</dd></dl>\n\n</section>\n", "metatags": "<meta name=\"generator\" content=\"Docutils 0.19: https://docutils.sourceforge.io/\" />\n", "rellinks": [["genindex", "General Index", "I", "index"], ["py-modindex", "Python Module Index", "", "modules"], ["API/_autosummary/pyaedt.modules.report_templates.EyeDiagram.unit_interval", "unit_interval", "N", "next"], ["API/_autosummary/pyaedt.modules.report_templates.EyeDiagram.time_stop", "time_stop", "P", "previous"]], "sourcename": "API/_autosummary/pyaedt.modules.report_templates.EyeDiagram.traces.rst.txt", "toc": "<ul>\n<li><a class=\"reference internal\" href=\"#\">traces</a><ul>\n<li><a class=\"reference internal\" href=\"#pyaedt.modules.report_templates.EyeDiagram.traces\"><code class=\"docutils literal notranslate\"><span class=\"pre\">EyeDiagram.traces</span></code></a></li>\n</ul>\n</li>\n</ul>\n", "display_toc": true, "page_source_suffix": ".rst", "current_page_name": "API/_autosummary/pyaedt.modules.report_templates.EyeDiagram.traces", "sidebars": ["search-field.html", "sidebar-nav-bs.html"], "customsidebar": null, "favicon_url": null, "logo_url": null, "alabaster_version": "0.7.12", "theme_show_toc_level": 1, "theme_logo": {}}