{"parents": [{"link": "../../", "title": "API reference"}, {"link": "../../Application/", "title": "AEDT apps"}, {"link": "../pyaedt.Hfss/", "title": "pyaedt.Hfss"}], "prev": {"link": "../pyaedt.Hfss/", "title": "pyaedt.Hfss"}, "next": {"link": "../pyaedt.Hfss.activate_variable_optimization/", "title": "activate_variable_optimization"}, "title": "SARSetup", "meta": {}, "body": "<section id=\"sarsetup\">\n<h1>SARSetup<a class=\"headerlink\" href=\"#sarsetup\" title=\"Permalink to this heading\">#</a></h1>\n<dl class=\"py method\">\n<dt class=\"sig sig-object py\" id=\"pyaedt.Hfss.SARSetup\">\n<span class=\"sig-prename descclassname\"><span class=\"pre\">Hfss.</span></span><span class=\"sig-name descname\"><span class=\"pre\">SARSetup</span></span><span class=\"sig-paren\">(</span><em class=\"sig-param\"><span class=\"n\"><span class=\"pre\">Tissue_object_List_ID</span></span></em>, <em class=\"sig-param\"><span class=\"n\"><span class=\"pre\">TissueMass</span></span><span class=\"o\"><span class=\"pre\">=</span></span><span class=\"default_value\"><span class=\"pre\">1</span></span></em>, <em class=\"sig-param\"><span class=\"n\"><span class=\"pre\">MaterialDensity</span></span><span class=\"o\"><span class=\"pre\">=</span></span><span class=\"default_value\"><span class=\"pre\">1</span></span></em>, <em class=\"sig-param\"><span class=\"n\"><span class=\"pre\">voxel_size</span></span><span class=\"o\"><span class=\"pre\">=</span></span><span class=\"default_value\"><span class=\"pre\">1</span></span></em>, <em class=\"sig-param\"><span class=\"n\"><span class=\"pre\">Average_SAR_method</span></span><span class=\"o\"><span class=\"pre\">=</span></span><span class=\"default_value\"><span class=\"pre\">0</span></span></em><span class=\"sig-paren\">)</span><a class=\"reference internal\" href=\"../../../_modules/pyaedt/hfss/#Hfss.SARSetup\"><span class=\"viewcode-link\"><span class=\"pre\">[source]</span></span></a><a class=\"headerlink\" href=\"#pyaedt.Hfss.SARSetup\" title=\"Permalink to this definition\">#</a></dt>\n<dd><p>Define SAR settings.</p>\n<div class=\"deprecated\">\n<p><span class=\"versionmodified deprecated\">Deprecated since version 0.4.5: </span>Use <a class=\"reference internal\" href=\"../pyaedt.Hfss.sar_setup/#pyaedt.Hfss.sar_setup\" title=\"pyaedt.Hfss.sar_setup\"><code class=\"xref py py-func docutils literal notranslate\"><span class=\"pre\">Hfss.sar_setup()</span></code></a> instead.</p>\n</div>\n</dd></dl>\n\n</section>\n", "metatags": "<meta name=\"generator\" content=\"Docutils 0.19: https://docutils.sourceforge.io/\" />\n", "rellinks": [["genindex", "General Index", "I", "index"], ["py-modindex", "Python Module Index", "", "modules"], ["API/_autosummary/pyaedt.Hfss.activate_variable_optimization", "activate_variable_optimization", "N", "next"], ["API/_autosummary/pyaedt.Hfss", "pyaedt.Hfss", "P", "previous"]], "sourcename": "API/_autosummary/pyaedt.Hfss.SARSetup.rst.txt", "toc": "<ul>\n<li><a class=\"reference internal\" href=\"#\">SARSetup</a><ul>\n<li><a class=\"reference internal\" href=\"#pyaedt.Hfss.SARSetup\"><code class=\"docutils literal notranslate\"><span class=\"pre\">Hfss.SARSetup()</span></code></a></li>\n</ul>\n</li>\n</ul>\n", "display_toc": true, "page_source_suffix": ".rst", "current_page_name": "API/_autosummary/pyaedt.Hfss.SARSetup", "sidebars": ["search-field.html", "sidebar-nav-bs.html"], "customsidebar": null, "favicon_url": null, "logo_url": null, "alabaster_version": "0.7.12", "theme_show_toc_level": 1, "theme_logo": {}}