{"parents": [{"link": "../../", "title": "API reference"}, {"link": "../../Setup/", "title": "Setup"}, {"link": "../pyaedt.modules.SolveSetup.Setup3DLayout/", "title": "pyaedt.modules.SolveSetup.Setup3DLayout"}], "prev": {"link": "../pyaedt.modules.SolveSetup.Setup3DLayout.import_from_json/", "title": "import_from_json"}, "next": {"link": "../pyaedt.modules.SolveSetup.Setup3DLayout.available_properties/", "title": "available_properties"}, "title": "update", "meta": {}, "body": "<section id=\"update\">\n<h1>update<a class=\"headerlink\" href=\"#update\" title=\"Permalink to this heading\">#</a></h1>\n<dl class=\"py method\">\n<dt class=\"sig sig-object py\" id=\"pyaedt.modules.SolveSetup.Setup3DLayout.update\">\n<span class=\"sig-prename descclassname\"><span class=\"pre\">Setup3DLayout.</span></span><span class=\"sig-name descname\"><span class=\"pre\">update</span></span><span class=\"sig-paren\">(</span><em class=\"sig-param\"><span class=\"n\"><span class=\"pre\">update_dictionary</span></span><span class=\"o\"><span class=\"pre\">=</span></span><span class=\"default_value\"><span class=\"pre\">None</span></span></em><span class=\"sig-paren\">)</span><a class=\"reference internal\" href=\"../../../_modules/pyaedt/modules/SolveSetup/#Setup3DLayout.update\"><span class=\"viewcode-link\"><span class=\"pre\">[source]</span></span></a><a class=\"headerlink\" href=\"#pyaedt.modules.SolveSetup.Setup3DLayout.update\" title=\"Permalink to this definition\">#</a></dt>\n<dd><p>Update the setup based on the class arguments or a dictionary.</p>\n<dl class=\"field-list\">\n<dt class=\"field-odd\">Parameters<span class=\"colon\">:</span></dt>\n<dd class=\"field-odd\"><dl>\n<dt><strong>update_dictionary</strong><span class=\"classifier\"><a class=\"reference external\" href=\"https://docs.python.org/dev/library/stdtypes.html#dict\" title=\"(in Python v3.12)\"><code class=\"docutils literal notranslate\"><span class=\"pre\">dict</span></code></a>, <code class=\"xref py py-obj docutils literal notranslate\"><span class=\"pre\">optional</span></code></span></dt><dd><p>Dictionary of settings to apply.</p>\n</dd>\n</dl>\n</dd>\n<dt class=\"field-even\">Returns<span class=\"colon\">:</span></dt>\n<dd class=\"field-even\"><dl class=\"simple\">\n<dt><a class=\"reference external\" href=\"https://docs.python.org/dev/library/stdtypes.html#bltin-boolean-values\" title=\"(in Python v3.12)\"><span class=\"xref std std-ref\">bool</span></a></dt><dd><p><code class=\"docutils literal notranslate\"><span class=\"pre\">True</span></code> when successful, <code class=\"docutils literal notranslate\"><span class=\"pre\">False</span></code> when failed.</p>\n</dd>\n</dl>\n</dd>\n</dl>\n<p class=\"rubric\">References</p>\n<div class=\"doctest highlight-default notranslate\"><div class=\"highlight\"><pre><span></span><span class=\"gp\">&gt;&gt;&gt; </span><span class=\"n\">oModule</span><span class=\"o\">.</span><span class=\"n\">Edit</span>\n</pre></div>\n</div>\n</dd></dl>\n\n</section>\n", "metatags": "<meta name=\"generator\" content=\"Docutils 0.19: https://docutils.sourceforge.io/\" />\n", "rellinks": [["genindex", "General Index", "I", "index"], ["py-modindex", "Python Module Index", "", "modules"], ["API/_autosummary/pyaedt.modules.SolveSetup.Setup3DLayout.available_properties", "available_properties", "N", "next"], ["API/_autosummary/pyaedt.modules.SolveSetup.Setup3DLayout.import_from_json", "import_from_json", "P", "previous"]], "sourcename": "API/_autosummary/pyaedt.modules.SolveSetup.Setup3DLayout.update.rst.txt", "toc": "<ul>\n<li><a class=\"reference internal\" href=\"#\">update</a><ul>\n<li><a class=\"reference internal\" href=\"#pyaedt.modules.SolveSetup.Setup3DLayout.update\"><code class=\"docutils literal notranslate\"><span class=\"pre\">Setup3DLayout.update()</span></code></a></li>\n</ul>\n</li>\n</ul>\n", "display_toc": true, "page_source_suffix": ".rst", "current_page_name": "API/_autosummary/pyaedt.modules.SolveSetup.Setup3DLayout.update", "sidebars": ["search-field.html", "sidebar-nav-bs.html"], "customsidebar": null, "favicon_url": null, "logo_url": null, "alabaster_version": "0.7.12", "theme_show_toc_level": 1, "theme_logo": {}}