{"parents": [{"link": "../../", "title": "API reference"}, {"link": "../../Application/", "title": "AEDT apps"}, {"link": "../pyaedt.Maxwell2d/", "title": "pyaedt.Maxwell2d"}], "prev": {"link": "../pyaedt.Maxwell2d.copy_design_from/", "title": "copy_design_from"}, "next": {"link": "../pyaedt.Maxwell2d.copy_solid_bodies_from/", "title": "copy_solid_bodies_from"}, "title": "copy_project", "meta": {}, "body": "<section id=\"copy-project\">\n<h1>copy_project<a class=\"headerlink\" href=\"#copy-project\" title=\"Permalink to this heading\">#</a></h1>\n<dl class=\"py method\">\n<dt class=\"sig sig-object py\" id=\"pyaedt.Maxwell2d.copy_project\">\n<span class=\"sig-prename descclassname\"><span class=\"pre\">Maxwell2d.</span></span><span class=\"sig-name descname\"><span class=\"pre\">copy_project</span></span><span class=\"sig-paren\">(</span><em class=\"sig-param\"><span class=\"n\"><span class=\"pre\">path</span></span></em>, <em class=\"sig-param\"><span class=\"n\"><span class=\"pre\">dest</span></span></em><span class=\"sig-paren\">)</span><a class=\"headerlink\" href=\"#pyaedt.Maxwell2d.copy_project\" title=\"Permalink to this definition\">#</a></dt>\n<dd><p>Copy the project to another destination.</p>\n<div class=\"admonition note\">\n<p class=\"admonition-title\">Note</p>\n<p>This method saves the project before copying it.</p>\n</div>\n<dl class=\"field-list\">\n<dt class=\"field-odd\">Parameters<span class=\"colon\">:</span></dt>\n<dd class=\"field-odd\"><dl>\n<dt><strong>path</strong><span class=\"classifier\"><a class=\"reference external\" href=\"https://docs.python.org/dev/library/stdtypes.html#str\" title=\"(in Python v3.12)\"><code class=\"docutils literal notranslate\"><span class=\"pre\">str</span></code></a></span></dt><dd><p>Path to save a copy of the project to.</p>\n</dd>\n<dt><strong>dest</strong></dt><dd><p>Name to give the project in the new destination.</p>\n</dd>\n</dl>\n</dd>\n<dt class=\"field-even\">Returns<span class=\"colon\">:</span></dt>\n<dd class=\"field-even\"><dl class=\"simple\">\n<dt><a class=\"reference external\" href=\"https://docs.python.org/dev/library/stdtypes.html#bltin-boolean-values\" title=\"(in Python v3.12)\"><span class=\"xref std std-ref\">bool</span></a></dt><dd><p><code class=\"docutils literal notranslate\"><span class=\"pre\">True</span></code> when successful, <code class=\"docutils literal notranslate\"><span class=\"pre\">False</span></code> when failed.</p>\n</dd>\n</dl>\n</dd>\n</dl>\n<p class=\"rubric\">References</p>\n<div class=\"doctest highlight-default notranslate\"><div class=\"highlight\"><pre><span></span><span class=\"gp\">&gt;&gt;&gt; </span><span class=\"n\">oProject</span><span class=\"o\">.</span><span class=\"n\">SaveAs</span>\n</pre></div>\n</div>\n</dd></dl>\n\n</section>\n", "metatags": "<meta name=\"generator\" content=\"Docutils 0.19: https://docutils.sourceforge.io/\" />\n", "rellinks": [["genindex", "General Index", "I", "index"], ["py-modindex", "Python Module Index", "", "modules"], ["API/_autosummary/pyaedt.Maxwell2d.copy_solid_bodies_from", "copy_solid_bodies_from", "N", "next"], ["API/_autosummary/pyaedt.Maxwell2d.copy_design_from", "copy_design_from", "P", "previous"]], "sourcename": "API/_autosummary/pyaedt.Maxwell2d.copy_project.rst.txt", "toc": "<ul>\n<li><a class=\"reference internal\" href=\"#\">copy_project</a><ul>\n<li><a class=\"reference internal\" href=\"#pyaedt.Maxwell2d.copy_project\"><code class=\"docutils literal notranslate\"><span class=\"pre\">Maxwell2d.copy_project()</span></code></a></li>\n</ul>\n</li>\n</ul>\n", "display_toc": true, "page_source_suffix": ".rst", "current_page_name": "API/_autosummary/pyaedt.Maxwell2d.copy_project", "sidebars": ["search-field.html", "sidebar-nav-bs.html"], "customsidebar": null, "favicon_url": null, "logo_url": null, "alabaster_version": "0.7.12", "theme_show_toc_level": 1, "theme_logo": {}}