{"parents": [{"link": "../../", "title": "API reference"}, {"link": "../../Application/", "title": "AEDT apps"}, {"link": "../pyaedt.Rmxprt/", "title": "pyaedt.Rmxprt"}], "prev": {"link": "../pyaedt.Rmxprt.read_only_variable/", "title": "read_only_variable"}, "next": {"link": "../pyaedt.Rmxprt.rename_design/", "title": "rename_design"}, "title": "release_desktop", "meta": {}, "body": "<section id=\"release-desktop\">\n<h1>release_desktop<a class=\"headerlink\" href=\"#release-desktop\" title=\"Permalink to this heading\">#</a></h1>\n<dl class=\"py method\">\n<dt class=\"sig sig-object py\" id=\"pyaedt.Rmxprt.release_desktop\">\n<span class=\"sig-prename descclassname\"><span class=\"pre\">Rmxprt.</span></span><span class=\"sig-name descname\"><span class=\"pre\">release_desktop</span></span><span class=\"sig-paren\">(</span><em class=\"sig-param\"><span class=\"n\"><span class=\"pre\">close_projects</span></span><span class=\"o\"><span class=\"pre\">=</span></span><span class=\"default_value\"><span class=\"pre\">True</span></span></em>, <em class=\"sig-param\"><span class=\"n\"><span class=\"pre\">close_desktop</span></span><span class=\"o\"><span class=\"pre\">=</span></span><span class=\"default_value\"><span class=\"pre\">True</span></span></em><span class=\"sig-paren\">)</span><a class=\"headerlink\" href=\"#pyaedt.Rmxprt.release_desktop\" title=\"Permalink to this definition\">#</a></dt>\n<dd><p>Release AEDT.</p>\n<dl class=\"field-list\">\n<dt class=\"field-odd\">Parameters<span class=\"colon\">:</span></dt>\n<dd class=\"field-odd\"><dl>\n<dt><strong>close_projects</strong><span class=\"classifier\"><a class=\"reference external\" href=\"https://docs.python.org/dev/library/stdtypes.html#bltin-boolean-values\" title=\"(in Python v3.12)\"><span class=\"xref std std-ref\">bool</span></a>, <code class=\"xref py py-obj docutils literal notranslate\"><span class=\"pre\">optional</span></code></span></dt><dd><p>Whether to close all projects. The default is <code class=\"docutils literal notranslate\"><span class=\"pre\">True</span></code>.</p>\n</dd>\n<dt><strong>close_desktop</strong><span class=\"classifier\"><a class=\"reference external\" href=\"https://docs.python.org/dev/library/stdtypes.html#bltin-boolean-values\" title=\"(in Python v3.12)\"><span class=\"xref std std-ref\">bool</span></a>, <code class=\"xref py py-obj docutils literal notranslate\"><span class=\"pre\">optional</span></code></span></dt><dd><p>Whether to close AEDT after releasing it. The default is <code class=\"docutils literal notranslate\"><span class=\"pre\">True</span></code>.</p>\n</dd>\n</dl>\n</dd>\n<dt class=\"field-even\">Returns<span class=\"colon\">:</span></dt>\n<dd class=\"field-even\"><dl class=\"simple\">\n<dt><a class=\"reference external\" href=\"https://docs.python.org/dev/library/stdtypes.html#bltin-boolean-values\" title=\"(in Python v3.12)\"><span class=\"xref std std-ref\">bool</span></a></dt><dd><p><code class=\"docutils literal notranslate\"><span class=\"pre\">True</span></code> when successful, <code class=\"docutils literal notranslate\"><span class=\"pre\">False</span></code> when failed.</p>\n</dd>\n</dl>\n</dd>\n</dl>\n</dd></dl>\n\n</section>\n", "metatags": "<meta name=\"generator\" content=\"Docutils 0.19: https://docutils.sourceforge.io/\" />\n", "rellinks": [["genindex", "General Index", "I", "index"], ["py-modindex", "Python Module Index", "", "modules"], ["API/_autosummary/pyaedt.Rmxprt.rename_design", "rename_design", "N", "next"], ["API/_autosummary/pyaedt.Rmxprt.read_only_variable", "read_only_variable", "P", "previous"]], "sourcename": "API/_autosummary/pyaedt.Rmxprt.release_desktop.rst.txt", "toc": "<ul>\n<li><a class=\"reference internal\" href=\"#\">release_desktop</a><ul>\n<li><a class=\"reference internal\" href=\"#pyaedt.Rmxprt.release_desktop\"><code class=\"docutils literal notranslate\"><span class=\"pre\">Rmxprt.release_desktop()</span></code></a></li>\n</ul>\n</li>\n</ul>\n", "display_toc": true, "page_source_suffix": ".rst", "current_page_name": "API/_autosummary/pyaedt.Rmxprt.release_desktop", "sidebars": ["search-field.html", "sidebar-nav-bs.html"], "customsidebar": null, "favicon_url": null, "logo_url": null, "alabaster_version": "0.7.12", "theme_show_toc_level": 1, "theme_logo": {}}