{"parents": [{"link": "../../", "title": "API reference"}, {"link": "../../Common/", "title": "Desktop and common classes"}, {"link": "../../Stackup3D/", "title": "Stackup 3D components"}, {"link": "../pyaedt.modeler.stackup_3d.Stackup3D/", "title": "pyaedt.modeler.stackup_3d.Stackup3D"}], "prev": {"link": "../pyaedt.modeler.stackup_3d.Stackup3D.resize/", "title": "resize"}, "next": {"link": "../pyaedt.modeler.stackup_3d.Stackup3D.application/", "title": "application"}, "title": "resize_around_element", "meta": {}, "body": "<section id=\"resize-around-element\">\n<h1>resize_around_element<a class=\"headerlink\" href=\"#resize-around-element\" title=\"Permalink to this heading\">#</a></h1>\n<dl class=\"py method\">\n<dt class=\"sig sig-object py\" id=\"pyaedt.modeler.stackup_3d.Stackup3D.resize_around_element\">\n<span class=\"sig-prename descclassname\"><span class=\"pre\">Stackup3D.</span></span><span class=\"sig-name descname\"><span class=\"pre\">resize_around_element</span></span><span class=\"sig-paren\">(</span><em class=\"sig-param\"><span class=\"n\"><span class=\"pre\">element</span></span></em>, <em class=\"sig-param\"><span class=\"n\"><span class=\"pre\">percentage_offset</span></span><span class=\"o\"><span class=\"pre\">=</span></span><span class=\"default_value\"><span class=\"pre\">0.25</span></span></em><span class=\"sig-paren\">)</span><a class=\"reference internal\" href=\"../../../_modules/pyaedt/modeler/stackup_3d/#Stackup3D.resize_around_element\"><span class=\"viewcode-link\"><span class=\"pre\">[source]</span></span></a><a class=\"headerlink\" href=\"#pyaedt.modeler.stackup_3d.Stackup3D.resize_around_element\" title=\"Permalink to this definition\">#</a></dt>\n<dd><p>Resize the stackup around parametrized objects and make it parametrize.</p>\n<dl class=\"field-list\">\n<dt class=\"field-odd\">Parameters<span class=\"colon\">:</span></dt>\n<dd class=\"field-odd\"><dl>\n<dt><strong>element</strong><span class=\"classifier\"><code class=\"xref py py-class docutils literal notranslate\"><span class=\"pre\">pyaedt.modeler.stackup_3d.Patch,</span> <span class=\"pre\">:class:</span></code><a class=\"reference internal\" href=\"../pyaedt.modeler.stackup_3d.Trace/#pyaedt.modeler.stackup_3d.Trace\" title=\"pyaedt.modeler.stackup_3d.Trace\"><code class=\"xref py py-obj docutils literal notranslate\"><span class=\"pre\">pyaedt.modeler.stackup_3d.Trace</span></code></a></span></dt><dd><p>Element around which the resizing is done.</p>\n</dd>\n<dt><strong>percentage_offset</strong><span class=\"classifier\"><a class=\"reference external\" href=\"https://docs.python.org/dev/library/functions.html#float\" title=\"(in Python v3.12)\"><code class=\"docutils literal notranslate\"><span class=\"pre\">float</span></code></a>, <code class=\"xref py py-obj docutils literal notranslate\"><span class=\"pre\">optional</span></code></span></dt><dd><p>Offset of resize. Value accepted are greater than 0. O.25 by default.</p>\n</dd>\n</dl>\n</dd>\n<dt class=\"field-even\">Returns<span class=\"colon\">:</span></dt>\n<dd class=\"field-even\"><dl class=\"simple\">\n<dt><a class=\"reference external\" href=\"https://docs.python.org/dev/library/stdtypes.html#bltin-boolean-values\" title=\"(in Python v3.12)\"><span class=\"xref std std-ref\">bool</span></a></dt><dd></dd>\n</dl>\n</dd>\n</dl>\n<p class=\"rubric\">Examples</p>\n<div class=\"doctest highlight-default notranslate\"><div class=\"highlight\"><pre><span></span><span class=\"gp\">&gt;&gt;&gt; </span><span class=\"kn\">from</span> <span class=\"nn\">pyaedt</span> <span class=\"kn\">import</span> <span class=\"n\">Hfss</span>\n<span class=\"gp\">&gt;&gt;&gt; </span><span class=\"kn\">from</span> <span class=\"nn\">pyaedt.modeler.stackup_3d</span> <span class=\"kn\">import</span> <span class=\"n\">Stackup3D</span>\n<span class=\"gp\">&gt;&gt;&gt; </span><span class=\"n\">hfss</span> <span class=\"o\">=</span> <span class=\"n\">Hfss</span><span class=\"p\">()</span>\n<span class=\"gp\">&gt;&gt;&gt; </span><span class=\"n\">my_stackup</span> <span class=\"o\">=</span> <span class=\"n\">Stackup3D</span><span class=\"p\">(</span><span class=\"n\">hfss</span><span class=\"p\">,</span> <span class=\"mf\">2.5e9</span><span class=\"p\">)</span>\n<span class=\"gp\">&gt;&gt;&gt; </span><span class=\"n\">gnd</span> <span class=\"o\">=</span> <span class=\"n\">my_stackup</span><span class=\"o\">.</span><span class=\"n\">add_ground_layer</span><span class=\"p\">(</span><span class=\"s2\">&quot;gnd&quot;</span><span class=\"p\">)</span>\n<span class=\"gp\">&gt;&gt;&gt; </span><span class=\"n\">my_stackup</span><span class=\"o\">.</span><span class=\"n\">add_dielectric_layer</span><span class=\"p\">(</span><span class=\"s2\">&quot;diel1&quot;</span><span class=\"p\">,</span> <span class=\"n\">thickness</span><span class=\"o\">=</span><span class=\"mf\">1.5</span><span class=\"p\">,</span> <span class=\"n\">material</span><span class=\"o\">=</span><span class=\"s2\">&quot;Duroid (tm)&quot;</span><span class=\"p\">)</span>\n<span class=\"gp\">&gt;&gt;&gt; </span><span class=\"n\">top</span> <span class=\"o\">=</span> <span class=\"n\">my_stackup</span><span class=\"o\">.</span><span class=\"n\">add_signal_layer</span><span class=\"p\">(</span><span class=\"s2\">&quot;top&quot;</span><span class=\"p\">)</span>\n<span class=\"gp\">&gt;&gt;&gt; </span><span class=\"n\">my_patch</span> <span class=\"o\">=</span> <span class=\"n\">top</span><span class=\"o\">.</span><span class=\"n\">add_patch</span><span class=\"p\">(</span><span class=\"n\">frequency</span><span class=\"o\">=</span><span class=\"kc\">None</span><span class=\"p\">,</span> <span class=\"n\">patch_width</span><span class=\"o\">=</span><span class=\"mi\">51</span><span class=\"p\">,</span> <span class=\"n\">patch_name</span><span class=\"o\">=</span><span class=\"s2\">&quot;MLPatch&quot;</span><span class=\"p\">)</span>\n<span class=\"gp\">&gt;&gt;&gt; </span><span class=\"n\">my_stackup</span><span class=\"o\">.</span><span class=\"n\">resize_around_element</span><span class=\"p\">(</span><span class=\"n\">my_patch</span><span class=\"p\">)</span>\n</pre></div>\n</div>\n</dd></dl>\n\n</section>\n", "metatags": "<meta name=\"generator\" content=\"Docutils 0.19: https://docutils.sourceforge.io/\" />\n", "rellinks": [["genindex", "General Index", "I", "index"], ["py-modindex", "Python Module Index", "", "modules"], ["API/_autosummary/pyaedt.modeler.stackup_3d.Stackup3D.application", "application", "N", "next"], ["API/_autosummary/pyaedt.modeler.stackup_3d.Stackup3D.resize", "resize", "P", "previous"]], "sourcename": "API/_autosummary/pyaedt.modeler.stackup_3d.Stackup3D.resize_around_element.rst.txt", "toc": "<ul>\n<li><a class=\"reference internal\" href=\"#\">resize_around_element</a><ul>\n<li><a class=\"reference internal\" href=\"#pyaedt.modeler.stackup_3d.Stackup3D.resize_around_element\"><code class=\"docutils literal notranslate\"><span class=\"pre\">Stackup3D.resize_around_element()</span></code></a></li>\n</ul>\n</li>\n</ul>\n", "display_toc": true, "page_source_suffix": ".rst", "current_page_name": "API/_autosummary/pyaedt.modeler.stackup_3d.Stackup3D.resize_around_element", "sidebars": ["search-field.html", "sidebar-nav-bs.html"], "customsidebar": null, "favicon_url": null, "logo_url": null, "alabaster_version": "0.7.12", "theme_show_toc_level": 1, "theme_logo": {}}