{"parents": [{"link": "../../", "title": "API reference"}, {"link": "../../Post/", "title": "Postprocessing"}, {"link": "../pyaedt.modules.report_templates.Standard/", "title": "pyaedt.modules.report_templates.Standard"}], "prev": {"link": "../pyaedt.modules.report_templates.Standard.add_cartesian_y_marker/", "title": "add_cartesian_y_marker"}, "next": {"link": "../pyaedt.modules.report_templates.Standard.add_limit_line_from_points/", "title": "add_limit_line_from_points"}, "title": "add_limit_line_from_equation", "meta": {}, "body": "<section id=\"add-limit-line-from-equation\">\n<h1>add_limit_line_from_equation<a class=\"headerlink\" href=\"#add-limit-line-from-equation\" title=\"Permalink to this heading\">#</a></h1>\n<dl class=\"py method\">\n<dt class=\"sig sig-object py\" id=\"pyaedt.modules.report_templates.Standard.add_limit_line_from_equation\">\n<span class=\"sig-prename descclassname\"><span class=\"pre\">Standard.</span></span><span class=\"sig-name descname\"><span class=\"pre\">add_limit_line_from_equation</span></span><span class=\"sig-paren\">(</span><em class=\"sig-param\"><span class=\"n\"><span class=\"pre\">start_x</span></span></em>, <em class=\"sig-param\"><span class=\"n\"><span class=\"pre\">stop_x</span></span></em>, <em class=\"sig-param\"><span class=\"n\"><span class=\"pre\">step</span></span></em>, <em class=\"sig-param\"><span class=\"n\"><span class=\"pre\">equation</span></span><span class=\"o\"><span class=\"pre\">=</span></span><span class=\"default_value\"><span class=\"pre\">'x'</span></span></em>, <em class=\"sig-param\"><span class=\"n\"><span class=\"pre\">units</span></span><span class=\"o\"><span class=\"pre\">=</span></span><span class=\"default_value\"><span class=\"pre\">'GHz'</span></span></em>, <em class=\"sig-param\"><span class=\"n\"><span class=\"pre\">y_axis</span></span><span class=\"o\"><span class=\"pre\">=</span></span><span class=\"default_value\"><span class=\"pre\">1</span></span></em><span class=\"sig-paren\">)</span><a class=\"headerlink\" href=\"#pyaedt.modules.report_templates.Standard.add_limit_line_from_equation\" title=\"Permalink to this definition\">#</a></dt>\n<dd><p>Add a Cartesian limit line from point lists. This method works only in graphical mode.</p>\n<dl class=\"field-list\">\n<dt class=\"field-odd\">Parameters<span class=\"colon\">:</span></dt>\n<dd class=\"field-odd\"><dl>\n<dt><strong>start_x</strong><span class=\"classifier\"><a class=\"reference external\" href=\"https://docs.python.org/dev/library/functions.html#float\" title=\"(in Python v3.12)\"><code class=\"docutils literal notranslate\"><span class=\"pre\">float</span></code></a></span></dt><dd><p>Start X value.</p>\n</dd>\n<dt><strong>stop_x</strong><span class=\"classifier\"><a class=\"reference external\" href=\"https://docs.python.org/dev/library/functions.html#float\" title=\"(in Python v3.12)\"><code class=\"docutils literal notranslate\"><span class=\"pre\">float</span></code></a></span></dt><dd><p>Stop X value.</p>\n</dd>\n<dt><strong>step</strong><span class=\"classifier\"><a class=\"reference external\" href=\"https://docs.python.org/dev/library/functions.html#float\" title=\"(in Python v3.12)\"><code class=\"docutils literal notranslate\"><span class=\"pre\">float</span></code></a></span></dt><dd><p>X step value.</p>\n</dd>\n<dt><strong>equation</strong><span class=\"classifier\"><a class=\"reference external\" href=\"https://docs.python.org/dev/library/stdtypes.html#str\" title=\"(in Python v3.12)\"><code class=\"docutils literal notranslate\"><span class=\"pre\">str</span></code></a>, <code class=\"xref py py-obj docutils literal notranslate\"><span class=\"pre\">optional</span></code></span></dt><dd><p>Y equation to apply. The default is Y=X.</p>\n</dd>\n<dt><strong>units</strong><span class=\"classifier\"><a class=\"reference external\" href=\"https://docs.python.org/dev/library/stdtypes.html#str\" title=\"(in Python v3.12)\"><code class=\"docutils literal notranslate\"><span class=\"pre\">str</span></code></a></span></dt><dd><p>Units for the X axis. The default is <code class=\"docutils literal notranslate\"><span class=\"pre\">&quot;GHz&quot;</span></code>.</p>\n</dd>\n<dt><strong>y_axis</strong><span class=\"classifier\"><a class=\"reference external\" href=\"https://docs.python.org/dev/library/stdtypes.html#str\" title=\"(in Python v3.12)\"><code class=\"docutils literal notranslate\"><span class=\"pre\">str</span></code></a>, <a class=\"reference external\" href=\"https://docs.python.org/dev/library/functions.html#int\" title=\"(in Python v3.12)\"><code class=\"docutils literal notranslate\"><span class=\"pre\">int</span></code></a>, <code class=\"xref py py-obj docutils literal notranslate\"><span class=\"pre\">optional</span></code></span></dt><dd><p>Y axis. The default is <code class=\"docutils literal notranslate\"><span class=\"pre\">1</span></code>.</p>\n</dd>\n</dl>\n</dd>\n<dt class=\"field-even\">Returns<span class=\"colon\">:</span></dt>\n<dd class=\"field-even\"><dl class=\"simple\">\n<dt><a class=\"reference external\" href=\"https://docs.python.org/dev/library/stdtypes.html#bltin-boolean-values\" title=\"(in Python v3.12)\"><span class=\"xref std std-ref\">bool</span></a></dt><dd><p><code class=\"docutils literal notranslate\"><span class=\"pre\">True</span></code> when successful, <code class=\"docutils literal notranslate\"><span class=\"pre\">False</span></code> when failed.</p>\n</dd>\n</dl>\n</dd>\n</dl>\n</dd></dl>\n\n</section>\n", "metatags": "<meta name=\"generator\" content=\"Docutils 0.19: https://docutils.sourceforge.io/\" />\n", "rellinks": [["genindex", "General Index", "I", "index"], ["py-modindex", "Python Module Index", "", "modules"], ["API/_autosummary/pyaedt.modules.report_templates.Standard.add_limit_line_from_points", "add_limit_line_from_points", "N", "next"], ["API/_autosummary/pyaedt.modules.report_templates.Standard.add_cartesian_y_marker", "add_cartesian_y_marker", "P", "previous"]], "sourcename": "API/_autosummary/pyaedt.modules.report_templates.Standard.add_limit_line_from_equation.rst.txt", "toc": "<ul>\n<li><a class=\"reference internal\" href=\"#\">add_limit_line_from_equation</a><ul>\n<li><a class=\"reference internal\" href=\"#pyaedt.modules.report_templates.Standard.add_limit_line_from_equation\"><code class=\"docutils literal notranslate\"><span class=\"pre\">Standard.add_limit_line_from_equation()</span></code></a></li>\n</ul>\n</li>\n</ul>\n", "display_toc": true, "page_source_suffix": ".rst", "current_page_name": "API/_autosummary/pyaedt.modules.report_templates.Standard.add_limit_line_from_equation", "sidebars": ["search-field.html", "sidebar-nav-bs.html"], "customsidebar": null, "favicon_url": null, "logo_url": null, "alabaster_version": "0.7.12", "theme_show_toc_level": 1, "theme_logo": {}}