{"parents": [{"link": "../../", "title": "API reference"}, {"link": "../../Primitives/", "title": "Modeler and  primitives"}, {"link": "../pyaedt.modeler.object3dlayout.Polygons3DLayout/", "title": "pyaedt.modeler.object3dlayout.Polygons3DLayout"}], "prev": {"link": "../pyaedt.modeler.object3dlayout.Polygons3DLayout.edge_by_point/", "title": "edge_by_point"}, "next": {"link": "../pyaedt.modeler.object3dlayout.Polygons3DLayout.set_property_value/", "title": "set_property_value"}, "title": "get_property_value", "meta": {}, "body": "<section id=\"get-property-value\">\n<h1>get_property_value<a class=\"headerlink\" href=\"#get-property-value\" title=\"Permalink to this heading\">#</a></h1>\n<dl class=\"py method\">\n<dt class=\"sig sig-object py\" id=\"pyaedt.modeler.object3dlayout.Polygons3DLayout.get_property_value\">\n<span class=\"sig-prename descclassname\"><span class=\"pre\">Polygons3DLayout.</span></span><span class=\"sig-name descname\"><span class=\"pre\">get_property_value</span></span><span class=\"sig-paren\">(</span><em class=\"sig-param\"><span class=\"n\"><span class=\"pre\">propertyname</span></span></em><span class=\"sig-paren\">)</span><a class=\"headerlink\" href=\"#pyaedt.modeler.object3dlayout.Polygons3DLayout.get_property_value\" title=\"Permalink to this definition\">#</a></dt>\n<dd><p>Retrieve a property value.</p>\n<dl class=\"field-list\">\n<dt class=\"field-odd\">Parameters<span class=\"colon\">:</span></dt>\n<dd class=\"field-odd\"><dl>\n<dt><strong>propertyname</strong><span class=\"classifier\"><a class=\"reference external\" href=\"https://docs.python.org/dev/library/stdtypes.html#str\" title=\"(in Python v3.12)\"><code class=\"docutils literal notranslate\"><span class=\"pre\">str</span></code></a></span></dt><dd><p>Name of the property</p>\n</dd>\n</dl>\n</dd>\n<dt class=\"field-even\">Returns<span class=\"colon\">:</span></dt>\n<dd class=\"field-even\"><dl class=\"simple\">\n<dt><a class=\"reference external\" href=\"https://docs.python.org/dev/library/functions.html#type\" title=\"(in Python v3.12)\"><code class=\"xref py py-obj docutils literal notranslate\"><span class=\"pre\">type</span></code></a></dt><dd><p>Value of the property.</p>\n</dd>\n</dl>\n</dd>\n</dl>\n<p class=\"rubric\">References</p>\n<div class=\"doctest highlight-default notranslate\"><div class=\"highlight\"><pre><span></span><span class=\"gp\">&gt;&gt;&gt; </span><span class=\"n\">oEditor</span><span class=\"o\">.</span><span class=\"n\">GetPropertyValue</span>\n</pre></div>\n</div>\n</dd></dl>\n\n</section>\n", "metatags": "<meta name=\"generator\" content=\"Docutils 0.19: https://docutils.sourceforge.io/\" />\n", "rellinks": [["genindex", "General Index", "I", "index"], ["py-modindex", "Python Module Index", "", "modules"], ["API/_autosummary/pyaedt.modeler.object3dlayout.Polygons3DLayout.set_property_value", "set_property_value", "N", "next"], ["API/_autosummary/pyaedt.modeler.object3dlayout.Polygons3DLayout.edge_by_point", "edge_by_point", "P", "previous"]], "sourcename": "API/_autosummary/pyaedt.modeler.object3dlayout.Polygons3DLayout.get_property_value.rst.txt", "toc": "<ul>\n<li><a class=\"reference internal\" href=\"#\">get_property_value</a><ul>\n<li><a class=\"reference internal\" href=\"#pyaedt.modeler.object3dlayout.Polygons3DLayout.get_property_value\"><code class=\"docutils literal notranslate\"><span class=\"pre\">Polygons3DLayout.get_property_value()</span></code></a></li>\n</ul>\n</li>\n</ul>\n", "display_toc": true, "page_source_suffix": ".rst", "current_page_name": "API/_autosummary/pyaedt.modeler.object3dlayout.Polygons3DLayout.get_property_value", "sidebars": ["search-field.html", "sidebar-nav-bs.html"], "customsidebar": null, "favicon_url": null, "logo_url": null, "alabaster_version": "0.7.12", "theme_show_toc_level": 1, "theme_logo": {}}