{"parents": [{"link": "../../", "title": "API reference"}, {"link": "../../Application/", "title": "AEDT apps"}, {"link": "../pyaedt.Circuit/", "title": "pyaedt.Circuit"}], "prev": {"link": "../pyaedt.Circuit.get_output_variable/", "title": "get_output_variable"}, "next": {"link": "../pyaedt.Circuit.get_registry_key_string/", "title": "get_registry_key_string"}, "title": "get_registry_key_int", "meta": {}, "body": "<section id=\"get-registry-key-int\">\n<h1>get_registry_key_int<a class=\"headerlink\" href=\"#get-registry-key-int\" title=\"Permalink to this heading\">#</a></h1>\n<dl class=\"py method\">\n<dt class=\"sig sig-object py\" id=\"pyaedt.Circuit.get_registry_key_int\">\n<span class=\"sig-prename descclassname\"><span class=\"pre\">Circuit.</span></span><span class=\"sig-name descname\"><span class=\"pre\">get_registry_key_int</span></span><span class=\"sig-paren\">(</span><em class=\"sig-param\"><span class=\"n\"><span class=\"pre\">key_full_name</span></span></em><span class=\"sig-paren\">)</span><a class=\"headerlink\" href=\"#pyaedt.Circuit.get_registry_key_int\" title=\"Permalink to this definition\">#</a></dt>\n<dd><p>Get the value for the AEDT registry key if one exists.</p>\n<dl class=\"field-list\">\n<dt class=\"field-odd\">Parameters<span class=\"colon\">:</span></dt>\n<dd class=\"field-odd\"><dl>\n<dt><strong>key_full_name</strong><span class=\"classifier\"><a class=\"reference external\" href=\"https://docs.python.org/dev/library/stdtypes.html#str\" title=\"(in Python v3.12)\"><code class=\"docutils literal notranslate\"><span class=\"pre\">str</span></code></a></span></dt><dd><p>Full name of the AEDT registry key.</p>\n</dd>\n</dl>\n</dd>\n<dt class=\"field-even\">Returns<span class=\"colon\">:</span></dt>\n<dd class=\"field-even\"><dl class=\"simple\">\n<dt><a class=\"reference external\" href=\"https://docs.python.org/dev/library/stdtypes.html#str\" title=\"(in Python v3.12)\"><code class=\"docutils literal notranslate\"><span class=\"pre\">str</span></code></a></dt><dd><p>Value for the AEDT registry key, otherwise <code class=\"docutils literal notranslate\"><span class=\"pre\">0</span></code>.</p>\n</dd>\n</dl>\n</dd>\n</dl>\n<p class=\"rubric\">References</p>\n<div class=\"doctest highlight-default notranslate\"><div class=\"highlight\"><pre><span></span><span class=\"gp\">&gt;&gt;&gt; </span><span class=\"n\">oDesktop</span><span class=\"o\">.</span><span class=\"n\">GetRegistryInt</span>\n</pre></div>\n</div>\n</dd></dl>\n\n</section>\n", "metatags": "<meta name=\"generator\" content=\"Docutils 0.19: https://docutils.sourceforge.io/\" />\n", "rellinks": [["genindex", "General Index", "I", "index"], ["py-modindex", "Python Module Index", "", "modules"], ["API/_autosummary/pyaedt.Circuit.get_registry_key_string", "get_registry_key_string", "N", "next"], ["API/_autosummary/pyaedt.Circuit.get_output_variable", "get_output_variable", "P", "previous"]], "sourcename": "API/_autosummary/pyaedt.Circuit.get_registry_key_int.rst.txt", "toc": "<ul>\n<li><a class=\"reference internal\" href=\"#\">get_registry_key_int</a><ul>\n<li><a class=\"reference internal\" href=\"#pyaedt.Circuit.get_registry_key_int\"><code class=\"docutils literal notranslate\"><span class=\"pre\">Circuit.get_registry_key_int()</span></code></a></li>\n</ul>\n</li>\n</ul>\n", "display_toc": true, "page_source_suffix": ".rst", "current_page_name": "API/_autosummary/pyaedt.Circuit.get_registry_key_int", "sidebars": ["search-field.html", "sidebar-nav-bs.html"], "customsidebar": null, "favicon_url": null, "logo_url": null, "alabaster_version": "0.7.12", "theme_show_toc_level": 1, "theme_logo": {}}