{"parents": [{"link": "../../", "title": "API reference"}, {"link": "../../CoreEdb/", "title": "EDB editor"}, {"link": "../pyaedt.edb_core.components.Components/", "title": "pyaedt.edb_core.components.Components"}], "prev": {"link": "../pyaedt.edb_core.components.Components.components_by_partname/", "title": "components_by_partname"}, "next": {"link": "../pyaedt.edb_core.components.Components.inductors/", "title": "inductors"}, "title": "definitions", "meta": {}, "body": "<section id=\"definitions\">\n<h1>definitions<a class=\"headerlink\" href=\"#definitions\" title=\"Permalink to this heading\">#</a></h1>\n<dl class=\"py property\">\n<dt class=\"sig sig-object py\" id=\"pyaedt.edb_core.components.Components.definitions\">\n<em class=\"property\"><span class=\"pre\">property</span><span class=\"w\"> </span></em><span class=\"sig-prename descclassname\"><span class=\"pre\">Components.</span></span><span class=\"sig-name descname\"><span class=\"pre\">definitions</span></span><a class=\"headerlink\" href=\"#pyaedt.edb_core.components.Components.definitions\" title=\"Permalink to this definition\">#</a></dt>\n<dd><p>Retrieve component definition list.</p>\n<dl class=\"field-list\">\n<dt class=\"field-odd\">Returns<span class=\"colon\">:</span></dt>\n<dd class=\"field-odd\"><dl>\n<dt><strong>dict of</strong><span class=\"classifier\">class:<cite>pyaedt.edb_core.EDB_Data.EDBComponentDef</cite></span></dt><dd></dd>\n</dl>\n</dd>\n</dl>\n</dd></dl>\n\n</section>\n", "metatags": "<meta name=\"generator\" content=\"Docutils 0.19: https://docutils.sourceforge.io/\" />\n", "rellinks": [["genindex", "General Index", "I", "index"], ["py-modindex", "Python Module Index", "", "modules"], ["API/_autosummary/pyaedt.edb_core.components.Components.inductors", "inductors", "N", "next"], ["API/_autosummary/pyaedt.edb_core.components.Components.components_by_partname", "components_by_partname", "P", "previous"]], "sourcename": "API/_autosummary/pyaedt.edb_core.components.Components.definitions.rst.txt", "toc": "<ul>\n<li><a class=\"reference internal\" href=\"#\">definitions</a><ul>\n<li><a class=\"reference internal\" href=\"#pyaedt.edb_core.components.Components.definitions\"><code class=\"docutils literal notranslate\"><span class=\"pre\">Components.definitions</span></code></a></li>\n</ul>\n</li>\n</ul>\n", "display_toc": true, "page_source_suffix": ".rst", "current_page_name": "API/_autosummary/pyaedt.edb_core.components.Components.definitions", "sidebars": ["search-field.html", "sidebar-nav-bs.html"], "customsidebar": null, "favicon_url": null, "logo_url": null, "alabaster_version": "0.7.12", "theme_show_toc_level": 1, "theme_logo": {}}