{"parents": [{"link": "../../", "title": "API reference"}, {"link": "../../Application/", "title": "AEDT apps"}, {"link": "../pyaedt.Hfss3dLayout/", "title": "pyaedt.Hfss3dLayout"}], "prev": {"link": "../pyaedt.Hfss3dLayout.check_beta_option_enabled/", "title": "check_beta_option_enabled"}, "next": {"link": "../pyaedt.Hfss3dLayout.close_desktop/", "title": "close_desktop"}, "title": "clean_proj_folder", "meta": {}, "body": "<section id=\"clean-proj-folder\">\n<h1>clean_proj_folder<a class=\"headerlink\" href=\"#clean-proj-folder\" title=\"Permalink to this heading\">#</a></h1>\n<dl class=\"py method\">\n<dt class=\"sig sig-object py\" id=\"pyaedt.Hfss3dLayout.clean_proj_folder\">\n<span class=\"sig-prename descclassname\"><span class=\"pre\">Hfss3dLayout.</span></span><span class=\"sig-name descname\"><span class=\"pre\">clean_proj_folder</span></span><span class=\"sig-paren\">(</span><em class=\"sig-param\"><span class=\"n\"><span class=\"pre\">directory</span></span><span class=\"o\"><span class=\"pre\">=</span></span><span class=\"default_value\"><span class=\"pre\">None</span></span></em>, <em class=\"sig-param\"><span class=\"n\"><span class=\"pre\">name</span></span><span class=\"o\"><span class=\"pre\">=</span></span><span class=\"default_value\"><span class=\"pre\">None</span></span></em><span class=\"sig-paren\">)</span><a class=\"headerlink\" href=\"#pyaedt.Hfss3dLayout.clean_proj_folder\" title=\"Permalink to this definition\">#</a></dt>\n<dd><p>Delete a project folder.</p>\n<dl class=\"field-list\">\n<dt class=\"field-odd\">Parameters<span class=\"colon\">:</span></dt>\n<dd class=\"field-odd\"><dl>\n<dt><strong>directory</strong><span class=\"classifier\"><a class=\"reference external\" href=\"https://docs.python.org/dev/library/stdtypes.html#str\" title=\"(in Python v3.12)\"><code class=\"docutils literal notranslate\"><span class=\"pre\">str</span></code></a>, <code class=\"xref py py-obj docutils literal notranslate\"><span class=\"pre\">optionl</span></code></span></dt><dd><p>Name of the directory. The default is <code class=\"docutils literal notranslate\"><span class=\"pre\">None</span></code>, in which case the active project is\ndeleted from the <code class=\"docutils literal notranslate\"><span class=\"pre\">aedtresults</span></code> directory.</p>\n</dd>\n<dt><strong>name</strong><span class=\"classifier\"><a class=\"reference external\" href=\"https://docs.python.org/dev/library/stdtypes.html#str\" title=\"(in Python v3.12)\"><code class=\"docutils literal notranslate\"><span class=\"pre\">str</span></code></a>, <code class=\"xref py py-obj docutils literal notranslate\"><span class=\"pre\">optional</span></code></span></dt><dd><p>Name of the project. The default is <code class=\"docutils literal notranslate\"><span class=\"pre\">None</span></code>, in which case the data for the\nactive project is deleted.</p>\n</dd>\n</dl>\n</dd>\n<dt class=\"field-even\">Returns<span class=\"colon\">:</span></dt>\n<dd class=\"field-even\"><dl class=\"simple\">\n<dt><a class=\"reference external\" href=\"https://docs.python.org/dev/library/stdtypes.html#bltin-boolean-values\" title=\"(in Python v3.12)\"><span class=\"xref std std-ref\">bool</span></a></dt><dd><p><code class=\"docutils literal notranslate\"><span class=\"pre\">True</span></code> when successful, <code class=\"docutils literal notranslate\"><span class=\"pre\">False</span></code> when failed.</p>\n</dd>\n</dl>\n</dd>\n</dl>\n</dd></dl>\n\n</section>\n", "metatags": "<meta name=\"generator\" content=\"Docutils 0.19: https://docutils.sourceforge.io/\" />\n", "rellinks": [["genindex", "General Index", "I", "index"], ["py-modindex", "Python Module Index", "", "modules"], ["API/_autosummary/pyaedt.Hfss3dLayout.close_desktop", "close_desktop", "N", "next"], ["API/_autosummary/pyaedt.Hfss3dLayout.check_beta_option_enabled", "check_beta_option_enabled", "P", "previous"]], "sourcename": "API/_autosummary/pyaedt.Hfss3dLayout.clean_proj_folder.rst.txt", "toc": "<ul>\n<li><a class=\"reference internal\" href=\"#\">clean_proj_folder</a><ul>\n<li><a class=\"reference internal\" href=\"#pyaedt.Hfss3dLayout.clean_proj_folder\"><code class=\"docutils literal notranslate\"><span class=\"pre\">Hfss3dLayout.clean_proj_folder()</span></code></a></li>\n</ul>\n</li>\n</ul>\n", "display_toc": true, "page_source_suffix": ".rst", "current_page_name": "API/_autosummary/pyaedt.Hfss3dLayout.clean_proj_folder", "sidebars": ["search-field.html", "sidebar-nav-bs.html"], "customsidebar": null, "favicon_url": null, "logo_url": null, "alabaster_version": "0.7.12", "theme_show_toc_level": 1, "theme_logo": {}}