{"parents": [{"link": "../../", "title": "API reference"}, {"link": "../../CoreModules/", "title": "AEDT modules"}, {"link": "../pyaedt.application.Variables.Variable/", "title": "pyaedt.application.Variables.Variable"}], "prev": {"link": "../pyaedt.application.Variables.Variable.circuit_parameter/", "title": "circuit_parameter"}, "next": {"link": "../pyaedt.application.Variables.Variable.evaluated_value/", "title": "evaluated_value"}, "title": "description", "meta": {}, "body": "<section id=\"description\">\n<h1>description<a class=\"headerlink\" href=\"#description\" title=\"Permalink to this heading\">#</a></h1>\n<dl class=\"py property\">\n<dt class=\"sig sig-object py\" id=\"pyaedt.application.Variables.Variable.description\">\n<em class=\"property\"><span class=\"pre\">property</span><span class=\"w\"> </span></em><span class=\"sig-prename descclassname\"><span class=\"pre\">Variable.</span></span><span class=\"sig-name descname\"><span class=\"pre\">description</span></span><a class=\"headerlink\" href=\"#pyaedt.application.Variables.Variable.description\" title=\"Permalink to this definition\">#</a></dt>\n<dd><p>Description value.</p>\n</dd></dl>\n\n</section>\n", "metatags": "<meta name=\"generator\" content=\"Docutils 0.19: https://docutils.sourceforge.io/\" />\n", "rellinks": [["genindex", "General Index", "I", "index"], ["py-modindex", "Python Module Index", "", "modules"], ["API/_autosummary/pyaedt.application.Variables.Variable.evaluated_value", "evaluated_value", "N", "next"], ["API/_autosummary/pyaedt.application.Variables.Variable.circuit_parameter", "circuit_parameter", "P", "previous"]], "sourcename": "API/_autosummary/pyaedt.application.Variables.Variable.description.rst.txt", "toc": "<ul>\n<li><a class=\"reference internal\" href=\"#\">description</a><ul>\n<li><a class=\"reference internal\" href=\"#pyaedt.application.Variables.Variable.description\"><code class=\"docutils literal notranslate\"><span class=\"pre\">Variable.description</span></code></a></li>\n</ul>\n</li>\n</ul>\n", "display_toc": true, "page_source_suffix": ".rst", "current_page_name": "API/_autosummary/pyaedt.application.Variables.Variable.description", "sidebars": ["search-field.html", "sidebar-nav-bs.html"], "customsidebar": null, "favicon_url": null, "logo_url": null, "alabaster_version": "0.7.12", "theme_show_toc_level": 1, "theme_logo": {}}