{"parents": [{"link": "../../", "title": "API reference"}, {"link": "../../Application/", "title": "AEDT apps"}, {"link": "../pyaedt.Rmxprt/", "title": "pyaedt.Rmxprt"}], "prev": {"link": "../pyaedt.Rmxprt.deactivate_variable_tuning/", "title": "deactivate_variable_tuning"}, "next": {"link": "../pyaedt.Rmxprt.delete_project/", "title": "delete_project"}, "title": "delete_design", "meta": {}, "body": "<section id=\"delete-design\">\n<h1>delete_design<a class=\"headerlink\" href=\"#delete-design\" title=\"Permalink to this heading\">#</a></h1>\n<dl class=\"py method\">\n<dt class=\"sig sig-object py\" id=\"pyaedt.Rmxprt.delete_design\">\n<span class=\"sig-prename descclassname\"><span class=\"pre\">Rmxprt.</span></span><span class=\"sig-name descname\"><span class=\"pre\">delete_design</span></span><span class=\"sig-paren\">(</span><em class=\"sig-param\"><span class=\"n\"><span class=\"pre\">name</span></span><span class=\"o\"><span class=\"pre\">=</span></span><span class=\"default_value\"><span class=\"pre\">None</span></span></em>, <em class=\"sig-param\"><span class=\"n\"><span class=\"pre\">fallback_design</span></span><span class=\"o\"><span class=\"pre\">=</span></span><span class=\"default_value\"><span class=\"pre\">None</span></span></em><span class=\"sig-paren\">)</span><a class=\"headerlink\" href=\"#pyaedt.Rmxprt.delete_design\" title=\"Permalink to this definition\">#</a></dt>\n<dd><p>Delete a design from the current project.</p>\n<div class=\"admonition warning\">\n<p class=\"admonition-title\">Warning</p>\n<p>This method does not work from the toolkit.</p>\n</div>\n<dl class=\"field-list\">\n<dt class=\"field-odd\">Parameters<span class=\"colon\">:</span></dt>\n<dd class=\"field-odd\"><dl>\n<dt><strong>name</strong><span class=\"classifier\"><a class=\"reference external\" href=\"https://docs.python.org/dev/library/stdtypes.html#str\" title=\"(in Python v3.12)\"><code class=\"docutils literal notranslate\"><span class=\"pre\">str</span></code></a>, <code class=\"xref py py-obj docutils literal notranslate\"><span class=\"pre\">optional</span></code></span></dt><dd><p>Name of the design. The default is <code class=\"docutils literal notranslate\"><span class=\"pre\">None</span></code>, in which case\nthe active design is deleted.</p>\n</dd>\n</dl>\n</dd>\n<dt class=\"field-even\">Returns<span class=\"colon\">:</span></dt>\n<dd class=\"field-even\"><dl class=\"simple\">\n<dt><a class=\"reference external\" href=\"https://docs.python.org/dev/library/stdtypes.html#bltin-boolean-values\" title=\"(in Python v3.12)\"><span class=\"xref std std-ref\">bool</span></a></dt><dd><p><code class=\"docutils literal notranslate\"><span class=\"pre\">True</span></code> when successful, <code class=\"docutils literal notranslate\"><span class=\"pre\">False</span></code> when failed.</p>\n</dd>\n</dl>\n</dd>\n</dl>\n<p class=\"rubric\">References</p>\n<div class=\"doctest highlight-default notranslate\"><div class=\"highlight\"><pre><span></span><span class=\"gp\">&gt;&gt;&gt; </span><span class=\"n\">oProject</span><span class=\"o\">.</span><span class=\"n\">DeleteDesign</span>\n</pre></div>\n</div>\n</dd></dl>\n\n</section>\n", "metatags": "<meta name=\"generator\" content=\"Docutils 0.19: https://docutils.sourceforge.io/\" />\n", "rellinks": [["genindex", "General Index", "I", "index"], ["py-modindex", "Python Module Index", "", "modules"], ["API/_autosummary/pyaedt.Rmxprt.delete_project", "delete_project", "N", "next"], ["API/_autosummary/pyaedt.Rmxprt.deactivate_variable_tuning", "deactivate_variable_tuning", "P", "previous"]], "sourcename": "API/_autosummary/pyaedt.Rmxprt.delete_design.rst.txt", "toc": "<ul>\n<li><a class=\"reference internal\" href=\"#\">delete_design</a><ul>\n<li><a class=\"reference internal\" href=\"#pyaedt.Rmxprt.delete_design\"><code class=\"docutils literal notranslate\"><span class=\"pre\">Rmxprt.delete_design()</span></code></a></li>\n</ul>\n</li>\n</ul>\n", "display_toc": true, "page_source_suffix": ".rst", "current_page_name": "API/_autosummary/pyaedt.Rmxprt.delete_design", "sidebars": ["search-field.html", "sidebar-nav-bs.html"], "customsidebar": null, "favicon_url": null, "logo_url": null, "alabaster_version": "0.7.12", "theme_show_toc_level": 1, "theme_logo": {}}