{"parents": [{"link": "../../", "title": "API reference"}, {"link": "../../Primitives/", "title": "Modeler and  primitives"}, {"link": "../pyaedt.modeler.Model3DLayout.Modeler3DLayout/", "title": "pyaedt.modeler.Model3DLayout.Modeler3DLayout"}], "prev": {"link": "../pyaedt.modeler.Model3DLayout.Modeler3DLayout.projdir/", "title": "projdir"}, "next": {"link": "../pyaedt.modeler.Model3DLayout.Modeler3DLayout.rectangles_voids/", "title": "rectangles_voids"}, "title": "rectangles", "meta": {}, "body": "<section id=\"rectangles\">\n<h1>rectangles<a class=\"headerlink\" href=\"#rectangles\" title=\"Permalink to this heading\">#</a></h1>\n<dl class=\"py property\">\n<dt class=\"sig sig-object py\" id=\"pyaedt.modeler.Model3DLayout.Modeler3DLayout.rectangles\">\n<em class=\"property\"><span class=\"pre\">property</span><span class=\"w\"> </span></em><span class=\"sig-prename descclassname\"><span class=\"pre\">Modeler3DLayout.</span></span><span class=\"sig-name descname\"><span class=\"pre\">rectangles</span></span><a class=\"headerlink\" href=\"#pyaedt.modeler.Model3DLayout.Modeler3DLayout.rectangles\" title=\"Permalink to this definition\">#</a></dt>\n<dd><p>Rectangles.</p>\n<dl class=\"field-list simple\">\n<dt class=\"field-odd\">Returns<span class=\"colon\">:</span></dt>\n<dd class=\"field-odd\"><dl class=\"simple\">\n<dt><a class=\"reference external\" href=\"https://docs.python.org/dev/library/stdtypes.html#dict\" title=\"(in Python v3.12)\"><code class=\"docutils literal notranslate\"><span class=\"pre\">dict</span></code></a>[<a class=\"reference external\" href=\"https://docs.python.org/dev/library/stdtypes.html#str\" title=\"(in Python v3.12)\"><code class=\"docutils literal notranslate\"><span class=\"pre\">str</span></code></a>, <a class=\"reference internal\" href=\"../pyaedt.modeler.object3dlayout.Rect3dLayout/#pyaedt.modeler.object3dlayout.Rect3dLayout\" title=\"pyaedt.modeler.object3dlayout.Rect3dLayout\"><code class=\"xref py py-class docutils literal notranslate\"><span class=\"pre\">pyaedt.modeler.object3dlayout.Rect3dLayout</span></code></a>]</dt><dd><p>Pyaedt Objects.</p>\n</dd>\n</dl>\n</dd>\n</dl>\n</dd></dl>\n\n</section>\n", "metatags": "<meta name=\"generator\" content=\"Docutils 0.19: https://docutils.sourceforge.io/\" />\n", "rellinks": [["genindex", "General Index", "I", "index"], ["py-modindex", "Python Module Index", "", "modules"], ["API/_autosummary/pyaedt.modeler.Model3DLayout.Modeler3DLayout.rectangles_voids", "rectangles_voids", "N", "next"], ["API/_autosummary/pyaedt.modeler.Model3DLayout.Modeler3DLayout.projdir", "projdir", "P", "previous"]], "sourcename": "API/_autosummary/pyaedt.modeler.Model3DLayout.Modeler3DLayout.rectangles.rst.txt", "toc": "<ul>\n<li><a class=\"reference internal\" href=\"#\">rectangles</a><ul>\n<li><a class=\"reference internal\" href=\"#pyaedt.modeler.Model3DLayout.Modeler3DLayout.rectangles\"><code class=\"docutils literal notranslate\"><span class=\"pre\">Modeler3DLayout.rectangles</span></code></a></li>\n</ul>\n</li>\n</ul>\n", "display_toc": true, "page_source_suffix": ".rst", "current_page_name": "API/_autosummary/pyaedt.modeler.Model3DLayout.Modeler3DLayout.rectangles", "sidebars": ["search-field.html", "sidebar-nav-bs.html"], "customsidebar": null, "favicon_url": null, "logo_url": null, "alabaster_version": "0.7.12", "theme_show_toc_level": 1, "theme_logo": {}}