{"parents": [{"link": "../../", "title": "API reference"}, {"link": "../../Application/", "title": "AEDT apps"}, {"link": "../pyaedt.Icepak/", "title": "pyaedt.Icepak"}], "prev": {"link": "../pyaedt.Icepak.create_output_variable/", "title": "create_output_variable"}, "next": {"link": "../pyaedt.Icepak.create_pcb_from_3dlayout/", "title": "create_pcb_from_3dlayout"}, "title": "create_parametric_fin_heat_sink", "meta": {}, "body": "<section id=\"create-parametric-fin-heat-sink\">\n<h1>create_parametric_fin_heat_sink<a class=\"headerlink\" href=\"#create-parametric-fin-heat-sink\" title=\"Permalink to this heading\">#</a></h1>\n<dl class=\"py method\">\n<dt class=\"sig sig-object py\" id=\"pyaedt.Icepak.create_parametric_fin_heat_sink\">\n<span class=\"sig-prename descclassname\"><span class=\"pre\">Icepak.</span></span><span class=\"sig-name descname\"><span class=\"pre\">create_parametric_fin_heat_sink</span></span><span class=\"sig-paren\">(</span><em class=\"sig-param\"><span class=\"n\"><span class=\"pre\">hs_height</span></span><span class=\"o\"><span class=\"pre\">=</span></span><span class=\"default_value\"><span class=\"pre\">100</span></span></em>, <em class=\"sig-param\"><span class=\"n\"><span class=\"pre\">hs_width</span></span><span class=\"o\"><span class=\"pre\">=</span></span><span class=\"default_value\"><span class=\"pre\">100</span></span></em>, <em class=\"sig-param\"><span class=\"n\"><span class=\"pre\">hs_basethick</span></span><span class=\"o\"><span class=\"pre\">=</span></span><span class=\"default_value\"><span class=\"pre\">10</span></span></em>, <em class=\"sig-param\"><span class=\"n\"><span class=\"pre\">pitch</span></span><span class=\"o\"><span class=\"pre\">=</span></span><span class=\"default_value\"><span class=\"pre\">20</span></span></em>, <em class=\"sig-param\"><span class=\"n\"><span class=\"pre\">thick</span></span><span class=\"o\"><span class=\"pre\">=</span></span><span class=\"default_value\"><span class=\"pre\">10</span></span></em>, <em class=\"sig-param\"><span class=\"n\"><span class=\"pre\">length</span></span><span class=\"o\"><span class=\"pre\">=</span></span><span class=\"default_value\"><span class=\"pre\">40</span></span></em>, <em class=\"sig-param\"><span class=\"n\"><span class=\"pre\">height</span></span><span class=\"o\"><span class=\"pre\">=</span></span><span class=\"default_value\"><span class=\"pre\">40</span></span></em>, <em class=\"sig-param\"><span class=\"n\"><span class=\"pre\">draftangle</span></span><span class=\"o\"><span class=\"pre\">=</span></span><span class=\"default_value\"><span class=\"pre\">0</span></span></em>, <em class=\"sig-param\"><span class=\"n\"><span class=\"pre\">patternangle</span></span><span class=\"o\"><span class=\"pre\">=</span></span><span class=\"default_value\"><span class=\"pre\">10</span></span></em>, <em class=\"sig-param\"><span class=\"n\"><span class=\"pre\">separation</span></span><span class=\"o\"><span class=\"pre\">=</span></span><span class=\"default_value\"><span class=\"pre\">5</span></span></em>, <em class=\"sig-param\"><span class=\"n\"><span class=\"pre\">symmetric</span></span><span class=\"o\"><span class=\"pre\">=</span></span><span class=\"default_value\"><span class=\"pre\">True</span></span></em>, <em class=\"sig-param\"><span class=\"n\"><span class=\"pre\">symmetric_separation</span></span><span class=\"o\"><span class=\"pre\">=</span></span><span class=\"default_value\"><span class=\"pre\">20</span></span></em>, <em class=\"sig-param\"><span class=\"n\"><span class=\"pre\">numcolumn_perside</span></span><span class=\"o\"><span class=\"pre\">=</span></span><span class=\"default_value\"><span class=\"pre\">2</span></span></em>, <em class=\"sig-param\"><span class=\"n\"><span class=\"pre\">vertical_separation</span></span><span class=\"o\"><span class=\"pre\">=</span></span><span class=\"default_value\"><span class=\"pre\">10</span></span></em>, <em class=\"sig-param\"><span class=\"n\"><span class=\"pre\">matname</span></span><span class=\"o\"><span class=\"pre\">=</span></span><span class=\"default_value\"><span class=\"pre\">'Al-Extruded'</span></span></em>, <em class=\"sig-param\"><span class=\"n\"><span class=\"pre\">center</span></span><span class=\"o\"><span class=\"pre\">=</span></span><span class=\"default_value\"><span class=\"pre\">[0,</span> <span class=\"pre\">0,</span> <span class=\"pre\">0]</span></span></em>, <em class=\"sig-param\"><span class=\"n\"><span class=\"pre\">plane_enum</span></span><span class=\"o\"><span class=\"pre\">=</span></span><span class=\"default_value\"><span class=\"pre\">0</span></span></em>, <em class=\"sig-param\"><span class=\"n\"><span class=\"pre\">rotation</span></span><span class=\"o\"><span class=\"pre\">=</span></span><span class=\"default_value\"><span class=\"pre\">0</span></span></em>, <em class=\"sig-param\"><span class=\"n\"><span class=\"pre\">tolerance</span></span><span class=\"o\"><span class=\"pre\">=</span></span><span class=\"default_value\"><span class=\"pre\">0.001</span></span></em><span class=\"sig-paren\">)</span><a class=\"reference internal\" href=\"../../../_modules/pyaedt/icepak/#Icepak.create_parametric_fin_heat_sink\"><span class=\"viewcode-link\"><span class=\"pre\">[source]</span></span></a><a class=\"headerlink\" href=\"#pyaedt.Icepak.create_parametric_fin_heat_sink\" title=\"Permalink to this definition\">#</a></dt>\n<dd><p>Create a parametric heat sink.</p>\n<dl class=\"field-list\">\n<dt class=\"field-odd\">Parameters<span class=\"colon\">:</span></dt>\n<dd class=\"field-odd\"><dl>\n<dt><strong>hs_height</strong><span class=\"classifier\"><a class=\"reference external\" href=\"https://docs.python.org/dev/library/functions.html#int\" title=\"(in Python v3.12)\"><code class=\"docutils literal notranslate\"><span class=\"pre\">int</span></code></a>, <code class=\"xref py py-obj docutils literal notranslate\"><span class=\"pre\">optional</span></code></span></dt><dd><p>Height of the heat sink. The default is <code class=\"docutils literal notranslate\"><span class=\"pre\">100</span></code>.</p>\n</dd>\n<dt><strong>hs_width</strong><span class=\"classifier\"><a class=\"reference external\" href=\"https://docs.python.org/dev/library/functions.html#int\" title=\"(in Python v3.12)\"><code class=\"docutils literal notranslate\"><span class=\"pre\">int</span></code></a>, <code class=\"xref py py-obj docutils literal notranslate\"><span class=\"pre\">optional</span></code></span></dt><dd><p>Width of the heat sink. The default is <code class=\"docutils literal notranslate\"><span class=\"pre\">100</span></code>.</p>\n</dd>\n<dt><strong>hs_basethick</strong><span class=\"classifier\"><a class=\"reference external\" href=\"https://docs.python.org/dev/library/functions.html#int\" title=\"(in Python v3.12)\"><code class=\"docutils literal notranslate\"><span class=\"pre\">int</span></code></a>, <code class=\"xref py py-obj docutils literal notranslate\"><span class=\"pre\">optional</span></code></span></dt><dd><p>Thickness of the heat sink base. The default is <code class=\"docutils literal notranslate\"><span class=\"pre\">10</span></code>.</p>\n</dd>\n<dt><strong>pitch</strong><span class=\"classifier\"><code class=\"xref py py-obj docutils literal notranslate\"><span class=\"pre\">optional</span></code></span></dt><dd><p>Pitch of the heat sink. The default is <code class=\"docutils literal notranslate\"><span class=\"pre\">10</span></code>.</p>\n</dd>\n<dt><strong>thick</strong><span class=\"classifier\"><code class=\"xref py py-obj docutils literal notranslate\"><span class=\"pre\">optional</span></code></span></dt><dd><p>Thickness of the heat sink. The default is <code class=\"docutils literal notranslate\"><span class=\"pre\">10</span></code>.</p>\n</dd>\n<dt><strong>length</strong><span class=\"classifier\"><code class=\"xref py py-obj docutils literal notranslate\"><span class=\"pre\">optional</span></code></span></dt><dd><p>Length of the heat sink. The default is <code class=\"docutils literal notranslate\"><span class=\"pre\">40</span></code>.</p>\n</dd>\n<dt><strong>height</strong><span class=\"classifier\"><code class=\"xref py py-obj docutils literal notranslate\"><span class=\"pre\">optional</span></code></span></dt><dd><p>Height of the heat sink. The default is <code class=\"docutils literal notranslate\"><span class=\"pre\">40</span></code>.</p>\n</dd>\n<dt><strong>draftangle</strong><span class=\"classifier\"><code class=\"xref py py-obj docutils literal notranslate\"><span class=\"pre\">optional</span></code></span></dt><dd><p>Draft angle in degrees. The default is <code class=\"docutils literal notranslate\"><span class=\"pre\">0</span></code>.</p>\n</dd>\n<dt><strong>patternangle</strong><span class=\"classifier\"><code class=\"xref py py-obj docutils literal notranslate\"><span class=\"pre\">optional</span></code></span></dt><dd><p>Pattern angle in degrees. The default is <code class=\"docutils literal notranslate\"><span class=\"pre\">10</span></code>.</p>\n</dd>\n<dt><strong>separation</strong><span class=\"classifier\"><code class=\"xref py py-obj docutils literal notranslate\"><span class=\"pre\">optional</span></code></span></dt><dd><p>The default is <code class=\"docutils literal notranslate\"><span class=\"pre\">5</span></code>.</p>\n</dd>\n<dt><strong>symmetric</strong><span class=\"classifier\"><a class=\"reference external\" href=\"https://docs.python.org/dev/library/stdtypes.html#bltin-boolean-values\" title=\"(in Python v3.12)\"><span class=\"xref std std-ref\">bool</span></a>, <code class=\"xref py py-obj docutils literal notranslate\"><span class=\"pre\">optional</span></code></span></dt><dd><p>Whether the heat sink is symmetric.  The default is <code class=\"docutils literal notranslate\"><span class=\"pre\">True</span></code>.</p>\n</dd>\n<dt><strong>symmetric_separation</strong><span class=\"classifier\"><code class=\"xref py py-obj docutils literal notranslate\"><span class=\"pre\">optional</span></code></span></dt><dd><p>The default is <code class=\"docutils literal notranslate\"><span class=\"pre\">20</span></code>.</p>\n</dd>\n<dt><strong>numcolumn_perside</strong><span class=\"classifier\"><a class=\"reference external\" href=\"https://docs.python.org/dev/library/functions.html#int\" title=\"(in Python v3.12)\"><code class=\"docutils literal notranslate\"><span class=\"pre\">int</span></code></a>, <code class=\"xref py py-obj docutils literal notranslate\"><span class=\"pre\">optional</span></code></span></dt><dd><p>Number of columns per side. The default is <code class=\"docutils literal notranslate\"><span class=\"pre\">2</span></code>.</p>\n</dd>\n<dt><strong>vertical_separation</strong><span class=\"classifier\"><code class=\"xref py py-obj docutils literal notranslate\"><span class=\"pre\">optional</span></code></span></dt><dd><p>The default is <code class=\"docutils literal notranslate\"><span class=\"pre\">10</span></code>.</p>\n</dd>\n<dt><strong>matname</strong><span class=\"classifier\"><a class=\"reference external\" href=\"https://docs.python.org/dev/library/stdtypes.html#str\" title=\"(in Python v3.12)\"><code class=\"docutils literal notranslate\"><span class=\"pre\">str</span></code></a>, <code class=\"xref py py-obj docutils literal notranslate\"><span class=\"pre\">optional</span></code></span></dt><dd><p>Name of the material. The default is <code class=\"docutils literal notranslate\"><span class=\"pre\">Al-Extruded</span></code>.</p>\n</dd>\n<dt><strong>center</strong><span class=\"classifier\"><a class=\"reference external\" href=\"https://docs.python.org/dev/library/stdtypes.html#list\" title=\"(in Python v3.12)\"><code class=\"docutils literal notranslate\"><span class=\"pre\">list</span></code></a>, <code class=\"xref py py-obj docutils literal notranslate\"><span class=\"pre\">optional</span></code></span></dt><dd><p>List of <code class=\"docutils literal notranslate\"><span class=\"pre\">[x,</span> <span class=\"pre\">y,</span> <span class=\"pre\">z]</span></code> coordinates for the center of\nthe heatsink. The default is <code class=\"docutils literal notranslate\"><span class=\"pre\">[0,</span> <span class=\"pre\">0,</span> <span class=\"pre\">0]</span></code>.</p>\n</dd>\n<dt><strong>plane_enum</strong><span class=\"classifier\"><code class=\"xref py py-obj docutils literal notranslate\"><span class=\"pre\">optional</span></code></span></dt><dd><p>The default is <code class=\"docutils literal notranslate\"><span class=\"pre\">0</span></code>.</p>\n</dd>\n<dt><strong>rotation</strong><span class=\"classifier\"><code class=\"xref py py-obj docutils literal notranslate\"><span class=\"pre\">optional</span></code></span></dt><dd><p>The default is <code class=\"docutils literal notranslate\"><span class=\"pre\">0</span></code>.</p>\n</dd>\n<dt><strong>tolerance</strong><span class=\"classifier\"><code class=\"xref py py-obj docutils literal notranslate\"><span class=\"pre\">optional</span></code></span></dt><dd><p>Tolerance value. The default is <code class=\"docutils literal notranslate\"><span class=\"pre\">0.001</span></code>.</p>\n</dd>\n</dl>\n</dd>\n<dt class=\"field-even\">Returns<span class=\"colon\">:</span></dt>\n<dd class=\"field-even\"><dl class=\"simple\">\n<dt><a class=\"reference external\" href=\"https://docs.python.org/dev/library/stdtypes.html#bltin-boolean-values\" title=\"(in Python v3.12)\"><span class=\"xref std std-ref\">bool</span></a></dt><dd><p><code class=\"docutils literal notranslate\"><span class=\"pre\">True</span></code> when successful, <code class=\"docutils literal notranslate\"><span class=\"pre\">False</span></code> when failed.</p>\n</dd>\n</dl>\n</dd>\n</dl>\n</dd></dl>\n\n</section>\n", "metatags": "<meta name=\"generator\" content=\"Docutils 0.19: https://docutils.sourceforge.io/\" />\n", "rellinks": [["genindex", "General Index", "I", "index"], ["py-modindex", "Python Module Index", "", "modules"], ["API/_autosummary/pyaedt.Icepak.create_pcb_from_3dlayout", "create_pcb_from_3dlayout", "N", "next"], ["API/_autosummary/pyaedt.Icepak.create_output_variable", "create_output_variable", "P", "previous"]], "sourcename": "API/_autosummary/pyaedt.Icepak.create_parametric_fin_heat_sink.rst.txt", "toc": "<ul>\n<li><a class=\"reference internal\" href=\"#\">create_parametric_fin_heat_sink</a><ul>\n<li><a class=\"reference internal\" href=\"#pyaedt.Icepak.create_parametric_fin_heat_sink\"><code class=\"docutils literal notranslate\"><span class=\"pre\">Icepak.create_parametric_fin_heat_sink()</span></code></a></li>\n</ul>\n</li>\n</ul>\n", "display_toc": true, "page_source_suffix": ".rst", "current_page_name": "API/_autosummary/pyaedt.Icepak.create_parametric_fin_heat_sink", "sidebars": ["search-field.html", "sidebar-nav-bs.html"], "customsidebar": null, "favicon_url": null, "logo_url": null, "alabaster_version": "0.7.12", "theme_show_toc_level": 1, "theme_logo": {}}