{"parents": [{"link": "../../", "title": "API reference"}, {"link": "../../Application/", "title": "AEDT apps"}, {"link": "../pyaedt.Circuit/", "title": "pyaedt.Circuit"}], "prev": {"link": "../pyaedt.Circuit.clean_proj_folder/", "title": "clean_proj_folder"}, "next": {"link": "../pyaedt.Circuit.close_project/", "title": "close_project"}, "title": "close_desktop", "meta": {}, "body": "<section id=\"close-desktop\">\n<h1>close_desktop<a class=\"headerlink\" href=\"#close-desktop\" title=\"Permalink to this heading\">#</a></h1>\n<dl class=\"py method\">\n<dt class=\"sig sig-object py\" id=\"pyaedt.Circuit.close_desktop\">\n<span class=\"sig-prename descclassname\"><span class=\"pre\">Circuit.</span></span><span class=\"sig-name descname\"><span class=\"pre\">close_desktop</span></span><span class=\"sig-paren\">(</span><span class=\"sig-paren\">)</span><a class=\"headerlink\" href=\"#pyaedt.Circuit.close_desktop\" title=\"Permalink to this definition\">#</a></dt>\n<dd><p>Close AEDT and release it.</p>\n<dl class=\"field-list simple\">\n<dt class=\"field-odd\">Returns<span class=\"colon\">:</span></dt>\n<dd class=\"field-odd\"><dl class=\"simple\">\n<dt><a class=\"reference external\" href=\"https://docs.python.org/dev/library/stdtypes.html#bltin-boolean-values\" title=\"(in Python v3.12)\"><span class=\"xref std std-ref\">bool</span></a></dt><dd><p><code class=\"docutils literal notranslate\"><span class=\"pre\">True</span></code> when successful, <code class=\"docutils literal notranslate\"><span class=\"pre\">False</span></code> when failed.</p>\n</dd>\n</dl>\n</dd>\n</dl>\n</dd></dl>\n\n</section>\n", "metatags": "<meta name=\"generator\" content=\"Docutils 0.19: https://docutils.sourceforge.io/\" />\n", "rellinks": [["genindex", "General Index", "I", "index"], ["py-modindex", "Python Module Index", "", "modules"], ["API/_autosummary/pyaedt.Circuit.close_project", "close_project", "N", "next"], ["API/_autosummary/pyaedt.Circuit.clean_proj_folder", "clean_proj_folder", "P", "previous"]], "sourcename": "API/_autosummary/pyaedt.Circuit.close_desktop.rst.txt", "toc": "<ul>\n<li><a class=\"reference internal\" href=\"#\">close_desktop</a><ul>\n<li><a class=\"reference internal\" href=\"#pyaedt.Circuit.close_desktop\"><code class=\"docutils literal notranslate\"><span class=\"pre\">Circuit.close_desktop()</span></code></a></li>\n</ul>\n</li>\n</ul>\n", "display_toc": true, "page_source_suffix": ".rst", "current_page_name": "API/_autosummary/pyaedt.Circuit.close_desktop", "sidebars": ["search-field.html", "sidebar-nav-bs.html"], "customsidebar": null, "favicon_url": null, "logo_url": null, "alabaster_version": "0.7.12", "theme_show_toc_level": 1, "theme_logo": {}}