{"parents": [{"link": "../../", "title": "API reference"}, {"link": "../../Application/", "title": "AEDT apps"}, {"link": "../pyaedt.Mechanical/", "title": "pyaedt.Mechanical"}], "prev": {"link": "../pyaedt.Mechanical.generate_temp_project_directory/", "title": "generate_temp_project_directory"}, "next": {"link": "../pyaedt.Mechanical.get_all_conductors_names/", "title": "get_all_conductors_names"}, "title": "generate_unique_setup_name", "meta": {}, "body": "<section id=\"generate-unique-setup-name\">\n<h1>generate_unique_setup_name<a class=\"headerlink\" href=\"#generate-unique-setup-name\" title=\"Permalink to this heading\">#</a></h1>\n<dl class=\"py method\">\n<dt class=\"sig sig-object py\" id=\"pyaedt.Mechanical.generate_unique_setup_name\">\n<span class=\"sig-prename descclassname\"><span class=\"pre\">Mechanical.</span></span><span class=\"sig-name descname\"><span class=\"pre\">generate_unique_setup_name</span></span><span class=\"sig-paren\">(</span><em class=\"sig-param\"><span class=\"n\"><span class=\"pre\">setup_name</span></span><span class=\"o\"><span class=\"pre\">=</span></span><span class=\"default_value\"><span class=\"pre\">None</span></span></em><span class=\"sig-paren\">)</span><a class=\"headerlink\" href=\"#pyaedt.Mechanical.generate_unique_setup_name\" title=\"Permalink to this definition\">#</a></dt>\n<dd><p>Generate a new setup with an unique name.</p>\n<dl class=\"field-list\">\n<dt class=\"field-odd\">Parameters<span class=\"colon\">:</span></dt>\n<dd class=\"field-odd\"><dl>\n<dt><strong>setup_name</strong><span class=\"classifier\"><a class=\"reference external\" href=\"https://docs.python.org/dev/library/stdtypes.html#str\" title=\"(in Python v3.12)\"><code class=\"docutils literal notranslate\"><span class=\"pre\">str</span></code></a>, <code class=\"xref py py-obj docutils literal notranslate\"><span class=\"pre\">optional</span></code></span></dt><dd><p>Name of the setup. The default is <code class=\"docutils literal notranslate\"><span class=\"pre\">None</span></code>.</p>\n</dd>\n</dl>\n</dd>\n<dt class=\"field-even\">Returns<span class=\"colon\">:</span></dt>\n<dd class=\"field-even\"><dl class=\"simple\">\n<dt><a class=\"reference external\" href=\"https://docs.python.org/dev/library/stdtypes.html#str\" title=\"(in Python v3.12)\"><code class=\"docutils literal notranslate\"><span class=\"pre\">str</span></code></a></dt><dd><p>Name of the setup.</p>\n</dd>\n</dl>\n</dd>\n</dl>\n</dd></dl>\n\n</section>\n", "metatags": "<meta name=\"generator\" content=\"Docutils 0.19: https://docutils.sourceforge.io/\" />\n", "rellinks": [["genindex", "General Index", "I", "index"], ["py-modindex", "Python Module Index", "", "modules"], ["API/_autosummary/pyaedt.Mechanical.get_all_conductors_names", "get_all_conductors_names", "N", "next"], ["API/_autosummary/pyaedt.Mechanical.generate_temp_project_directory", "generate_temp_project_directory", "P", "previous"]], "sourcename": "API/_autosummary/pyaedt.Mechanical.generate_unique_setup_name.rst.txt", "toc": "<ul>\n<li><a class=\"reference internal\" href=\"#\">generate_unique_setup_name</a><ul>\n<li><a class=\"reference internal\" href=\"#pyaedt.Mechanical.generate_unique_setup_name\"><code class=\"docutils literal notranslate\"><span class=\"pre\">Mechanical.generate_unique_setup_name()</span></code></a></li>\n</ul>\n</li>\n</ul>\n", "display_toc": true, "page_source_suffix": ".rst", "current_page_name": "API/_autosummary/pyaedt.Mechanical.generate_unique_setup_name", "sidebars": ["search-field.html", "sidebar-nav-bs.html"], "customsidebar": null, "favicon_url": null, "logo_url": null, "alabaster_version": "0.7.12", "theme_show_toc_level": 1, "theme_logo": {}}