{"parents": [{"link": "../../", "title": "API reference"}, {"link": "../../Primitives/", "title": "Modeler and  primitives"}, {"link": "../pyaedt.modeler.object3dlayout.Pins3DLayout/", "title": "pyaedt.modeler.object3dlayout.Pins3DLayout"}], "prev": {"link": "../pyaedt.modeler.object3dlayout.Pins3DLayout.placement_layer/", "title": "placement_layer"}, "next": {"link": "../pyaedt.modeler.object3dlayout.Pins3DLayout.stop_layer/", "title": "stop_layer"}, "title": "start_layer", "meta": {}, "body": "<section id=\"start-layer\">\n<h1>start_layer<a class=\"headerlink\" href=\"#start-layer\" title=\"Permalink to this heading\">#</a></h1>\n<dl class=\"py property\">\n<dt class=\"sig sig-object py\" id=\"pyaedt.modeler.object3dlayout.Pins3DLayout.start_layer\">\n<em class=\"property\"><span class=\"pre\">property</span><span class=\"w\"> </span></em><span class=\"sig-prename descclassname\"><span class=\"pre\">Pins3DLayout.</span></span><span class=\"sig-name descname\"><span class=\"pre\">start_layer</span></span><a class=\"headerlink\" href=\"#pyaedt.modeler.object3dlayout.Pins3DLayout.start_layer\" title=\"Permalink to this definition\">#</a></dt>\n<dd><p>Retrieve the starting layer of the pin.</p>\n<dl class=\"field-list simple\">\n<dt class=\"field-odd\">Returns<span class=\"colon\">:</span></dt>\n<dd class=\"field-odd\"><dl class=\"simple\">\n<dt><a class=\"reference external\" href=\"https://docs.python.org/dev/library/stdtypes.html#str\" title=\"(in Python v3.12)\"><code class=\"docutils literal notranslate\"><span class=\"pre\">str</span></code></a></dt><dd><p>Name of the starting layer of the pin.</p>\n</dd>\n</dl>\n</dd>\n</dl>\n<p class=\"rubric\">References</p>\n<div class=\"doctest highlight-default notranslate\"><div class=\"highlight\"><pre><span></span><span class=\"gp\">&gt;&gt;&gt; </span><span class=\"n\">oEditor</span><span class=\"o\">.</span><span class=\"n\">GetPropertyValue</span>\n</pre></div>\n</div>\n</dd></dl>\n\n</section>\n", "metatags": "<meta name=\"generator\" content=\"Docutils 0.19: https://docutils.sourceforge.io/\" />\n", "rellinks": [["genindex", "General Index", "I", "index"], ["py-modindex", "Python Module Index", "", "modules"], ["API/_autosummary/pyaedt.modeler.object3dlayout.Pins3DLayout.stop_layer", "stop_layer", "N", "next"], ["API/_autosummary/pyaedt.modeler.object3dlayout.Pins3DLayout.placement_layer", "placement_layer", "P", "previous"]], "sourcename": "API/_autosummary/pyaedt.modeler.object3dlayout.Pins3DLayout.start_layer.rst.txt", "toc": "<ul>\n<li><a class=\"reference internal\" href=\"#\">start_layer</a><ul>\n<li><a class=\"reference internal\" href=\"#pyaedt.modeler.object3dlayout.Pins3DLayout.start_layer\"><code class=\"docutils literal notranslate\"><span class=\"pre\">Pins3DLayout.start_layer</span></code></a></li>\n</ul>\n</li>\n</ul>\n", "display_toc": true, "page_source_suffix": ".rst", "current_page_name": "API/_autosummary/pyaedt.modeler.object3dlayout.Pins3DLayout.start_layer", "sidebars": ["search-field.html", "sidebar-nav-bs.html"], "customsidebar": null, "favicon_url": null, "logo_url": null, "alabaster_version": "0.7.12", "theme_show_toc_level": 1, "theme_logo": {}}