{"parents": [{"link": "../../", "title": "API reference"}, {"link": "../../Primitives/", "title": "Modeler and  primitives"}, {"link": "../pyaedt.modeler.Object3d.Object3d/", "title": "pyaedt.modeler.Object3d.Object3d"}], "prev": {"link": "../pyaedt.modeler.Object3d.Object3d.bottom_face_x/", "title": "bottom_face_x"}, "next": {"link": "../pyaedt.modeler.Object3d.Object3d.bottom_face_z/", "title": "bottom_face_z"}, "title": "bottom_face_y", "meta": {}, "body": "<section id=\"bottom-face-y\">\n<h1>bottom_face_y<a class=\"headerlink\" href=\"#bottom-face-y\" title=\"Permalink to this heading\">#</a></h1>\n<dl class=\"py property\">\n<dt class=\"sig sig-object py\" id=\"pyaedt.modeler.Object3d.Object3d.bottom_face_y\">\n<em class=\"property\"><span class=\"pre\">property</span><span class=\"w\"> </span></em><span class=\"sig-prename descclassname\"><span class=\"pre\">Object3d.</span></span><span class=\"sig-name descname\"><span class=\"pre\">bottom_face_y</span></span><a class=\"headerlink\" href=\"#pyaedt.modeler.Object3d.Object3d.bottom_face_y\" title=\"Permalink to this definition\">#</a></dt>\n<dd><p>Bottom face in the X direction of the object.</p>\n<dl class=\"field-list simple\">\n<dt class=\"field-odd\">Returns<span class=\"colon\">:</span></dt>\n<dd class=\"field-odd\"><dl class=\"simple\">\n<dt><a class=\"reference internal\" href=\"../pyaedt.modeler.Object3d.FacePrimitive/#pyaedt.modeler.Object3d.FacePrimitive\" title=\"pyaedt.modeler.Object3d.FacePrimitive\"><code class=\"xref py py-class docutils literal notranslate\"><span class=\"pre\">pyaedt.modeler.Object3d.FacePrimitive</span></code></a></dt><dd></dd>\n</dl>\n</dd>\n</dl>\n<p class=\"rubric\">References</p>\n<div class=\"doctest highlight-default notranslate\"><div class=\"highlight\"><pre><span></span><span class=\"gp\">&gt;&gt;&gt; </span><span class=\"n\">oEditor</span><span class=\"o\">.</span><span class=\"n\">FaceCenter</span>\n</pre></div>\n</div>\n</dd></dl>\n\n</section>\n", "metatags": "<meta name=\"generator\" content=\"Docutils 0.19: https://docutils.sourceforge.io/\" />\n", "rellinks": [["genindex", "General Index", "I", "index"], ["py-modindex", "Python Module Index", "", "modules"], ["API/_autosummary/pyaedt.modeler.Object3d.Object3d.bottom_face_z", "bottom_face_z", "N", "next"], ["API/_autosummary/pyaedt.modeler.Object3d.Object3d.bottom_face_x", "bottom_face_x", "P", "previous"]], "sourcename": "API/_autosummary/pyaedt.modeler.Object3d.Object3d.bottom_face_y.rst.txt", "toc": "<ul>\n<li><a class=\"reference internal\" href=\"#\">bottom_face_y</a><ul>\n<li><a class=\"reference internal\" href=\"#pyaedt.modeler.Object3d.Object3d.bottom_face_y\"><code class=\"docutils literal notranslate\"><span class=\"pre\">Object3d.bottom_face_y</span></code></a></li>\n</ul>\n</li>\n</ul>\n", "display_toc": true, "page_source_suffix": ".rst", "current_page_name": "API/_autosummary/pyaedt.modeler.Object3d.Object3d.bottom_face_y", "sidebars": ["search-field.html", "sidebar-nav-bs.html"], "customsidebar": null, "favicon_url": null, "logo_url": null, "alabaster_version": "0.7.12", "theme_show_toc_level": 1, "theme_logo": {}}