{"parents": [{"link": "../../", "title": "API reference"}, {"link": "../../Primitives/", "title": "Modeler and  primitives"}, {"link": "../pyaedt.modeler.Primitives3DLayout.Primitives3DLayout/", "title": "pyaedt.modeler.Primitives3DLayout.Primitives3DLayout"}], "prev": {"link": "../pyaedt.modeler.Primitives3DLayout.Primitives3DLayout.components/", "title": "components"}, "next": {"link": "../pyaedt.modeler.Primitives3DLayout.Primitives3DLayout.defaultmaterial/", "title": "defaultmaterial"}, "title": "components_3d", "meta": {}, "body": "<section id=\"components-3d\">\n<h1>components_3d<a class=\"headerlink\" href=\"#components-3d\" title=\"Permalink to this heading\">#</a></h1>\n<dl class=\"py property\">\n<dt class=\"sig sig-object py\" id=\"pyaedt.modeler.Primitives3DLayout.Primitives3DLayout.components_3d\">\n<em class=\"property\"><span class=\"pre\">property</span><span class=\"w\"> </span></em><span class=\"sig-prename descclassname\"><span class=\"pre\">Primitives3DLayout.</span></span><span class=\"sig-name descname\"><span class=\"pre\">components_3d</span></span><a class=\"headerlink\" href=\"#pyaedt.modeler.Primitives3DLayout.Primitives3DLayout.components_3d\" title=\"Permalink to this definition\">#</a></dt>\n<dd><p>Components.</p>\n<dl class=\"field-list\">\n<dt class=\"field-odd\">Returns<span class=\"colon\">:</span></dt>\n<dd class=\"field-odd\"><dl>\n<dt><strong>dict[str,</strong><span class=\"classifier\">class:<cite>pyaedt.modeler.object3dlayout.Components3DLayout</cite>]</span></dt><dd><p>Pyaedt Objects.</p>\n</dd>\n</dl>\n</dd>\n</dl>\n</dd></dl>\n\n</section>\n", "metatags": "<meta name=\"generator\" content=\"Docutils 0.19: https://docutils.sourceforge.io/\" />\n", "rellinks": [["genindex", "General Index", "I", "index"], ["py-modindex", "Python Module Index", "", "modules"], ["API/_autosummary/pyaedt.modeler.Primitives3DLayout.Primitives3DLayout.defaultmaterial", "defaultmaterial", "N", "next"], ["API/_autosummary/pyaedt.modeler.Primitives3DLayout.Primitives3DLayout.components", "components", "P", "previous"]], "sourcename": "API/_autosummary/pyaedt.modeler.Primitives3DLayout.Primitives3DLayout.components_3d.rst.txt", "toc": "<ul>\n<li><a class=\"reference internal\" href=\"#\">components_3d</a><ul>\n<li><a class=\"reference internal\" href=\"#pyaedt.modeler.Primitives3DLayout.Primitives3DLayout.components_3d\"><code class=\"docutils literal notranslate\"><span class=\"pre\">Primitives3DLayout.components_3d</span></code></a></li>\n</ul>\n</li>\n</ul>\n", "display_toc": true, "page_source_suffix": ".rst", "current_page_name": "API/_autosummary/pyaedt.modeler.Primitives3DLayout.Primitives3DLayout.components_3d", "sidebars": ["search-field.html", "sidebar-nav-bs.html"], "customsidebar": null, "favicon_url": null, "logo_url": null, "alabaster_version": "0.7.12", "theme_show_toc_level": 1, "theme_logo": {}}