{"parents": [{"link": "../../", "title": "API reference"}, {"link": "../../CoreEdb/", "title": "EDB editor"}, {"link": "../pyaedt.Edb/", "title": "pyaedt.Edb"}], "prev": {"link": "../pyaedt.Edb.open_edb/", "title": "open_edb"}, "next": {"link": "../pyaedt.Edb.save_edb/", "title": "save_edb"}, "title": "open_edb_inside_aedt", "meta": {}, "body": "<section id=\"open-edb-inside-aedt\">\n<h1>open_edb_inside_aedt<a class=\"headerlink\" href=\"#open-edb-inside-aedt\" title=\"Permalink to this heading\">#</a></h1>\n<dl class=\"py method\">\n<dt class=\"sig sig-object py\" id=\"pyaedt.Edb.open_edb_inside_aedt\">\n<span class=\"sig-prename descclassname\"><span class=\"pre\">Edb.</span></span><span class=\"sig-name descname\"><span class=\"pre\">open_edb_inside_aedt</span></span><span class=\"sig-paren\">(</span><em class=\"sig-param\"><span class=\"n\"><span class=\"pre\">init_dlls</span></span><span class=\"o\"><span class=\"pre\">=</span></span><span class=\"default_value\"><span class=\"pre\">False</span></span></em><span class=\"sig-paren\">)</span><a class=\"reference internal\" href=\"../../../_modules/pyaedt/edb/#Edb.open_edb_inside_aedt\"><span class=\"viewcode-link\"><span class=\"pre\">[source]</span></span></a><a class=\"headerlink\" href=\"#pyaedt.Edb.open_edb_inside_aedt\" title=\"Permalink to this definition\">#</a></dt>\n<dd><p>Open EDB inside of AEDT.</p>\n<dl class=\"field-list\">\n<dt class=\"field-odd\">Parameters<span class=\"colon\">:</span></dt>\n<dd class=\"field-odd\"><dl>\n<dt><strong>init_dlls</strong><span class=\"classifier\"><a class=\"reference external\" href=\"https://docs.python.org/dev/library/stdtypes.html#bltin-boolean-values\" title=\"(in Python v3.12)\"><span class=\"xref std std-ref\">bool</span></a>, <code class=\"xref py py-obj docutils literal notranslate\"><span class=\"pre\">optional</span></code></span></dt><dd><p>Whether to initialize DLLs. The default is <code class=\"docutils literal notranslate\"><span class=\"pre\">False</span></code>.</p>\n</dd>\n</dl>\n</dd>\n<dt class=\"field-even\">Returns<span class=\"colon\">:</span></dt>\n<dd class=\"field-even\"></dd>\n</dl>\n</dd></dl>\n\n</section>\n", "metatags": "<meta name=\"generator\" content=\"Docutils 0.19: https://docutils.sourceforge.io/\" />\n", "rellinks": [["genindex", "General Index", "I", "index"], ["py-modindex", "Python Module Index", "", "modules"], ["API/_autosummary/pyaedt.Edb.save_edb", "save_edb", "N", "next"], ["API/_autosummary/pyaedt.Edb.open_edb", "open_edb", "P", "previous"]], "sourcename": "API/_autosummary/pyaedt.Edb.open_edb_inside_aedt.rst.txt", "toc": "<ul>\n<li><a class=\"reference internal\" href=\"#\">open_edb_inside_aedt</a><ul>\n<li><a class=\"reference internal\" href=\"#pyaedt.Edb.open_edb_inside_aedt\"><code class=\"docutils literal notranslate\"><span class=\"pre\">Edb.open_edb_inside_aedt()</span></code></a></li>\n</ul>\n</li>\n</ul>\n", "display_toc": true, "page_source_suffix": ".rst", "current_page_name": "API/_autosummary/pyaedt.Edb.open_edb_inside_aedt", "sidebars": ["search-field.html", "sidebar-nav-bs.html"], "customsidebar": null, "favicon_url": null, "logo_url": null, "alabaster_version": "0.7.12", "theme_show_toc_level": 1, "theme_logo": {}}