{"parents": [{"link": "../../", "title": "API reference"}, {"link": "../../Primitives/", "title": "Modeler and  primitives"}, {"link": "../pyaedt.modeler.Circuit.ModelerNexxim/", "title": "pyaedt.modeler.Circuit.ModelerNexxim"}], "prev": {"link": "../pyaedt.modeler.Circuit.ModelerNexxim.logger/", "title": "logger"}, "next": {"link": "../pyaedt.modeler.Circuit.ModelerNexxim.o_component_manager/", "title": "o_component_manager"}, "title": "model_units", "meta": {}, "body": "<section id=\"model-units\">\n<h1>model_units<a class=\"headerlink\" href=\"#model-units\" title=\"Permalink to this heading\">#</a></h1>\n<dl class=\"py property\">\n<dt class=\"sig sig-object py\" id=\"pyaedt.modeler.Circuit.ModelerNexxim.model_units\">\n<em class=\"property\"><span class=\"pre\">property</span><span class=\"w\"> </span></em><span class=\"sig-prename descclassname\"><span class=\"pre\">ModelerNexxim.</span></span><span class=\"sig-name descname\"><span class=\"pre\">model_units</span></span><a class=\"headerlink\" href=\"#pyaedt.modeler.Circuit.ModelerNexxim.model_units\" title=\"Permalink to this definition\">#</a></dt>\n<dd><p>Model units.</p>\n<p class=\"rubric\">References</p>\n<div class=\"doctest highlight-default notranslate\"><div class=\"highlight\"><pre><span></span><span class=\"gp\">&gt;&gt;&gt; </span><span class=\"n\">oEditor</span><span class=\"o\">.</span><span class=\"n\">GetActiveUnits</span>\n<span class=\"gp\">&gt;&gt;&gt; </span><span class=\"n\">oEditor</span><span class=\"o\">.</span><span class=\"n\">SetActiveUnits</span>\n</pre></div>\n</div>\n</dd></dl>\n\n</section>\n", "metatags": "<meta name=\"generator\" content=\"Docutils 0.19: https://docutils.sourceforge.io/\" />\n", "rellinks": [["genindex", "General Index", "I", "index"], ["py-modindex", "Python Module Index", "", "modules"], ["API/_autosummary/pyaedt.modeler.Circuit.ModelerNexxim.o_component_manager", "o_component_manager", "N", "next"], ["API/_autosummary/pyaedt.modeler.Circuit.ModelerNexxim.logger", "logger", "P", "previous"]], "sourcename": "API/_autosummary/pyaedt.modeler.Circuit.ModelerNexxim.model_units.rst.txt", "toc": "<ul>\n<li><a class=\"reference internal\" href=\"#\">model_units</a><ul>\n<li><a class=\"reference internal\" href=\"#pyaedt.modeler.Circuit.ModelerNexxim.model_units\"><code class=\"docutils literal notranslate\"><span class=\"pre\">ModelerNexxim.model_units</span></code></a></li>\n</ul>\n</li>\n</ul>\n", "display_toc": true, "page_source_suffix": ".rst", "current_page_name": "API/_autosummary/pyaedt.modeler.Circuit.ModelerNexxim.model_units", "sidebars": ["search-field.html", "sidebar-nav-bs.html"], "customsidebar": null, "favicon_url": null, "logo_url": null, "alabaster_version": "0.7.12", "theme_show_toc_level": 1, "theme_logo": {}}