{"parents": [{"link": "../../", "title": "API reference"}, {"link": "../../MaterialManagement/", "title": "Material and stackup"}, {"link": "../pyaedt.modules.LayerStackup.Layer/", "title": "pyaedt.modules.LayerStackup.Layer"}], "prev": {"link": "../pyaedt.modules.LayerStackup.Layer.thickness/", "title": "thickness"}, "next": {"link": "../pyaedt.modules.LayerStackup.Layer.top_huray_ratio/", "title": "top_huray_ratio"}, "title": "top_bottom", "meta": {}, "body": "<section id=\"top-bottom\">\n<h1>top_bottom<a class=\"headerlink\" href=\"#top-bottom\" title=\"Permalink to this heading\">#</a></h1>\n<dl class=\"py property\">\n<dt class=\"sig sig-object py\" id=\"pyaedt.modules.LayerStackup.Layer.top_bottom\">\n<em class=\"property\"><span class=\"pre\">property</span><span class=\"w\"> </span></em><span class=\"sig-prename descclassname\"><span class=\"pre\">Layer.</span></span><span class=\"sig-name descname\"><span class=\"pre\">top_bottom</span></span><a class=\"headerlink\" href=\"#pyaedt.modules.LayerStackup.Layer.top_bottom\" title=\"Permalink to this definition\">#</a></dt>\n<dd><p>Get/Set the active layer top bottom alignment.</p>\n<dl class=\"field-list simple\">\n<dt class=\"field-odd\">Returns<span class=\"colon\">:</span></dt>\n<dd class=\"field-odd\"><dl class=\"simple\">\n<dt><a class=\"reference external\" href=\"https://docs.python.org/dev/library/stdtypes.html#str\" title=\"(in Python v3.12)\"><code class=\"docutils literal notranslate\"><span class=\"pre\">str</span></code></a></dt><dd></dd>\n</dl>\n</dd>\n</dl>\n</dd></dl>\n\n</section>\n", "metatags": "<meta name=\"generator\" content=\"Docutils 0.19: https://docutils.sourceforge.io/\" />\n", "rellinks": [["genindex", "General Index", "I", "index"], ["py-modindex", "Python Module Index", "", "modules"], ["API/_autosummary/pyaedt.modules.LayerStackup.Layer.top_huray_ratio", "top_huray_ratio", "N", "next"], ["API/_autosummary/pyaedt.modules.LayerStackup.Layer.thickness", "thickness", "P", "previous"]], "sourcename": "API/_autosummary/pyaedt.modules.LayerStackup.Layer.top_bottom.rst.txt", "toc": "<ul>\n<li><a class=\"reference internal\" href=\"#\">top_bottom</a><ul>\n<li><a class=\"reference internal\" href=\"#pyaedt.modules.LayerStackup.Layer.top_bottom\"><code class=\"docutils literal notranslate\"><span class=\"pre\">Layer.top_bottom</span></code></a></li>\n</ul>\n</li>\n</ul>\n", "display_toc": true, "page_source_suffix": ".rst", "current_page_name": "API/_autosummary/pyaedt.modules.LayerStackup.Layer.top_bottom", "sidebars": ["search-field.html", "sidebar-nav-bs.html"], "customsidebar": null, "favicon_url": null, "logo_url": null, "alabaster_version": "0.7.12", "theme_show_toc_level": 1, "theme_logo": {}}