{"parents": [{"link": "../../", "title": "API reference"}, {"link": "../../Application/", "title": "AEDT apps"}, {"link": "../pyaedt.Mechanical/", "title": "pyaedt.Mechanical"}], "prev": {"link": "../pyaedt.Mechanical.change_design_settings/", "title": "change_design_settings"}, "next": {"link": "../pyaedt.Mechanical.change_property/", "title": "change_property"}, "title": "change_material_override", "meta": {}, "body": "<section id=\"change-material-override\">\n<h1>change_material_override<a class=\"headerlink\" href=\"#change-material-override\" title=\"Permalink to this heading\">#</a></h1>\n<dl class=\"py method\">\n<dt class=\"sig sig-object py\" id=\"pyaedt.Mechanical.change_material_override\">\n<span class=\"sig-prename descclassname\"><span class=\"pre\">Mechanical.</span></span><span class=\"sig-name descname\"><span class=\"pre\">change_material_override</span></span><span class=\"sig-paren\">(</span><em class=\"sig-param\"><span class=\"n\"><span class=\"pre\">material_override</span></span><span class=\"o\"><span class=\"pre\">=</span></span><span class=\"default_value\"><span class=\"pre\">True</span></span></em><span class=\"sig-paren\">)</span><a class=\"headerlink\" href=\"#pyaedt.Mechanical.change_material_override\" title=\"Permalink to this definition\">#</a></dt>\n<dd><p>Enable or disable the material override in the project.</p>\n<dl class=\"field-list\">\n<dt class=\"field-odd\">Parameters<span class=\"colon\">:</span></dt>\n<dd class=\"field-odd\"><dl>\n<dt><strong>material_override</strong><span class=\"classifier\"><a class=\"reference external\" href=\"https://docs.python.org/dev/library/stdtypes.html#bltin-boolean-values\" title=\"(in Python v3.12)\"><span class=\"xref std std-ref\">bool</span></a>, <code class=\"xref py py-obj docutils literal notranslate\"><span class=\"pre\">optional</span></code></span></dt><dd><p>Whether to enable the material override.\nThe default is <code class=\"docutils literal notranslate\"><span class=\"pre\">True</span></code>.</p>\n</dd>\n</dl>\n</dd>\n<dt class=\"field-even\">Returns<span class=\"colon\">:</span></dt>\n<dd class=\"field-even\"><dl class=\"simple\">\n<dt><a class=\"reference external\" href=\"https://docs.python.org/dev/library/stdtypes.html#bltin-boolean-values\" title=\"(in Python v3.12)\"><span class=\"xref std std-ref\">bool</span></a></dt><dd><p><code class=\"docutils literal notranslate\"><span class=\"pre\">True</span></code> when successful, <code class=\"docutils literal notranslate\"><span class=\"pre\">False</span></code> when failed.</p>\n</dd>\n</dl>\n</dd>\n</dl>\n<p class=\"rubric\">References</p>\n<div class=\"doctest highlight-default notranslate\"><div class=\"highlight\"><pre><span></span><span class=\"gp\">&gt;&gt;&gt; </span><span class=\"n\">oDesign</span><span class=\"o\">.</span><span class=\"n\">SetDesignSettings</span>\n</pre></div>\n</div>\n</dd></dl>\n\n</section>\n", "metatags": "<meta name=\"generator\" content=\"Docutils 0.19: https://docutils.sourceforge.io/\" />\n", "rellinks": [["genindex", "General Index", "I", "index"], ["py-modindex", "Python Module Index", "", "modules"], ["API/_autosummary/pyaedt.Mechanical.change_property", "change_property", "N", "next"], ["API/_autosummary/pyaedt.Mechanical.change_design_settings", "change_design_settings", "P", "previous"]], "sourcename": "API/_autosummary/pyaedt.Mechanical.change_material_override.rst.txt", "toc": "<ul>\n<li><a class=\"reference internal\" href=\"#\">change_material_override</a><ul>\n<li><a class=\"reference internal\" href=\"#pyaedt.Mechanical.change_material_override\"><code class=\"docutils literal notranslate\"><span class=\"pre\">Mechanical.change_material_override()</span></code></a></li>\n</ul>\n</li>\n</ul>\n", "display_toc": true, "page_source_suffix": ".rst", "current_page_name": "API/_autosummary/pyaedt.Mechanical.change_material_override", "sidebars": ["search-field.html", "sidebar-nav-bs.html"], "customsidebar": null, "favicon_url": null, "logo_url": null, "alabaster_version": "0.7.12", "theme_show_toc_level": 1, "theme_logo": {}}