{"parents": [{"link": "../../", "title": "API reference"}, {"link": "../../CoreEdb/", "title": "EDB editor"}, {"link": "../pyaedt.edb_core.stackup.EdbStackup/", "title": "pyaedt.edb_core.stackup.EdbStackup"}], "prev": {"link": "../pyaedt.edb_core.stackup.EdbStackup.layer_types/", "title": "layer_types"}, "next": {"link": "../pyaedt.edb_core.stackup.EdbStackup.signal_layers/", "title": "signal_layers"}, "title": "materials", "meta": {}, "body": "<section id=\"materials\">\n<h1>materials<a class=\"headerlink\" href=\"#materials\" title=\"Permalink to this heading\">#</a></h1>\n<dl class=\"py property\">\n<dt class=\"sig sig-object py\" id=\"pyaedt.edb_core.stackup.EdbStackup.materials\">\n<em class=\"property\"><span class=\"pre\">property</span><span class=\"w\"> </span></em><span class=\"sig-prename descclassname\"><span class=\"pre\">EdbStackup.</span></span><span class=\"sig-name descname\"><span class=\"pre\">materials</span></span><a class=\"headerlink\" href=\"#pyaedt.edb_core.stackup.EdbStackup.materials\" title=\"Permalink to this definition\">#</a></dt>\n<dd><p>Materials.</p>\n<dl class=\"field-list simple\">\n<dt class=\"field-odd\">Returns<span class=\"colon\">:</span></dt>\n<dd class=\"field-odd\"><dl class=\"simple\">\n<dt><a class=\"reference external\" href=\"https://docs.python.org/dev/library/stdtypes.html#dict\" title=\"(in Python v3.12)\"><code class=\"docutils literal notranslate\"><span class=\"pre\">dict</span></code></a></dt><dd><p>Dictionary of materials.</p>\n</dd>\n</dl>\n</dd>\n</dl>\n</dd></dl>\n\n</section>\n", "metatags": "<meta name=\"generator\" content=\"Docutils 0.19: https://docutils.sourceforge.io/\" />\n", "rellinks": [["genindex", "General Index", "I", "index"], ["py-modindex", "Python Module Index", "", "modules"], ["API/_autosummary/pyaedt.edb_core.stackup.EdbStackup.signal_layers", "signal_layers", "N", "next"], ["API/_autosummary/pyaedt.edb_core.stackup.EdbStackup.layer_types", "layer_types", "P", "previous"]], "sourcename": "API/_autosummary/pyaedt.edb_core.stackup.EdbStackup.materials.rst.txt", "toc": "<ul>\n<li><a class=\"reference internal\" href=\"#\">materials</a><ul>\n<li><a class=\"reference internal\" href=\"#pyaedt.edb_core.stackup.EdbStackup.materials\"><code class=\"docutils literal notranslate\"><span class=\"pre\">EdbStackup.materials</span></code></a></li>\n</ul>\n</li>\n</ul>\n", "display_toc": true, "page_source_suffix": ".rst", "current_page_name": "API/_autosummary/pyaedt.edb_core.stackup.EdbStackup.materials", "sidebars": ["search-field.html", "sidebar-nav-bs.html"], "customsidebar": null, "favicon_url": null, "logo_url": null, "alabaster_version": "0.7.12", "theme_show_toc_level": 1, "theme_logo": {}}