{"parents": [{"link": "../../", "title": "API reference"}, {"link": "../../Common/", "title": "Desktop and common classes"}, {"link": "../pyaedt.Desktop/", "title": "pyaedt.Desktop"}], "prev": {"link": "../pyaedt.Desktop.disable_autosave/", "title": "disable_autosave"}, "next": {"link": "../pyaedt.Desktop.force_close_desktop/", "title": "force_close_desktop"}, "title": "enable_autosave", "meta": {}, "body": "<section id=\"enable-autosave\">\n<h1>enable_autosave<a class=\"headerlink\" href=\"#enable-autosave\" title=\"Permalink to this heading\">#</a></h1>\n<dl class=\"py method\">\n<dt class=\"sig sig-object py\" id=\"pyaedt.Desktop.enable_autosave\">\n<span class=\"sig-prename descclassname\"><span class=\"pre\">Desktop.</span></span><span class=\"sig-name descname\"><span class=\"pre\">enable_autosave</span></span><span class=\"sig-paren\">(</span><span class=\"sig-paren\">)</span><a class=\"reference internal\" href=\"../../../_modules/pyaedt/desktop/#Desktop.enable_autosave\"><span class=\"viewcode-link\"><span class=\"pre\">[source]</span></span></a><a class=\"headerlink\" href=\"#pyaedt.Desktop.enable_autosave\" title=\"Permalink to this definition\">#</a></dt>\n<dd><p>Enable the autosave option.</p>\n<p class=\"rubric\">Examples</p>\n<div class=\"doctest highlight-default notranslate\"><div class=\"highlight\"><pre><span></span><span class=\"gp\">&gt;&gt;&gt; </span><span class=\"kn\">import</span> <span class=\"nn\">pyaedt</span>\n<span class=\"gp\">&gt;&gt;&gt; </span><span class=\"n\">desktop</span> <span class=\"o\">=</span> <span class=\"n\">pyaedt</span><span class=\"o\">.</span><span class=\"n\">Desktop</span><span class=\"p\">(</span><span class=\"s2\">&quot;2021.2&quot;</span><span class=\"p\">)</span>\n<span class=\"go\">pyaedt info: pyaedt v...</span>\n<span class=\"go\">pyaedt info: Python version ...</span>\n<span class=\"gp\">&gt;&gt;&gt; </span><span class=\"n\">desktop</span><span class=\"o\">.</span><span class=\"n\">enable_autosave</span><span class=\"p\">()</span>\n</pre></div>\n</div>\n</dd></dl>\n\n</section>\n", "metatags": "<meta name=\"generator\" content=\"Docutils 0.19: https://docutils.sourceforge.io/\" />\n", "rellinks": [["genindex", "General Index", "I", "index"], ["py-modindex", "Python Module Index", "", "modules"], ["API/_autosummary/pyaedt.Desktop.force_close_desktop", "force_close_desktop", "N", "next"], ["API/_autosummary/pyaedt.Desktop.disable_autosave", "disable_autosave", "P", "previous"]], "sourcename": "API/_autosummary/pyaedt.Desktop.enable_autosave.rst.txt", "toc": "<ul>\n<li><a class=\"reference internal\" href=\"#\">enable_autosave</a><ul>\n<li><a class=\"reference internal\" href=\"#pyaedt.Desktop.enable_autosave\"><code class=\"docutils literal notranslate\"><span class=\"pre\">Desktop.enable_autosave()</span></code></a></li>\n</ul>\n</li>\n</ul>\n", "display_toc": true, "page_source_suffix": ".rst", "current_page_name": "API/_autosummary/pyaedt.Desktop.enable_autosave", "sidebars": ["search-field.html", "sidebar-nav-bs.html"], "customsidebar": null, "favicon_url": null, "logo_url": null, "alabaster_version": "0.7.12", "theme_show_toc_level": 1, "theme_logo": {}}