{"parents": [{"link": "../../", "title": "API reference"}, {"link": "../../Application/", "title": "AEDT apps"}, {"link": "../pyaedt.Q3d/", "title": "pyaedt.Q3d"}], "prev": {"link": "../pyaedt.Q3d.change_automatically_use_causal_materials/", "title": "change_automatically_use_causal_materials"}, "next": {"link": "../pyaedt.Q3d.change_material_override/", "title": "change_material_override"}, "title": "change_design_settings", "meta": {}, "body": "<section id=\"change-design-settings\">\n<h1>change_design_settings<a class=\"headerlink\" href=\"#change-design-settings\" title=\"Permalink to this heading\">#</a></h1>\n<dl class=\"py method\">\n<dt class=\"sig sig-object py\" id=\"pyaedt.Q3d.change_design_settings\">\n<span class=\"sig-prename descclassname\"><span class=\"pre\">Q3d.</span></span><span class=\"sig-name descname\"><span class=\"pre\">change_design_settings</span></span><span class=\"sig-paren\">(</span><em class=\"sig-param\"><span class=\"n\"><span class=\"pre\">settings</span></span></em><span class=\"sig-paren\">)</span><a class=\"headerlink\" href=\"#pyaedt.Q3d.change_design_settings\" title=\"Permalink to this definition\">#</a></dt>\n<dd><p>Set Design Settings.</p>\n<dl class=\"field-list\">\n<dt class=\"field-odd\">Parameters<span class=\"colon\">:</span></dt>\n<dd class=\"field-odd\"><dl>\n<dt><strong>settings</strong><span class=\"classifier\"><a class=\"reference external\" href=\"https://docs.python.org/dev/library/stdtypes.html#dict\" title=\"(in Python v3.12)\"><code class=\"docutils literal notranslate\"><span class=\"pre\">dict</span></code></a></span></dt><dd><p>Dictionary of settings with value to apply.</p>\n</dd>\n</dl>\n</dd>\n<dt class=\"field-even\">Returns<span class=\"colon\">:</span></dt>\n<dd class=\"field-even\"><dl class=\"simple\">\n<dt><a class=\"reference external\" href=\"https://docs.python.org/dev/library/stdtypes.html#bltin-boolean-values\" title=\"(in Python v3.12)\"><span class=\"xref std std-ref\">bool</span></a></dt><dd></dd>\n</dl>\n</dd>\n</dl>\n</dd></dl>\n\n</section>\n", "metatags": "<meta name=\"generator\" content=\"Docutils 0.19: https://docutils.sourceforge.io/\" />\n", "rellinks": [["genindex", "General Index", "I", "index"], ["py-modindex", "Python Module Index", "", "modules"], ["API/_autosummary/pyaedt.Q3d.change_material_override", "change_material_override", "N", "next"], ["API/_autosummary/pyaedt.Q3d.change_automatically_use_causal_materials", "change_automatically_use_causal_materials", "P", "previous"]], "sourcename": "API/_autosummary/pyaedt.Q3d.change_design_settings.rst.txt", "toc": "<ul>\n<li><a class=\"reference internal\" href=\"#\">change_design_settings</a><ul>\n<li><a class=\"reference internal\" href=\"#pyaedt.Q3d.change_design_settings\"><code class=\"docutils literal notranslate\"><span class=\"pre\">Q3d.change_design_settings()</span></code></a></li>\n</ul>\n</li>\n</ul>\n", "display_toc": true, "page_source_suffix": ".rst", "current_page_name": "API/_autosummary/pyaedt.Q3d.change_design_settings", "sidebars": ["search-field.html", "sidebar-nav-bs.html"], "customsidebar": null, "favicon_url": null, "logo_url": null, "alabaster_version": "0.7.12", "theme_show_toc_level": 1, "theme_logo": {}}