{"parents": [{"link": "../../", "title": "API reference"}, {"link": "../../Post/", "title": "Postprocessing"}, {"link": "../pyaedt.modules.report_templates.Fields/", "title": "pyaedt.modules.report_templates.Fields"}], "prev": {"link": "../pyaedt.modules.report_templates.Fields.expressions/", "title": "expressions"}, "next": {"link": "../pyaedt.modules.report_templates.Fields.matrix/", "title": "matrix"}, "title": "limit_lines", "meta": {}, "body": "<section id=\"limit-lines\">\n<h1>limit_lines<a class=\"headerlink\" href=\"#limit-lines\" title=\"Permalink to this heading\">#</a></h1>\n<dl class=\"py property\">\n<dt class=\"sig sig-object py\" id=\"pyaedt.modules.report_templates.Fields.limit_lines\">\n<em class=\"property\"><span class=\"pre\">property</span><span class=\"w\"> </span></em><span class=\"sig-prename descclassname\"><span class=\"pre\">Fields.</span></span><span class=\"sig-name descname\"><span class=\"pre\">limit_lines</span></span><a class=\"headerlink\" href=\"#pyaedt.modules.report_templates.Fields.limit_lines\" title=\"Permalink to this definition\">#</a></dt>\n<dd><p>List of available limit lines in the report.</p>\n<div class=\"admonition note\">\n<p class=\"admonition-title\">Note</p>\n<p>This property works in version 2022 R1 and later. However, it works only in\nnon-graphical mode in version 2022 R2 and later.</p>\n</div>\n<dl class=\"field-list\">\n<dt class=\"field-odd\">Returns<span class=\"colon\">:</span></dt>\n<dd class=\"field-odd\"><dl>\n<dt><strong>List of</strong><span class=\"classifier\">class:<cite>pyaedt.modules.report_templates.LimitLine</cite></span></dt><dd></dd>\n</dl>\n</dd>\n</dl>\n</dd></dl>\n\n</section>\n", "metatags": "<meta name=\"generator\" content=\"Docutils 0.19: https://docutils.sourceforge.io/\" />\n", "rellinks": [["genindex", "General Index", "I", "index"], ["py-modindex", "Python Module Index", "", "modules"], ["API/_autosummary/pyaedt.modules.report_templates.Fields.matrix", "matrix", "N", "next"], ["API/_autosummary/pyaedt.modules.report_templates.Fields.expressions", "expressions", "P", "previous"]], "sourcename": "API/_autosummary/pyaedt.modules.report_templates.Fields.limit_lines.rst.txt", "toc": "<ul>\n<li><a class=\"reference internal\" href=\"#\">limit_lines</a><ul>\n<li><a class=\"reference internal\" href=\"#pyaedt.modules.report_templates.Fields.limit_lines\"><code class=\"docutils literal notranslate\"><span class=\"pre\">Fields.limit_lines</span></code></a></li>\n</ul>\n</li>\n</ul>\n", "display_toc": true, "page_source_suffix": ".rst", "current_page_name": "API/_autosummary/pyaedt.modules.report_templates.Fields.limit_lines", "sidebars": ["search-field.html", "sidebar-nav-bs.html"], "customsidebar": null, "favicon_url": null, "logo_url": null, "alabaster_version": "0.7.12", "theme_show_toc_level": 1, "theme_logo": {}}