{"parents": [{"link": "../../", "title": "API reference"}, {"link": "../../Primitives/", "title": "Modeler and  primitives"}, {"link": "../pyaedt.modeler.Object3d.CircuitComponent/", "title": "pyaedt.modeler.Object3d.CircuitComponent"}], "prev": {"link": "../pyaedt.modeler.Object3d.CircuitComponent/", "title": "pyaedt.modeler.Object3d.CircuitComponent"}, "next": {"link": "../pyaedt.modeler.Object3d.CircuitComponent.set_color/", "title": "set_color"}, "title": "change_property", "meta": {}, "body": "<section id=\"change-property\">\n<h1>change_property<a class=\"headerlink\" href=\"#change-property\" title=\"Permalink to this heading\">#</a></h1>\n<dl class=\"py method\">\n<dt class=\"sig sig-object py\" id=\"pyaedt.modeler.Object3d.CircuitComponent.change_property\">\n<span class=\"sig-prename descclassname\"><span class=\"pre\">CircuitComponent.</span></span><span class=\"sig-name descname\"><span class=\"pre\">change_property</span></span><span class=\"sig-paren\">(</span><em class=\"sig-param\"><span class=\"n\"><span class=\"pre\">vPropChange</span></span></em>, <em class=\"sig-param\"><span class=\"n\"><span class=\"pre\">names_list</span></span><span class=\"o\"><span class=\"pre\">=</span></span><span class=\"default_value\"><span class=\"pre\">None</span></span></em><span class=\"sig-paren\">)</span><a class=\"reference internal\" href=\"../../../_modules/pyaedt/modeler/Object3d/#CircuitComponent.change_property\"><span class=\"viewcode-link\"><span class=\"pre\">[source]</span></span></a><a class=\"headerlink\" href=\"#pyaedt.modeler.Object3d.CircuitComponent.change_property\" title=\"Permalink to this definition\">#</a></dt>\n<dd><p>Modify a property.</p>\n<dl class=\"field-list\">\n<dt class=\"field-odd\">Parameters<span class=\"colon\">:</span></dt>\n<dd class=\"field-odd\"><dl>\n<dt><strong>vPropChange</strong></dt><dd></dd>\n<dt><strong>names_list</strong><span class=\"classifier\"><a class=\"reference external\" href=\"https://docs.python.org/dev/library/stdtypes.html#list\" title=\"(in Python v3.12)\"><code class=\"docutils literal notranslate\"><span class=\"pre\">list</span></code></a>, <code class=\"xref py py-obj docutils literal notranslate\"><span class=\"pre\">optional</span></code></span></dt><dd><p>The default is <code class=\"docutils literal notranslate\"><span class=\"pre\">None</span></code>.</p>\n</dd>\n</dl>\n</dd>\n<dt class=\"field-even\">Returns<span class=\"colon\">:</span></dt>\n<dd class=\"field-even\"><dl class=\"simple\">\n<dt><a class=\"reference external\" href=\"https://docs.python.org/dev/library/stdtypes.html#bltin-boolean-values\" title=\"(in Python v3.12)\"><span class=\"xref std std-ref\">bool</span></a></dt><dd></dd>\n</dl>\n</dd>\n</dl>\n<p class=\"rubric\">References</p>\n<div class=\"doctest highlight-default notranslate\"><div class=\"highlight\"><pre><span></span><span class=\"gp\">&gt;&gt;&gt; </span><span class=\"n\">oEditor</span><span class=\"o\">.</span><span class=\"n\">GetPropertyValue</span>\n<span class=\"gp\">&gt;&gt;&gt; </span><span class=\"n\">oEditor</span><span class=\"o\">.</span><span class=\"n\">ChangeProperty</span>\n</pre></div>\n</div>\n</dd></dl>\n\n</section>\n", "metatags": "<meta name=\"generator\" content=\"Docutils 0.19: https://docutils.sourceforge.io/\" />\n", "rellinks": [["genindex", "General Index", "I", "index"], ["py-modindex", "Python Module Index", "", "modules"], ["API/_autosummary/pyaedt.modeler.Object3d.CircuitComponent.set_color", "set_color", "N", "next"], ["API/_autosummary/pyaedt.modeler.Object3d.CircuitComponent", "pyaedt.modeler.Object3d.CircuitComponent", "P", "previous"]], "sourcename": "API/_autosummary/pyaedt.modeler.Object3d.CircuitComponent.change_property.rst.txt", "toc": "<ul>\n<li><a class=\"reference internal\" href=\"#\">change_property</a><ul>\n<li><a class=\"reference internal\" href=\"#pyaedt.modeler.Object3d.CircuitComponent.change_property\"><code class=\"docutils literal notranslate\"><span class=\"pre\">CircuitComponent.change_property()</span></code></a></li>\n</ul>\n</li>\n</ul>\n", "display_toc": true, "page_source_suffix": ".rst", "current_page_name": "API/_autosummary/pyaedt.modeler.Object3d.CircuitComponent.change_property", "sidebars": ["search-field.html", "sidebar-nav-bs.html"], "customsidebar": null, "favicon_url": null, "logo_url": null, "alabaster_version": "0.7.12", "theme_show_toc_level": 1, "theme_logo": {}}