{"parents": [{"link": "../../", "title": "API reference"}, {"link": "../../CoreEdb/", "title": "EDB editor"}, {"link": "../pyaedt.edb_core.components.Components/", "title": "pyaedt.edb_core.components.Components"}], "prev": {"link": "../pyaedt.edb_core.components.Components.export_bom/", "title": "export_bom"}, "next": {"link": "../pyaedt.edb_core.components.Components.get_aedt_pin_name/", "title": "get_aedt_pin_name"}, "title": "export_definition", "meta": {}, "body": "<section id=\"export-definition\">\n<h1>export_definition<a class=\"headerlink\" href=\"#export-definition\" title=\"Permalink to this heading\">#</a></h1>\n<dl class=\"py method\">\n<dt class=\"sig sig-object py\" id=\"pyaedt.edb_core.components.Components.export_definition\">\n<span class=\"sig-prename descclassname\"><span class=\"pre\">Components.</span></span><span class=\"sig-name descname\"><span class=\"pre\">export_definition</span></span><span class=\"sig-paren\">(</span><em class=\"sig-param\"><span class=\"n\"><span class=\"pre\">file_path</span></span></em>, <em class=\"sig-param\"><span class=\"n\"><span class=\"pre\">delimiter</span></span><span class=\"o\"><span class=\"pre\">=</span></span><span class=\"default_value\"><span class=\"pre\">','</span></span></em><span class=\"sig-paren\">)</span><a class=\"reference internal\" href=\"../../../_modules/pyaedt/edb_core/components/#Components.export_definition\"><span class=\"viewcode-link\"><span class=\"pre\">[source]</span></span></a><a class=\"headerlink\" href=\"#pyaedt.edb_core.components.Components.export_definition\" title=\"Permalink to this definition\">#</a></dt>\n<dd></dd></dl>\n\n</section>\n", "metatags": "<meta name=\"generator\" content=\"Docutils 0.19: https://docutils.sourceforge.io/\" />\n", "rellinks": [["genindex", "General Index", "I", "index"], ["py-modindex", "Python Module Index", "", "modules"], ["API/_autosummary/pyaedt.edb_core.components.Components.get_aedt_pin_name", "get_aedt_pin_name", "N", "next"], ["API/_autosummary/pyaedt.edb_core.components.Components.export_bom", "export_bom", "P", "previous"]], "sourcename": "API/_autosummary/pyaedt.edb_core.components.Components.export_definition.rst.txt", "toc": "<ul>\n<li><a class=\"reference internal\" href=\"#\">export_definition</a><ul>\n<li><a class=\"reference internal\" href=\"#pyaedt.edb_core.components.Components.export_definition\"><code class=\"docutils literal notranslate\"><span class=\"pre\">Components.export_definition()</span></code></a></li>\n</ul>\n</li>\n</ul>\n", "display_toc": true, "page_source_suffix": ".rst", "current_page_name": "API/_autosummary/pyaedt.edb_core.components.Components.export_definition", "sidebars": ["search-field.html", "sidebar-nav-bs.html"], "customsidebar": null, "favicon_url": null, "logo_url": null, "alabaster_version": "0.7.12", "theme_show_toc_level": 1, "theme_logo": {}}