{"parents": [{"link": "../../", "title": "API reference"}, {"link": "../../CoreEdb/", "title": "EDB editor"}, {"link": "../pyaedt.edb_core.nets.EdbNets/", "title": "pyaedt.edb_core.nets.EdbNets"}], "prev": {"link": "../pyaedt.edb_core.nets.EdbNets.is_net_in_component/", "title": "is_net_in_component"}, "next": {"link": "../pyaedt.edb_core.nets.EdbNets.plot/", "title": "plot"}, "title": "is_power_gound_net", "meta": {}, "body": "<section id=\"is-power-gound-net\">\n<h1>is_power_gound_net<a class=\"headerlink\" href=\"#is-power-gound-net\" title=\"Permalink to this heading\">#</a></h1>\n<dl class=\"py method\">\n<dt class=\"sig sig-object py\" id=\"pyaedt.edb_core.nets.EdbNets.is_power_gound_net\">\n<span class=\"sig-prename descclassname\"><span class=\"pre\">EdbNets.</span></span><span class=\"sig-name descname\"><span class=\"pre\">is_power_gound_net</span></span><span class=\"sig-paren\">(</span><em class=\"sig-param\"><span class=\"n\"><span class=\"pre\">netname_list</span></span></em><span class=\"sig-paren\">)</span><a class=\"reference internal\" href=\"../../../_modules/pyaedt/edb_core/nets/#EdbNets.is_power_gound_net\"><span class=\"viewcode-link\"><span class=\"pre\">[source]</span></span></a><a class=\"headerlink\" href=\"#pyaedt.edb_core.nets.EdbNets.is_power_gound_net\" title=\"Permalink to this definition\">#</a></dt>\n<dd><p>Determine if one of the  nets in a list is power or ground.</p>\n<dl class=\"field-list\">\n<dt class=\"field-odd\">Parameters<span class=\"colon\">:</span></dt>\n<dd class=\"field-odd\"><dl>\n<dt><strong>netname_list</strong><span class=\"classifier\"><a class=\"reference external\" href=\"https://docs.python.org/dev/library/stdtypes.html#list\" title=\"(in Python v3.12)\"><code class=\"docutils literal notranslate\"><span class=\"pre\">list</span></code></a></span></dt><dd><p>List of net names.</p>\n</dd>\n</dl>\n</dd>\n<dt class=\"field-even\">Returns<span class=\"colon\">:</span></dt>\n<dd class=\"field-even\"><dl class=\"simple\">\n<dt><a class=\"reference external\" href=\"https://docs.python.org/dev/library/stdtypes.html#bltin-boolean-values\" title=\"(in Python v3.12)\"><span class=\"xref std std-ref\">bool</span></a></dt><dd><p><code class=\"docutils literal notranslate\"><span class=\"pre\">True</span></code> when one of the net names is <code class=\"docutils literal notranslate\"><span class=\"pre\">&quot;power&quot;</span></code> or <code class=\"docutils literal notranslate\"><span class=\"pre\">&quot;ground&quot;</span></code>, <code class=\"docutils literal notranslate\"><span class=\"pre\">False</span></code> otherwise.</p>\n</dd>\n</dl>\n</dd>\n</dl>\n</dd></dl>\n\n</section>\n", "metatags": "<meta name=\"generator\" content=\"Docutils 0.19: https://docutils.sourceforge.io/\" />\n", "rellinks": [["genindex", "General Index", "I", "index"], ["py-modindex", "Python Module Index", "", "modules"], ["API/_autosummary/pyaedt.edb_core.nets.EdbNets.plot", "plot", "N", "next"], ["API/_autosummary/pyaedt.edb_core.nets.EdbNets.is_net_in_component", "is_net_in_component", "P", "previous"]], "sourcename": "API/_autosummary/pyaedt.edb_core.nets.EdbNets.is_power_gound_net.rst.txt", "toc": "<ul>\n<li><a class=\"reference internal\" href=\"#\">is_power_gound_net</a><ul>\n<li><a class=\"reference internal\" href=\"#pyaedt.edb_core.nets.EdbNets.is_power_gound_net\"><code class=\"docutils literal notranslate\"><span class=\"pre\">EdbNets.is_power_gound_net()</span></code></a></li>\n</ul>\n</li>\n</ul>\n", "display_toc": true, "page_source_suffix": ".rst", "current_page_name": "API/_autosummary/pyaedt.edb_core.nets.EdbNets.is_power_gound_net", "sidebars": ["search-field.html", "sidebar-nav-bs.html"], "customsidebar": null, "favicon_url": null, "logo_url": null, "alabaster_version": "0.7.12", "theme_show_toc_level": 1, "theme_logo": {}}