{"parents": [{"link": "../../", "title": "API reference"}, {"link": "../../Application/", "title": "AEDT apps"}, {"link": "../pyaedt.Maxwell3d/", "title": "pyaedt.Maxwell3d"}], "prev": {"link": "../pyaedt.Maxwell3d.eddy_effects_on/", "title": "eddy_effects_on"}, "next": {"link": "../pyaedt.Maxwell3d.enable_harmonic_force/", "title": "enable_harmonic_force"}, "title": "edit_setup", "meta": {}, "body": "<section id=\"edit-setup\">\n<h1>edit_setup<a class=\"headerlink\" href=\"#edit-setup\" title=\"Permalink to this heading\">#</a></h1>\n<dl class=\"py method\">\n<dt class=\"sig sig-object py\" id=\"pyaedt.Maxwell3d.edit_setup\">\n<span class=\"sig-prename descclassname\"><span class=\"pre\">Maxwell3d.</span></span><span class=\"sig-name descname\"><span class=\"pre\">edit_setup</span></span><span class=\"sig-paren\">(</span><em class=\"sig-param\"><span class=\"n\"><span class=\"pre\">setupname</span></span></em>, <em class=\"sig-param\"><span class=\"n\"><span class=\"pre\">properties_dict</span></span></em><span class=\"sig-paren\">)</span><a class=\"headerlink\" href=\"#pyaedt.Maxwell3d.edit_setup\" title=\"Permalink to this definition\">#</a></dt>\n<dd><p>Modify a setup.</p>\n<dl class=\"field-list\">\n<dt class=\"field-odd\">Parameters<span class=\"colon\">:</span></dt>\n<dd class=\"field-odd\"><dl>\n<dt><strong>setupname</strong><span class=\"classifier\"><a class=\"reference external\" href=\"https://docs.python.org/dev/library/stdtypes.html#str\" title=\"(in Python v3.12)\"><code class=\"docutils literal notranslate\"><span class=\"pre\">str</span></code></a></span></dt><dd><p>Name of the setup.</p>\n</dd>\n<dt><strong>properties_dict</strong><span class=\"classifier\"><a class=\"reference external\" href=\"https://docs.python.org/dev/library/stdtypes.html#dict\" title=\"(in Python v3.12)\"><code class=\"docutils literal notranslate\"><span class=\"pre\">dict</span></code></a></span></dt><dd><p>Dictionary containing the property to update with the value.</p>\n</dd>\n</dl>\n</dd>\n<dt class=\"field-even\">Returns<span class=\"colon\">:</span></dt>\n<dd class=\"field-even\"><dl class=\"simple\">\n<dt><a class=\"reference internal\" href=\"../pyaedt.modules.SolveSetup.Setup/#pyaedt.modules.SolveSetup.Setup\" title=\"pyaedt.modules.SolveSetup.Setup\"><code class=\"xref py py-class docutils literal notranslate\"><span class=\"pre\">pyaedt.modules.SolveSetup.Setup</span></code></a></dt><dd></dd>\n</dl>\n</dd>\n</dl>\n<p class=\"rubric\">References</p>\n<div class=\"doctest highlight-default notranslate\"><div class=\"highlight\"><pre><span></span><span class=\"gp\">&gt;&gt;&gt; </span><span class=\"n\">oModule</span><span class=\"o\">.</span><span class=\"n\">EditSetup</span>\n</pre></div>\n</div>\n</dd></dl>\n\n</section>\n", "metatags": "<meta name=\"generator\" content=\"Docutils 0.19: https://docutils.sourceforge.io/\" />\n", "rellinks": [["genindex", "General Index", "I", "index"], ["py-modindex", "Python Module Index", "", "modules"], ["API/_autosummary/pyaedt.Maxwell3d.enable_harmonic_force", "enable_harmonic_force", "N", "next"], ["API/_autosummary/pyaedt.Maxwell3d.eddy_effects_on", "eddy_effects_on", "P", "previous"]], "sourcename": "API/_autosummary/pyaedt.Maxwell3d.edit_setup.rst.txt", "toc": "<ul>\n<li><a class=\"reference internal\" href=\"#\">edit_setup</a><ul>\n<li><a class=\"reference internal\" href=\"#pyaedt.Maxwell3d.edit_setup\"><code class=\"docutils literal notranslate\"><span class=\"pre\">Maxwell3d.edit_setup()</span></code></a></li>\n</ul>\n</li>\n</ul>\n", "display_toc": true, "page_source_suffix": ".rst", "current_page_name": "API/_autosummary/pyaedt.Maxwell3d.edit_setup", "sidebars": ["search-field.html", "sidebar-nav-bs.html"], "customsidebar": null, "favicon_url": null, "logo_url": null, "alabaster_version": "0.7.12", "theme_show_toc_level": 1, "theme_logo": {}}