{"parents": [{"link": "../../", "title": "API reference"}, {"link": "../../Primitives/", "title": "Modeler and  primitives"}, {"link": "../pyaedt.modeler.PrimitivesTwinBuilder.TwinBuilderComponents/", "title": "pyaedt.modeler.PrimitivesTwinBuilder.TwinBuilderComponents"}], "prev": {"link": "../pyaedt.modeler.PrimitivesTwinBuilder.TwinBuilderComponents.create_unique_id/", "title": "create_unique_id"}, "next": {"link": "../pyaedt.modeler.PrimitivesTwinBuilder.TwinBuilderComponents.create_wire/", "title": "create_wire"}, "title": "create_voltage_source", "meta": {}, "body": "<section id=\"create-voltage-source\">\n<h1>create_voltage_source<a class=\"headerlink\" href=\"#create-voltage-source\" title=\"Permalink to this heading\">#</a></h1>\n<dl class=\"py method\">\n<dt class=\"sig sig-object py\" id=\"pyaedt.modeler.PrimitivesTwinBuilder.TwinBuilderComponents.create_voltage_source\">\n<span class=\"sig-prename descclassname\"><span class=\"pre\">TwinBuilderComponents.</span></span><span class=\"sig-name descname\"><span class=\"pre\">create_voltage_source</span></span><span class=\"sig-paren\">(</span><em class=\"sig-param\"><span class=\"n\"><span class=\"pre\">compname</span></span><span class=\"o\"><span class=\"pre\">=</span></span><span class=\"default_value\"><span class=\"pre\">None</span></span></em>, <em class=\"sig-param\"><span class=\"n\"><span class=\"pre\">type</span></span><span class=\"o\"><span class=\"pre\">=</span></span><span class=\"default_value\"><span class=\"pre\">'E'</span></span></em>, <em class=\"sig-param\"><span class=\"n\"><span class=\"pre\">amplitude</span></span><span class=\"o\"><span class=\"pre\">=</span></span><span class=\"default_value\"><span class=\"pre\">326</span></span></em>, <em class=\"sig-param\"><span class=\"n\"><span class=\"pre\">freq</span></span><span class=\"o\"><span class=\"pre\">=</span></span><span class=\"default_value\"><span class=\"pre\">50</span></span></em>, <em class=\"sig-param\"><span class=\"n\"><span class=\"pre\">location</span></span><span class=\"o\"><span class=\"pre\">=</span></span><span class=\"default_value\"><span class=\"pre\">[]</span></span></em>, <em class=\"sig-param\"><span class=\"n\"><span class=\"pre\">angle</span></span><span class=\"o\"><span class=\"pre\">=</span></span><span class=\"default_value\"><span class=\"pre\">0</span></span></em>, <em class=\"sig-param\"><span class=\"n\"><span class=\"pre\">use_instance_id_netlist</span></span><span class=\"o\"><span class=\"pre\">=</span></span><span class=\"default_value\"><span class=\"pre\">False</span></span></em><span class=\"sig-paren\">)</span><a class=\"reference internal\" href=\"../../../_modules/pyaedt/modeler/PrimitivesTwinBuilder/#TwinBuilderComponents.create_voltage_source\"><span class=\"viewcode-link\"><span class=\"pre\">[source]</span></span></a><a class=\"headerlink\" href=\"#pyaedt.modeler.PrimitivesTwinBuilder.TwinBuilderComponents.create_voltage_source\" title=\"Permalink to this definition\">#</a></dt>\n<dd><p>Create a voltage source (conservative electrical output).</p>\n<dl class=\"field-list\">\n<dt class=\"field-odd\">Parameters<span class=\"colon\">:</span></dt>\n<dd class=\"field-odd\"><dl>\n<dt><strong>compname</strong><span class=\"classifier\"><a class=\"reference external\" href=\"https://docs.python.org/dev/library/stdtypes.html#str\" title=\"(in Python v3.12)\"><code class=\"docutils literal notranslate\"><span class=\"pre\">str</span></code></a>, <code class=\"xref py py-obj docutils literal notranslate\"><span class=\"pre\">optional</span></code></span></dt><dd><p>Name of the voltage source. The default is <code class=\"docutils literal notranslate\"><span class=\"pre\">None</span></code>.</p>\n</dd>\n<dt><strong>type</strong><span class=\"classifier\"><a class=\"reference external\" href=\"https://docs.python.org/dev/library/stdtypes.html#str\" title=\"(in Python v3.12)\"><code class=\"docutils literal notranslate\"><span class=\"pre\">str</span></code></a>, <code class=\"xref py py-obj docutils literal notranslate\"><span class=\"pre\">optional</span></code></span></dt><dd><p>Type of the source. The default is <code class=\"docutils literal notranslate\"><span class=\"pre\">E</span></code>.</p>\n</dd>\n<dt><strong>amplitude</strong><span class=\"classifier\"><a class=\"reference external\" href=\"https://docs.python.org/dev/library/functions.html#float\" title=\"(in Python v3.12)\"><code class=\"docutils literal notranslate\"><span class=\"pre\">float</span></code></a>, <code class=\"xref py py-obj docutils literal notranslate\"><span class=\"pre\">optional</span></code></span></dt><dd><p>Amplitude of the waveform if periodic. The default is <code class=\"docutils literal notranslate\"><span class=\"pre\">326V</span></code></p>\n</dd>\n<dt><strong>freq</strong><span class=\"classifier\"><a class=\"reference external\" href=\"https://docs.python.org/dev/library/functions.html#float\" title=\"(in Python v3.12)\"><code class=\"docutils literal notranslate\"><span class=\"pre\">float</span></code></a>, <code class=\"xref py py-obj docutils literal notranslate\"><span class=\"pre\">optional</span></code></span></dt><dd><p>Frequency of the periodic waveform. The default is <code class=\"docutils literal notranslate\"><span class=\"pre\">50Hz</span></code>.</p>\n</dd>\n<dt><strong>location</strong><span class=\"classifier\"><a class=\"reference external\" href=\"https://docs.python.org/dev/library/stdtypes.html#list\" title=\"(in Python v3.12)\"><code class=\"docutils literal notranslate\"><span class=\"pre\">list</span></code></a> <code class=\"xref py py-obj docutils literal notranslate\"><span class=\"pre\">of</span></code> <a class=\"reference external\" href=\"https://docs.python.org/dev/library/functions.html#float\" title=\"(in Python v3.12)\"><code class=\"docutils literal notranslate\"><span class=\"pre\">float</span></code></a>, <code class=\"xref py py-obj docutils literal notranslate\"><span class=\"pre\">optional</span></code></span></dt><dd><p>Position on the X axis and Y axis.</p>\n</dd>\n<dt><strong>angle</strong><span class=\"classifier\"><a class=\"reference external\" href=\"https://docs.python.org/dev/library/functions.html#float\" title=\"(in Python v3.12)\"><code class=\"docutils literal notranslate\"><span class=\"pre\">float</span></code></a>, <code class=\"xref py py-obj docutils literal notranslate\"><span class=\"pre\">optional</span></code></span></dt><dd><p>Angle of rotation in degrees. The default is <code class=\"docutils literal notranslate\"><span class=\"pre\">0</span></code>.</p>\n</dd>\n<dt><strong>use_instance_id_netlist</strong><span class=\"classifier\"><a class=\"reference external\" href=\"https://docs.python.org/dev/library/stdtypes.html#bltin-boolean-values\" title=\"(in Python v3.12)\"><span class=\"xref std std-ref\">bool</span></a>, <code class=\"xref py py-obj docutils literal notranslate\"><span class=\"pre\">optional</span></code></span></dt><dd><p>Whether to use the instance ID in the net list or not. The default is <code class=\"docutils literal notranslate\"><span class=\"pre\">False</span></code>.</p>\n</dd>\n</dl>\n</dd>\n<dt class=\"field-even\">Returns<span class=\"colon\">:</span></dt>\n<dd class=\"field-even\"><dl class=\"simple\">\n<dt><a class=\"reference internal\" href=\"../pyaedt.modeler.Object3d.CircuitComponent/#pyaedt.modeler.Object3d.CircuitComponent\" title=\"pyaedt.modeler.Object3d.CircuitComponent\"><code class=\"xref py py-class docutils literal notranslate\"><span class=\"pre\">pyaedt.modeler.Object3d.CircuitComponent</span></code></a></dt><dd><p>Circuit Component Object.</p>\n</dd>\n</dl>\n</dd>\n</dl>\n<p class=\"rubric\">References</p>\n<div class=\"doctest highlight-default notranslate\"><div class=\"highlight\"><pre><span></span><span class=\"gp\">&gt;&gt;&gt; </span><span class=\"n\">oEditor</span><span class=\"o\">.</span><span class=\"n\">CreateComponent</span>\n</pre></div>\n</div>\n</dd></dl>\n\n</section>\n", "metatags": "<meta name=\"generator\" content=\"Docutils 0.19: https://docutils.sourceforge.io/\" />\n", "rellinks": [["genindex", "General Index", "I", "index"], ["py-modindex", "Python Module Index", "", "modules"], ["API/_autosummary/pyaedt.modeler.PrimitivesTwinBuilder.TwinBuilderComponents.create_wire", "create_wire", "N", "next"], ["API/_autosummary/pyaedt.modeler.PrimitivesTwinBuilder.TwinBuilderComponents.create_unique_id", "create_unique_id", "P", "previous"]], "sourcename": "API/_autosummary/pyaedt.modeler.PrimitivesTwinBuilder.TwinBuilderComponents.create_voltage_source.rst.txt", "toc": "<ul>\n<li><a class=\"reference internal\" href=\"#\">create_voltage_source</a><ul>\n<li><a class=\"reference internal\" href=\"#pyaedt.modeler.PrimitivesTwinBuilder.TwinBuilderComponents.create_voltage_source\"><code class=\"docutils literal notranslate\"><span class=\"pre\">TwinBuilderComponents.create_voltage_source()</span></code></a></li>\n</ul>\n</li>\n</ul>\n", "display_toc": true, "page_source_suffix": ".rst", "current_page_name": "API/_autosummary/pyaedt.modeler.PrimitivesTwinBuilder.TwinBuilderComponents.create_voltage_source", "sidebars": ["search-field.html", "sidebar-nav-bs.html"], "customsidebar": null, "favicon_url": null, "logo_url": null, "alabaster_version": "0.7.12", "theme_show_toc_level": 1, "theme_logo": {}}