{"parents": [{"link": "../../", "title": "API reference"}, {"link": "../../MaterialManagement/", "title": "Material and stackup"}, {"link": "../pyaedt.modules.LayerStackup.Layer/", "title": "pyaedt.modules.LayerStackup.Layer"}], "prev": {"link": "../pyaedt.modules.LayerStackup.Layer.material/", "title": "material"}, "next": {"link": "../pyaedt.modules.LayerStackup.Layer.pattern/", "title": "pattern"}, "title": "oeditor", "meta": {}, "body": "<section id=\"oeditor\">\n<h1>oeditor<a class=\"headerlink\" href=\"#oeditor\" title=\"Permalink to this heading\">#</a></h1>\n<dl class=\"py property\">\n<dt class=\"sig sig-object py\" id=\"pyaedt.modules.LayerStackup.Layer.oeditor\">\n<em class=\"property\"><span class=\"pre\">property</span><span class=\"w\"> </span></em><span class=\"sig-prename descclassname\"><span class=\"pre\">Layer.</span></span><span class=\"sig-name descname\"><span class=\"pre\">oeditor</span></span><a class=\"headerlink\" href=\"#pyaedt.modules.LayerStackup.Layer.oeditor\" title=\"Permalink to this definition\">#</a></dt>\n<dd><p>Oeditor Module.</p>\n</dd></dl>\n\n</section>\n", "metatags": "<meta name=\"generator\" content=\"Docutils 0.19: https://docutils.sourceforge.io/\" />\n", "rellinks": [["genindex", "General Index", "I", "index"], ["py-modindex", "Python Module Index", "", "modules"], ["API/_autosummary/pyaedt.modules.LayerStackup.Layer.pattern", "pattern", "N", "next"], ["API/_autosummary/pyaedt.modules.LayerStackup.Layer.material", "material", "P", "previous"]], "sourcename": "API/_autosummary/pyaedt.modules.LayerStackup.Layer.oeditor.rst.txt", "toc": "<ul>\n<li><a class=\"reference internal\" href=\"#\">oeditor</a><ul>\n<li><a class=\"reference internal\" href=\"#pyaedt.modules.LayerStackup.Layer.oeditor\"><code class=\"docutils literal notranslate\"><span class=\"pre\">Layer.oeditor</span></code></a></li>\n</ul>\n</li>\n</ul>\n", "display_toc": true, "page_source_suffix": ".rst", "current_page_name": "API/_autosummary/pyaedt.modules.LayerStackup.Layer.oeditor", "sidebars": ["search-field.html", "sidebar-nav-bs.html"], "customsidebar": null, "favicon_url": null, "logo_url": null, "alabaster_version": "0.7.12", "theme_show_toc_level": 1, "theme_logo": {}}