{"parents": [{"link": "../../", "title": "API reference"}, {"link": "../../Application/", "title": "AEDT apps"}, {"link": "../pyaedt.TwinBuilder/", "title": "pyaedt.TwinBuilder"}], "prev": {"link": "../pyaedt.TwinBuilder.analyze_setup/", "title": "analyze_setup"}, "next": {"link": "../pyaedt.TwinBuilder.autosave_disable/", "title": "autosave_disable"}, "title": "archive_project", "meta": {}, "body": "<section id=\"archive-project\">\n<h1>archive_project<a class=\"headerlink\" href=\"#archive-project\" title=\"Permalink to this heading\">#</a></h1>\n<dl class=\"py method\">\n<dt class=\"sig sig-object py\" id=\"pyaedt.TwinBuilder.archive_project\">\n<span class=\"sig-prename descclassname\"><span class=\"pre\">TwinBuilder.</span></span><span class=\"sig-name descname\"><span class=\"pre\">archive_project</span></span><span class=\"sig-paren\">(</span><em class=\"sig-param\"><span class=\"n\"><span class=\"pre\">project_file</span></span><span class=\"o\"><span class=\"pre\">=</span></span><span class=\"default_value\"><span class=\"pre\">None</span></span></em>, <em class=\"sig-param\"><span class=\"n\"><span class=\"pre\">include_external_files</span></span><span class=\"o\"><span class=\"pre\">=</span></span><span class=\"default_value\"><span class=\"pre\">True</span></span></em>, <em class=\"sig-param\"><span class=\"n\"><span class=\"pre\">include_results_file</span></span><span class=\"o\"><span class=\"pre\">=</span></span><span class=\"default_value\"><span class=\"pre\">True</span></span></em>, <em class=\"sig-param\"><span class=\"n\"><span class=\"pre\">additional_file_lists</span></span><span class=\"o\"><span class=\"pre\">=</span></span><span class=\"default_value\"><span class=\"pre\">[]</span></span></em>, <em class=\"sig-param\"><span class=\"n\"><span class=\"pre\">notes</span></span><span class=\"o\"><span class=\"pre\">=</span></span><span class=\"default_value\"><span class=\"pre\">''</span></span></em><span class=\"sig-paren\">)</span><a class=\"headerlink\" href=\"#pyaedt.TwinBuilder.archive_project\" title=\"Permalink to this definition\">#</a></dt>\n<dd><p>Archive the AEDT project and add a message.</p>\n<dl class=\"field-list\">\n<dt class=\"field-odd\">Parameters<span class=\"colon\">:</span></dt>\n<dd class=\"field-odd\"><dl>\n<dt><strong>project_file</strong><span class=\"classifier\"><a class=\"reference external\" href=\"https://docs.python.org/dev/library/stdtypes.html#str\" title=\"(in Python v3.12)\"><code class=\"docutils literal notranslate\"><span class=\"pre\">str</span></code></a>, <code class=\"xref py py-obj docutils literal notranslate\"><span class=\"pre\">optional</span></code></span></dt><dd><p>Full path and project name. The default is <code class=\"docutils literal notranslate\"><span class=\"pre\">None</span></code>.</p>\n</dd>\n<dt><strong>include_external_files</strong><span class=\"classifier\"><a class=\"reference external\" href=\"https://docs.python.org/dev/library/stdtypes.html#bltin-boolean-values\" title=\"(in Python v3.12)\"><span class=\"xref std std-ref\">bool</span></a>, <code class=\"xref py py-obj docutils literal notranslate\"><span class=\"pre\">optional</span></code></span></dt><dd><p>Whether to include external files in the archive. The default is <code class=\"docutils literal notranslate\"><span class=\"pre\">True</span></code>.</p>\n</dd>\n<dt><strong>include_results_file</strong><span class=\"classifier\"><a class=\"reference external\" href=\"https://docs.python.org/dev/library/stdtypes.html#bltin-boolean-values\" title=\"(in Python v3.12)\"><span class=\"xref std std-ref\">bool</span></a>, <code class=\"xref py py-obj docutils literal notranslate\"><span class=\"pre\">optional</span></code></span></dt><dd><p>Whether to include simulation results files in the archive. The default is <code class=\"docutils literal notranslate\"><span class=\"pre\">True</span></code>.</p>\n</dd>\n<dt><strong>additional_file_lists</strong><span class=\"classifier\"><a class=\"reference external\" href=\"https://docs.python.org/dev/library/stdtypes.html#list\" title=\"(in Python v3.12)\"><code class=\"docutils literal notranslate\"><span class=\"pre\">list</span></code></a>, <code class=\"xref py py-obj docutils literal notranslate\"><span class=\"pre\">optional</span></code></span></dt><dd><p>List of additional files to add to the archive. The default is <code class=\"docutils literal notranslate\"><span class=\"pre\">[]</span></code>.</p>\n</dd>\n<dt><strong>notes</strong><span class=\"classifier\"><a class=\"reference external\" href=\"https://docs.python.org/dev/library/stdtypes.html#str\" title=\"(in Python v3.12)\"><code class=\"docutils literal notranslate\"><span class=\"pre\">str</span></code></a>, <code class=\"xref py py-obj docutils literal notranslate\"><span class=\"pre\">optional</span></code></span></dt><dd><p>Simulation notes to add to the archive. The default is <code class=\"docutils literal notranslate\"><span class=\"pre\">&quot;&quot;</span></code>.</p>\n</dd>\n</dl>\n</dd>\n<dt class=\"field-even\">Returns<span class=\"colon\">:</span></dt>\n<dd class=\"field-even\"><dl class=\"simple\">\n<dt><a class=\"reference external\" href=\"https://docs.python.org/dev/library/stdtypes.html#bltin-boolean-values\" title=\"(in Python v3.12)\"><span class=\"xref std std-ref\">bool</span></a></dt><dd><p><code class=\"docutils literal notranslate\"><span class=\"pre\">True</span></code> when successful, <code class=\"docutils literal notranslate\"><span class=\"pre\">False</span></code> when failed.</p>\n</dd>\n</dl>\n</dd>\n</dl>\n<p class=\"rubric\">References</p>\n<div class=\"doctest highlight-default notranslate\"><div class=\"highlight\"><pre><span></span><span class=\"gp\">&gt;&gt;&gt; </span><span class=\"n\">oProject</span><span class=\"o\">.</span><span class=\"n\">Save</span>\n<span class=\"gp\">&gt;&gt;&gt; </span><span class=\"n\">oProject</span><span class=\"o\">.</span><span class=\"n\">SaveProjectArchive</span>\n</pre></div>\n</div>\n</dd></dl>\n\n</section>\n", "metatags": "<meta name=\"generator\" content=\"Docutils 0.19: https://docutils.sourceforge.io/\" />\n", "rellinks": [["genindex", "General Index", "I", "index"], ["py-modindex", "Python Module Index", "", "modules"], ["API/_autosummary/pyaedt.TwinBuilder.autosave_disable", "autosave_disable", "N", "next"], ["API/_autosummary/pyaedt.TwinBuilder.analyze_setup", "analyze_setup", "P", "previous"]], "sourcename": "API/_autosummary/pyaedt.TwinBuilder.archive_project.rst.txt", "toc": "<ul>\n<li><a class=\"reference internal\" href=\"#\">archive_project</a><ul>\n<li><a class=\"reference internal\" href=\"#pyaedt.TwinBuilder.archive_project\"><code class=\"docutils literal notranslate\"><span class=\"pre\">TwinBuilder.archive_project()</span></code></a></li>\n</ul>\n</li>\n</ul>\n", "display_toc": true, "page_source_suffix": ".rst", "current_page_name": "API/_autosummary/pyaedt.TwinBuilder.archive_project", "sidebars": ["search-field.html", "sidebar-nav-bs.html"], "customsidebar": null, "favicon_url": null, "logo_url": null, "alabaster_version": "0.7.12", "theme_show_toc_level": 1, "theme_logo": {}}