{"parents": [{"link": "../../", "title": "API reference"}, {"link": "../../CoreEdb/", "title": "EDB editor"}], "prev": {"link": "../pyaedt.edb_core.EDB_Data.EDBPrimitives.voids/", "title": "voids"}, "next": {"link": "../pyaedt.edb_core.siwave.SiwaveDCSetupTemplate.neg_term_to_ground/", "title": "neg_term_to_ground"}, "title": "pyaedt.edb_core.siwave.SiwaveDCSetupTemplate", "meta": {}, "body": "<section id=\"pyaedt-edb-core-siwave-siwavedcsetuptemplate\">\n<h1>pyaedt.edb_core.siwave.SiwaveDCSetupTemplate<a class=\"headerlink\" href=\"#pyaedt-edb-core-siwave-siwavedcsetuptemplate\" title=\"Permalink to this heading\">#</a></h1>\n<dl class=\"py class\">\n<dt class=\"sig sig-object py\" id=\"pyaedt.edb_core.siwave.SiwaveDCSetupTemplate\">\n<em class=\"property\"><span class=\"pre\">class</span><span class=\"w\"> </span></em><span class=\"sig-prename descclassname\"><span class=\"pre\">pyaedt.edb_core.siwave.</span></span><span class=\"sig-name descname\"><span class=\"pre\">SiwaveDCSetupTemplate</span></span><a class=\"reference internal\" href=\"../../../_modules/pyaedt/edb_core/siwave/#SiwaveDCSetupTemplate\"><span class=\"viewcode-link\"><span class=\"pre\">[source]</span></span></a><a class=\"headerlink\" href=\"#pyaedt.edb_core.siwave.SiwaveDCSetupTemplate\" title=\"Permalink to this definition\">#</a></dt>\n<dd><p>Siwave DC Settings Data Class.</p>\n<p>This class contains all the settings for a Siwave DC Analysis and\nis used as input</p>\n<p class=\"rubric\">Examples</p>\n<div class=\"doctest highlight-default notranslate\"><div class=\"highlight\"><pre><span></span><span class=\"gp\">&gt;&gt;&gt; </span><span class=\"kn\">from</span> <span class=\"nn\">pyaedt</span> <span class=\"kn\">import</span> <span class=\"n\">Edb</span>\n<span class=\"gp\">&gt;&gt;&gt; </span><span class=\"n\">edb</span>  <span class=\"o\">=</span> <span class=\"n\">Edb</span><span class=\"p\">(</span><span class=\"s2\">&quot;pathtoaedb&quot;</span><span class=\"p\">,</span> <span class=\"n\">edbversion</span><span class=\"o\">=</span><span class=\"s2\">&quot;2021.2&quot;</span><span class=\"p\">)</span>\n<span class=\"gp\">&gt;&gt;&gt; </span><span class=\"n\">settings</span> <span class=\"o\">=</span> <span class=\"n\">edb</span><span class=\"o\">.</span><span class=\"n\">core_siwave</span><span class=\"o\">.</span><span class=\"n\">get_siwave_dc_setup_template</span><span class=\"p\">()</span>\n<span class=\"gp\">&gt;&gt;&gt; </span><span class=\"n\">settings</span><span class=\"o\">.</span><span class=\"n\">accuracy_level</span> <span class=\"o\">=</span> <span class=\"mi\">0</span>\n<span class=\"gp\">&gt;&gt;&gt; </span><span class=\"n\">settings</span><span class=\"o\">.</span><span class=\"n\">use_dc_custom_settings</span>  <span class=\"o\">=</span> <span class=\"kc\">True</span>\n<span class=\"gp\">&gt;&gt;&gt; </span><span class=\"n\">settings</span><span class=\"o\">.</span><span class=\"n\">name</span> <span class=\"o\">=</span> <span class=\"s2\">&quot;myDCIR_3&quot;</span>\n<span class=\"gp\">&gt;&gt;&gt; </span><span class=\"n\">settings</span><span class=\"o\">.</span><span class=\"n\">pos_term_to_ground</span> <span class=\"o\">=</span> <span class=\"s2\">&quot;I1&quot;</span>\n<span class=\"gp\">&gt;&gt;&gt; </span><span class=\"n\">settings</span><span class=\"o\">.</span><span class=\"n\">neg_term_to_ground</span> <span class=\"o\">=</span> <span class=\"s2\">&quot;V1&quot;</span>\n<span class=\"gp\">&gt;&gt;&gt; </span><span class=\"n\">edb</span><span class=\"o\">.</span><span class=\"n\">core_siwave</span><span class=\"o\">.</span><span class=\"n\">add_siwave_dc_analysis</span><span class=\"p\">(</span><span class=\"n\">settings</span><span class=\"p\">)</span>\n</pre></div>\n</div>\n<p class=\"rubric\">Methods</p>\n<table class=\"autosummary longtable docutils align-default\">\n<tbody>\n</tbody>\n</table>\n<p class=\"rubric\">Attributes</p>\n<table class=\"autosummary longtable docutils align-default\">\n<tbody>\n<tr class=\"row-odd\"><td><p><a class=\"reference internal\" href=\"../pyaedt.edb_core.siwave.SiwaveDCSetupTemplate.neg_term_to_ground/#pyaedt.edb_core.siwave.SiwaveDCSetupTemplate.neg_term_to_ground\" title=\"pyaedt.edb_core.siwave.SiwaveDCSetupTemplate.neg_term_to_ground\"><code class=\"xref py py-obj docutils literal notranslate\"><span class=\"pre\">SiwaveDCSetupTemplate.neg_term_to_ground</span></code></a></p></td>\n<td><p>Set negative terminals to ground.</p></td>\n</tr>\n<tr class=\"row-even\"><td><p><a class=\"reference internal\" href=\"../pyaedt.edb_core.siwave.SiwaveDCSetupTemplate.pos_term_to_ground/#pyaedt.edb_core.siwave.SiwaveDCSetupTemplate.pos_term_to_ground\" title=\"pyaedt.edb_core.siwave.SiwaveDCSetupTemplate.pos_term_to_ground\"><code class=\"xref py py-obj docutils literal notranslate\"><span class=\"pre\">SiwaveDCSetupTemplate.pos_term_to_ground</span></code></a></p></td>\n<td><p>Set positive terminals to ground.</p></td>\n</tr>\n<tr class=\"row-odd\"><td><p><a class=\"reference internal\" href=\"../pyaedt.edb_core.siwave.SiwaveDCSetupTemplate.source_terms_to_ground/#pyaedt.edb_core.siwave.SiwaveDCSetupTemplate.source_terms_to_ground\" title=\"pyaedt.edb_core.siwave.SiwaveDCSetupTemplate.source_terms_to_ground\"><code class=\"xref py py-obj docutils literal notranslate\"><span class=\"pre\">SiwaveDCSetupTemplate.source_terms_to_ground</span></code></a></p></td>\n<td><p>Terminals with positive or negative grounded terminals.</p></td>\n</tr>\n</tbody>\n</table>\n</dd></dl>\n\n</section>\n", "metatags": "<meta name=\"generator\" content=\"Docutils 0.19: https://docutils.sourceforge.io/\" />\n", "rellinks": [["genindex", "General Index", "I", "index"], ["py-modindex", "Python Module Index", "", "modules"], ["API/_autosummary/pyaedt.edb_core.siwave.SiwaveDCSetupTemplate.neg_term_to_ground", "neg_term_to_ground", "N", "next"], ["API/_autosummary/pyaedt.edb_core.EDB_Data.EDBPrimitives.voids", "voids", "P", "previous"]], "sourcename": "API/_autosummary/pyaedt.edb_core.siwave.SiwaveDCSetupTemplate.rst.txt", "toc": "<ul>\n<li><a class=\"reference internal\" href=\"#\">pyaedt.edb_core.siwave.SiwaveDCSetupTemplate</a><ul>\n<li><a class=\"reference internal\" href=\"#pyaedt.edb_core.siwave.SiwaveDCSetupTemplate\"><code class=\"docutils literal notranslate\"><span class=\"pre\">SiwaveDCSetupTemplate</span></code></a></li>\n</ul>\n</li>\n</ul>\n", "display_toc": true, "page_source_suffix": ".rst", "current_page_name": "API/_autosummary/pyaedt.edb_core.siwave.SiwaveDCSetupTemplate", "sidebars": ["search-field.html", "sidebar-nav-bs.html"], "customsidebar": null, "favicon_url": null, "logo_url": null, "alabaster_version": "0.7.12", "theme_show_toc_level": 1, "theme_logo": {}}