{"parents": [{"link": "../../", "title": "API reference"}, {"link": "../../Application/", "title": "AEDT apps"}, {"link": "../pyaedt.Maxwell2d/", "title": "pyaedt.Maxwell2d"}], "prev": {"link": "../pyaedt.Maxwell2d.value_with_units/", "title": "value_with_units"}, "next": {"link": "../pyaedt.Maxwell2d.analysis_setup/", "title": "analysis_setup"}, "title": "aedt_version_id", "meta": {}, "body": "<section id=\"aedt-version-id\">\n<h1>aedt_version_id<a class=\"headerlink\" href=\"#aedt-version-id\" title=\"Permalink to this heading\">#</a></h1>\n<dl class=\"py property\">\n<dt class=\"sig sig-object py\" id=\"pyaedt.Maxwell2d.aedt_version_id\">\n<em class=\"property\"><span class=\"pre\">property</span><span class=\"w\"> </span></em><span class=\"sig-prename descclassname\"><span class=\"pre\">Maxwell2d.</span></span><span class=\"sig-name descname\"><span class=\"pre\">aedt_version_id</span></span><a class=\"headerlink\" href=\"#pyaedt.Maxwell2d.aedt_version_id\" title=\"Permalink to this definition\">#</a></dt>\n<dd><p>AEDT version.</p>\n<dl class=\"field-list simple\">\n<dt class=\"field-odd\">Returns<span class=\"colon\">:</span></dt>\n<dd class=\"field-odd\"><dl class=\"simple\">\n<dt><a class=\"reference external\" href=\"https://docs.python.org/dev/library/stdtypes.html#str\" title=\"(in Python v3.12)\"><code class=\"docutils literal notranslate\"><span class=\"pre\">str</span></code></a></dt><dd><p>Version of AEDT.</p>\n</dd>\n</dl>\n</dd>\n</dl>\n<p class=\"rubric\">References</p>\n<div class=\"doctest highlight-default notranslate\"><div class=\"highlight\"><pre><span></span><span class=\"gp\">&gt;&gt;&gt; </span><span class=\"n\">oDesktop</span><span class=\"o\">.</span><span class=\"n\">GetVersion</span><span class=\"p\">()</span>\n</pre></div>\n</div>\n</dd></dl>\n\n</section>\n", "metatags": "<meta name=\"generator\" content=\"Docutils 0.19: https://docutils.sourceforge.io/\" />\n", "rellinks": [["genindex", "General Index", "I", "index"], ["py-modindex", "Python Module Index", "", "modules"], ["API/_autosummary/pyaedt.Maxwell2d.analysis_setup", "analysis_setup", "N", "next"], ["API/_autosummary/pyaedt.Maxwell2d.value_with_units", "value_with_units", "P", "previous"]], "sourcename": "API/_autosummary/pyaedt.Maxwell2d.aedt_version_id.rst.txt", "toc": "<ul>\n<li><a class=\"reference internal\" href=\"#\">aedt_version_id</a><ul>\n<li><a class=\"reference internal\" href=\"#pyaedt.Maxwell2d.aedt_version_id\"><code class=\"docutils literal notranslate\"><span class=\"pre\">Maxwell2d.aedt_version_id</span></code></a></li>\n</ul>\n</li>\n</ul>\n", "display_toc": true, "page_source_suffix": ".rst", "current_page_name": "API/_autosummary/pyaedt.Maxwell2d.aedt_version_id", "sidebars": ["search-field.html", "sidebar-nav-bs.html"], "customsidebar": null, "favicon_url": null, "logo_url": null, "alabaster_version": "0.7.12", "theme_show_toc_level": 1, "theme_logo": {}}