{"parents": [{"link": "../../", "title": "API reference"}, {"link": "../../Application/", "title": "AEDT apps"}, {"link": "../pyaedt.Maxwell2d/", "title": "pyaedt.Maxwell2d"}], "prev": {"link": "../pyaedt.Maxwell2d.assign_translate_motion/", "title": "assign_translate_motion"}, "next": {"link": "../pyaedt.Maxwell2d.assign_voltage/", "title": "assign_voltage"}, "title": "assign_vector_potential", "meta": {}, "body": "<section id=\"assign-vector-potential\">\n<h1>assign_vector_potential<a class=\"headerlink\" href=\"#assign-vector-potential\" title=\"Permalink to this heading\">#</a></h1>\n<dl class=\"py method\">\n<dt class=\"sig sig-object py\" id=\"pyaedt.Maxwell2d.assign_vector_potential\">\n<span class=\"sig-prename descclassname\"><span class=\"pre\">Maxwell2d.</span></span><span class=\"sig-name descname\"><span class=\"pre\">assign_vector_potential</span></span><span class=\"sig-paren\">(</span><em class=\"sig-param\"><span class=\"n\"><span class=\"pre\">input_edge</span></span></em>, <em class=\"sig-param\"><span class=\"n\"><span class=\"pre\">vectorvalue</span></span><span class=\"o\"><span class=\"pre\">=</span></span><span class=\"default_value\"><span class=\"pre\">0</span></span></em>, <em class=\"sig-param\"><span class=\"n\"><span class=\"pre\">bound_name</span></span><span class=\"o\"><span class=\"pre\">=</span></span><span class=\"default_value\"><span class=\"pre\">None</span></span></em><span class=\"sig-paren\">)</span><a class=\"reference internal\" href=\"../../../_modules/pyaedt/maxwell/#Maxwell2d.assign_vector_potential\"><span class=\"viewcode-link\"><span class=\"pre\">[source]</span></span></a><a class=\"headerlink\" href=\"#pyaedt.Maxwell2d.assign_vector_potential\" title=\"Permalink to this definition\">#</a></dt>\n<dd><p>Assign a vector to a list of edges.</p>\n<dl class=\"field-list\">\n<dt class=\"field-odd\">Parameters<span class=\"colon\">:</span></dt>\n<dd class=\"field-odd\"><dl>\n<dt><strong>input_edge</strong><span class=\"classifier\"><a class=\"reference external\" href=\"https://docs.python.org/dev/library/stdtypes.html#list\" title=\"(in Python v3.12)\"><code class=\"docutils literal notranslate\"><span class=\"pre\">list</span></code></a></span></dt><dd><p>List of edge names or edge IDs to assign a vector to.</p>\n</dd>\n<dt><strong>vectorvalue</strong><span class=\"classifier\"><a class=\"reference external\" href=\"https://docs.python.org/dev/library/functions.html#float\" title=\"(in Python v3.12)\"><code class=\"docutils literal notranslate\"><span class=\"pre\">float</span></code></a>, <code class=\"xref py py-obj docutils literal notranslate\"><span class=\"pre\">optional</span></code></span></dt><dd><p>Value of the vector. The default is <code class=\"docutils literal notranslate\"><span class=\"pre\">0</span></code>.</p>\n</dd>\n<dt><strong>bound_name</strong><span class=\"classifier\"><a class=\"reference external\" href=\"https://docs.python.org/dev/library/stdtypes.html#str\" title=\"(in Python v3.12)\"><code class=\"docutils literal notranslate\"><span class=\"pre\">str</span></code></a>, <code class=\"xref py py-obj docutils literal notranslate\"><span class=\"pre\">optional</span></code></span></dt><dd><p>Name of the boundary. The default is <code class=\"docutils literal notranslate\"><span class=\"pre\">None</span></code>, in which\ncase the default name is used.</p>\n</dd>\n</dl>\n</dd>\n<dt class=\"field-even\">Returns<span class=\"colon\">:</span></dt>\n<dd class=\"field-even\"><dl class=\"simple\">\n<dt><a class=\"reference internal\" href=\"../pyaedt.modules.Boundary.BoundaryObject/#pyaedt.modules.Boundary.BoundaryObject\" title=\"pyaedt.modules.Boundary.BoundaryObject\"><code class=\"xref py py-class docutils literal notranslate\"><span class=\"pre\">pyaedt.modules.Boundary.BoundaryObject</span></code></a></dt><dd><p>Vector Potential Object</p>\n</dd>\n</dl>\n</dd>\n</dl>\n<p class=\"rubric\">References</p>\n<div class=\"doctest highlight-default notranslate\"><div class=\"highlight\"><pre><span></span><span class=\"gp\">&gt;&gt;&gt; </span><span class=\"n\">oModule</span><span class=\"o\">.</span><span class=\"n\">AssignVectorPotential</span>\n</pre></div>\n</div>\n</dd></dl>\n\n</section>\n", "metatags": "<meta name=\"generator\" content=\"Docutils 0.19: https://docutils.sourceforge.io/\" />\n", "rellinks": [["genindex", "General Index", "I", "index"], ["py-modindex", "Python Module Index", "", "modules"], ["API/_autosummary/pyaedt.Maxwell2d.assign_voltage", "assign_voltage", "N", "next"], ["API/_autosummary/pyaedt.Maxwell2d.assign_translate_motion", "assign_translate_motion", "P", "previous"]], "sourcename": "API/_autosummary/pyaedt.Maxwell2d.assign_vector_potential.rst.txt", "toc": "<ul>\n<li><a class=\"reference internal\" href=\"#\">assign_vector_potential</a><ul>\n<li><a class=\"reference internal\" href=\"#pyaedt.Maxwell2d.assign_vector_potential\"><code class=\"docutils literal notranslate\"><span class=\"pre\">Maxwell2d.assign_vector_potential()</span></code></a></li>\n</ul>\n</li>\n</ul>\n", "display_toc": true, "page_source_suffix": ".rst", "current_page_name": "API/_autosummary/pyaedt.Maxwell2d.assign_vector_potential", "sidebars": ["search-field.html", "sidebar-nav-bs.html"], "customsidebar": null, "favicon_url": null, "logo_url": null, "alabaster_version": "0.7.12", "theme_show_toc_level": 1, "theme_logo": {}}