{"parents": [{"link": "../../", "title": "API reference"}, {"link": "../../Primitives/", "title": "Modeler and  primitives"}, {"link": "../pyaedt.modeler.Model2D.Modeler2D/", "title": "pyaedt.modeler.Model2D.Modeler2D"}], "prev": {"link": "../pyaedt.modeler.Model2D.Modeler2D.object_list/", "title": "object_list"}, "next": {"link": "../pyaedt.modeler.Model2D.Modeler2D.obounding_box/", "title": "obounding_box"}, "title": "object_names", "meta": {}, "body": "<section id=\"object-names\">\n<h1>object_names<a class=\"headerlink\" href=\"#object-names\" title=\"Permalink to this heading\">#</a></h1>\n<dl class=\"py property\">\n<dt class=\"sig sig-object py\" id=\"pyaedt.modeler.Model2D.Modeler2D.object_names\">\n<em class=\"property\"><span class=\"pre\">property</span><span class=\"w\"> </span></em><span class=\"sig-prename descclassname\"><span class=\"pre\">Modeler2D.</span></span><span class=\"sig-name descname\"><span class=\"pre\">object_names</span></span><a class=\"headerlink\" href=\"#pyaedt.modeler.Model2D.Modeler2D.object_names\" title=\"Permalink to this definition\">#</a></dt>\n<dd><p>List of the names of all objects.</p>\n</dd></dl>\n\n</section>\n", "metatags": "<meta name=\"generator\" content=\"Docutils 0.19: https://docutils.sourceforge.io/\" />\n", "rellinks": [["genindex", "General Index", "I", "index"], ["py-modindex", "Python Module Index", "", "modules"], ["API/_autosummary/pyaedt.modeler.Model2D.Modeler2D.obounding_box", "obounding_box", "N", "next"], ["API/_autosummary/pyaedt.modeler.Model2D.Modeler2D.object_list", "object_list", "P", "previous"]], "sourcename": "API/_autosummary/pyaedt.modeler.Model2D.Modeler2D.object_names.rst.txt", "toc": "<ul>\n<li><a class=\"reference internal\" href=\"#\">object_names</a><ul>\n<li><a class=\"reference internal\" href=\"#pyaedt.modeler.Model2D.Modeler2D.object_names\"><code class=\"docutils literal notranslate\"><span class=\"pre\">Modeler2D.object_names</span></code></a></li>\n</ul>\n</li>\n</ul>\n", "display_toc": true, "page_source_suffix": ".rst", "current_page_name": "API/_autosummary/pyaedt.modeler.Model2D.Modeler2D.object_names", "sidebars": ["search-field.html", "sidebar-nav-bs.html"], "customsidebar": null, "favicon_url": null, "logo_url": null, "alabaster_version": "0.7.12", "theme_show_toc_level": 1, "theme_logo": {}}