{"parents": [{"link": "../../", "title": "API reference"}, {"link": "../../Primitives/", "title": "Modeler and  primitives"}, {"link": "../pyaedt.modeler.Primitives3DLayout.Primitives3DLayout/", "title": "pyaedt.modeler.Primitives3DLayout.Primitives3DLayout"}], "prev": {"link": "../pyaedt.modeler.Primitives3DLayout.Primitives3DLayout.create_line/", "title": "create_line"}, "next": {"link": "../pyaedt.modeler.Primitives3DLayout.Primitives3DLayout.create_text/", "title": "create_text"}, "title": "create_rectangle", "meta": {}, "body": "<section id=\"create-rectangle\">\n<h1>create_rectangle<a class=\"headerlink\" href=\"#create-rectangle\" title=\"Permalink to this heading\">#</a></h1>\n<dl class=\"py method\">\n<dt class=\"sig sig-object py\" id=\"pyaedt.modeler.Primitives3DLayout.Primitives3DLayout.create_rectangle\">\n<span class=\"sig-prename descclassname\"><span class=\"pre\">Primitives3DLayout.</span></span><span class=\"sig-name descname\"><span class=\"pre\">create_rectangle</span></span><span class=\"sig-paren\">(</span><em class=\"sig-param\"><span class=\"n\"><span class=\"pre\">layername</span></span></em>, <em class=\"sig-param\"><span class=\"n\"><span class=\"pre\">origin</span></span></em>, <em class=\"sig-param\"><span class=\"n\"><span class=\"pre\">dimensions</span></span></em>, <em class=\"sig-param\"><span class=\"n\"><span class=\"pre\">corner_radius</span></span><span class=\"o\"><span class=\"pre\">=</span></span><span class=\"default_value\"><span class=\"pre\">0</span></span></em>, <em class=\"sig-param\"><span class=\"n\"><span class=\"pre\">angle</span></span><span class=\"o\"><span class=\"pre\">=</span></span><span class=\"default_value\"><span class=\"pre\">0</span></span></em>, <em class=\"sig-param\"><span class=\"n\"><span class=\"pre\">name</span></span><span class=\"o\"><span class=\"pre\">=</span></span><span class=\"default_value\"><span class=\"pre\">None</span></span></em>, <em class=\"sig-param\"><span class=\"n\"><span class=\"pre\">net_name</span></span><span class=\"o\"><span class=\"pre\">=</span></span><span class=\"default_value\"><span class=\"pre\">None</span></span></em>, <em class=\"sig-param\"><span class=\"o\"><span class=\"pre\">**</span></span><span class=\"n\"><span class=\"pre\">kwargs</span></span></em><span class=\"sig-paren\">)</span><a class=\"reference internal\" href=\"../../../_modules/pyaedt/modeler/Primitives3DLayout/#Primitives3DLayout.create_rectangle\"><span class=\"viewcode-link\"><span class=\"pre\">[source]</span></span></a><a class=\"headerlink\" href=\"#pyaedt.modeler.Primitives3DLayout.Primitives3DLayout.create_rectangle\" title=\"Permalink to this definition\">#</a></dt>\n<dd><p>Create a rectangle on a layer.</p>\n<dl class=\"field-list\">\n<dt class=\"field-odd\">Parameters<span class=\"colon\">:</span></dt>\n<dd class=\"field-odd\"><dl>\n<dt><strong>layername</strong><span class=\"classifier\"><a class=\"reference external\" href=\"https://docs.python.org/dev/library/stdtypes.html#str\" title=\"(in Python v3.12)\"><code class=\"docutils literal notranslate\"><span class=\"pre\">str</span></code></a></span></dt><dd><p>Name of the layer.</p>\n</dd>\n<dt><strong>origin</strong><span class=\"classifier\"><a class=\"reference external\" href=\"https://docs.python.org/dev/library/stdtypes.html#list\" title=\"(in Python v3.12)\"><code class=\"docutils literal notranslate\"><span class=\"pre\">list</span></code></a></span></dt><dd><p>Origin of the coordinate system in a list of <code class=\"docutils literal notranslate\"><span class=\"pre\">[x,</span> <span class=\"pre\">y]</span></code> coordinates.</p>\n</dd>\n<dt><strong>dimensions</strong><span class=\"classifier\"><a class=\"reference external\" href=\"https://docs.python.org/dev/library/stdtypes.html#list\" title=\"(in Python v3.12)\"><code class=\"docutils literal notranslate\"><span class=\"pre\">list</span></code></a></span></dt><dd><p>Dimensions for the box in a list of <code class=\"docutils literal notranslate\"><span class=\"pre\">[x,</span> <span class=\"pre\">y]</span></code> coordinates.</p>\n</dd>\n<dt><strong>corner_radius</strong><span class=\"classifier\"><a class=\"reference external\" href=\"https://docs.python.org/dev/library/functions.html#float\" title=\"(in Python v3.12)\"><code class=\"docutils literal notranslate\"><span class=\"pre\">float</span></code></a>, <code class=\"xref py py-obj docutils literal notranslate\"><span class=\"pre\">optional</span></code></span></dt><dd></dd>\n<dt><strong>angle</strong><span class=\"classifier\"><a class=\"reference external\" href=\"https://docs.python.org/dev/library/functions.html#float\" title=\"(in Python v3.12)\"><code class=\"docutils literal notranslate\"><span class=\"pre\">float</span></code></a>, <code class=\"xref py py-obj docutils literal notranslate\"><span class=\"pre\">optional</span></code></span></dt><dd><p>Angle rotation in degrees. The default is <code class=\"docutils literal notranslate\"><span class=\"pre\">0</span></code>.</p>\n</dd>\n<dt><strong>name</strong><span class=\"classifier\"><a class=\"reference external\" href=\"https://docs.python.org/dev/library/stdtypes.html#str\" title=\"(in Python v3.12)\"><code class=\"docutils literal notranslate\"><span class=\"pre\">str</span></code></a>, <code class=\"xref py py-obj docutils literal notranslate\"><span class=\"pre\">optional</span></code></span></dt><dd><p>Name of the rectangle. The default is <code class=\"docutils literal notranslate\"><span class=\"pre\">None</span></code>, in which case the\ndefault name is assigned.</p>\n</dd>\n<dt><strong>net_name</strong><span class=\"classifier\"><a class=\"reference external\" href=\"https://docs.python.org/dev/library/stdtypes.html#str\" title=\"(in Python v3.12)\"><code class=\"docutils literal notranslate\"><span class=\"pre\">str</span></code></a>, <code class=\"xref py py-obj docutils literal notranslate\"><span class=\"pre\">optional</span></code></span></dt><dd><p>Name of the net. The default is <code class=\"docutils literal notranslate\"><span class=\"pre\">None</span></code>, in which case the\ndefault name is assigned.</p>\n</dd>\n</dl>\n</dd>\n<dt class=\"field-even\">Returns<span class=\"colon\">:</span></dt>\n<dd class=\"field-even\"><dl class=\"simple\">\n<dt><a class=\"reference external\" href=\"https://docs.python.org/dev/library/stdtypes.html#str\" title=\"(in Python v3.12)\"><code class=\"docutils literal notranslate\"><span class=\"pre\">str</span></code></a></dt><dd><p>Name of the rectangle created when successful.</p>\n</dd>\n</dl>\n</dd>\n</dl>\n<p class=\"rubric\">References</p>\n<div class=\"doctest highlight-default notranslate\"><div class=\"highlight\"><pre><span></span><span class=\"gp\">&gt;&gt;&gt; </span><span class=\"n\">oEditor</span><span class=\"o\">.</span><span class=\"n\">CreateRectangle</span>\n</pre></div>\n</div>\n</dd></dl>\n\n</section>\n", "metatags": "<meta name=\"generator\" content=\"Docutils 0.19: https://docutils.sourceforge.io/\" />\n", "rellinks": [["genindex", "General Index", "I", "index"], ["py-modindex", "Python Module Index", "", "modules"], ["API/_autosummary/pyaedt.modeler.Primitives3DLayout.Primitives3DLayout.create_text", "create_text", "N", "next"], ["API/_autosummary/pyaedt.modeler.Primitives3DLayout.Primitives3DLayout.create_line", "create_line", "P", "previous"]], "sourcename": "API/_autosummary/pyaedt.modeler.Primitives3DLayout.Primitives3DLayout.create_rectangle.rst.txt", "toc": "<ul>\n<li><a class=\"reference internal\" href=\"#\">create_rectangle</a><ul>\n<li><a class=\"reference internal\" href=\"#pyaedt.modeler.Primitives3DLayout.Primitives3DLayout.create_rectangle\"><code class=\"docutils literal notranslate\"><span class=\"pre\">Primitives3DLayout.create_rectangle()</span></code></a></li>\n</ul>\n</li>\n</ul>\n", "display_toc": true, "page_source_suffix": ".rst", "current_page_name": "API/_autosummary/pyaedt.modeler.Primitives3DLayout.Primitives3DLayout.create_rectangle", "sidebars": ["search-field.html", "sidebar-nav-bs.html"], "customsidebar": null, "favicon_url": null, "logo_url": null, "alabaster_version": "0.7.12", "theme_show_toc_level": 1, "theme_logo": {}}