{"parents": [{"link": "../../", "title": "API reference"}, {"link": "../../CoreEdb/", "title": "EDB editor"}, {"link": "../pyaedt.edb_core.siwave.EdbSiwave/", "title": "pyaedt.edb_core.siwave.EdbSiwave"}], "prev": {"link": "../pyaedt.edb_core.siwave.EdbSiwave.add_siwave_syz_analysis/", "title": "add_siwave_syz_analysis"}, "next": {"link": "../pyaedt.edb_core.siwave.EdbSiwave.create_circuit_port_on_net/", "title": "create_circuit_port_on_net"}, "title": "configure_siw_analysis_setup", "meta": {}, "body": "<section id=\"configure-siw-analysis-setup\">\n<h1>configure_siw_analysis_setup<a class=\"headerlink\" href=\"#configure-siw-analysis-setup\" title=\"Permalink to this heading\">#</a></h1>\n<dl class=\"py method\">\n<dt class=\"sig sig-object py\" id=\"pyaedt.edb_core.siwave.EdbSiwave.configure_siw_analysis_setup\">\n<span class=\"sig-prename descclassname\"><span class=\"pre\">EdbSiwave.</span></span><span class=\"sig-name descname\"><span class=\"pre\">configure_siw_analysis_setup</span></span><span class=\"sig-paren\">(</span><em class=\"sig-param\"><span class=\"n\"><span class=\"pre\">simulation_setup</span></span><span class=\"o\"><span class=\"pre\">=</span></span><span class=\"default_value\"><span class=\"pre\">None</span></span></em>, <em class=\"sig-param\"><span class=\"n\"><span class=\"pre\">delete_existing_setup</span></span><span class=\"o\"><span class=\"pre\">=</span></span><span class=\"default_value\"><span class=\"pre\">True</span></span></em><span class=\"sig-paren\">)</span><a class=\"reference internal\" href=\"../../../_modules/pyaedt/edb_core/siwave/#EdbSiwave.configure_siw_analysis_setup\"><span class=\"viewcode-link\"><span class=\"pre\">[source]</span></span></a><a class=\"headerlink\" href=\"#pyaedt.edb_core.siwave.EdbSiwave.configure_siw_analysis_setup\" title=\"Permalink to this definition\">#</a></dt>\n<dd><p>Configure Siwave analysis setup.</p>\n<dl class=\"field-list simple\">\n<dt class=\"field-odd\">Parameters<span class=\"colon\">:</span></dt>\n<dd class=\"field-odd\"><dl class=\"simple\">\n<dt><strong>simulation_setup</strong></dt><dd><p>Edb_DATA.SimulationConfiguration object.</p>\n</dd>\n</dl>\n</dd>\n<dt class=\"field-even\">Returns<span class=\"colon\">:</span></dt>\n<dd class=\"field-even\"><dl class=\"simple\">\n<dt><a class=\"reference external\" href=\"https://docs.python.org/dev/library/stdtypes.html#bltin-boolean-values\" title=\"(in Python v3.12)\"><span class=\"xref std std-ref\">bool</span></a></dt><dd></dd>\n<dt><code class=\"docutils literal notranslate\"><span class=\"pre\">True</span></code> <code class=\"xref py py-obj docutils literal notranslate\"><span class=\"pre\">when</span></code> <code class=\"xref py py-obj docutils literal notranslate\"><span class=\"pre\">successful</span></code>, <code class=\"docutils literal notranslate\"><span class=\"pre\">False</span></code> <code class=\"xref py py-obj docutils literal notranslate\"><span class=\"pre\">when</span></code> failed.</dt><dd></dd>\n</dl>\n</dd>\n</dl>\n</dd></dl>\n\n</section>\n", "metatags": "<meta name=\"generator\" content=\"Docutils 0.19: https://docutils.sourceforge.io/\" />\n", "rellinks": [["genindex", "General Index", "I", "index"], ["py-modindex", "Python Module Index", "", "modules"], ["API/_autosummary/pyaedt.edb_core.siwave.EdbSiwave.create_circuit_port_on_net", "create_circuit_port_on_net", "N", "next"], ["API/_autosummary/pyaedt.edb_core.siwave.EdbSiwave.add_siwave_syz_analysis", "add_siwave_syz_analysis", "P", "previous"]], "sourcename": "API/_autosummary/pyaedt.edb_core.siwave.EdbSiwave.configure_siw_analysis_setup.rst.txt", "toc": "<ul>\n<li><a class=\"reference internal\" href=\"#\">configure_siw_analysis_setup</a><ul>\n<li><a class=\"reference internal\" href=\"#pyaedt.edb_core.siwave.EdbSiwave.configure_siw_analysis_setup\"><code class=\"docutils literal notranslate\"><span class=\"pre\">EdbSiwave.configure_siw_analysis_setup()</span></code></a></li>\n</ul>\n</li>\n</ul>\n", "display_toc": true, "page_source_suffix": ".rst", "current_page_name": "API/_autosummary/pyaedt.edb_core.siwave.EdbSiwave.configure_siw_analysis_setup", "sidebars": ["search-field.html", "sidebar-nav-bs.html"], "customsidebar": null, "favicon_url": null, "logo_url": null, "alabaster_version": "0.7.12", "theme_show_toc_level": 1, "theme_logo": {}}