{"parents": [{"link": "../../", "title": "API reference"}, {"link": "../../CoreModules/", "title": "AEDT modules"}, {"link": "../../Boundaries/", "title": "Boundary objects"}, {"link": "../pyaedt.modules.Boundary.FarFieldSetup/", "title": "pyaedt.modules.Boundary.FarFieldSetup"}], "prev": {"link": "../pyaedt.modules.Boundary.FarFieldSetup/", "title": "pyaedt.modules.Boundary.FarFieldSetup"}, "next": {"link": "../pyaedt.modules.Boundary.FarFieldSetup.delete/", "title": "delete"}, "title": "create", "meta": {}, "body": "<section id=\"create\">\n<h1>create<a class=\"headerlink\" href=\"#create\" title=\"Permalink to this heading\">#</a></h1>\n<dl class=\"py method\">\n<dt class=\"sig sig-object py\" id=\"pyaedt.modules.Boundary.FarFieldSetup.create\">\n<span class=\"sig-prename descclassname\"><span class=\"pre\">FarFieldSetup.</span></span><span class=\"sig-name descname\"><span class=\"pre\">create</span></span><span class=\"sig-paren\">(</span><span class=\"sig-paren\">)</span><a class=\"headerlink\" href=\"#pyaedt.modules.Boundary.FarFieldSetup.create\" title=\"Permalink to this definition\">#</a></dt>\n<dd><p>Create a Field Setup Component in HFSS.</p>\n<dl class=\"field-list simple\">\n<dt class=\"field-odd\">Returns<span class=\"colon\">:</span></dt>\n<dd class=\"field-odd\"><dl class=\"simple\">\n<dt><a class=\"reference external\" href=\"https://docs.python.org/dev/library/stdtypes.html#bltin-boolean-values\" title=\"(in Python v3.12)\"><span class=\"xref std std-ref\">bool</span></a></dt><dd><p><code class=\"docutils literal notranslate\"><span class=\"pre\">True</span></code> when successful, <code class=\"docutils literal notranslate\"><span class=\"pre\">False</span></code> when failed.</p>\n</dd>\n</dl>\n</dd>\n</dl>\n</dd></dl>\n\n</section>\n", "metatags": "<meta name=\"generator\" content=\"Docutils 0.19: https://docutils.sourceforge.io/\" />\n", "rellinks": [["genindex", "General Index", "I", "index"], ["py-modindex", "Python Module Index", "", "modules"], ["API/_autosummary/pyaedt.modules.Boundary.FarFieldSetup.delete", "delete", "N", "next"], ["API/_autosummary/pyaedt.modules.Boundary.FarFieldSetup", "pyaedt.modules.Boundary.FarFieldSetup", "P", "previous"]], "sourcename": "API/_autosummary/pyaedt.modules.Boundary.FarFieldSetup.create.rst.txt", "toc": "<ul>\n<li><a class=\"reference internal\" href=\"#\">create</a><ul>\n<li><a class=\"reference internal\" href=\"#pyaedt.modules.Boundary.FarFieldSetup.create\"><code class=\"docutils literal notranslate\"><span class=\"pre\">FarFieldSetup.create()</span></code></a></li>\n</ul>\n</li>\n</ul>\n", "display_toc": true, "page_source_suffix": ".rst", "current_page_name": "API/_autosummary/pyaedt.modules.Boundary.FarFieldSetup.create", "sidebars": ["search-field.html", "sidebar-nav-bs.html"], "customsidebar": null, "favicon_url": null, "logo_url": null, "alabaster_version": "0.7.12", "theme_show_toc_level": 1, "theme_logo": {}}