{"parents": [{"link": "../../", "title": "API reference"}, {"link": "../../CoreEdb/", "title": "EDB editor"}, {"link": "../pyaedt.edb_core.EDB_Data.EDBLayers/", "title": "pyaedt.edb_core.EDB_Data.EDBLayers"}], "prev": {"link": "../pyaedt.edb_core.EDB_Data.EDBLayers.layers/", "title": "layers"}, "next": {"link": "../pyaedt.edb_core.EDB_Data.EDBLayers.stackup_mode/", "title": "stackup_mode"}, "title": "signal_layers", "meta": {}, "body": "<section id=\"signal-layers\">\n<h1>signal_layers<a class=\"headerlink\" href=\"#signal-layers\" title=\"Permalink to this heading\">#</a></h1>\n<dl class=\"py property\">\n<dt class=\"sig sig-object py\" id=\"pyaedt.edb_core.EDB_Data.EDBLayers.signal_layers\">\n<em class=\"property\"><span class=\"pre\">property</span><span class=\"w\"> </span></em><span class=\"sig-prename descclassname\"><span class=\"pre\">EDBLayers.</span></span><span class=\"sig-name descname\"><span class=\"pre\">signal_layers</span></span><a class=\"headerlink\" href=\"#pyaedt.edb_core.EDB_Data.EDBLayers.signal_layers\" title=\"Permalink to this definition\">#</a></dt>\n<dd><p>Signal layers.</p>\n<dl class=\"field-list\">\n<dt class=\"field-odd\">Returns<span class=\"colon\">:</span></dt>\n<dd class=\"field-odd\"><dl>\n<dt><strong>dict[str,</strong><span class=\"classifier\">class:<cite>pyaedt.edb_core.EDB_Data.EDBLayer</cite>]</span></dt><dd><p>Dictionary of signal layers.</p>\n</dd>\n</dl>\n</dd>\n</dl>\n</dd></dl>\n\n</section>\n", "metatags": "<meta name=\"generator\" content=\"Docutils 0.19: https://docutils.sourceforge.io/\" />\n", "rellinks": [["genindex", "General Index", "I", "index"], ["py-modindex", "Python Module Index", "", "modules"], ["API/_autosummary/pyaedt.edb_core.EDB_Data.EDBLayers.stackup_mode", "stackup_mode", "N", "next"], ["API/_autosummary/pyaedt.edb_core.EDB_Data.EDBLayers.layers", "layers", "P", "previous"]], "sourcename": "API/_autosummary/pyaedt.edb_core.EDB_Data.EDBLayers.signal_layers.rst.txt", "toc": "<ul>\n<li><a class=\"reference internal\" href=\"#\">signal_layers</a><ul>\n<li><a class=\"reference internal\" href=\"#pyaedt.edb_core.EDB_Data.EDBLayers.signal_layers\"><code class=\"docutils literal notranslate\"><span class=\"pre\">EDBLayers.signal_layers</span></code></a></li>\n</ul>\n</li>\n</ul>\n", "display_toc": true, "page_source_suffix": ".rst", "current_page_name": "API/_autosummary/pyaedt.edb_core.EDB_Data.EDBLayers.signal_layers", "sidebars": ["search-field.html", "sidebar-nav-bs.html"], "customsidebar": null, "favicon_url": null, "logo_url": null, "alabaster_version": "0.7.12", "theme_show_toc_level": 1, "theme_logo": {}}