{"parents": [{"link": "../../", "title": "API reference"}, {"link": "../../Common/", "title": "Desktop and common classes"}, {"link": "../../Stackup3D/", "title": "Stackup 3D components"}, {"link": "../pyaedt.modeler.stackup_3d.Trace/", "title": "pyaedt.modeler.stackup_3d.Trace"}], "prev": {"link": "../pyaedt.modeler.stackup_3d.Trace.reference_system/", "title": "reference_system"}, "next": {"link": "../pyaedt.modeler.stackup_3d.Trace.substrate_thickness/", "title": "substrate_thickness"}, "title": "signal_layer", "meta": {}, "body": "<section id=\"signal-layer\">\n<h1>signal_layer<a class=\"headerlink\" href=\"#signal-layer\" title=\"Permalink to this heading\">#</a></h1>\n<dl class=\"py property\">\n<dt class=\"sig sig-object py\" id=\"pyaedt.modeler.stackup_3d.Trace.signal_layer\">\n<em class=\"property\"><span class=\"pre\">property</span><span class=\"w\"> </span></em><span class=\"sig-prename descclassname\"><span class=\"pre\">Trace.</span></span><span class=\"sig-name descname\"><span class=\"pre\">signal_layer</span></span><a class=\"headerlink\" href=\"#pyaedt.modeler.stackup_3d.Trace.signal_layer\" title=\"Permalink to this definition\">#</a></dt>\n<dd><p>Signal layer that the object belongs to.</p>\n<dl class=\"field-list simple\">\n<dt class=\"field-odd\">Returns<span class=\"colon\">:</span></dt>\n<dd class=\"field-odd\"><dl class=\"simple\">\n<dt><a class=\"reference internal\" href=\"../pyaedt.modeler.stackup_3d.Layer3D/#pyaedt.modeler.stackup_3d.Layer3D\" title=\"pyaedt.modeler.stackup_3d.Layer3D\"><code class=\"xref py py-class docutils literal notranslate\"><span class=\"pre\">pyaedt.modeler.stackup_3d.Layer3D</span></code></a></dt><dd></dd>\n</dl>\n</dd>\n</dl>\n</dd></dl>\n\n</section>\n", "metatags": "<meta name=\"generator\" content=\"Docutils 0.19: https://docutils.sourceforge.io/\" />\n", "rellinks": [["genindex", "General Index", "I", "index"], ["py-modindex", "Python Module Index", "", "modules"], ["API/_autosummary/pyaedt.modeler.stackup_3d.Trace.substrate_thickness", "substrate_thickness", "N", "next"], ["API/_autosummary/pyaedt.modeler.stackup_3d.Trace.reference_system", "reference_system", "P", "previous"]], "sourcename": "API/_autosummary/pyaedt.modeler.stackup_3d.Trace.signal_layer.rst.txt", "toc": "<ul>\n<li><a class=\"reference internal\" href=\"#\">signal_layer</a><ul>\n<li><a class=\"reference internal\" href=\"#pyaedt.modeler.stackup_3d.Trace.signal_layer\"><code class=\"docutils literal notranslate\"><span class=\"pre\">Trace.signal_layer</span></code></a></li>\n</ul>\n</li>\n</ul>\n", "display_toc": true, "page_source_suffix": ".rst", "current_page_name": "API/_autosummary/pyaedt.modeler.stackup_3d.Trace.signal_layer", "sidebars": ["search-field.html", "sidebar-nav-bs.html"], "customsidebar": null, "favicon_url": null, "logo_url": null, "alabaster_version": "0.7.12", "theme_show_toc_level": 1, "theme_logo": {}}