{"parents": [{"link": "../../", "title": "API reference"}, {"link": "../../Primitives/", "title": "Modeler and  primitives"}, {"link": "../pyaedt.modeler.Primitives3D.Primitives3D/", "title": "pyaedt.modeler.Primitives3D.Primitives3D"}], "prev": {"link": "../pyaedt.modeler.Primitives3D.Primitives3D.get_edges_for_circuit_port_from_sheet/", "title": "get_edges_for_circuit_port_from_sheet"}, "next": {"link": "../pyaedt.modeler.Primitives3D.Primitives3D.get_equivalent_parallel_edges/", "title": "get_equivalent_parallel_edges"}, "title": "get_edges_on_bounding_box", "meta": {}, "body": "<section id=\"get-edges-on-bounding-box\">\n<h1>get_edges_on_bounding_box<a class=\"headerlink\" href=\"#get-edges-on-bounding-box\" title=\"Permalink to this heading\">#</a></h1>\n<dl class=\"py method\">\n<dt class=\"sig sig-object py\" id=\"pyaedt.modeler.Primitives3D.Primitives3D.get_edges_on_bounding_box\">\n<span class=\"sig-prename descclassname\"><span class=\"pre\">Primitives3D.</span></span><span class=\"sig-name descname\"><span class=\"pre\">get_edges_on_bounding_box</span></span><span class=\"sig-paren\">(</span><em class=\"sig-param\"><span class=\"n\"><span class=\"pre\">sheets</span></span></em>, <em class=\"sig-param\"><span class=\"n\"><span class=\"pre\">return_colinear</span></span><span class=\"o\"><span class=\"pre\">=</span></span><span class=\"default_value\"><span class=\"pre\">True</span></span></em>, <em class=\"sig-param\"><span class=\"n\"><span class=\"pre\">tol</span></span><span class=\"o\"><span class=\"pre\">=</span></span><span class=\"default_value\"><span class=\"pre\">1e-06</span></span></em><span class=\"sig-paren\">)</span><a class=\"headerlink\" href=\"#pyaedt.modeler.Primitives3D.Primitives3D.get_edges_on_bounding_box\" title=\"Permalink to this definition\">#</a></dt>\n<dd><p>Retrieve the edges of the sheets passed in the input that are lying on the bounding box.</p>\n<p>This method creates new lines for the detected edges and returns the IDs of these lines.\nIf required, only colinear edges are returned.</p>\n<dl class=\"field-list\">\n<dt class=\"field-odd\">Parameters<span class=\"colon\">:</span></dt>\n<dd class=\"field-odd\"><dl>\n<dt><strong>sheets</strong><span class=\"classifier\"><a class=\"reference external\" href=\"https://docs.python.org/dev/library/functions.html#int\" title=\"(in Python v3.12)\"><code class=\"docutils literal notranslate\"><span class=\"pre\">int</span></code></a>, <a class=\"reference external\" href=\"https://docs.python.org/dev/library/stdtypes.html#str\" title=\"(in Python v3.12)\"><code class=\"docutils literal notranslate\"><span class=\"pre\">str</span></code></a>, <code class=\"xref py py-obj docutils literal notranslate\"><span class=\"pre\">or</span></code> <a class=\"reference external\" href=\"https://docs.python.org/dev/library/stdtypes.html#list\" title=\"(in Python v3.12)\"><code class=\"docutils literal notranslate\"><span class=\"pre\">list</span></code></a></span></dt><dd><p>ID or name for one or more sheets.</p>\n</dd>\n<dt><strong>return_colinear</strong><span class=\"classifier\"><a class=\"reference external\" href=\"https://docs.python.org/dev/library/stdtypes.html#bltin-boolean-values\" title=\"(in Python v3.12)\"><span class=\"xref std std-ref\">bool</span></a>, <code class=\"xref py py-obj docutils literal notranslate\"><span class=\"pre\">optional</span></code></span></dt><dd><p>Whether to return only colinear edges. The default is <code class=\"docutils literal notranslate\"><span class=\"pre\">True</span></code>.\nIf <code class=\"docutils literal notranslate\"><span class=\"pre\">False</span></code>, all edges on the bounding box are returned.</p>\n</dd>\n<dt><strong>tol</strong><span class=\"classifier\"><a class=\"reference external\" href=\"https://docs.python.org/dev/library/functions.html#float\" title=\"(in Python v3.12)\"><code class=\"docutils literal notranslate\"><span class=\"pre\">float</span></code></a>, <code class=\"xref py py-obj docutils literal notranslate\"><span class=\"pre\">optional</span></code></span></dt><dd><p>Geometric tolerance. The default is <code class=\"docutils literal notranslate\"><span class=\"pre\">1e-6</span></code>.</p>\n</dd>\n</dl>\n</dd>\n<dt class=\"field-even\">Returns<span class=\"colon\">:</span></dt>\n<dd class=\"field-even\"><dl class=\"simple\">\n<dt><a class=\"reference external\" href=\"https://docs.python.org/dev/library/stdtypes.html#list\" title=\"(in Python v3.12)\"><code class=\"docutils literal notranslate\"><span class=\"pre\">list</span></code></a></dt><dd><p>List of edge IDs lying on the bounding box.</p>\n</dd>\n</dl>\n</dd>\n</dl>\n</dd></dl>\n\n</section>\n", "metatags": "<meta name=\"generator\" content=\"Docutils 0.19: https://docutils.sourceforge.io/\" />\n", "rellinks": [["genindex", "General Index", "I", "index"], ["py-modindex", "Python Module Index", "", "modules"], ["API/_autosummary/pyaedt.modeler.Primitives3D.Primitives3D.get_equivalent_parallel_edges", "get_equivalent_parallel_edges", "N", "next"], ["API/_autosummary/pyaedt.modeler.Primitives3D.Primitives3D.get_edges_for_circuit_port_from_sheet", "get_edges_for_circuit_port_from_sheet", "P", "previous"]], "sourcename": "API/_autosummary/pyaedt.modeler.Primitives3D.Primitives3D.get_edges_on_bounding_box.rst.txt", "toc": "<ul>\n<li><a class=\"reference internal\" href=\"#\">get_edges_on_bounding_box</a><ul>\n<li><a class=\"reference internal\" href=\"#pyaedt.modeler.Primitives3D.Primitives3D.get_edges_on_bounding_box\"><code class=\"docutils literal notranslate\"><span class=\"pre\">Primitives3D.get_edges_on_bounding_box()</span></code></a></li>\n</ul>\n</li>\n</ul>\n", "display_toc": true, "page_source_suffix": ".rst", "current_page_name": "API/_autosummary/pyaedt.modeler.Primitives3D.Primitives3D.get_edges_on_bounding_box", "sidebars": ["search-field.html", "sidebar-nav-bs.html"], "customsidebar": null, "favicon_url": null, "logo_url": null, "alabaster_version": "0.7.12", "theme_show_toc_level": 1, "theme_logo": {}}