{"parents": [{"link": "../../", "title": "API reference"}, {"link": "../../Primitives/", "title": "Modeler and  primitives"}, {"link": "../pyaedt.modeler.object3dlayout.Line3dLayout/", "title": "pyaedt.modeler.object3dlayout.Line3dLayout"}], "prev": {"link": "../pyaedt.modeler.object3dlayout.Line3dLayout.set_property_value/", "title": "set_property_value"}, "next": {"link": "../pyaedt.modeler.object3dlayout.Line3dLayout.angle/", "title": "angle"}, "title": "absolute_angle", "meta": {}, "body": "<section id=\"absolute-angle\">\n<h1>absolute_angle<a class=\"headerlink\" href=\"#absolute-angle\" title=\"Permalink to this heading\">#</a></h1>\n<dl class=\"py property\">\n<dt class=\"sig sig-object py\" id=\"pyaedt.modeler.object3dlayout.Line3dLayout.absolute_angle\">\n<em class=\"property\"><span class=\"pre\">property</span><span class=\"w\"> </span></em><span class=\"sig-prename descclassname\"><span class=\"pre\">Line3dLayout.</span></span><span class=\"sig-name descname\"><span class=\"pre\">absolute_angle</span></span><a class=\"headerlink\" href=\"#pyaedt.modeler.object3dlayout.Line3dLayout.absolute_angle\" title=\"Permalink to this definition\">#</a></dt>\n<dd><p>Get the absolute angle location for 2 pins components.</p>\n<dl class=\"field-list simple\">\n<dt class=\"field-odd\">Returns<span class=\"colon\">:</span></dt>\n<dd class=\"field-odd\"><dl class=\"simple\">\n<dt><a class=\"reference external\" href=\"https://docs.python.org/dev/library/functions.html#float\" title=\"(in Python v3.12)\"><code class=\"docutils literal notranslate\"><span class=\"pre\">float</span></code></a></dt><dd></dd>\n</dl>\n</dd>\n</dl>\n</dd></dl>\n\n</section>\n", "metatags": "<meta name=\"generator\" content=\"Docutils 0.19: https://docutils.sourceforge.io/\" />\n", "rellinks": [["genindex", "General Index", "I", "index"], ["py-modindex", "Python Module Index", "", "modules"], ["API/_autosummary/pyaedt.modeler.object3dlayout.Line3dLayout.angle", "angle", "N", "next"], ["API/_autosummary/pyaedt.modeler.object3dlayout.Line3dLayout.set_property_value", "set_property_value", "P", "previous"]], "sourcename": "API/_autosummary/pyaedt.modeler.object3dlayout.Line3dLayout.absolute_angle.rst.txt", "toc": "<ul>\n<li><a class=\"reference internal\" href=\"#\">absolute_angle</a><ul>\n<li><a class=\"reference internal\" href=\"#pyaedt.modeler.object3dlayout.Line3dLayout.absolute_angle\"><code class=\"docutils literal notranslate\"><span class=\"pre\">Line3dLayout.absolute_angle</span></code></a></li>\n</ul>\n</li>\n</ul>\n", "display_toc": true, "page_source_suffix": ".rst", "current_page_name": "API/_autosummary/pyaedt.modeler.object3dlayout.Line3dLayout.absolute_angle", "sidebars": ["search-field.html", "sidebar-nav-bs.html"], "customsidebar": null, "favicon_url": null, "logo_url": null, "alabaster_version": "0.7.12", "theme_show_toc_level": 1, "theme_logo": {}}