{"parents": [{"link": "../../", "title": "API reference"}, {"link": "../../Common/", "title": "Desktop and common classes"}, {"link": "../../Stackup3D/", "title": "Stackup 3D components"}, {"link": "../pyaedt.modeler.stackup_3d.Padstack/", "title": "pyaedt.modeler.stackup_3d.Padstack"}], "prev": {"link": "../pyaedt.modeler.stackup_3d.Padstack.set_all_antipad_value/", "title": "set_all_antipad_value"}, "next": {"link": "../pyaedt.modeler.stackup_3d.Padstack.set_start_layer/", "title": "set_start_layer"}, "title": "set_all_pad_value", "meta": {}, "body": "<section id=\"set-all-pad-value\">\n<h1>set_all_pad_value<a class=\"headerlink\" href=\"#set-all-pad-value\" title=\"Permalink to this heading\">#</a></h1>\n<dl class=\"py method\">\n<dt class=\"sig sig-object py\" id=\"pyaedt.modeler.stackup_3d.Padstack.set_all_pad_value\">\n<span class=\"sig-prename descclassname\"><span class=\"pre\">Padstack.</span></span><span class=\"sig-name descname\"><span class=\"pre\">set_all_pad_value</span></span><span class=\"sig-paren\">(</span><em class=\"sig-param\"><span class=\"n\"><span class=\"pre\">value</span></span></em><span class=\"sig-paren\">)</span><a class=\"reference internal\" href=\"../../../_modules/pyaedt/modeler/stackup_3d/#Padstack.set_all_pad_value\"><span class=\"viewcode-link\"><span class=\"pre\">[source]</span></span></a><a class=\"headerlink\" href=\"#pyaedt.modeler.stackup_3d.Padstack.set_all_pad_value\" title=\"Permalink to this definition\">#</a></dt>\n<dd><p>Set all pads in all layers to a specified value.</p>\n<dl class=\"field-list\">\n<dt class=\"field-odd\">Parameters<span class=\"colon\">:</span></dt>\n<dd class=\"field-odd\"><dl>\n<dt><strong>value</strong><span class=\"classifier\"><a class=\"reference external\" href=\"https://docs.python.org/dev/library/functions.html#float\" title=\"(in Python v3.12)\"><code class=\"docutils literal notranslate\"><span class=\"pre\">float</span></code></a></span></dt><dd><p>Pad radius.</p>\n</dd>\n</dl>\n</dd>\n<dt class=\"field-even\">Returns<span class=\"colon\">:</span></dt>\n<dd class=\"field-even\"><dl class=\"simple\">\n<dt><a class=\"reference external\" href=\"https://docs.python.org/dev/library/stdtypes.html#bltin-boolean-values\" title=\"(in Python v3.12)\"><span class=\"xref std std-ref\">bool</span></a></dt><dd><p>\u201cTrue`` when successful, <code class=\"docutils literal notranslate\"><span class=\"pre\">False</span></code> when failed.</p>\n</dd>\n</dl>\n</dd>\n</dl>\n</dd></dl>\n\n</section>\n", "metatags": "<meta name=\"generator\" content=\"Docutils 0.19: https://docutils.sourceforge.io/\" />\n", "rellinks": [["genindex", "General Index", "I", "index"], ["py-modindex", "Python Module Index", "", "modules"], ["API/_autosummary/pyaedt.modeler.stackup_3d.Padstack.set_start_layer", "set_start_layer", "N", "next"], ["API/_autosummary/pyaedt.modeler.stackup_3d.Padstack.set_all_antipad_value", "set_all_antipad_value", "P", "previous"]], "sourcename": "API/_autosummary/pyaedt.modeler.stackup_3d.Padstack.set_all_pad_value.rst.txt", "toc": "<ul>\n<li><a class=\"reference internal\" href=\"#\">set_all_pad_value</a><ul>\n<li><a class=\"reference internal\" href=\"#pyaedt.modeler.stackup_3d.Padstack.set_all_pad_value\"><code class=\"docutils literal notranslate\"><span class=\"pre\">Padstack.set_all_pad_value()</span></code></a></li>\n</ul>\n</li>\n</ul>\n", "display_toc": true, "page_source_suffix": ".rst", "current_page_name": "API/_autosummary/pyaedt.modeler.stackup_3d.Padstack.set_all_pad_value", "sidebars": ["search-field.html", "sidebar-nav-bs.html"], "customsidebar": null, "favicon_url": null, "logo_url": null, "alabaster_version": "0.7.12", "theme_show_toc_level": 1, "theme_logo": {}}