{"parents": [{"link": "../../", "title": "API reference"}, {"link": "../../Post/", "title": "Postprocessing"}, {"link": "../pyaedt.modules.solutions.FfdSolutionData/", "title": "pyaedt.modules.solutions.FfdSolutionData"}], "prev": {"link": "../pyaedt.modules.solutions.FfdSolutionData.frequency/", "title": "frequency"}, "next": {"link": "../pyaedt.modules.AdvancedPostProcessing.ModelPlotter/", "title": "pyaedt.modules.AdvancedPostProcessing.ModelPlotter"}, "title": "phase_offset", "meta": {}, "body": "<section id=\"phase-offset\">\n<h1>phase_offset<a class=\"headerlink\" href=\"#phase-offset\" title=\"Permalink to this heading\">#</a></h1>\n<dl class=\"py property\">\n<dt class=\"sig sig-object py\" id=\"pyaedt.modules.solutions.FfdSolutionData.phase_offset\">\n<em class=\"property\"><span class=\"pre\">property</span><span class=\"w\"> </span></em><span class=\"sig-prename descclassname\"><span class=\"pre\">FfdSolutionData.</span></span><span class=\"sig-name descname\"><span class=\"pre\">phase_offset</span></span><a class=\"headerlink\" href=\"#pyaedt.modules.solutions.FfdSolutionData.phase_offset\" title=\"Permalink to this definition\">#</a></dt>\n<dd><p>Additional phase offset in degrees on each port. Useful when element has more than one port.</p>\n<dl class=\"field-list simple\">\n<dt class=\"field-odd\">Returns<span class=\"colon\">:</span></dt>\n<dd class=\"field-odd\"><dl class=\"simple\">\n<dt><a class=\"reference external\" href=\"https://docs.python.org/dev/library/stdtypes.html#list\" title=\"(in Python v3.12)\"><code class=\"docutils literal notranslate\"><span class=\"pre\">list</span></code></a></dt><dd></dd>\n</dl>\n</dd>\n</dl>\n</dd></dl>\n\n</section>\n", "metatags": "<meta name=\"generator\" content=\"Docutils 0.19: https://docutils.sourceforge.io/\" />\n", "rellinks": [["genindex", "General Index", "I", "index"], ["py-modindex", "Python Module Index", "", "modules"], ["API/_autosummary/pyaedt.modules.AdvancedPostProcessing.ModelPlotter", "pyaedt.modules.AdvancedPostProcessing.ModelPlotter", "N", "next"], ["API/_autosummary/pyaedt.modules.solutions.FfdSolutionData.frequency", "frequency", "P", "previous"]], "sourcename": "API/_autosummary/pyaedt.modules.solutions.FfdSolutionData.phase_offset.rst.txt", "toc": "<ul>\n<li><a class=\"reference internal\" href=\"#\">phase_offset</a><ul>\n<li><a class=\"reference internal\" href=\"#pyaedt.modules.solutions.FfdSolutionData.phase_offset\"><code class=\"docutils literal notranslate\"><span class=\"pre\">FfdSolutionData.phase_offset</span></code></a></li>\n</ul>\n</li>\n</ul>\n", "display_toc": true, "page_source_suffix": ".rst", "current_page_name": "API/_autosummary/pyaedt.modules.solutions.FfdSolutionData.phase_offset", "sidebars": ["search-field.html", "sidebar-nav-bs.html"], "customsidebar": null, "favicon_url": null, "logo_url": null, "alabaster_version": "0.7.12", "theme_show_toc_level": 1, "theme_logo": {}}