{"parents": [{"link": "../../", "title": "API reference"}, {"link": "../../Application/", "title": "AEDT apps"}, {"link": "../pyaedt.Mechanical/", "title": "pyaedt.Mechanical"}], "prev": {"link": "../pyaedt.Mechanical.omaterial_manager/", "title": "omaterial_manager"}, "next": {"link": "../pyaedt.Mechanical.omeshmodule/", "title": "omeshmodule"}, "title": "omatrix", "meta": {}, "body": "<section id=\"omatrix\">\n<h1>omatrix<a class=\"headerlink\" href=\"#omatrix\" title=\"Permalink to this heading\">#</a></h1>\n<dl class=\"py property\">\n<dt class=\"sig sig-object py\" id=\"pyaedt.Mechanical.omatrix\">\n<em class=\"property\"><span class=\"pre\">property</span><span class=\"w\"> </span></em><span class=\"sig-prename descclassname\"><span class=\"pre\">Mechanical.</span></span><span class=\"sig-name descname\"><span class=\"pre\">omatrix</span></span><a class=\"headerlink\" href=\"#pyaedt.Mechanical.omatrix\" title=\"Permalink to this definition\">#</a></dt>\n<dd><p>Matrix Object.</p>\n</dd></dl>\n\n</section>\n", "metatags": "<meta name=\"generator\" content=\"Docutils 0.19: https://docutils.sourceforge.io/\" />\n", "rellinks": [["genindex", "General Index", "I", "index"], ["py-modindex", "Python Module Index", "", "modules"], ["API/_autosummary/pyaedt.Mechanical.omeshmodule", "omeshmodule", "N", "next"], ["API/_autosummary/pyaedt.Mechanical.omaterial_manager", "omaterial_manager", "P", "previous"]], "sourcename": "API/_autosummary/pyaedt.Mechanical.omatrix.rst.txt", "toc": "<ul>\n<li><a class=\"reference internal\" href=\"#\">omatrix</a><ul>\n<li><a class=\"reference internal\" href=\"#pyaedt.Mechanical.omatrix\"><code class=\"docutils literal notranslate\"><span class=\"pre\">Mechanical.omatrix</span></code></a></li>\n</ul>\n</li>\n</ul>\n", "display_toc": true, "page_source_suffix": ".rst", "current_page_name": "API/_autosummary/pyaedt.Mechanical.omatrix", "sidebars": ["search-field.html", "sidebar-nav-bs.html"], "customsidebar": null, "favicon_url": null, "logo_url": null, "alabaster_version": "0.7.12", "theme_show_toc_level": 1, "theme_logo": {}}