{"parents": [{"link": "../../", "title": "API reference"}, {"link": "../../CoreModules/", "title": "AEDT modules"}, {"link": "../../Boundaries/", "title": "Boundary objects"}, {"link": "../pyaedt.modules.Boundary.BoundaryObject3dLayout/", "title": "pyaedt.modules.Boundary.BoundaryObject3dLayout"}], "prev": {"link": "../pyaedt.modules.Boundary.BoundaryObject3dLayout.available_properties/", "title": "available_properties"}, "next": {"link": "../pyaedt.modules.Boundary.FarFieldSetup/", "title": "pyaedt.modules.Boundary.FarFieldSetup"}, "title": "name", "meta": {}, "body": "<section id=\"name\">\n<h1>name<a class=\"headerlink\" href=\"#name\" title=\"Permalink to this heading\">#</a></h1>\n<dl class=\"py property\">\n<dt class=\"sig sig-object py\" id=\"pyaedt.modules.Boundary.BoundaryObject3dLayout.name\">\n<em class=\"property\"><span class=\"pre\">property</span><span class=\"w\"> </span></em><span class=\"sig-prename descclassname\"><span class=\"pre\">BoundaryObject3dLayout.</span></span><span class=\"sig-name descname\"><span class=\"pre\">name</span></span><a class=\"headerlink\" href=\"#pyaedt.modules.Boundary.BoundaryObject3dLayout.name\" title=\"Permalink to this definition\">#</a></dt>\n<dd><p>Boundary Name.</p>\n</dd></dl>\n\n</section>\n", "metatags": "<meta name=\"generator\" content=\"Docutils 0.19: https://docutils.sourceforge.io/\" />\n", "rellinks": [["genindex", "General Index", "I", "index"], ["py-modindex", "Python Module Index", "", "modules"], ["API/_autosummary/pyaedt.modules.Boundary.FarFieldSetup", "pyaedt.modules.Boundary.FarFieldSetup", "N", "next"], ["API/_autosummary/pyaedt.modules.Boundary.BoundaryObject3dLayout.available_properties", "available_properties", "P", "previous"]], "sourcename": "API/_autosummary/pyaedt.modules.Boundary.BoundaryObject3dLayout.name.rst.txt", "toc": "<ul>\n<li><a class=\"reference internal\" href=\"#\">name</a><ul>\n<li><a class=\"reference internal\" href=\"#pyaedt.modules.Boundary.BoundaryObject3dLayout.name\"><code class=\"docutils literal notranslate\"><span class=\"pre\">BoundaryObject3dLayout.name</span></code></a></li>\n</ul>\n</li>\n</ul>\n", "display_toc": true, "page_source_suffix": ".rst", "current_page_name": "API/_autosummary/pyaedt.modules.Boundary.BoundaryObject3dLayout.name", "sidebars": ["search-field.html", "sidebar-nav-bs.html"], "customsidebar": null, "favicon_url": null, "logo_url": null, "alabaster_version": "0.7.12", "theme_show_toc_level": 1, "theme_logo": {}}