{"parents": [{"link": "../../", "title": "API reference"}, {"link": "../../Primitives/", "title": "Modeler and  primitives"}, {"link": "../pyaedt.modeler.Primitives3DLayout.Primitives3DLayout/", "title": "pyaedt.modeler.Primitives3DLayout.Primitives3DLayout"}], "prev": {"link": "../pyaedt.modeler.Primitives3DLayout.Primitives3DLayout.polygons_voids/", "title": "polygons_voids"}, "next": {"link": "../pyaedt.modeler.Primitives3DLayout.Primitives3DLayout.rectangles/", "title": "rectangles"}, "title": "power_nets", "meta": {}, "body": "<section id=\"power-nets\">\n<h1>power_nets<a class=\"headerlink\" href=\"#power-nets\" title=\"Permalink to this heading\">#</a></h1>\n<dl class=\"py property\">\n<dt class=\"sig sig-object py\" id=\"pyaedt.modeler.Primitives3DLayout.Primitives3DLayout.power_nets\">\n<em class=\"property\"><span class=\"pre\">property</span><span class=\"w\"> </span></em><span class=\"sig-prename descclassname\"><span class=\"pre\">Primitives3DLayout.</span></span><span class=\"sig-name descname\"><span class=\"pre\">power_nets</span></span><a class=\"headerlink\" href=\"#pyaedt.modeler.Primitives3DLayout.Primitives3DLayout.power_nets\" title=\"Permalink to this definition\">#</a></dt>\n<dd><p>Nets.</p>\n<dl class=\"field-list\">\n<dt class=\"field-odd\">Returns<span class=\"colon\">:</span></dt>\n<dd class=\"field-odd\"><dl>\n<dt><strong>dict[str,</strong><span class=\"classifier\">class:<cite>pyaedt.modeler.object3dlayout.Nets3DLayout</cite>]</span></dt><dd><p>Power Nets Dictionary.</p>\n</dd>\n</dl>\n</dd>\n</dl>\n</dd></dl>\n\n</section>\n", "metatags": "<meta name=\"generator\" content=\"Docutils 0.19: https://docutils.sourceforge.io/\" />\n", "rellinks": [["genindex", "General Index", "I", "index"], ["py-modindex", "Python Module Index", "", "modules"], ["API/_autosummary/pyaedt.modeler.Primitives3DLayout.Primitives3DLayout.rectangles", "rectangles", "N", "next"], ["API/_autosummary/pyaedt.modeler.Primitives3DLayout.Primitives3DLayout.polygons_voids", "polygons_voids", "P", "previous"]], "sourcename": "API/_autosummary/pyaedt.modeler.Primitives3DLayout.Primitives3DLayout.power_nets.rst.txt", "toc": "<ul>\n<li><a class=\"reference internal\" href=\"#\">power_nets</a><ul>\n<li><a class=\"reference internal\" href=\"#pyaedt.modeler.Primitives3DLayout.Primitives3DLayout.power_nets\"><code class=\"docutils literal notranslate\"><span class=\"pre\">Primitives3DLayout.power_nets</span></code></a></li>\n</ul>\n</li>\n</ul>\n", "display_toc": true, "page_source_suffix": ".rst", "current_page_name": "API/_autosummary/pyaedt.modeler.Primitives3DLayout.Primitives3DLayout.power_nets", "sidebars": ["search-field.html", "sidebar-nav-bs.html"], "customsidebar": null, "favicon_url": null, "logo_url": null, "alabaster_version": "0.7.12", "theme_show_toc_level": 1, "theme_logo": {}}