{"parents": [{"link": "../../", "title": "API reference"}, {"link": "../../Primitives/", "title": "Modeler and  primitives"}, {"link": "../pyaedt.modeler.PrimitivesTwinBuilder.TwinBuilderComponents/", "title": "pyaedt.modeler.PrimitivesTwinBuilder.TwinBuilderComponents"}], "prev": {"link": "../pyaedt.modeler.PrimitivesTwinBuilder.TwinBuilderComponents.create_symbol/", "title": "create_symbol"}, "next": {"link": "../pyaedt.modeler.PrimitivesTwinBuilder.TwinBuilderComponents.create_unique_id/", "title": "create_unique_id"}, "title": "create_touchsthone_component", "meta": {}, "body": "<section id=\"create-touchsthone-component\">\n<h1>create_touchsthone_component<a class=\"headerlink\" href=\"#create-touchsthone-component\" title=\"Permalink to this heading\">#</a></h1>\n<dl class=\"py method\">\n<dt class=\"sig sig-object py\" id=\"pyaedt.modeler.PrimitivesTwinBuilder.TwinBuilderComponents.create_touchsthone_component\">\n<span class=\"sig-prename descclassname\"><span class=\"pre\">TwinBuilderComponents.</span></span><span class=\"sig-name descname\"><span class=\"pre\">create_touchsthone_component</span></span><span class=\"sig-paren\">(</span><em class=\"sig-param\"><span class=\"n\"><span class=\"pre\">model_name</span></span></em>, <em class=\"sig-param\"><span class=\"n\"><span class=\"pre\">location</span></span><span class=\"o\"><span class=\"pre\">=</span></span><span class=\"default_value\"><span class=\"pre\">[]</span></span></em>, <em class=\"sig-param\"><span class=\"n\"><span class=\"pre\">angle</span></span><span class=\"o\"><span class=\"pre\">=</span></span><span class=\"default_value\"><span class=\"pre\">0</span></span></em><span class=\"sig-paren\">)</span><a class=\"headerlink\" href=\"#pyaedt.modeler.PrimitivesTwinBuilder.TwinBuilderComponents.create_touchsthone_component\" title=\"Permalink to this definition\">#</a></dt>\n<dd><p>Create a component from a Touchstone model.</p>\n<dl class=\"field-list\">\n<dt class=\"field-odd\">Parameters<span class=\"colon\">:</span></dt>\n<dd class=\"field-odd\"><dl>\n<dt><strong>model_name</strong><span class=\"classifier\"><a class=\"reference external\" href=\"https://docs.python.org/dev/library/stdtypes.html#str\" title=\"(in Python v3.12)\"><code class=\"docutils literal notranslate\"><span class=\"pre\">str</span></code></a></span></dt><dd><p>Name of the Touchstone model or full path to touchstone file.\nIf full touchstone is provided then, new model will be created.</p>\n</dd>\n<dt><strong>location</strong><span class=\"classifier\"><a class=\"reference external\" href=\"https://docs.python.org/dev/library/stdtypes.html#list\" title=\"(in Python v3.12)\"><code class=\"docutils literal notranslate\"><span class=\"pre\">list</span></code></a> <code class=\"xref py py-obj docutils literal notranslate\"><span class=\"pre\">of</span></code> <a class=\"reference external\" href=\"https://docs.python.org/dev/library/functions.html#float\" title=\"(in Python v3.12)\"><code class=\"docutils literal notranslate\"><span class=\"pre\">float</span></code></a>, <code class=\"xref py py-obj docutils literal notranslate\"><span class=\"pre\">optional</span></code></span></dt><dd><p>Position on the X  and Y axis.</p>\n</dd>\n<dt><strong>angle</strong><span class=\"classifier\"><a class=\"reference external\" href=\"https://docs.python.org/dev/library/functions.html#float\" title=\"(in Python v3.12)\"><code class=\"docutils literal notranslate\"><span class=\"pre\">float</span></code></a>, <code class=\"xref py py-obj docutils literal notranslate\"><span class=\"pre\">optional</span></code></span></dt><dd><p>Angle rotation in degrees. The default is <code class=\"docutils literal notranslate\"><span class=\"pre\">0</span></code>.</p>\n</dd>\n</dl>\n</dd>\n<dt class=\"field-even\">Returns<span class=\"colon\">:</span></dt>\n<dd class=\"field-even\"><dl class=\"simple\">\n<dt><a class=\"reference internal\" href=\"../pyaedt.modeler.Object3d.CircuitComponent/#pyaedt.modeler.Object3d.CircuitComponent\" title=\"pyaedt.modeler.Object3d.CircuitComponent\"><code class=\"xref py py-class docutils literal notranslate\"><span class=\"pre\">pyaedt.modeler.Object3d.CircuitComponent</span></code></a></dt><dd><p>Circuit Component Object.</p>\n</dd>\n</dl>\n</dd>\n</dl>\n<p class=\"rubric\">References</p>\n<div class=\"doctest highlight-default notranslate\"><div class=\"highlight\"><pre><span></span><span class=\"gp\">&gt;&gt;&gt; </span><span class=\"n\">oModelManager</span><span class=\"o\">.</span><span class=\"n\">Add</span>\n<span class=\"gp\">&gt;&gt;&gt; </span><span class=\"n\">oComponentManager</span><span class=\"o\">.</span><span class=\"n\">Add</span>\n<span class=\"gp\">&gt;&gt;&gt; </span><span class=\"n\">oEditor</span><span class=\"o\">.</span><span class=\"n\">CreateComponent</span>\n</pre></div>\n</div>\n</dd></dl>\n\n</section>\n", "metatags": "<meta name=\"generator\" content=\"Docutils 0.19: https://docutils.sourceforge.io/\" />\n", "rellinks": [["genindex", "General Index", "I", "index"], ["py-modindex", "Python Module Index", "", "modules"], ["API/_autosummary/pyaedt.modeler.PrimitivesTwinBuilder.TwinBuilderComponents.create_unique_id", "create_unique_id", "N", "next"], ["API/_autosummary/pyaedt.modeler.PrimitivesTwinBuilder.TwinBuilderComponents.create_symbol", "create_symbol", "P", "previous"]], "sourcename": "API/_autosummary/pyaedt.modeler.PrimitivesTwinBuilder.TwinBuilderComponents.create_touchsthone_component.rst.txt", "toc": "<ul>\n<li><a class=\"reference internal\" href=\"#\">create_touchsthone_component</a><ul>\n<li><a class=\"reference internal\" href=\"#pyaedt.modeler.PrimitivesTwinBuilder.TwinBuilderComponents.create_touchsthone_component\"><code class=\"docutils literal notranslate\"><span class=\"pre\">TwinBuilderComponents.create_touchsthone_component()</span></code></a></li>\n</ul>\n</li>\n</ul>\n", "display_toc": true, "page_source_suffix": ".rst", "current_page_name": "API/_autosummary/pyaedt.modeler.PrimitivesTwinBuilder.TwinBuilderComponents.create_touchsthone_component", "sidebars": ["search-field.html", "sidebar-nav-bs.html"], "customsidebar": null, "favicon_url": null, "logo_url": null, "alabaster_version": "0.7.12", "theme_show_toc_level": 1, "theme_logo": {}}