{"parents": [{"link": "../../", "title": "API reference"}, {"link": "../../Post/", "title": "Postprocessing"}, {"link": "../pyaedt.modules.report_templates.Fields/", "title": "pyaedt.modules.report_templates.Fields"}], "prev": {"link": "../pyaedt.modules.report_templates.Fields.report_category/", "title": "report_category"}, "next": {"link": "../pyaedt.modules.report_templates.Fields.secondary_sweep/", "title": "secondary_sweep"}, "title": "report_type", "meta": {}, "body": "<section id=\"report-type\">\n<h1>report_type<a class=\"headerlink\" href=\"#report-type\" title=\"Permalink to this heading\">#</a></h1>\n<dl class=\"py property\">\n<dt class=\"sig sig-object py\" id=\"pyaedt.modules.report_templates.Fields.report_type\">\n<em class=\"property\"><span class=\"pre\">property</span><span class=\"w\"> </span></em><span class=\"sig-prename descclassname\"><span class=\"pre\">Fields.</span></span><span class=\"sig-name descname\"><span class=\"pre\">report_type</span></span><a class=\"headerlink\" href=\"#pyaedt.modules.report_templates.Fields.report_type\" title=\"Permalink to this definition\">#</a></dt>\n<dd><p>Report type. Options are <code class=\"docutils literal notranslate\"><span class=\"pre\">&quot;3D</span> <span class=\"pre\">Polar</span> <span class=\"pre\">Plot&quot;</span></code>, <code class=\"docutils literal notranslate\"><span class=\"pre\">&quot;3D</span> <span class=\"pre\">Spherical</span> <span class=\"pre\">Plot&quot;</span></code>,\n<code class=\"docutils literal notranslate\"><span class=\"pre\">&quot;Radiation</span> <span class=\"pre\">Pattern&quot;</span></code>, <code class=\"docutils literal notranslate\"><span class=\"pre\">&quot;Rectangular</span> <span class=\"pre\">Plot&quot;</span></code>, <code class=\"docutils literal notranslate\"><span class=\"pre\">&quot;Data</span> <span class=\"pre\">Table&quot;</span></code>,\n<code class=\"docutils literal notranslate\"><span class=\"pre\">&quot;Smith</span> <span class=\"pre\">Chart&quot;</span></code>, and <code class=\"docutils literal notranslate\"><span class=\"pre\">&quot;Rectangular</span> <span class=\"pre\">Contour</span> <span class=\"pre\">Plot&quot;</span></code>.</p>\n<dl class=\"field-list simple\">\n<dt class=\"field-odd\">Returns<span class=\"colon\">:</span></dt>\n<dd class=\"field-odd\"><dl class=\"simple\">\n<dt><a class=\"reference external\" href=\"https://docs.python.org/dev/library/stdtypes.html#str\" title=\"(in Python v3.12)\"><code class=\"docutils literal notranslate\"><span class=\"pre\">str</span></code></a></dt><dd></dd>\n</dl>\n</dd>\n</dl>\n</dd></dl>\n\n</section>\n", "metatags": "<meta name=\"generator\" content=\"Docutils 0.19: https://docutils.sourceforge.io/\" />\n", "rellinks": [["genindex", "General Index", "I", "index"], ["py-modindex", "Python Module Index", "", "modules"], ["API/_autosummary/pyaedt.modules.report_templates.Fields.secondary_sweep", "secondary_sweep", "N", "next"], ["API/_autosummary/pyaedt.modules.report_templates.Fields.report_category", "report_category", "P", "previous"]], "sourcename": "API/_autosummary/pyaedt.modules.report_templates.Fields.report_type.rst.txt", "toc": "<ul>\n<li><a class=\"reference internal\" href=\"#\">report_type</a><ul>\n<li><a class=\"reference internal\" href=\"#pyaedt.modules.report_templates.Fields.report_type\"><code class=\"docutils literal notranslate\"><span class=\"pre\">Fields.report_type</span></code></a></li>\n</ul>\n</li>\n</ul>\n", "display_toc": true, "page_source_suffix": ".rst", "current_page_name": "API/_autosummary/pyaedt.modules.report_templates.Fields.report_type", "sidebars": ["search-field.html", "sidebar-nav-bs.html"], "customsidebar": null, "favicon_url": null, "logo_url": null, "alabaster_version": "0.7.12", "theme_show_toc_level": 1, "theme_logo": {}}