{"parents": [{"link": "../../", "title": "API reference"}, {"link": "../../Application/", "title": "AEDT apps"}, {"link": "../pyaedt.TwinBuilder/", "title": "pyaedt.TwinBuilder"}], "prev": {"link": "../pyaedt.TwinBuilder.delete_separator/", "title": "delete_separator"}, "next": {"link": "../pyaedt.TwinBuilder.delete_variable/", "title": "delete_variable"}, "title": "delete_setup", "meta": {}, "body": "<section id=\"delete-setup\">\n<h1>delete_setup<a class=\"headerlink\" href=\"#delete-setup\" title=\"Permalink to this heading\">#</a></h1>\n<dl class=\"py method\">\n<dt class=\"sig sig-object py\" id=\"pyaedt.TwinBuilder.delete_setup\">\n<span class=\"sig-prename descclassname\"><span class=\"pre\">TwinBuilder.</span></span><span class=\"sig-name descname\"><span class=\"pre\">delete_setup</span></span><span class=\"sig-paren\">(</span><em class=\"sig-param\"><span class=\"n\"><span class=\"pre\">setupname</span></span></em><span class=\"sig-paren\">)</span><a class=\"headerlink\" href=\"#pyaedt.TwinBuilder.delete_setup\" title=\"Permalink to this definition\">#</a></dt>\n<dd><p>Delete a setup.</p>\n<dl class=\"field-list\">\n<dt class=\"field-odd\">Parameters<span class=\"colon\">:</span></dt>\n<dd class=\"field-odd\"><dl>\n<dt><strong>setupname</strong><span class=\"classifier\"><a class=\"reference external\" href=\"https://docs.python.org/dev/library/stdtypes.html#str\" title=\"(in Python v3.12)\"><code class=\"docutils literal notranslate\"><span class=\"pre\">str</span></code></a></span></dt><dd><p>Name of the setup.</p>\n</dd>\n</dl>\n</dd>\n<dt class=\"field-even\">Returns<span class=\"colon\">:</span></dt>\n<dd class=\"field-even\"><dl class=\"simple\">\n<dt><a class=\"reference external\" href=\"https://docs.python.org/dev/library/stdtypes.html#bltin-boolean-values\" title=\"(in Python v3.12)\"><span class=\"xref std std-ref\">bool</span></a></dt><dd><p><code class=\"docutils literal notranslate\"><span class=\"pre\">True</span></code> when successful, <code class=\"docutils literal notranslate\"><span class=\"pre\">False</span></code> when failed.</p>\n</dd>\n</dl>\n</dd>\n</dl>\n<p class=\"rubric\">References</p>\n<div class=\"doctest highlight-default notranslate\"><div class=\"highlight\"><pre><span></span><span class=\"gp\">&gt;&gt;&gt; </span><span class=\"n\">oModule</span><span class=\"o\">.</span><span class=\"n\">DeleteSetups</span>\n</pre></div>\n</div>\n<p class=\"rubric\">Examples</p>\n<p>Create a setup and then delete it.</p>\n<div class=\"doctest highlight-default notranslate\"><div class=\"highlight\"><pre><span></span><span class=\"gp\">&gt;&gt;&gt; </span><span class=\"kn\">import</span> <span class=\"nn\">pyaedt</span>\n<span class=\"gp\">&gt;&gt;&gt; </span><span class=\"n\">hfss</span> <span class=\"o\">=</span> <span class=\"n\">pyaedt</span><span class=\"o\">.</span><span class=\"n\">Hfss</span><span class=\"p\">()</span>\n<span class=\"gp\">&gt;&gt;&gt; </span><span class=\"n\">setup1</span> <span class=\"o\">=</span> <span class=\"n\">hfss</span><span class=\"o\">.</span><span class=\"n\">create_setup</span><span class=\"p\">(</span><span class=\"n\">setupname</span><span class=\"o\">=</span><span class=\"s1\">&#39;Setup1&#39;</span><span class=\"p\">)</span>\n<span class=\"gp\">&gt;&gt;&gt; </span><span class=\"n\">hfss</span><span class=\"o\">.</span><span class=\"n\">delete_setup</span><span class=\"p\">(</span><span class=\"n\">setupname</span><span class=\"o\">=</span><span class=\"s1\">&#39;Setup1&#39;</span><span class=\"p\">)</span>\n<span class=\"gp\">...</span>\n<span class=\"go\">pyaedt info: Sweep was deleted correctly.</span>\n</pre></div>\n</div>\n</dd></dl>\n\n</section>\n", "metatags": "<meta name=\"generator\" content=\"Docutils 0.19: https://docutils.sourceforge.io/\" />\n", "rellinks": [["genindex", "General Index", "I", "index"], ["py-modindex", "Python Module Index", "", "modules"], ["API/_autosummary/pyaedt.TwinBuilder.delete_variable", "delete_variable", "N", "next"], ["API/_autosummary/pyaedt.TwinBuilder.delete_separator", "delete_separator", "P", "previous"]], "sourcename": "API/_autosummary/pyaedt.TwinBuilder.delete_setup.rst.txt", "toc": "<ul>\n<li><a class=\"reference internal\" href=\"#\">delete_setup</a><ul>\n<li><a class=\"reference internal\" href=\"#pyaedt.TwinBuilder.delete_setup\"><code class=\"docutils literal notranslate\"><span class=\"pre\">TwinBuilder.delete_setup()</span></code></a></li>\n</ul>\n</li>\n</ul>\n", "display_toc": true, "page_source_suffix": ".rst", "current_page_name": "API/_autosummary/pyaedt.TwinBuilder.delete_setup", "sidebars": ["search-field.html", "sidebar-nav-bs.html"], "customsidebar": null, "favicon_url": null, "logo_url": null, "alabaster_version": "0.7.12", "theme_show_toc_level": 1, "theme_logo": {}}