{"parents": [{"link": "../../", "title": "API reference"}, {"link": "../../Primitives/", "title": "Modeler and  primitives"}, {"link": "../pyaedt.modeler.Modeler.CoordinateSystem/", "title": "pyaedt.modeler.Modeler.CoordinateSystem"}], "prev": {"link": "../pyaedt.modeler.Modeler.CoordinateSystem.create/", "title": "create"}, "next": {"link": "../pyaedt.modeler.Modeler.CoordinateSystem.rename/", "title": "rename"}, "title": "delete", "meta": {}, "body": "<section id=\"delete\">\n<h1>delete<a class=\"headerlink\" href=\"#delete\" title=\"Permalink to this heading\">#</a></h1>\n<dl class=\"py method\">\n<dt class=\"sig sig-object py\" id=\"pyaedt.modeler.Modeler.CoordinateSystem.delete\">\n<span class=\"sig-prename descclassname\"><span class=\"pre\">CoordinateSystem.</span></span><span class=\"sig-name descname\"><span class=\"pre\">delete</span></span><span class=\"sig-paren\">(</span><span class=\"sig-paren\">)</span><a class=\"headerlink\" href=\"#pyaedt.modeler.Modeler.CoordinateSystem.delete\" title=\"Permalink to this definition\">#</a></dt>\n<dd><p>Delete the coordinate system.</p>\n<dl class=\"field-list simple\">\n<dt class=\"field-odd\">Returns<span class=\"colon\">:</span></dt>\n<dd class=\"field-odd\"><dl class=\"simple\">\n<dt><a class=\"reference external\" href=\"https://docs.python.org/dev/library/stdtypes.html#bltin-boolean-values\" title=\"(in Python v3.12)\"><span class=\"xref std std-ref\">bool</span></a></dt><dd><p><code class=\"docutils literal notranslate\"><span class=\"pre\">True</span></code> when successful, <code class=\"docutils literal notranslate\"><span class=\"pre\">False</span></code> when failed.</p>\n</dd>\n</dl>\n</dd>\n</dl>\n<p class=\"rubric\">Examples</p>\n<p>Clean all coordinate systems of the design.</p>\n<div class=\"doctest highlight-default notranslate\"><div class=\"highlight\"><pre><span></span><span class=\"gp\">&gt;&gt;&gt; </span><span class=\"kn\">from</span> <span class=\"nn\">pyaedt</span> <span class=\"kn\">import</span> <span class=\"n\">Maxwell2d</span>\n<span class=\"gp\">&gt;&gt;&gt; </span><span class=\"n\">app</span> <span class=\"o\">=</span> <span class=\"n\">Maxwell2d</span><span class=\"p\">()</span>\n<span class=\"gp\">&gt;&gt;&gt; </span><span class=\"n\">cs_copy</span> <span class=\"o\">=</span> <span class=\"p\">[</span><span class=\"n\">i</span> <span class=\"k\">for</span> <span class=\"n\">i</span> <span class=\"ow\">in</span> <span class=\"n\">app</span><span class=\"o\">.</span><span class=\"n\">modeler</span><span class=\"o\">.</span><span class=\"n\">coordinate_systems</span><span class=\"p\">]</span>\n<span class=\"gp\">&gt;&gt;&gt; </span><span class=\"p\">[</span><span class=\"n\">i</span><span class=\"o\">.</span><span class=\"n\">delete</span><span class=\"p\">()</span> <span class=\"k\">for</span> <span class=\"n\">i</span> <span class=\"ow\">in</span> <span class=\"n\">cs_copy</span><span class=\"p\">]</span>\n</pre></div>\n</div>\n</dd></dl>\n\n</section>\n", "metatags": "<meta name=\"generator\" content=\"Docutils 0.19: https://docutils.sourceforge.io/\" />\n", "rellinks": [["genindex", "General Index", "I", "index"], ["py-modindex", "Python Module Index", "", "modules"], ["API/_autosummary/pyaedt.modeler.Modeler.CoordinateSystem.rename", "rename", "N", "next"], ["API/_autosummary/pyaedt.modeler.Modeler.CoordinateSystem.create", "create", "P", "previous"]], "sourcename": "API/_autosummary/pyaedt.modeler.Modeler.CoordinateSystem.delete.rst.txt", "toc": "<ul>\n<li><a class=\"reference internal\" href=\"#\">delete</a><ul>\n<li><a class=\"reference internal\" href=\"#pyaedt.modeler.Modeler.CoordinateSystem.delete\"><code class=\"docutils literal notranslate\"><span class=\"pre\">CoordinateSystem.delete()</span></code></a></li>\n</ul>\n</li>\n</ul>\n", "display_toc": true, "page_source_suffix": ".rst", "current_page_name": "API/_autosummary/pyaedt.modeler.Modeler.CoordinateSystem.delete", "sidebars": ["search-field.html", "sidebar-nav-bs.html"], "customsidebar": null, "favicon_url": null, "logo_url": null, "alabaster_version": "0.7.12", "theme_show_toc_level": 1, "theme_logo": {}}