{"parents": [{"link": "../../", "title": "API reference"}, {"link": "../../Setup/", "title": "Setup"}], "prev": {"link": "../pyaedt.modules.SetupTemplates.SweepHFSS3DLayout.is_solved/", "title": "is_solved"}, "next": {"link": "../pyaedt.modules.SetupTemplates.SweepMatrix.add_subrange/", "title": "add_subrange"}, "title": "pyaedt.modules.SetupTemplates.SweepMatrix", "meta": {}, "body": "<section id=\"pyaedt-modules-setuptemplates-sweepmatrix\">\n<h1>pyaedt.modules.SetupTemplates.SweepMatrix<a class=\"headerlink\" href=\"#pyaedt-modules-setuptemplates-sweepmatrix\" title=\"Permalink to this heading\">#</a></h1>\n<dl class=\"py class\">\n<dt class=\"sig sig-object py\" id=\"pyaedt.modules.SetupTemplates.SweepMatrix\">\n<em class=\"property\"><span class=\"pre\">class</span><span class=\"w\"> </span></em><span class=\"sig-prename descclassname\"><span class=\"pre\">pyaedt.modules.SetupTemplates.</span></span><span class=\"sig-name descname\"><span class=\"pre\">SweepMatrix</span></span><span class=\"sig-paren\">(</span><em class=\"sig-param\"><span class=\"n\"><span class=\"pre\">app</span></span></em>, <em class=\"sig-param\"><span class=\"n\"><span class=\"pre\">setupname</span></span></em>, <em class=\"sig-param\"><span class=\"n\"><span class=\"pre\">sweepname</span></span></em>, <em class=\"sig-param\"><span class=\"n\"><span class=\"pre\">sweeptype</span></span><span class=\"o\"><span class=\"pre\">=</span></span><span class=\"default_value\"><span class=\"pre\">'Interpolating'</span></span></em>, <em class=\"sig-param\"><span class=\"n\"><span class=\"pre\">props</span></span><span class=\"o\"><span class=\"pre\">=</span></span><span class=\"default_value\"><span class=\"pre\">None</span></span></em><span class=\"sig-paren\">)</span><a class=\"reference internal\" href=\"../../../_modules/pyaedt/modules/SetupTemplates/#SweepMatrix\"><span class=\"viewcode-link\"><span class=\"pre\">[source]</span></span></a><a class=\"headerlink\" href=\"#pyaedt.modules.SetupTemplates.SweepMatrix\" title=\"Permalink to this definition\">#</a></dt>\n<dd><p>Initializes, creates, and updates sweeps in Q3D.</p>\n<dl class=\"field-list\">\n<dt class=\"field-odd\">Parameters<span class=\"colon\">:</span></dt>\n<dd class=\"field-odd\"><dl>\n<dt><strong>oanalysis</strong></dt><dd></dd>\n<dt><strong>setupname</strong><span class=\"classifier\"><a class=\"reference external\" href=\"https://docs.python.org/dev/library/stdtypes.html#str\" title=\"(in Python v3.12)\"><code class=\"docutils literal notranslate\"><span class=\"pre\">str</span></code></a></span></dt><dd><p>Name of the setup.</p>\n</dd>\n<dt><strong>sweepname</strong><span class=\"classifier\"><a class=\"reference external\" href=\"https://docs.python.org/dev/library/stdtypes.html#str\" title=\"(in Python v3.12)\"><code class=\"docutils literal notranslate\"><span class=\"pre\">str</span></code></a></span></dt><dd><p>Name of the sweep.</p>\n</dd>\n<dt><strong>sweeptype</strong><span class=\"classifier\"><a class=\"reference external\" href=\"https://docs.python.org/dev/library/stdtypes.html#str\" title=\"(in Python v3.12)\"><code class=\"docutils literal notranslate\"><span class=\"pre\">str</span></code></a>, <code class=\"xref py py-obj docutils literal notranslate\"><span class=\"pre\">optional</span></code></span></dt><dd><p>Type of the sweep. Options are <code class=\"docutils literal notranslate\"><span class=\"pre\">&quot;Fast&quot;</span></code>, <code class=\"docutils literal notranslate\"><span class=\"pre\">&quot;Interpolating&quot;</span></code>,\nand <code class=\"docutils literal notranslate\"><span class=\"pre\">&quot;Discrete&quot;</span></code>. The default is <code class=\"docutils literal notranslate\"><span class=\"pre\">&quot;Interpolating&quot;</span></code>.</p>\n</dd>\n<dt><strong>props</strong><span class=\"classifier\"><a class=\"reference external\" href=\"https://docs.python.org/dev/library/stdtypes.html#dict\" title=\"(in Python v3.12)\"><code class=\"docutils literal notranslate\"><span class=\"pre\">dict</span></code></a></span></dt><dd><p>Dictionary of the properties.  The default is <code class=\"docutils literal notranslate\"><span class=\"pre\">None</span></code>, in which case\nthe default properties are retrieved.</p>\n</dd>\n</dl>\n</dd>\n</dl>\n<p class=\"rubric\">Methods</p>\n<table class=\"autosummary longtable docutils align-default\">\n<tbody>\n<tr class=\"row-odd\"><td><p><a class=\"reference internal\" href=\"../pyaedt.modules.SetupTemplates.SweepMatrix.add_subrange/#pyaedt.modules.SetupTemplates.SweepMatrix.add_subrange\" title=\"pyaedt.modules.SetupTemplates.SweepMatrix.add_subrange\"><code class=\"xref py py-obj docutils literal notranslate\"><span class=\"pre\">SweepMatrix.add_subrange</span></code></a>(type,\u00a0start[,\u00a0end,\u00a0...])</p></td>\n<td><p>Add a subrange to the sweep.</p></td>\n</tr>\n<tr class=\"row-even\"><td><p><a class=\"reference internal\" href=\"../pyaedt.modules.SetupTemplates.SweepMatrix.create/#pyaedt.modules.SetupTemplates.SweepMatrix.create\" title=\"pyaedt.modules.SetupTemplates.SweepMatrix.create\"><code class=\"xref py py-obj docutils literal notranslate\"><span class=\"pre\">SweepMatrix.create</span></code></a>()</p></td>\n<td><p>Create a sweep.</p></td>\n</tr>\n<tr class=\"row-odd\"><td><p><a class=\"reference internal\" href=\"../pyaedt.modules.SetupTemplates.SweepMatrix.update/#pyaedt.modules.SetupTemplates.SweepMatrix.update\" title=\"pyaedt.modules.SetupTemplates.SweepMatrix.update\"><code class=\"xref py py-obj docutils literal notranslate\"><span class=\"pre\">SweepMatrix.update</span></code></a>()</p></td>\n<td><p>Update the sweep.</p></td>\n</tr>\n</tbody>\n</table>\n<p class=\"rubric\">Attributes</p>\n<table class=\"autosummary longtable docutils align-default\">\n<tbody>\n<tr class=\"row-odd\"><td><p><a class=\"reference internal\" href=\"../pyaedt.modules.SetupTemplates.SweepMatrix.basis_frequencies/#pyaedt.modules.SetupTemplates.SweepMatrix.basis_frequencies\" title=\"pyaedt.modules.SetupTemplates.SweepMatrix.basis_frequencies\"><code class=\"xref py py-obj docutils literal notranslate\"><span class=\"pre\">SweepMatrix.basis_frequencies</span></code></a></p></td>\n<td><p>Get the list of all frequencies that have fields available.</p></td>\n</tr>\n<tr class=\"row-even\"><td><p><a class=\"reference internal\" href=\"../pyaedt.modules.SetupTemplates.SweepMatrix.frequencies/#pyaedt.modules.SetupTemplates.SweepMatrix.frequencies\" title=\"pyaedt.modules.SetupTemplates.SweepMatrix.frequencies\"><code class=\"xref py py-obj docutils literal notranslate\"><span class=\"pre\">SweepMatrix.frequencies</span></code></a></p></td>\n<td><p>Get the list of all frequencies of the active sweep.</p></td>\n</tr>\n<tr class=\"row-odd\"><td><p><a class=\"reference internal\" href=\"../pyaedt.modules.SetupTemplates.SweepMatrix.is_solved/#pyaedt.modules.SetupTemplates.SweepMatrix.is_solved\" title=\"pyaedt.modules.SetupTemplates.SweepMatrix.is_solved\"><code class=\"xref py py-obj docutils literal notranslate\"><span class=\"pre\">SweepMatrix.is_solved</span></code></a></p></td>\n<td><p>Verify if solutions are available for given sweep.</p></td>\n</tr>\n</tbody>\n</table>\n</dd></dl>\n\n</section>\n", "metatags": "<meta name=\"generator\" content=\"Docutils 0.19: https://docutils.sourceforge.io/\" />\n", "rellinks": [["genindex", "General Index", "I", "index"], ["py-modindex", "Python Module Index", "", "modules"], ["API/_autosummary/pyaedt.modules.SetupTemplates.SweepMatrix.add_subrange", "add_subrange", "N", "next"], ["API/_autosummary/pyaedt.modules.SetupTemplates.SweepHFSS3DLayout.is_solved", "is_solved", "P", "previous"]], "sourcename": "API/_autosummary/pyaedt.modules.SetupTemplates.SweepMatrix.rst.txt", "toc": "<ul>\n<li><a class=\"reference internal\" href=\"#\">pyaedt.modules.SetupTemplates.SweepMatrix</a><ul>\n<li><a class=\"reference internal\" href=\"#pyaedt.modules.SetupTemplates.SweepMatrix\"><code class=\"docutils literal notranslate\"><span class=\"pre\">SweepMatrix</span></code></a></li>\n</ul>\n</li>\n</ul>\n", "display_toc": true, "page_source_suffix": ".rst", "current_page_name": "API/_autosummary/pyaedt.modules.SetupTemplates.SweepMatrix", "sidebars": ["search-field.html", "sidebar-nav-bs.html"], "customsidebar": null, "favicon_url": null, "logo_url": null, "alabaster_version": "0.7.12", "theme_show_toc_level": 1, "theme_logo": {}}