{"parents": [{"link": "../../", "title": "API reference"}, {"link": "../../Application/", "title": "AEDT apps"}, {"link": "../pyaedt.Q2d/", "title": "pyaedt.Q2d"}], "prev": {"link": "../pyaedt.Q2d.oanalysis/", "title": "oanalysis"}, "next": {"link": "../pyaedt.Q2d.odefinition_manager/", "title": "odefinition_manager"}, "title": "oboundary", "meta": {}, "body": "<section id=\"oboundary\">\n<h1>oboundary<a class=\"headerlink\" href=\"#oboundary\" title=\"Permalink to this heading\">#</a></h1>\n<dl class=\"py property\">\n<dt class=\"sig sig-object py\" id=\"pyaedt.Q2d.oboundary\">\n<em class=\"property\"><span class=\"pre\">property</span><span class=\"w\"> </span></em><span class=\"sig-prename descclassname\"><span class=\"pre\">Q2d.</span></span><span class=\"sig-name descname\"><span class=\"pre\">oboundary</span></span><a class=\"headerlink\" href=\"#pyaedt.Q2d.oboundary\" title=\"Permalink to this definition\">#</a></dt>\n<dd><p>Boundary Object.</p>\n</dd></dl>\n\n</section>\n", "metatags": "<meta name=\"generator\" content=\"Docutils 0.19: https://docutils.sourceforge.io/\" />\n", "rellinks": [["genindex", "General Index", "I", "index"], ["py-modindex", "Python Module Index", "", "modules"], ["API/_autosummary/pyaedt.Q2d.odefinition_manager", "odefinition_manager", "N", "next"], ["API/_autosummary/pyaedt.Q2d.oanalysis", "oanalysis", "P", "previous"]], "sourcename": "API/_autosummary/pyaedt.Q2d.oboundary.rst.txt", "toc": "<ul>\n<li><a class=\"reference internal\" href=\"#\">oboundary</a><ul>\n<li><a class=\"reference internal\" href=\"#pyaedt.Q2d.oboundary\"><code class=\"docutils literal notranslate\"><span class=\"pre\">Q2d.oboundary</span></code></a></li>\n</ul>\n</li>\n</ul>\n", "display_toc": true, "page_source_suffix": ".rst", "current_page_name": "API/_autosummary/pyaedt.Q2d.oboundary", "sidebars": ["search-field.html", "sidebar-nav-bs.html"], "customsidebar": null, "favicon_url": null, "logo_url": null, "alabaster_version": "0.7.12", "theme_show_toc_level": 1, "theme_logo": {}}