{"parents": [{"link": "../../", "title": "API reference"}, {"link": "../../CoreModules/", "title": "AEDT modules"}, {"link": "../../Boundaries/", "title": "Boundary objects"}], "prev": {"link": "../pyaedt.modules.Boundary.BoundaryObject3dLayout.name/", "title": "name"}, "next": {"link": "../pyaedt.modules.Boundary.FarFieldSetup.create/", "title": "create"}, "title": "pyaedt.modules.Boundary.FarFieldSetup", "meta": {}, "body": "<section id=\"pyaedt-modules-boundary-farfieldsetup\">\n<h1>pyaedt.modules.Boundary.FarFieldSetup<a class=\"headerlink\" href=\"#pyaedt-modules-boundary-farfieldsetup\" title=\"Permalink to this heading\">#</a></h1>\n<dl class=\"py class\">\n<dt class=\"sig sig-object py\" id=\"pyaedt.modules.Boundary.FarFieldSetup\">\n<em class=\"property\"><span class=\"pre\">class</span><span class=\"w\"> </span></em><span class=\"sig-prename descclassname\"><span class=\"pre\">pyaedt.modules.Boundary.</span></span><span class=\"sig-name descname\"><span class=\"pre\">FarFieldSetup</span></span><span class=\"sig-paren\">(</span><em class=\"sig-param\"><span class=\"n\"><span class=\"pre\">app</span></span></em>, <em class=\"sig-param\"><span class=\"n\"><span class=\"pre\">component_name</span></span></em>, <em class=\"sig-param\"><span class=\"n\"><span class=\"pre\">props</span></span></em>, <em class=\"sig-param\"><span class=\"n\"><span class=\"pre\">component_type</span></span></em>, <em class=\"sig-param\"><span class=\"n\"><span class=\"pre\">units</span></span><span class=\"o\"><span class=\"pre\">=</span></span><span class=\"default_value\"><span class=\"pre\">'deg'</span></span></em><span class=\"sig-paren\">)</span><a class=\"reference internal\" href=\"../../../_modules/pyaedt/modules/Boundary/#FarFieldSetup\"><span class=\"viewcode-link\"><span class=\"pre\">[source]</span></span></a><a class=\"headerlink\" href=\"#pyaedt.modules.Boundary.FarFieldSetup\" title=\"Permalink to this definition\">#</a></dt>\n<dd><p>Manages Far Field Component data and execution.</p>\n<p class=\"rubric\">Examples</p>\n<p>in this example the sphere1 returned object is a <code class=\"docutils literal notranslate\"><span class=\"pre\">pyaedt.modules.Boundary.FarFieldSetup</span></code>\n&gt;&gt;&gt; from pyaedt import Hfss\n&gt;&gt;&gt; hfss = Hfss()\n&gt;&gt;&gt; sphere1 = hfss.insert_infinite_sphere()\n&gt;&gt;&gt; sphere1.props[\u201cThetaStart\u201d] = \u201c-90deg\u201d\n&gt;&gt;&gt; sphere1.props[\u201cThetaStop\u201d] = \u201c90deg\u201d\n&gt;&gt;&gt; sphere1.props[\u201cThetaStep\u201d] = \u201c2deg\u201d\n&gt;&gt;&gt; sphere1.delete()</p>\n<p class=\"rubric\">Methods</p>\n<table class=\"autosummary longtable docutils align-default\">\n<tbody>\n<tr class=\"row-odd\"><td><p><a class=\"reference internal\" href=\"../pyaedt.modules.Boundary.FarFieldSetup.create/#pyaedt.modules.Boundary.FarFieldSetup.create\" title=\"pyaedt.modules.Boundary.FarFieldSetup.create\"><code class=\"xref py py-obj docutils literal notranslate\"><span class=\"pre\">FarFieldSetup.create</span></code></a>()</p></td>\n<td><p>Create a Field Setup Component in HFSS.</p></td>\n</tr>\n<tr class=\"row-even\"><td><p><a class=\"reference internal\" href=\"../pyaedt.modules.Boundary.FarFieldSetup.delete/#pyaedt.modules.Boundary.FarFieldSetup.delete\" title=\"pyaedt.modules.Boundary.FarFieldSetup.delete\"><code class=\"xref py py-obj docutils literal notranslate\"><span class=\"pre\">FarFieldSetup.delete</span></code></a>()</p></td>\n<td><p>Delete the Field Setup in AEDT.</p></td>\n</tr>\n<tr class=\"row-odd\"><td><p><a class=\"reference internal\" href=\"../pyaedt.modules.Boundary.FarFieldSetup.update/#pyaedt.modules.Boundary.FarFieldSetup.update\" title=\"pyaedt.modules.Boundary.FarFieldSetup.update\"><code class=\"xref py py-obj docutils literal notranslate\"><span class=\"pre\">FarFieldSetup.update</span></code></a>()</p></td>\n<td><p>Update the Field Setup in AEDT.</p></td>\n</tr>\n</tbody>\n</table>\n<p class=\"rubric\">Attributes</p>\n<table class=\"autosummary longtable docutils align-default\">\n<tbody>\n<tr class=\"row-odd\"><td><p><a class=\"reference internal\" href=\"../pyaedt.modules.Boundary.FarFieldSetup.available_properties/#pyaedt.modules.Boundary.FarFieldSetup.available_properties\" title=\"pyaedt.modules.Boundary.FarFieldSetup.available_properties\"><code class=\"xref py py-obj docutils literal notranslate\"><span class=\"pre\">FarFieldSetup.available_properties</span></code></a></p></td>\n<td><p>Available properties.</p></td>\n</tr>\n<tr class=\"row-even\"><td><p><a class=\"reference internal\" href=\"../pyaedt.modules.Boundary.FarFieldSetup.azimuth_start/#pyaedt.modules.Boundary.FarFieldSetup.azimuth_start\" title=\"pyaedt.modules.Boundary.FarFieldSetup.azimuth_start\"><code class=\"xref py py-obj docutils literal notranslate\"><span class=\"pre\">FarFieldSetup.azimuth_start</span></code></a></p></td>\n<td><p>Set/Get the Far Field Azimuth Start Angle if Definition is Set to <cite>Az Over El</cite> or <cite>El Over Az</cite>.</p></td>\n</tr>\n<tr class=\"row-odd\"><td><p><a class=\"reference internal\" href=\"../pyaedt.modules.Boundary.FarFieldSetup.azimuth_step/#pyaedt.modules.Boundary.FarFieldSetup.azimuth_step\" title=\"pyaedt.modules.Boundary.FarFieldSetup.azimuth_step\"><code class=\"xref py py-obj docutils literal notranslate\"><span class=\"pre\">FarFieldSetup.azimuth_step</span></code></a></p></td>\n<td><p>Set/Get the Far Field Azimuth Step Angle if Definition is Set to <cite>Az Over El</cite> or <cite>El Over Az</cite>.</p></td>\n</tr>\n<tr class=\"row-even\"><td><p><a class=\"reference internal\" href=\"../pyaedt.modules.Boundary.FarFieldSetup.azimuth_stop/#pyaedt.modules.Boundary.FarFieldSetup.azimuth_stop\" title=\"pyaedt.modules.Boundary.FarFieldSetup.azimuth_stop\"><code class=\"xref py py-obj docutils literal notranslate\"><span class=\"pre\">FarFieldSetup.azimuth_stop</span></code></a></p></td>\n<td><p>Set/Get the Far Field Azimuth Stop Angle if Definition is Set to <cite>Az Over El</cite> or <cite>El Over Az</cite>.</p></td>\n</tr>\n<tr class=\"row-odd\"><td><p><a class=\"reference internal\" href=\"../pyaedt.modules.Boundary.FarFieldSetup.custom_radiation_surface/#pyaedt.modules.Boundary.FarFieldSetup.custom_radiation_surface\" title=\"pyaedt.modules.Boundary.FarFieldSetup.custom_radiation_surface\"><code class=\"xref py py-obj docutils literal notranslate\"><span class=\"pre\">FarFieldSetup.custom_radiation_surface</span></code></a></p></td>\n<td><p>Set/Get the Far Field Radiation Surface FaceList.</p></td>\n</tr>\n<tr class=\"row-even\"><td><p><a class=\"reference internal\" href=\"../pyaedt.modules.Boundary.FarFieldSetup.definition/#pyaedt.modules.Boundary.FarFieldSetup.definition\" title=\"pyaedt.modules.Boundary.FarFieldSetup.definition\"><code class=\"xref py py-obj docutils literal notranslate\"><span class=\"pre\">FarFieldSetup.definition</span></code></a></p></td>\n<td><p>Set/Get the Far Field Angle Definition.</p></td>\n</tr>\n<tr class=\"row-odd\"><td><p><a class=\"reference internal\" href=\"../pyaedt.modules.Boundary.FarFieldSetup.elevation_start/#pyaedt.modules.Boundary.FarFieldSetup.elevation_start\" title=\"pyaedt.modules.Boundary.FarFieldSetup.elevation_start\"><code class=\"xref py py-obj docutils literal notranslate\"><span class=\"pre\">FarFieldSetup.elevation_start</span></code></a></p></td>\n<td><p>Set/Get the Far Field Elevation Start Angle if Definition is Set to <cite>Az Over El</cite> or <cite>El Over Az</cite>.</p></td>\n</tr>\n<tr class=\"row-even\"><td><p><a class=\"reference internal\" href=\"../pyaedt.modules.Boundary.FarFieldSetup.elevation_step/#pyaedt.modules.Boundary.FarFieldSetup.elevation_step\" title=\"pyaedt.modules.Boundary.FarFieldSetup.elevation_step\"><code class=\"xref py py-obj docutils literal notranslate\"><span class=\"pre\">FarFieldSetup.elevation_step</span></code></a></p></td>\n<td><p>Set/Get the Far Field Elevation Step Angle if Definition is Set to <cite>Az Over El</cite> or <cite>El Over Az</cite>.</p></td>\n</tr>\n<tr class=\"row-odd\"><td><p><a class=\"reference internal\" href=\"../pyaedt.modules.Boundary.FarFieldSetup.elevation_stop/#pyaedt.modules.Boundary.FarFieldSetup.elevation_stop\" title=\"pyaedt.modules.Boundary.FarFieldSetup.elevation_stop\"><code class=\"xref py py-obj docutils literal notranslate\"><span class=\"pre\">FarFieldSetup.elevation_stop</span></code></a></p></td>\n<td><p>Set/Get the Far Field Elevation Stop Angle if Definition is Set to <cite>Az Over El</cite> or <cite>El Over Az</cite>.</p></td>\n</tr>\n<tr class=\"row-even\"><td><p><a class=\"reference internal\" href=\"../pyaedt.modules.Boundary.FarFieldSetup.local_coordinate_system/#pyaedt.modules.Boundary.FarFieldSetup.local_coordinate_system\" title=\"pyaedt.modules.Boundary.FarFieldSetup.local_coordinate_system\"><code class=\"xref py py-obj docutils literal notranslate\"><span class=\"pre\">FarFieldSetup.local_coordinate_system</span></code></a></p></td>\n<td><p>Set/Get the custom Coordinate System name.</p></td>\n</tr>\n<tr class=\"row-odd\"><td><p><a class=\"reference internal\" href=\"../pyaedt.modules.Boundary.FarFieldSetup.phi_start/#pyaedt.modules.Boundary.FarFieldSetup.phi_start\" title=\"pyaedt.modules.Boundary.FarFieldSetup.phi_start\"><code class=\"xref py py-obj docutils literal notranslate\"><span class=\"pre\">FarFieldSetup.phi_start</span></code></a></p></td>\n<td><p>Set/Get the Far Field Phi Start Angle if Definition is Set to <cite>Theta-Phi</cite>.</p></td>\n</tr>\n<tr class=\"row-even\"><td><p><a class=\"reference internal\" href=\"../pyaedt.modules.Boundary.FarFieldSetup.phi_step/#pyaedt.modules.Boundary.FarFieldSetup.phi_step\" title=\"pyaedt.modules.Boundary.FarFieldSetup.phi_step\"><code class=\"xref py py-obj docutils literal notranslate\"><span class=\"pre\">FarFieldSetup.phi_step</span></code></a></p></td>\n<td><p>Set/Get the Far Field Phi Step Angle if Definition is Set to <cite>Theta-Phi</cite>.</p></td>\n</tr>\n<tr class=\"row-odd\"><td><p><a class=\"reference internal\" href=\"../pyaedt.modules.Boundary.FarFieldSetup.phi_stop/#pyaedt.modules.Boundary.FarFieldSetup.phi_stop\" title=\"pyaedt.modules.Boundary.FarFieldSetup.phi_stop\"><code class=\"xref py py-obj docutils literal notranslate\"><span class=\"pre\">FarFieldSetup.phi_stop</span></code></a></p></td>\n<td><p>Set/Get the Far Field Phi Stop Angle if Definition is Set to <cite>Theta-Phi</cite>.</p></td>\n</tr>\n<tr class=\"row-even\"><td><p><a class=\"reference internal\" href=\"../pyaedt.modules.Boundary.FarFieldSetup.polarization/#pyaedt.modules.Boundary.FarFieldSetup.polarization\" title=\"pyaedt.modules.Boundary.FarFieldSetup.polarization\"><code class=\"xref py py-obj docutils literal notranslate\"><span class=\"pre\">FarFieldSetup.polarization</span></code></a></p></td>\n<td><p>Set/Get the Far Field Polarization.</p></td>\n</tr>\n<tr class=\"row-odd\"><td><p><a class=\"reference internal\" href=\"../pyaedt.modules.Boundary.FarFieldSetup.slant_angle/#pyaedt.modules.Boundary.FarFieldSetup.slant_angle\" title=\"pyaedt.modules.Boundary.FarFieldSetup.slant_angle\"><code class=\"xref py py-obj docutils literal notranslate\"><span class=\"pre\">FarFieldSetup.slant_angle</span></code></a></p></td>\n<td><p>Set/Get the Far Field Slant Angle if Polarization is Set to <cite>Slant</cite>.</p></td>\n</tr>\n<tr class=\"row-even\"><td><p><a class=\"reference internal\" href=\"../pyaedt.modules.Boundary.FarFieldSetup.theta_start/#pyaedt.modules.Boundary.FarFieldSetup.theta_start\" title=\"pyaedt.modules.Boundary.FarFieldSetup.theta_start\"><code class=\"xref py py-obj docutils literal notranslate\"><span class=\"pre\">FarFieldSetup.theta_start</span></code></a></p></td>\n<td><p>Set/Get the Far Field Theta Start Angle if Definition is Set to <cite>Theta-Phi</cite>.</p></td>\n</tr>\n<tr class=\"row-odd\"><td><p><a class=\"reference internal\" href=\"../pyaedt.modules.Boundary.FarFieldSetup.theta_step/#pyaedt.modules.Boundary.FarFieldSetup.theta_step\" title=\"pyaedt.modules.Boundary.FarFieldSetup.theta_step\"><code class=\"xref py py-obj docutils literal notranslate\"><span class=\"pre\">FarFieldSetup.theta_step</span></code></a></p></td>\n<td><p>Set/Get the Far Field Theta Step Angle if Definition is Set to <cite>Theta-Phi</cite>.</p></td>\n</tr>\n<tr class=\"row-even\"><td><p><a class=\"reference internal\" href=\"../pyaedt.modules.Boundary.FarFieldSetup.theta_stop/#pyaedt.modules.Boundary.FarFieldSetup.theta_stop\" title=\"pyaedt.modules.Boundary.FarFieldSetup.theta_stop\"><code class=\"xref py py-obj docutils literal notranslate\"><span class=\"pre\">FarFieldSetup.theta_stop</span></code></a></p></td>\n<td><p>Set/Get the Far Field Theta Stop Angle if Definition is Set to <cite>Theta-Phi</cite>.</p></td>\n</tr>\n<tr class=\"row-odd\"><td><p><a class=\"reference internal\" href=\"../pyaedt.modules.Boundary.FarFieldSetup.use_custom_radiation_surface/#pyaedt.modules.Boundary.FarFieldSetup.use_custom_radiation_surface\" title=\"pyaedt.modules.Boundary.FarFieldSetup.use_custom_radiation_surface\"><code class=\"xref py py-obj docutils literal notranslate\"><span class=\"pre\">FarFieldSetup.use_custom_radiation_surface</span></code></a></p></td>\n<td><p>Set/Get the Far Field Radiation Surface Enable.</p></td>\n</tr>\n<tr class=\"row-even\"><td><p><a class=\"reference internal\" href=\"../pyaedt.modules.Boundary.FarFieldSetup.use_local_coordinate_system/#pyaedt.modules.Boundary.FarFieldSetup.use_local_coordinate_system\" title=\"pyaedt.modules.Boundary.FarFieldSetup.use_local_coordinate_system\"><code class=\"xref py py-obj docutils literal notranslate\"><span class=\"pre\">FarFieldSetup.use_local_coordinate_system</span></code></a></p></td>\n<td><p>Set/Get the usage of a custom Coordinate System.</p></td>\n</tr>\n</tbody>\n</table>\n</dd></dl>\n\n</section>\n", "metatags": "<meta name=\"generator\" content=\"Docutils 0.19: https://docutils.sourceforge.io/\" />\n", "rellinks": [["genindex", "General Index", "I", "index"], ["py-modindex", "Python Module Index", "", "modules"], ["API/_autosummary/pyaedt.modules.Boundary.FarFieldSetup.create", "create", "N", "next"], ["API/_autosummary/pyaedt.modules.Boundary.BoundaryObject3dLayout.name", "name", "P", "previous"]], "sourcename": "API/_autosummary/pyaedt.modules.Boundary.FarFieldSetup.rst.txt", "toc": "<ul>\n<li><a class=\"reference internal\" href=\"#\">pyaedt.modules.Boundary.FarFieldSetup</a><ul>\n<li><a class=\"reference internal\" href=\"#pyaedt.modules.Boundary.FarFieldSetup\"><code class=\"docutils literal notranslate\"><span class=\"pre\">FarFieldSetup</span></code></a></li>\n</ul>\n</li>\n</ul>\n", "display_toc": true, "page_source_suffix": ".rst", "current_page_name": "API/_autosummary/pyaedt.modules.Boundary.FarFieldSetup", "sidebars": ["search-field.html", "sidebar-nav-bs.html"], "customsidebar": null, "favicon_url": null, "logo_url": null, "alabaster_version": "0.7.12", "theme_show_toc_level": 1, "theme_logo": {}}