{"parents": [{"link": "../../", "title": "API reference"}, {"link": "../../Post/", "title": "Postprocessing"}, {"link": "../pyaedt.modules.AdvancedPostProcessing.ModelPlotter/", "title": "pyaedt.modules.AdvancedPostProcessing.ModelPlotter"}], "prev": {"link": "../pyaedt.modules.AdvancedPostProcessing.ModelPlotter.plot/", "title": "plot"}, "next": {"link": "../pyaedt.modules.AdvancedPostProcessing.ModelPlotter.azimuth_angle/", "title": "azimuth_angle"}, "title": "set_orientation", "meta": {}, "body": "<section id=\"set-orientation\">\n<h1>set_orientation<a class=\"headerlink\" href=\"#set-orientation\" title=\"Permalink to this heading\">#</a></h1>\n<dl class=\"py method\">\n<dt class=\"sig sig-object py\" id=\"pyaedt.modules.AdvancedPostProcessing.ModelPlotter.set_orientation\">\n<span class=\"sig-prename descclassname\"><span class=\"pre\">ModelPlotter.</span></span><span class=\"sig-name descname\"><span class=\"pre\">set_orientation</span></span><span class=\"sig-paren\">(</span><em class=\"sig-param\"><span class=\"n\"><span class=\"pre\">camera_position</span></span><span class=\"o\"><span class=\"pre\">=</span></span><span class=\"default_value\"><span class=\"pre\">'xy'</span></span></em>, <em class=\"sig-param\"><span class=\"n\"><span class=\"pre\">roll_angle</span></span><span class=\"o\"><span class=\"pre\">=</span></span><span class=\"default_value\"><span class=\"pre\">0</span></span></em>, <em class=\"sig-param\"><span class=\"n\"><span class=\"pre\">azimuth_angle</span></span><span class=\"o\"><span class=\"pre\">=</span></span><span class=\"default_value\"><span class=\"pre\">45</span></span></em>, <em class=\"sig-param\"><span class=\"n\"><span class=\"pre\">elevation_angle</span></span><span class=\"o\"><span class=\"pre\">=</span></span><span class=\"default_value\"><span class=\"pre\">20</span></span></em><span class=\"sig-paren\">)</span><a class=\"reference internal\" href=\"../../../_modules/pyaedt/generic/plot/#ModelPlotter.set_orientation\"><span class=\"viewcode-link\"><span class=\"pre\">[source]</span></span></a><a class=\"headerlink\" href=\"#pyaedt.modules.AdvancedPostProcessing.ModelPlotter.set_orientation\" title=\"Permalink to this definition\">#</a></dt>\n<dd><p>Change the plot default orientation.</p>\n<dl class=\"field-list\">\n<dt class=\"field-odd\">Parameters<span class=\"colon\">:</span></dt>\n<dd class=\"field-odd\"><dl>\n<dt><strong>camera_position</strong><span class=\"classifier\"><a class=\"reference external\" href=\"https://docs.python.org/dev/library/stdtypes.html#str\" title=\"(in Python v3.12)\"><code class=\"docutils literal notranslate\"><span class=\"pre\">str</span></code></a></span></dt><dd><p>Camera view. Default is <cite>\u201cxy\u201d</cite>. Options are <cite>\u201cxz\u201d</cite> and <cite>\u201cyz\u201d</cite>.</p>\n</dd>\n<dt><strong>roll_angle</strong><span class=\"classifier\"><a class=\"reference external\" href=\"https://docs.python.org/dev/library/functions.html#int\" title=\"(in Python v3.12)\"><code class=\"docutils literal notranslate\"><span class=\"pre\">int</span></code></a>, <a class=\"reference external\" href=\"https://docs.python.org/dev/library/functions.html#float\" title=\"(in Python v3.12)\"><code class=\"docutils literal notranslate\"><span class=\"pre\">float</span></code></a></span></dt><dd><p>Roll camera angle on the specified the camera_position.</p>\n</dd>\n<dt><strong>azimuth_angle</strong><span class=\"classifier\"><a class=\"reference external\" href=\"https://docs.python.org/dev/library/functions.html#int\" title=\"(in Python v3.12)\"><code class=\"docutils literal notranslate\"><span class=\"pre\">int</span></code></a>, <a class=\"reference external\" href=\"https://docs.python.org/dev/library/functions.html#float\" title=\"(in Python v3.12)\"><code class=\"docutils literal notranslate\"><span class=\"pre\">float</span></code></a></span></dt><dd><p>Azimuth angle of camera on the specified the camera_position.</p>\n</dd>\n<dt><strong>elevation_angle</strong><span class=\"classifier\"><a class=\"reference external\" href=\"https://docs.python.org/dev/library/functions.html#int\" title=\"(in Python v3.12)\"><code class=\"docutils literal notranslate\"><span class=\"pre\">int</span></code></a>, <a class=\"reference external\" href=\"https://docs.python.org/dev/library/functions.html#float\" title=\"(in Python v3.12)\"><code class=\"docutils literal notranslate\"><span class=\"pre\">float</span></code></a></span></dt><dd><p>Elevation camera angle on the specified the camera_position.</p>\n</dd>\n</dl>\n</dd>\n<dt class=\"field-even\">Returns<span class=\"colon\">:</span></dt>\n<dd class=\"field-even\"><dl class=\"simple\">\n<dt><a class=\"reference external\" href=\"https://docs.python.org/dev/library/stdtypes.html#bltin-boolean-values\" title=\"(in Python v3.12)\"><span class=\"xref std std-ref\">bool</span></a></dt><dd></dd>\n</dl>\n</dd>\n</dl>\n</dd></dl>\n\n</section>\n", "metatags": "<meta name=\"generator\" content=\"Docutils 0.19: https://docutils.sourceforge.io/\" />\n", "rellinks": [["genindex", "General Index", "I", "index"], ["py-modindex", "Python Module Index", "", "modules"], ["API/_autosummary/pyaedt.modules.AdvancedPostProcessing.ModelPlotter.azimuth_angle", "azimuth_angle", "N", "next"], ["API/_autosummary/pyaedt.modules.AdvancedPostProcessing.ModelPlotter.plot", "plot", "P", "previous"]], "sourcename": "API/_autosummary/pyaedt.modules.AdvancedPostProcessing.ModelPlotter.set_orientation.rst.txt", "toc": "<ul>\n<li><a class=\"reference internal\" href=\"#\">set_orientation</a><ul>\n<li><a class=\"reference internal\" href=\"#pyaedt.modules.AdvancedPostProcessing.ModelPlotter.set_orientation\"><code class=\"docutils literal notranslate\"><span class=\"pre\">ModelPlotter.set_orientation()</span></code></a></li>\n</ul>\n</li>\n</ul>\n", "display_toc": true, "page_source_suffix": ".rst", "current_page_name": "API/_autosummary/pyaedt.modules.AdvancedPostProcessing.ModelPlotter.set_orientation", "sidebars": ["search-field.html", "sidebar-nav-bs.html"], "customsidebar": null, "favicon_url": null, "logo_url": null, "alabaster_version": "0.7.12", "theme_show_toc_level": 1, "theme_logo": {}}