{"parents": [{"link": "../../", "title": "API reference"}, {"link": "../../CoreEdb/", "title": "EDB editor"}, {"link": "../pyaedt.edb_core.components.Components/", "title": "pyaedt.edb_core.components.Components"}], "prev": {"link": "../pyaedt.edb_core.components.Components.get_component_list/", "title": "get_component_list"}, "next": {"link": "../pyaedt.edb_core.components.Components.get_component_placement_vector/", "title": "get_component_placement_vector"}, "title": "get_component_net_connection_info", "meta": {}, "body": "<section id=\"get-component-net-connection-info\">\n<h1>get_component_net_connection_info<a class=\"headerlink\" href=\"#get-component-net-connection-info\" title=\"Permalink to this heading\">#</a></h1>\n<dl class=\"py method\">\n<dt class=\"sig sig-object py\" id=\"pyaedt.edb_core.components.Components.get_component_net_connection_info\">\n<span class=\"sig-prename descclassname\"><span class=\"pre\">Components.</span></span><span class=\"sig-name descname\"><span class=\"pre\">get_component_net_connection_info</span></span><span class=\"sig-paren\">(</span><em class=\"sig-param\"><span class=\"n\"><span class=\"pre\">refdes</span></span></em><span class=\"sig-paren\">)</span><a class=\"reference internal\" href=\"../../../_modules/pyaedt/edb_core/components/#Components.get_component_net_connection_info\"><span class=\"viewcode-link\"><span class=\"pre\">[source]</span></span></a><a class=\"headerlink\" href=\"#pyaedt.edb_core.components.Components.get_component_net_connection_info\" title=\"Permalink to this definition\">#</a></dt>\n<dd><p>Retrieve net connection information.</p>\n<dl class=\"field-list simple\">\n<dt class=\"field-odd\">Parameters<span class=\"colon\">:</span></dt>\n<dd class=\"field-odd\"><dl class=\"simple\">\n<dt><strong>refdes</strong></dt><dd><p>Reference designator for the net.</p>\n</dd>\n</dl>\n</dd>\n<dt class=\"field-even\">Returns<span class=\"colon\">:</span></dt>\n<dd class=\"field-even\"><dl class=\"simple\">\n<dt><a class=\"reference external\" href=\"https://docs.python.org/dev/library/stdtypes.html#dict\" title=\"(in Python v3.12)\"><code class=\"docutils literal notranslate\"><span class=\"pre\">dict</span></code></a></dt><dd><p>Dictionary of the net connection information for the reference designator.</p>\n</dd>\n</dl>\n</dd>\n</dl>\n<p class=\"rubric\">Examples</p>\n<div class=\"doctest highlight-default notranslate\"><div class=\"highlight\"><pre><span></span><span class=\"gp\">&gt;&gt;&gt; </span><span class=\"kn\">from</span> <span class=\"nn\">pyaedt</span> <span class=\"kn\">import</span> <span class=\"n\">Edb</span>\n<span class=\"gp\">&gt;&gt;&gt; </span><span class=\"n\">edbapp</span> <span class=\"o\">=</span> <span class=\"n\">Edb</span><span class=\"p\">(</span><span class=\"s2\">&quot;myaedbfolder&quot;</span><span class=\"p\">,</span> <span class=\"s2\">&quot;project name&quot;</span><span class=\"p\">,</span> <span class=\"s2\">&quot;release version&quot;</span><span class=\"p\">)</span>\n<span class=\"gp\">&gt;&gt;&gt; </span><span class=\"n\">edbapp</span><span class=\"o\">.</span><span class=\"n\">core_components</span><span class=\"o\">.</span><span class=\"n\">get_component_net_connection_info</span><span class=\"p\">(</span><span class=\"n\">refdes</span><span class=\"p\">)</span>\n</pre></div>\n</div>\n</dd></dl>\n\n</section>\n", "metatags": "<meta name=\"generator\" content=\"Docutils 0.19: https://docutils.sourceforge.io/\" />\n", "rellinks": [["genindex", "General Index", "I", "index"], ["py-modindex", "Python Module Index", "", "modules"], ["API/_autosummary/pyaedt.edb_core.components.Components.get_component_placement_vector", "get_component_placement_vector", "N", "next"], ["API/_autosummary/pyaedt.edb_core.components.Components.get_component_list", "get_component_list", "P", "previous"]], "sourcename": "API/_autosummary/pyaedt.edb_core.components.Components.get_component_net_connection_info.rst.txt", "toc": "<ul>\n<li><a class=\"reference internal\" href=\"#\">get_component_net_connection_info</a><ul>\n<li><a class=\"reference internal\" href=\"#pyaedt.edb_core.components.Components.get_component_net_connection_info\"><code class=\"docutils literal notranslate\"><span class=\"pre\">Components.get_component_net_connection_info()</span></code></a></li>\n</ul>\n</li>\n</ul>\n", "display_toc": true, "page_source_suffix": ".rst", "current_page_name": "API/_autosummary/pyaedt.edb_core.components.Components.get_component_net_connection_info", "sidebars": ["search-field.html", "sidebar-nav-bs.html"], "customsidebar": null, "favicon_url": null, "logo_url": null, "alabaster_version": "0.7.12", "theme_show_toc_level": 1, "theme_logo": {}}