{"parents": [{"link": "../../", "title": "API reference"}, {"link": "../../Primitives/", "title": "Modeler and  primitives"}, {"link": "../pyaedt.modeler.Object3d.Object3d/", "title": "pyaedt.modeler.Object3d.Object3d"}], "prev": {"link": "../pyaedt.modeler.Object3d.Object3d.shortest_edge/", "title": "shortest_edge"}, "next": {"link": "../pyaedt.modeler.Object3d.Object3d.split/", "title": "split"}, "title": "smallest_face", "meta": {}, "body": "<section id=\"smallest-face\">\n<h1>smallest_face<a class=\"headerlink\" href=\"#smallest-face\" title=\"Permalink to this heading\">#</a></h1>\n<dl class=\"py method\">\n<dt class=\"sig sig-object py\" id=\"pyaedt.modeler.Object3d.Object3d.smallest_face\">\n<span class=\"sig-prename descclassname\"><span class=\"pre\">Object3d.</span></span><span class=\"sig-name descname\"><span class=\"pre\">smallest_face</span></span><span class=\"sig-paren\">(</span><em class=\"sig-param\"><span class=\"n\"><span class=\"pre\">n</span></span><span class=\"o\"><span class=\"pre\">=</span></span><span class=\"default_value\"><span class=\"pre\">1</span></span></em><span class=\"sig-paren\">)</span><a class=\"reference internal\" href=\"../../../_modules/pyaedt/modeler/Object3d/#Object3d.smallest_face\"><span class=\"viewcode-link\"><span class=\"pre\">[source]</span></span></a><a class=\"headerlink\" href=\"#pyaedt.modeler.Object3d.Object3d.smallest_face\" title=\"Permalink to this definition\">#</a></dt>\n<dd><p>Return only the face with the smallest area.</p>\n<dl class=\"field-list\">\n<dt class=\"field-odd\">Returns<span class=\"colon\">:</span></dt>\n<dd class=\"field-odd\"><dl>\n<dt><strong>List of</strong><span class=\"classifier\">class:<cite>pyaedt.modeler.Object3d.FacePrimitive</cite></span></dt><dd></dd>\n</dl>\n</dd>\n</dl>\n</dd></dl>\n\n</section>\n", "metatags": "<meta name=\"generator\" content=\"Docutils 0.19: https://docutils.sourceforge.io/\" />\n", "rellinks": [["genindex", "General Index", "I", "index"], ["py-modindex", "Python Module Index", "", "modules"], ["API/_autosummary/pyaedt.modeler.Object3d.Object3d.split", "split", "N", "next"], ["API/_autosummary/pyaedt.modeler.Object3d.Object3d.shortest_edge", "shortest_edge", "P", "previous"]], "sourcename": "API/_autosummary/pyaedt.modeler.Object3d.Object3d.smallest_face.rst.txt", "toc": "<ul>\n<li><a class=\"reference internal\" href=\"#\">smallest_face</a><ul>\n<li><a class=\"reference internal\" href=\"#pyaedt.modeler.Object3d.Object3d.smallest_face\"><code class=\"docutils literal notranslate\"><span class=\"pre\">Object3d.smallest_face()</span></code></a></li>\n</ul>\n</li>\n</ul>\n", "display_toc": true, "page_source_suffix": ".rst", "current_page_name": "API/_autosummary/pyaedt.modeler.Object3d.Object3d.smallest_face", "sidebars": ["search-field.html", "sidebar-nav-bs.html"], "customsidebar": null, "favicon_url": null, "logo_url": null, "alabaster_version": "0.7.12", "theme_show_toc_level": 1, "theme_logo": {}}