{"parents": [{"link": "../../", "title": "API reference"}, {"link": "../../Primitives/", "title": "Modeler and  primitives"}, {"link": "../pyaedt.modeler.Model3DLayout.Modeler3DLayout/", "title": "pyaedt.modeler.Model3DLayout.Modeler3DLayout"}], "prev": {"link": "../pyaedt.modeler.Model3DLayout.Modeler3DLayout.merge_design/", "title": "merge_design"}, "next": {"link": "../pyaedt.modeler.Model3DLayout.Modeler3DLayout.new_padstack/", "title": "new_padstack"}, "title": "modeler_variable", "meta": {}, "body": "<section id=\"modeler-variable\">\n<h1>modeler_variable<a class=\"headerlink\" href=\"#modeler-variable\" title=\"Permalink to this heading\">#</a></h1>\n<dl class=\"py method\">\n<dt class=\"sig sig-object py\" id=\"pyaedt.modeler.Model3DLayout.Modeler3DLayout.modeler_variable\">\n<span class=\"sig-prename descclassname\"><span class=\"pre\">Modeler3DLayout.</span></span><span class=\"sig-name descname\"><span class=\"pre\">modeler_variable</span></span><span class=\"sig-paren\">(</span><em class=\"sig-param\"><span class=\"n\"><span class=\"pre\">value</span></span></em><span class=\"sig-paren\">)</span><a class=\"reference internal\" href=\"../../../_modules/pyaedt/modeler/Model3DLayout/#Modeler3DLayout.modeler_variable\"><span class=\"viewcode-link\"><span class=\"pre\">[source]</span></span></a><a class=\"headerlink\" href=\"#pyaedt.modeler.Model3DLayout.Modeler3DLayout.modeler_variable\" title=\"Permalink to this definition\">#</a></dt>\n<dd><p>Retrieve a modeler variable.</p>\n<dl class=\"field-list simple\">\n<dt class=\"field-odd\">Parameters<span class=\"colon\">:</span></dt>\n<dd class=\"field-odd\"><dl class=\"simple\">\n<dt><strong>value</strong></dt><dd></dd>\n</dl>\n</dd>\n<dt class=\"field-even\">Returns<span class=\"colon\">:</span></dt>\n<dd class=\"field-even\"></dd>\n</dl>\n</dd></dl>\n\n</section>\n", "metatags": "<meta name=\"generator\" content=\"Docutils 0.19: https://docutils.sourceforge.io/\" />\n", "rellinks": [["genindex", "General Index", "I", "index"], ["py-modindex", "Python Module Index", "", "modules"], ["API/_autosummary/pyaedt.modeler.Model3DLayout.Modeler3DLayout.new_padstack", "new_padstack", "N", "next"], ["API/_autosummary/pyaedt.modeler.Model3DLayout.Modeler3DLayout.merge_design", "merge_design", "P", "previous"]], "sourcename": "API/_autosummary/pyaedt.modeler.Model3DLayout.Modeler3DLayout.modeler_variable.rst.txt", "toc": "<ul>\n<li><a class=\"reference internal\" href=\"#\">modeler_variable</a><ul>\n<li><a class=\"reference internal\" href=\"#pyaedt.modeler.Model3DLayout.Modeler3DLayout.modeler_variable\"><code class=\"docutils literal notranslate\"><span class=\"pre\">Modeler3DLayout.modeler_variable()</span></code></a></li>\n</ul>\n</li>\n</ul>\n", "display_toc": true, "page_source_suffix": ".rst", "current_page_name": "API/_autosummary/pyaedt.modeler.Model3DLayout.Modeler3DLayout.modeler_variable", "sidebars": ["search-field.html", "sidebar-nav-bs.html"], "customsidebar": null, "favicon_url": null, "logo_url": null, "alabaster_version": "0.7.12", "theme_show_toc_level": 1, "theme_logo": {}}