{"parents": [{"link": "../../", "title": "API reference"}, {"link": "../../MaterialManagement/", "title": "Material and stackup"}, {"link": "../pyaedt.modules.Material.SurfMatProperties/", "title": "pyaedt.modules.Material.SurfMatProperties"}], "prev": {"link": "../pyaedt.modules.Material.SurfMatProperties/", "title": "pyaedt.modules.Material.SurfMatProperties"}, "next": {"link": "../pyaedt.modules.Material.SurfMatProperties.get_defaultvalue/", "title": "get_defaultvalue"}, "title": "get_defaultunit", "meta": {}, "body": "<section id=\"get-defaultunit\">\n<h1>get_defaultunit<a class=\"headerlink\" href=\"#get-defaultunit\" title=\"Permalink to this heading\">#</a></h1>\n<dl class=\"py method\">\n<dt class=\"sig sig-object py\" id=\"pyaedt.modules.Material.SurfMatProperties.get_defaultunit\">\n<em class=\"property\"><span class=\"pre\">classmethod</span><span class=\"w\"> </span></em><span class=\"sig-prename descclassname\"><span class=\"pre\">SurfMatProperties.</span></span><span class=\"sig-name descname\"><span class=\"pre\">get_defaultunit</span></span><span class=\"sig-paren\">(</span><em class=\"sig-param\"><span class=\"n\"><span class=\"pre\">aedtname</span></span><span class=\"o\"><span class=\"pre\">=</span></span><span class=\"default_value\"><span class=\"pre\">None</span></span></em><span class=\"sig-paren\">)</span><a class=\"reference internal\" href=\"../../../_modules/pyaedt/modules/Material/#SurfMatProperties.get_defaultunit\"><span class=\"viewcode-link\"><span class=\"pre\">[source]</span></span></a><a class=\"headerlink\" href=\"#pyaedt.modules.Material.SurfMatProperties.get_defaultunit\" title=\"Permalink to this definition\">#</a></dt>\n<dd><p>Retrieve the default unit for a full name or a category name.</p>\n<dl class=\"field-list\">\n<dt class=\"field-odd\">Parameters<span class=\"colon\">:</span></dt>\n<dd class=\"field-odd\"><dl>\n<dt><strong>aedtname</strong><span class=\"classifier\"><a class=\"reference external\" href=\"https://docs.python.org/dev/library/stdtypes.html#str\" title=\"(in Python v3.12)\"><code class=\"docutils literal notranslate\"><span class=\"pre\">str</span></code></a>, <code class=\"xref py py-obj docutils literal notranslate\"><span class=\"pre\">optional</span></code></span></dt><dd><p>AEDT full name or category name. The default is <code class=\"docutils literal notranslate\"><span class=\"pre\">None</span></code>.</p>\n</dd>\n</dl>\n</dd>\n<dt class=\"field-even\">Returns<span class=\"colon\">:</span></dt>\n<dd class=\"field-even\"><dl class=\"simple\">\n<dt><a class=\"reference external\" href=\"https://docs.python.org/dev/library/stdtypes.html#str\" title=\"(in Python v3.12)\"><code class=\"docutils literal notranslate\"><span class=\"pre\">str</span></code></a></dt><dd><p>Default unit if it exists.</p>\n</dd>\n</dl>\n</dd>\n</dl>\n</dd></dl>\n\n</section>\n", "metatags": "<meta name=\"generator\" content=\"Docutils 0.19: https://docutils.sourceforge.io/\" />\n", "rellinks": [["genindex", "General Index", "I", "index"], ["py-modindex", "Python Module Index", "", "modules"], ["API/_autosummary/pyaedt.modules.Material.SurfMatProperties.get_defaultvalue", "get_defaultvalue", "N", "next"], ["API/_autosummary/pyaedt.modules.Material.SurfMatProperties", "pyaedt.modules.Material.SurfMatProperties", "P", "previous"]], "sourcename": "API/_autosummary/pyaedt.modules.Material.SurfMatProperties.get_defaultunit.rst.txt", "toc": "<ul>\n<li><a class=\"reference internal\" href=\"#\">get_defaultunit</a><ul>\n<li><a class=\"reference internal\" href=\"#pyaedt.modules.Material.SurfMatProperties.get_defaultunit\"><code class=\"docutils literal notranslate\"><span class=\"pre\">SurfMatProperties.get_defaultunit()</span></code></a></li>\n</ul>\n</li>\n</ul>\n", "display_toc": true, "page_source_suffix": ".rst", "current_page_name": "API/_autosummary/pyaedt.modules.Material.SurfMatProperties.get_defaultunit", "sidebars": ["search-field.html", "sidebar-nav-bs.html"], "customsidebar": null, "favicon_url": null, "logo_url": null, "alabaster_version": "0.7.12", "theme_show_toc_level": 1, "theme_logo": {}}