{"parents": [{"link": "../../", "title": "API reference"}, {"link": "../../MaterialManagement/", "title": "Material and stackup"}, {"link": "../pyaedt.modules.Material.Material/", "title": "pyaedt.modules.Material.Material"}], "prev": {"link": "../pyaedt.modules.Material.Material.is_conductor/", "title": "is_conductor"}, "next": {"link": "../pyaedt.modules.Material.Material.set_bp_curve_coreloss/", "title": "set_bp_curve_coreloss"}, "title": "is_dielectric", "meta": {}, "body": "<section id=\"is-dielectric\">\n<h1>is_dielectric<a class=\"headerlink\" href=\"#is-dielectric\" title=\"Permalink to this heading\">#</a></h1>\n<dl class=\"py method\">\n<dt class=\"sig sig-object py\" id=\"pyaedt.modules.Material.Material.is_dielectric\">\n<span class=\"sig-prename descclassname\"><span class=\"pre\">Material.</span></span><span class=\"sig-name descname\"><span class=\"pre\">is_dielectric</span></span><span class=\"sig-paren\">(</span><em class=\"sig-param\"><span class=\"n\"><span class=\"pre\">threshold</span></span><span class=\"o\"><span class=\"pre\">=</span></span><span class=\"default_value\"><span class=\"pre\">100000</span></span></em><span class=\"sig-paren\">)</span><a class=\"reference internal\" href=\"../../../_modules/pyaedt/modules/Material/#Material.is_dielectric\"><span class=\"viewcode-link\"><span class=\"pre\">[source]</span></span></a><a class=\"headerlink\" href=\"#pyaedt.modules.Material.Material.is_dielectric\" title=\"Permalink to this definition\">#</a></dt>\n<dd><p>Check if the material is dielectric.</p>\n<dl class=\"field-list\">\n<dt class=\"field-odd\">Parameters<span class=\"colon\">:</span></dt>\n<dd class=\"field-odd\"><dl>\n<dt><strong>threshold</strong><span class=\"classifier\"><a class=\"reference external\" href=\"https://docs.python.org/dev/library/functions.html#float\" title=\"(in Python v3.12)\"><code class=\"docutils literal notranslate\"><span class=\"pre\">float</span></code></a>, <code class=\"xref py py-obj docutils literal notranslate\"><span class=\"pre\">optional</span></code></span></dt><dd><p>Threshold to define if a material is dielectric. The\ndefault is <code class=\"docutils literal notranslate\"><span class=\"pre\">100000</span></code>. If the conductivity is equal to or\ngreater than the threshold, the material is\nconsidered dielectric.</p>\n</dd>\n</dl>\n</dd>\n<dt class=\"field-even\">Returns<span class=\"colon\">:</span></dt>\n<dd class=\"field-even\"><dl class=\"simple\">\n<dt><a class=\"reference external\" href=\"https://docs.python.org/dev/library/stdtypes.html#bltin-boolean-values\" title=\"(in Python v3.12)\"><span class=\"xref std std-ref\">bool</span></a></dt><dd><p><code class=\"docutils literal notranslate\"><span class=\"pre\">True</span></code> when the material is dielectric, <code class=\"docutils literal notranslate\"><span class=\"pre\">False</span></code> otherwise.</p>\n</dd>\n</dl>\n</dd>\n</dl>\n</dd></dl>\n\n</section>\n", "metatags": "<meta name=\"generator\" content=\"Docutils 0.19: https://docutils.sourceforge.io/\" />\n", "rellinks": [["genindex", "General Index", "I", "index"], ["py-modindex", "Python Module Index", "", "modules"], ["API/_autosummary/pyaedt.modules.Material.Material.set_bp_curve_coreloss", "set_bp_curve_coreloss", "N", "next"], ["API/_autosummary/pyaedt.modules.Material.Material.is_conductor", "is_conductor", "P", "previous"]], "sourcename": "API/_autosummary/pyaedt.modules.Material.Material.is_dielectric.rst.txt", "toc": "<ul>\n<li><a class=\"reference internal\" href=\"#\">is_dielectric</a><ul>\n<li><a class=\"reference internal\" href=\"#pyaedt.modules.Material.Material.is_dielectric\"><code class=\"docutils literal notranslate\"><span class=\"pre\">Material.is_dielectric()</span></code></a></li>\n</ul>\n</li>\n</ul>\n", "display_toc": true, "page_source_suffix": ".rst", "current_page_name": "API/_autosummary/pyaedt.modules.Material.Material.is_dielectric", "sidebars": ["search-field.html", "sidebar-nav-bs.html"], "customsidebar": null, "favicon_url": null, "logo_url": null, "alabaster_version": "0.7.12", "theme_show_toc_level": 1, "theme_logo": {}}