{"parents": [{"link": "../../", "title": "API reference"}, {"link": "../../Application/", "title": "AEDT apps"}, {"link": "../pyaedt.Circuit/", "title": "pyaedt.Circuit"}], "prev": {"link": "../pyaedt.Circuit.get_sweeps/", "title": "get_sweeps"}, "next": {"link": "../pyaedt.Circuit.get_traces_for_plot/", "title": "get_traces_for_plot"}, "title": "get_touchstone_data", "meta": {}, "body": "<section id=\"get-touchstone-data\">\n<h1>get_touchstone_data<a class=\"headerlink\" href=\"#get-touchstone-data\" title=\"Permalink to this heading\">#</a></h1>\n<dl class=\"py method\">\n<dt class=\"sig sig-object py\" id=\"pyaedt.Circuit.get_touchstone_data\">\n<span class=\"sig-prename descclassname\"><span class=\"pre\">Circuit.</span></span><span class=\"sig-name descname\"><span class=\"pre\">get_touchstone_data</span></span><span class=\"sig-paren\">(</span><em class=\"sig-param\"><span class=\"n\"><span class=\"pre\">curvenames</span></span></em>, <em class=\"sig-param\"><span class=\"n\"><span class=\"pre\">solution_name</span></span><span class=\"o\"><span class=\"pre\">=</span></span><span class=\"default_value\"><span class=\"pre\">None</span></span></em>, <em class=\"sig-param\"><span class=\"n\"><span class=\"pre\">variation_dict</span></span><span class=\"o\"><span class=\"pre\">=</span></span><span class=\"default_value\"><span class=\"pre\">None</span></span></em><span class=\"sig-paren\">)</span><a class=\"reference internal\" href=\"../../../_modules/pyaedt/circuit/#Circuit.get_touchstone_data\"><span class=\"viewcode-link\"><span class=\"pre\">[source]</span></span></a><a class=\"headerlink\" href=\"#pyaedt.Circuit.get_touchstone_data\" title=\"Permalink to this definition\">#</a></dt>\n<dd><p>Return a Touchstone data plot.</p>\n<dl class=\"field-list\">\n<dt class=\"field-odd\">Parameters<span class=\"colon\">:</span></dt>\n<dd class=\"field-odd\"><dl>\n<dt><strong>curvenames</strong><span class=\"classifier\"><a class=\"reference external\" href=\"https://docs.python.org/dev/library/stdtypes.html#list\" title=\"(in Python v3.12)\"><code class=\"docutils literal notranslate\"><span class=\"pre\">list</span></code></a></span></dt><dd><p>List of the curves to plot.</p>\n</dd>\n<dt><strong>solution_name</strong><span class=\"classifier\"><a class=\"reference external\" href=\"https://docs.python.org/dev/library/stdtypes.html#str\" title=\"(in Python v3.12)\"><code class=\"docutils literal notranslate\"><span class=\"pre\">str</span></code></a>, <code class=\"xref py py-obj docutils literal notranslate\"><span class=\"pre\">optional</span></code></span></dt><dd><p>Name of the solution. The default value is <code class=\"docutils literal notranslate\"><span class=\"pre\">None</span></code>.</p>\n</dd>\n<dt><strong>variation_dict</strong><span class=\"classifier\"><a class=\"reference external\" href=\"https://docs.python.org/dev/library/stdtypes.html#dict\" title=\"(in Python v3.12)\"><code class=\"docutils literal notranslate\"><span class=\"pre\">dict</span></code></a>, <code class=\"xref py py-obj docutils literal notranslate\"><span class=\"pre\">optional</span></code></span></dt><dd><p>Dictionary of variation names. The default value is <code class=\"docutils literal notranslate\"><span class=\"pre\">None</span></code>.</p>\n</dd>\n</dl>\n</dd>\n<dt class=\"field-even\">Returns<span class=\"colon\">:</span></dt>\n<dd class=\"field-even\"><dl class=\"simple\">\n<dt><a class=\"reference internal\" href=\"../pyaedt.modules.solutions.SolutionData/#pyaedt.modules.solutions.SolutionData\" title=\"pyaedt.modules.solutions.SolutionData\"><code class=\"xref py py-class docutils literal notranslate\"><span class=\"pre\">pyaedt.modules.solutions.SolutionData</span></code></a></dt><dd><p>Class containing all requested data.</p>\n</dd>\n</dl>\n</dd>\n</dl>\n<p class=\"rubric\">References</p>\n<div class=\"doctest highlight-default notranslate\"><div class=\"highlight\"><pre><span></span><span class=\"gp\">&gt;&gt;&gt; </span><span class=\"n\">oModule</span><span class=\"o\">.</span><span class=\"n\">GetSolutionDataPerVariation</span>\n</pre></div>\n</div>\n</dd></dl>\n\n</section>\n", "metatags": "<meta name=\"generator\" content=\"Docutils 0.19: https://docutils.sourceforge.io/\" />\n", "rellinks": [["genindex", "General Index", "I", "index"], ["py-modindex", "Python Module Index", "", "modules"], ["API/_autosummary/pyaedt.Circuit.get_traces_for_plot", "get_traces_for_plot", "N", "next"], ["API/_autosummary/pyaedt.Circuit.get_sweeps", "get_sweeps", "P", "previous"]], "sourcename": "API/_autosummary/pyaedt.Circuit.get_touchstone_data.rst.txt", "toc": "<ul>\n<li><a class=\"reference internal\" href=\"#\">get_touchstone_data</a><ul>\n<li><a class=\"reference internal\" href=\"#pyaedt.Circuit.get_touchstone_data\"><code class=\"docutils literal notranslate\"><span class=\"pre\">Circuit.get_touchstone_data()</span></code></a></li>\n</ul>\n</li>\n</ul>\n", "display_toc": true, "page_source_suffix": ".rst", "current_page_name": "API/_autosummary/pyaedt.Circuit.get_touchstone_data", "sidebars": ["search-field.html", "sidebar-nav-bs.html"], "customsidebar": null, "favicon_url": null, "logo_url": null, "alabaster_version": "0.7.12", "theme_show_toc_level": 1, "theme_logo": {}}