{"parents": [{"link": "../../", "title": "API reference"}, {"link": "../../CoreModules/", "title": "AEDT modules"}, {"link": "../pyaedt.application.Variables.VariableManager/", "title": "pyaedt.application.Variables.VariableManager"}], "prev": {"link": "../pyaedt.application.Variables.VariableManager.set_variable/", "title": "set_variable"}, "next": {"link": "../pyaedt.application.Variables.VariableManager.dependent_variables/", "title": "dependent_variables"}, "title": "dependent_variable_names", "meta": {}, "body": "<section id=\"dependent-variable-names\">\n<h1>dependent_variable_names<a class=\"headerlink\" href=\"#dependent-variable-names\" title=\"Permalink to this heading\">#</a></h1>\n<dl class=\"py property\">\n<dt class=\"sig sig-object py\" id=\"pyaedt.application.Variables.VariableManager.dependent_variable_names\">\n<em class=\"property\"><span class=\"pre\">property</span><span class=\"w\"> </span></em><span class=\"sig-prename descclassname\"><span class=\"pre\">VariableManager.</span></span><span class=\"sig-name descname\"><span class=\"pre\">dependent_variable_names</span></span><a class=\"headerlink\" href=\"#pyaedt.application.Variables.VariableManager.dependent_variable_names\" title=\"Permalink to this definition\">#</a></dt>\n<dd><p>List of dependent variables.</p>\n<p class=\"rubric\">References</p>\n<div class=\"doctest highlight-default notranslate\"><div class=\"highlight\"><pre><span></span><span class=\"gp\">&gt;&gt;&gt; </span><span class=\"n\">oProject</span><span class=\"o\">.</span><span class=\"n\">GetVariables</span>\n<span class=\"gp\">&gt;&gt;&gt; </span><span class=\"n\">oDesign</span><span class=\"o\">.</span><span class=\"n\">GetVariables</span>\n<span class=\"gp\">&gt;&gt;&gt; </span><span class=\"n\">oProject</span><span class=\"o\">.</span><span class=\"n\">GetChildObject</span><span class=\"p\">(</span><span class=\"s2\">&quot;Variables&quot;</span><span class=\"p\">)</span><span class=\"o\">.</span><span class=\"n\">GetChildNames</span>\n<span class=\"gp\">&gt;&gt;&gt; </span><span class=\"n\">oDesign</span><span class=\"o\">.</span><span class=\"n\">GetChildObject</span><span class=\"p\">(</span><span class=\"s2\">&quot;Variables&quot;</span><span class=\"p\">)</span><span class=\"o\">.</span><span class=\"n\">GetChildNames</span>\n</pre></div>\n</div>\n</dd></dl>\n\n</section>\n", "metatags": "<meta name=\"generator\" content=\"Docutils 0.19: https://docutils.sourceforge.io/\" />\n", "rellinks": [["genindex", "General Index", "I", "index"], ["py-modindex", "Python Module Index", "", "modules"], ["API/_autosummary/pyaedt.application.Variables.VariableManager.dependent_variables", "dependent_variables", "N", "next"], ["API/_autosummary/pyaedt.application.Variables.VariableManager.set_variable", "set_variable", "P", "previous"]], "sourcename": "API/_autosummary/pyaedt.application.Variables.VariableManager.dependent_variable_names.rst.txt", "toc": "<ul>\n<li><a class=\"reference internal\" href=\"#\">dependent_variable_names</a><ul>\n<li><a class=\"reference internal\" href=\"#pyaedt.application.Variables.VariableManager.dependent_variable_names\"><code class=\"docutils literal notranslate\"><span class=\"pre\">VariableManager.dependent_variable_names</span></code></a></li>\n</ul>\n</li>\n</ul>\n", "display_toc": true, "page_source_suffix": ".rst", "current_page_name": "API/_autosummary/pyaedt.application.Variables.VariableManager.dependent_variable_names", "sidebars": ["search-field.html", "sidebar-nav-bs.html"], "customsidebar": null, "favicon_url": null, "logo_url": null, "alabaster_version": "0.7.12", "theme_show_toc_level": 1, "theme_logo": {}}