{"parents": [{"link": "../../", "title": "API reference"}, {"link": "../../Application/", "title": "AEDT apps"}, {"link": "../pyaedt.Icepak/", "title": "pyaedt.Icepak"}], "prev": {"link": "../pyaedt.Icepak.project_time_stamp/", "title": "project_time_stamp"}, "next": {"link": "../pyaedt.Icepak.pyaedt_dir/", "title": "pyaedt_dir"}, "title": "project_timestamp_changed", "meta": {}, "body": "<section id=\"project-timestamp-changed\">\n<h1>project_timestamp_changed<a class=\"headerlink\" href=\"#project-timestamp-changed\" title=\"Permalink to this heading\">#</a></h1>\n<dl class=\"py property\">\n<dt class=\"sig sig-object py\" id=\"pyaedt.Icepak.project_timestamp_changed\">\n<em class=\"property\"><span class=\"pre\">property</span><span class=\"w\"> </span></em><span class=\"sig-prename descclassname\"><span class=\"pre\">Icepak.</span></span><span class=\"sig-name descname\"><span class=\"pre\">project_timestamp_changed</span></span><a class=\"headerlink\" href=\"#pyaedt.Icepak.project_timestamp_changed\" title=\"Permalink to this definition\">#</a></dt>\n<dd><p>Return a bool if time stamp changed or not.</p>\n</dd></dl>\n\n</section>\n", "metatags": "<meta name=\"generator\" content=\"Docutils 0.19: https://docutils.sourceforge.io/\" />\n", "rellinks": [["genindex", "General Index", "I", "index"], ["py-modindex", "Python Module Index", "", "modules"], ["API/_autosummary/pyaedt.Icepak.pyaedt_dir", "pyaedt_dir", "N", "next"], ["API/_autosummary/pyaedt.Icepak.project_time_stamp", "project_time_stamp", "P", "previous"]], "sourcename": "API/_autosummary/pyaedt.Icepak.project_timestamp_changed.rst.txt", "toc": "<ul>\n<li><a class=\"reference internal\" href=\"#\">project_timestamp_changed</a><ul>\n<li><a class=\"reference internal\" href=\"#pyaedt.Icepak.project_timestamp_changed\"><code class=\"docutils literal notranslate\"><span class=\"pre\">Icepak.project_timestamp_changed</span></code></a></li>\n</ul>\n</li>\n</ul>\n", "display_toc": true, "page_source_suffix": ".rst", "current_page_name": "API/_autosummary/pyaedt.Icepak.project_timestamp_changed", "sidebars": ["search-field.html", "sidebar-nav-bs.html"], "customsidebar": null, "favicon_url": null, "logo_url": null, "alabaster_version": "0.7.12", "theme_show_toc_level": 1, "theme_logo": {}}