{"parents": [{"link": "../../", "title": "API reference"}, {"link": "../../CoreModules/", "title": "AEDT modules"}, {"link": "../../Boundaries/", "title": "Boundary objects"}, {"link": "../pyaedt.modules.Boundary.Matrix/", "title": "pyaedt.modules.Boundary.Matrix"}], "prev": {"link": "../pyaedt.modules.Boundary.Matrix.add_operation/", "title": "add_operation"}, "next": {"link": "../pyaedt.modules.Boundary.Matrix.delete/", "title": "delete"}, "title": "create", "meta": {}, "body": "<section id=\"create\">\n<h1>create<a class=\"headerlink\" href=\"#create\" title=\"Permalink to this heading\">#</a></h1>\n<dl class=\"py method\">\n<dt class=\"sig sig-object py\" id=\"pyaedt.modules.Boundary.Matrix.create\">\n<span class=\"sig-prename descclassname\"><span class=\"pre\">Matrix.</span></span><span class=\"sig-name descname\"><span class=\"pre\">create</span></span><span class=\"sig-paren\">(</span><em class=\"sig-param\"><span class=\"n\"><span class=\"pre\">source_names</span></span><span class=\"o\"><span class=\"pre\">=</span></span><span class=\"default_value\"><span class=\"pre\">None</span></span></em><span class=\"sig-paren\">)</span><a class=\"reference internal\" href=\"../../../_modules/pyaedt/modules/Boundary/#Matrix.create\"><span class=\"viewcode-link\"><span class=\"pre\">[source]</span></span></a><a class=\"headerlink\" href=\"#pyaedt.modules.Boundary.Matrix.create\" title=\"Permalink to this definition\">#</a></dt>\n<dd><p>Create a new matrix.</p>\n<dl class=\"field-list\">\n<dt class=\"field-odd\">Parameters<span class=\"colon\">:</span></dt>\n<dd class=\"field-odd\"><dl>\n<dt><strong>source_names</strong><span class=\"classifier\"><a class=\"reference external\" href=\"https://docs.python.org/dev/library/stdtypes.html#str\" title=\"(in Python v3.12)\"><code class=\"docutils literal notranslate\"><span class=\"pre\">str</span></code></a>, <a class=\"reference external\" href=\"https://docs.python.org/dev/library/stdtypes.html#list\" title=\"(in Python v3.12)\"><code class=\"docutils literal notranslate\"><span class=\"pre\">list</span></code></a></span></dt><dd><p>List or str containing the content of the matrix reduction (eg. source name).</p>\n</dd>\n</dl>\n</dd>\n<dt class=\"field-even\">Returns<span class=\"colon\">:</span></dt>\n<dd class=\"field-even\"><dl class=\"simple\">\n<dt><a class=\"reference external\" href=\"https://docs.python.org/dev/library/stdtypes.html#bltin-boolean-values\" title=\"(in Python v3.12)\"><span class=\"xref std std-ref\">bool</span></a></dt><dd><p><cite>True</cite> if succeeded.</p>\n</dd>\n</dl>\n</dd>\n</dl>\n</dd></dl>\n\n</section>\n", "metatags": "<meta name=\"generator\" content=\"Docutils 0.19: https://docutils.sourceforge.io/\" />\n", "rellinks": [["genindex", "General Index", "I", "index"], ["py-modindex", "Python Module Index", "", "modules"], ["API/_autosummary/pyaedt.modules.Boundary.Matrix.delete", "delete", "N", "next"], ["API/_autosummary/pyaedt.modules.Boundary.Matrix.add_operation", "add_operation", "P", "previous"]], "sourcename": "API/_autosummary/pyaedt.modules.Boundary.Matrix.create.rst.txt", "toc": "<ul>\n<li><a class=\"reference internal\" href=\"#\">create</a><ul>\n<li><a class=\"reference internal\" href=\"#pyaedt.modules.Boundary.Matrix.create\"><code class=\"docutils literal notranslate\"><span class=\"pre\">Matrix.create()</span></code></a></li>\n</ul>\n</li>\n</ul>\n", "display_toc": true, "page_source_suffix": ".rst", "current_page_name": "API/_autosummary/pyaedt.modules.Boundary.Matrix.create", "sidebars": ["search-field.html", "sidebar-nav-bs.html"], "customsidebar": null, "favicon_url": null, "logo_url": null, "alabaster_version": "0.7.12", "theme_show_toc_level": 1, "theme_logo": {}}