{"parents": [{"link": "../../", "title": "API reference"}, {"link": "../../Application/", "title": "AEDT apps"}, {"link": "../pyaedt.Q3d/", "title": "pyaedt.Q3d"}], "prev": {"link": "../pyaedt.Q3d.desktop_install_dir/", "title": "desktop_install_dir"}, "next": {"link": "../pyaedt.Q3d.existing_analysis_setups/", "title": "existing_analysis_setups"}, "title": "excitations", "meta": {}, "body": "<section id=\"excitations\">\n<h1>excitations<a class=\"headerlink\" href=\"#excitations\" title=\"Permalink to this heading\">#</a></h1>\n<dl class=\"py property\">\n<dt class=\"sig sig-object py\" id=\"pyaedt.Q3d.excitations\">\n<em class=\"property\"><span class=\"pre\">property</span><span class=\"w\"> </span></em><span class=\"sig-prename descclassname\"><span class=\"pre\">Q3d.</span></span><span class=\"sig-name descname\"><span class=\"pre\">excitations</span></span><a class=\"headerlink\" href=\"#pyaedt.Q3d.excitations\" title=\"Permalink to this definition\">#</a></dt>\n<dd><p>Get all excitation names.</p>\n<dl class=\"field-list simple\">\n<dt class=\"field-odd\">Returns<span class=\"colon\">:</span></dt>\n<dd class=\"field-odd\"><dl class=\"simple\">\n<dt><a class=\"reference external\" href=\"https://docs.python.org/dev/library/stdtypes.html#list\" title=\"(in Python v3.12)\"><code class=\"docutils literal notranslate\"><span class=\"pre\">list</span></code></a></dt><dd><p>List of excitation names. Excitations with multiple modes will return one\nexcitation for each mode.</p>\n</dd>\n</dl>\n</dd>\n</dl>\n</dd></dl>\n\n</section>\n", "metatags": "<meta name=\"generator\" content=\"Docutils 0.19: https://docutils.sourceforge.io/\" />\n", "rellinks": [["genindex", "General Index", "I", "index"], ["py-modindex", "Python Module Index", "", "modules"], ["API/_autosummary/pyaedt.Q3d.existing_analysis_setups", "existing_analysis_setups", "N", "next"], ["API/_autosummary/pyaedt.Q3d.desktop_install_dir", "desktop_install_dir", "P", "previous"]], "sourcename": "API/_autosummary/pyaedt.Q3d.excitations.rst.txt", "toc": "<ul>\n<li><a class=\"reference internal\" href=\"#\">excitations</a><ul>\n<li><a class=\"reference internal\" href=\"#pyaedt.Q3d.excitations\"><code class=\"docutils literal notranslate\"><span class=\"pre\">Q3d.excitations</span></code></a></li>\n</ul>\n</li>\n</ul>\n", "display_toc": true, "page_source_suffix": ".rst", "current_page_name": "API/_autosummary/pyaedt.Q3d.excitations", "sidebars": ["search-field.html", "sidebar-nav-bs.html"], "customsidebar": null, "favicon_url": null, "logo_url": null, "alabaster_version": "0.7.12", "theme_show_toc_level": 1, "theme_logo": {}}