{"parents": [{"link": "../../", "title": "API reference"}, {"link": "../../CoreEdb/", "title": "EDB editor"}, {"link": "../pyaedt.edb_core.EDB_Data.EDBLayer/", "title": "pyaedt.edb_core.EDB_Data.EDBLayer"}], "prev": {"link": "../pyaedt.edb_core.EDB_Data.EDBLayer.thickness_value/", "title": "thickness_value"}, "next": {"link": "../pyaedt.edb_core.EDB_Data.EDBLayer.upper_elevation/", "title": "upper_elevation"}, "title": "top_bottom_association", "meta": {}, "body": "<section id=\"top-bottom-association\">\n<h1>top_bottom_association<a class=\"headerlink\" href=\"#top-bottom-association\" title=\"Permalink to this heading\">#</a></h1>\n<dl class=\"py property\">\n<dt class=\"sig sig-object py\" id=\"pyaedt.edb_core.EDB_Data.EDBLayer.top_bottom_association\">\n<em class=\"property\"><span class=\"pre\">property</span><span class=\"w\"> </span></em><span class=\"sig-prename descclassname\"><span class=\"pre\">EDBLayer.</span></span><span class=\"sig-name descname\"><span class=\"pre\">top_bottom_association</span></span><a class=\"headerlink\" href=\"#pyaedt.edb_core.EDB_Data.EDBLayer.top_bottom_association\" title=\"Permalink to this definition\">#</a></dt>\n<dd><p>Top/bottom association layer.</p>\n<dl class=\"field-list simple\">\n<dt class=\"field-odd\">Returns<span class=\"colon\">:</span></dt>\n<dd class=\"field-odd\"><dl class=\"simple\">\n<dt><a class=\"reference external\" href=\"https://docs.python.org/dev/library/functions.html#int\" title=\"(in Python v3.12)\"><code class=\"docutils literal notranslate\"><span class=\"pre\">int</span></code></a></dt><dd><p>Top/bottom association layer, where:</p>\n<ul class=\"simple\">\n<li><p>0 - Top associated</p></li>\n<li><p>1 - No association</p></li>\n<li><p>2 - Bottom associated</p></li>\n<li><p>4 - Number of top/bottom associations</p></li>\n<li><p>-1 -  Undefined.</p></li>\n</ul>\n</dd>\n</dl>\n</dd>\n</dl>\n</dd></dl>\n\n</section>\n", "metatags": "<meta name=\"generator\" content=\"Docutils 0.19: https://docutils.sourceforge.io/\" />\n", "rellinks": [["genindex", "General Index", "I", "index"], ["py-modindex", "Python Module Index", "", "modules"], ["API/_autosummary/pyaedt.edb_core.EDB_Data.EDBLayer.upper_elevation", "upper_elevation", "N", "next"], ["API/_autosummary/pyaedt.edb_core.EDB_Data.EDBLayer.thickness_value", "thickness_value", "P", "previous"]], "sourcename": "API/_autosummary/pyaedt.edb_core.EDB_Data.EDBLayer.top_bottom_association.rst.txt", "toc": "<ul>\n<li><a class=\"reference internal\" href=\"#\">top_bottom_association</a><ul>\n<li><a class=\"reference internal\" href=\"#pyaedt.edb_core.EDB_Data.EDBLayer.top_bottom_association\"><code class=\"docutils literal notranslate\"><span class=\"pre\">EDBLayer.top_bottom_association</span></code></a></li>\n</ul>\n</li>\n</ul>\n", "display_toc": true, "page_source_suffix": ".rst", "current_page_name": "API/_autosummary/pyaedt.edb_core.EDB_Data.EDBLayer.top_bottom_association", "sidebars": ["search-field.html", "sidebar-nav-bs.html"], "customsidebar": null, "favicon_url": null, "logo_url": null, "alabaster_version": "0.7.12", "theme_show_toc_level": 1, "theme_logo": {}}