{"parents": [{"link": "../../", "title": "API reference"}, {"link": "../../Primitives/", "title": "Modeler and  primitives"}, {"link": "../pyaedt.modeler.object3dlayout.Circle3dLayout/", "title": "pyaedt.modeler.object3dlayout.Circle3dLayout"}], "prev": {"link": "../pyaedt.modeler.object3dlayout.Circle3dLayout.placement_layer/", "title": "placement_layer"}, "next": {"link": "../pyaedt.modeler.object3dlayout.Circle3dLayout.radius/", "title": "radius"}, "title": "points", "meta": {}, "body": "<section id=\"points\">\n<h1>points<a class=\"headerlink\" href=\"#points\" title=\"Permalink to this heading\">#</a></h1>\n<dl class=\"py property\">\n<dt class=\"sig sig-object py\" id=\"pyaedt.modeler.object3dlayout.Circle3dLayout.points\">\n<em class=\"property\"><span class=\"pre\">property</span><span class=\"w\"> </span></em><span class=\"sig-prename descclassname\"><span class=\"pre\">Circle3dLayout.</span></span><span class=\"sig-name descname\"><span class=\"pre\">points</span></span><a class=\"headerlink\" href=\"#pyaedt.modeler.object3dlayout.Circle3dLayout.points\" title=\"Permalink to this definition\">#</a></dt>\n<dd><p>Provide the polygon points. For Lines it returns the center line.</p>\n<dl class=\"field-list simple\">\n<dt class=\"field-odd\">Returns<span class=\"colon\">:</span></dt>\n<dd class=\"field-odd\"><dl class=\"simple\">\n<dt><code class=\"xref py py-obj docutils literal notranslate\"><span class=\"pre\">List</span></code> <code class=\"xref py py-obj docutils literal notranslate\"><span class=\"pre\">of</span></code> <a class=\"reference internal\" href=\"../pyaedt.modeler.object3dlayout.Points3dLayout/#pyaedt.modeler.object3dlayout.Points3dLayout\" title=\"pyaedt.modeler.object3dlayout.Points3dLayout\"><code class=\"xref py py-class docutils literal notranslate\"><span class=\"pre\">pyaedt.modeler.object3dlayout.Points3dLayout</span></code></a></dt><dd></dd>\n</dl>\n</dd>\n</dl>\n</dd></dl>\n\n</section>\n", "metatags": "<meta name=\"generator\" content=\"Docutils 0.19: https://docutils.sourceforge.io/\" />\n", "rellinks": [["genindex", "General Index", "I", "index"], ["py-modindex", "Python Module Index", "", "modules"], ["API/_autosummary/pyaedt.modeler.object3dlayout.Circle3dLayout.radius", "radius", "N", "next"], ["API/_autosummary/pyaedt.modeler.object3dlayout.Circle3dLayout.placement_layer", "placement_layer", "P", "previous"]], "sourcename": "API/_autosummary/pyaedt.modeler.object3dlayout.Circle3dLayout.points.rst.txt", "toc": "<ul>\n<li><a class=\"reference internal\" href=\"#\">points</a><ul>\n<li><a class=\"reference internal\" href=\"#pyaedt.modeler.object3dlayout.Circle3dLayout.points\"><code class=\"docutils literal notranslate\"><span class=\"pre\">Circle3dLayout.points</span></code></a></li>\n</ul>\n</li>\n</ul>\n", "display_toc": true, "page_source_suffix": ".rst", "current_page_name": "API/_autosummary/pyaedt.modeler.object3dlayout.Circle3dLayout.points", "sidebars": ["search-field.html", "sidebar-nav-bs.html"], "customsidebar": null, "favicon_url": null, "logo_url": null, "alabaster_version": "0.7.12", "theme_show_toc_level": 1, "theme_logo": {}}